{
  "feature_set": "c110_errors",
  "model": "et",
  "n_bootstrap": 50,
  "param_hash": "8f8ce9681b3c",
  "param_index": 19,
  "params": {
    "bootstrap": true,
    "max_depth": 30,
    "max_features": "sqrt",
    "max_samples": 0.8,
    "min_samples_leaf": 2,
    "min_samples_split": 4,
    "n_estimators": 4000
  },
  "runtime_s": 1520.7183668613434,
  "summary_preview": [
    {
      "criterion": "f1",
      "feature_set": "c110_errors",
      "model": "et",
      "param_hash": "8f8ce9681b3c",
      "param_index": 19,
      "test_Brier_mean": 0.07445969348278109,
      "test_Brier_std": 0.001375166459834648,
      "test_LogLoss_mean": 0.2569020173459245,
      "test_LogLoss_std": 0.0034110333070012018,
      "test_PR_AUC_mean": 0.8629356483112898,
      "test_PR_AUC_std": 0.00989876433271428,
      "test_Precision_mean": 0.8221652201543271,
      "test_Precision_std": 0.018037792627740603,
      "test_ROC_AUC_mean": 0.9533368450625087,
      "test_ROC_AUC_std": 0.0037964632810361916,
      "test_Sensitivity_mean": 0.7369047619047532,
      "test_Sensitivity_std": 0.04936369140714224,
      "test_Specificity_mean": 0.9602359882005871,
      "test_Specificity_std": 0.0067751003827935296,
      "val_Precision_mean": 0.7704143060143238,
      "val_Precision_std": 0.043281500423708,
      "val_Sensitivity_mean": 0.7133333333333249,
      "val_Sensitivity_std": 0.0389184618786058,
      "val_Specificity_mean": 0.9460766961651889,
      "val_Specificity_std": 0.014634918884887103,
      "val_score_mean": 0.7387188976012324,
      "val_score_std": 0.011200438443085903,
      "val_thr_mean": 0.33394189859316625,
      "val_thr_std": 0.034884311252982955
    },
    {
      "criterion": "youden",
      "feature_set": "c110_errors",
      "model": "et",
      "param_hash": "8f8ce9681b3c",
      "param_index": 19,
      "test_Brier_mean": 0.07445969348278109,
      "test_Brier_std": 0.001375166459834648,
      "test_LogLoss_mean": 0.2569020173459245,
      "test_LogLoss_std": 0.0034110333070012018,
      "test_PR_AUC_mean": 0.8629356483112898,
      "test_PR_AUC_std": 0.00989876433271428,
      "test_Precision_mean": 0.7304475115753348,
      "test_Precision_std": 0.05265657710428033,
      "test_ROC_AUC_mean": 0.9533368450625087,
      "test_ROC_AUC_std": 0.0037964632810361916,
      "test_Sensitivity_mean": 0.8459523809523709,
      "test_Sensitivity_std": 0.03775433596084907,
      "test_Specificity_mean": 0.9204129793510296,
      "test_Specificity_std": 0.023997963969039242,
      "val_Precision_mean": 0.6570610272047448,
      "val_Precision_std": 0.043619247636333715,
      "val_Sensitivity_mean": 0.7926190476190382,
      "val_Sensitivity_std": 0.02138939297185339,
      "val_Specificity_mean": 0.8958112094395253,
      "val_Specificity_std": 0.02151606174267538,
      "val_score_mean": 0.6884302570585635,
      "val_score_std": 0.011510908703475589,
      "val_thr_mean": 0.25495350196024713,
      "val_thr_std": 0.02647031980059599
    }
  ],
  "task_id": 235,
  "thr_grid_size": 600
}