{
  "feature_set": "c110_errors",
  "model": "rf",
  "n_bootstrap": 50,
  "param_hash": "2afd1857be47",
  "param_index": 12,
  "params": {
    "bootstrap": true,
    "class_weight": null,
    "max_depth": 20,
    "max_features": "0.3",
    "min_samples_leaf": 4,
    "min_samples_split": 4,
    "n_estimators": 2500
  },
  "runtime_s": 1958.9695291519165,
  "summary_preview": [
    {
      "criterion": "f1",
      "feature_set": "c110_errors",
      "model": "rf",
      "param_hash": "2afd1857be47",
      "param_index": 12,
      "test_Brier_mean": 0.053144774079234146,
      "test_Brier_std": 0.002635773687102927,
      "test_LogLoss_mean": 0.1906667372088542,
      "test_LogLoss_std": 0.00686955731295144,
      "test_PR_AUC_mean": 0.9022456944422834,
      "test_PR_AUC_std": 0.009592418502526621,
      "test_Precision_mean": 0.8881478108174794,
      "test_Precision_std": 0.03016591203260124,
      "test_ROC_AUC_mean": 0.9632792527040315,
      "test_ROC_AUC_std": 0.004520810382889198,
      "test_Sensitivity_mean": 0.7692857142857052,
      "test_Sensitivity_std": 0.05494487117160398,
      "test_Specificity_mean": 0.9754572271386401,
      "test_Specificity_std": 0.008967963515028148,
      "val_Precision_mean": 0.8856305318679446,
      "val_Precision_std": 0.045134289082687226,
      "val_Sensitivity_mean": 0.734761904761896,
      "val_Sensitivity_std": 0.03418663472468229,
      "val_Specificity_mean": 0.975575221238935,
      "val_Specificity_std": 0.011830072734964987,
      "val_score_mean": 0.8015233030197811,
      "val_score_std": 0.013406503833553513,
      "val_thr_mean": 0.44075058811542234,
      "val_thr_std": 0.07399581933900219
    },
    {
      "criterion": "youden",
      "feature_set": "c110_errors",
      "model": "rf",
      "param_hash": "2afd1857be47",
      "param_index": 12,
      "test_Brier_mean": 0.053144774079234146,
      "test_Brier_std": 0.002635773687102927,
      "test_LogLoss_mean": 0.1906667372088542,
      "test_LogLoss_std": 0.00686955731295144,
      "test_PR_AUC_mean": 0.9022456944422834,
      "test_PR_AUC_std": 0.009592418502526621,
      "test_Precision_mean": 0.8115262013273399,
      "test_Precision_std": 0.04655476792454716,
      "test_ROC_AUC_mean": 0.9632792527040315,
      "test_ROC_AUC_std": 0.004520810382889198,
      "test_Sensitivity_mean": 0.8523809523809424,
      "test_Sensitivity_std": 0.03833138663123985,
      "test_Specificity_mean": 0.9497345132743333,
      "test_Specificity_std": 0.01651530351896961,
      "val_Precision_mean": 0.7671858254969962,
      "val_Precision_std": 0.056188984630526954,
      "val_Sensitivity_mean": 0.7942857142857049,
      "val_Sensitivity_std": 0.02579657853858275,
      "val_Specificity_mean": 0.9385250737463099,
      "val_Specificity_std": 0.020405524192241082,
      "val_score_mean": 0.7328107880320147,
      "val_score_std": 0.01919323271662589,
      "val_thr_mean": 0.29042823724741923,
      "val_thr_std": 0.05564223679879519
    }
  ],
  "task_id": 204,
  "thr_grid_size": 600
}