{
  "feature_set": "c110_errors",
  "model": "brf",
  "n_bootstrap": 50,
  "param_hash": "492e7573718e",
  "param_index": 15,
  "params": {
    "max_depth": null,
    "max_features": "0.2",
    "min_samples_leaf": 2,
    "min_samples_split": 2,
    "n_estimators": 4000,
    "replacement": false,
    "sampling_strategy": "auto"
  },
  "runtime_s": 1427.0655918121338,
  "summary_preview": [
    {
      "criterion": "f1",
      "feature_set": "c110_errors",
      "model": "brf",
      "param_hash": "492e7573718e",
      "param_index": 15,
      "test_Brier_mean": 0.0635221897625338,
      "test_Brier_std": 0.0027703025154139716,
      "test_LogLoss_mean": 0.23709122225531234,
      "test_LogLoss_std": 0.008416782642612038,
      "test_PR_AUC_mean": 0.9117787342737449,
      "test_PR_AUC_std": 0.008095354639212776,
      "test_Precision_mean": 0.8970551835842018,
      "test_Precision_std": 0.03415011158337644,
      "test_ROC_AUC_mean": 0.9674381935665122,
      "test_ROC_AUC_std": 0.0032088208252705943,
      "test_Sensitivity_mean": 0.7566666666666577,
      "test_Sensitivity_std": 0.04707905686657592,
      "test_Specificity_mean": 0.9778171091445398,
      "test_Specificity_std": 0.010274741063898911,
      "val_Precision_mean": 0.9140556099550524,
      "val_Precision_std": 0.045149780080405474,
      "val_Sensitivity_mean": 0.7366666666666579,
      "val_Sensitivity_std": 0.028522796317328403,
      "val_Specificity_mean": 0.9820058997050118,
      "val_Specificity_std": 0.011451899065909108,
      "val_score_mean": 0.8144146407221519,
      "val_score_std": 0.011548596400265137,
      "val_thr_mean": 0.6406716553978855,
      "val_thr_std": 0.06481280958818635
    },
    {
      "criterion": "youden",
      "feature_set": "c110_errors",
      "model": "brf",
      "param_hash": "492e7573718e",
      "param_index": 15,
      "test_Brier_mean": 0.0635221897625338,
      "test_Brier_std": 0.0027703025154139716,
      "test_LogLoss_mean": 0.23709122225531234,
      "test_LogLoss_std": 0.008416782642612038,
      "test_PR_AUC_mean": 0.9117787342737449,
      "test_PR_AUC_std": 0.008095354639212776,
      "test_Precision_mean": 0.8111411811462748,
      "test_Precision_std": 0.04437855782658725,
      "test_ROC_AUC_mean": 0.9674381935665122,
      "test_ROC_AUC_std": 0.0032088208252705943,
      "test_Sensitivity_mean": 0.8733333333333229,
      "test_Sensitivity_std": 0.03242551098724581,
      "test_Specificity_mean": 0.9484955752212361,
      "test_Specificity_std": 0.015915708323879386,
      "val_Precision_mean": 0.7900069179117324,
      "val_Precision_std": 0.04434344469911794,
      "val_Sensitivity_mean": 0.7997619047618953,
      "val_Sensitivity_std": 0.01660930013401323,
      "val_Specificity_mean": 0.9463716814159264,
      "val_Specificity_std": 0.014642804046143371,
      "val_score_mean": 0.7461335861778217,
      "val_score_std": 0.011892421328864262,
      "val_thr_mean": 0.47476169421257675,
      "val_thr_std": 0.055089423888957094
    }
  ],
  "task_id": 255,
  "thr_grid_size": 600
}