{
  "feature_set": "c110_d110_snr",
  "model": "brf",
  "n_bootstrap": 50,
  "param_hash": "90b0556e3e1a",
  "param_index": 17,
  "params": {
    "max_depth": 30,
    "max_features": "sqrt",
    "min_samples_leaf": 1,
    "min_samples_split": 2,
    "n_estimators": 800,
    "replacement": true,
    "sampling_strategy": "auto"
  },
  "runtime_s": 257.8578727245331,
  "summary_preview": [
    {
      "criterion": "f1",
      "feature_set": "c110_d110_snr",
      "model": "brf",
      "param_hash": "90b0556e3e1a",
      "param_index": 17,
      "test_Brier_mean": 0.0730704715573286,
      "test_Brier_std": 0.0031849540445241203,
      "test_LogLoss_mean": 0.26955459466884507,
      "test_LogLoss_std": 0.009046268760782612,
      "test_PR_AUC_mean": 0.8946627084609295,
      "test_PR_AUC_std": 0.006690888004498344,
      "test_Precision_mean": 0.8689508011374594,
      "test_Precision_std": 0.03949449180600308,
      "test_ROC_AUC_mean": 0.9602949852507375,
      "test_ROC_AUC_std": 0.003070451461725894,
      "test_Sensitivity_mean": 0.790238095238086,
      "test_Sensitivity_std": 0.046877733156469516,
      "test_Specificity_mean": 0.9695575221238909,
      "test_Specificity_std": 0.011775908206357743,
      "val_Precision_mean": 0.8688351559292299,
      "val_Precision_std": 0.042939859178517156,
      "val_Sensitivity_mean": 0.7664285714285622,
      "val_Sensitivity_std": 0.03144097437628455,
      "val_Specificity_mean": 0.9704424778761033,
      "val_Specificity_std": 0.011578971507962612,
      "val_score_mean": 0.8129078370982935,
      "val_score_std": 0.009142846121299465,
      "val_thr_mean": 0.5733661101836394,
      "val_thr_std": 0.05722352355171196
    },
    {
      "criterion": "youden",
      "feature_set": "c110_d110_snr",
      "model": "brf",
      "param_hash": "90b0556e3e1a",
      "param_index": 17,
      "test_Brier_mean": 0.0730704715573286,
      "test_Brier_std": 0.0031849540445241203,
      "test_LogLoss_mean": 0.26955459466884507,
      "test_LogLoss_std": 0.009046268760782612,
      "test_PR_AUC_mean": 0.8946627084609295,
      "test_PR_AUC_std": 0.006690888004498344,
      "test_Precision_mean": 0.810531079585872,
      "test_Precision_std": 0.03841371706336402,
      "test_ROC_AUC_mean": 0.9602949852507375,
      "test_ROC_AUC_std": 0.003070451461725894,
      "test_Sensitivity_mean": 0.8497619047618947,
      "test_Sensitivity_std": 0.02544094907728963,
      "test_Specificity_mean": 0.9499705014749235,
      "test_Specificity_std": 0.013523964051266197,
      "val_Precision_mean": 0.8058899523186617,
      "val_Precision_std": 0.030222571088347642,
      "val_Sensitivity_mean": 0.8021428571428477,
      "val_Sensitivity_std": 0.01270170227880112,
      "val_Specificity_mean": 0.9516814159292006,
      "val_Specificity_std": 0.01012939516564056,
      "val_score_mean": 0.7538242730720482,
      "val_score_std": 0.009454281929297105,
      "val_thr_mean": 0.4988029215358932,
      "val_thr_std": 0.03449704575926888
    }
  ],
  "task_id": 545,
  "thr_grid_size": 600
}