{
  "feature_set": "c110_d110_errors_snr",
  "model": "rf",
  "n_bootstrap": 50,
  "param_hash": "82dc24b396d2",
  "param_index": 3,
  "params": {
    "bootstrap": true,
    "class_weight": null,
    "max_depth": 10,
    "max_features": "0.3",
    "min_samples_leaf": 4,
    "min_samples_split": 4,
    "n_estimators": 800
  },
  "runtime_s": 934.8477964401245,
  "summary_preview": [
    {
      "criterion": "f1",
      "feature_set": "c110_d110_errors_snr",
      "model": "rf",
      "param_hash": "82dc24b396d2",
      "param_index": 3,
      "test_Brier_mean": 0.052186390620812685,
      "test_Brier_std": 0.0024634073397083464,
      "test_LogLoss_mean": 0.19191910582300628,
      "test_LogLoss_std": 0.007484961118221104,
      "test_PR_AUC_mean": 0.8889259115175437,
      "test_PR_AUC_std": 0.009179602413525369,
      "test_Precision_mean": 0.8973190182751829,
      "test_Precision_std": 0.029140993701952476,
      "test_ROC_AUC_mean": 0.9561518471695463,
      "test_ROC_AUC_std": 0.004258566257694868,
      "test_Sensitivity_mean": 0.7842857142857049,
      "test_Sensitivity_std": 0.04346826992270957,
      "test_Specificity_mean": 0.9772861356932124,
      "test_Specificity_std": 0.008327464325903675,
      "val_Precision_mean": 0.9000685896636875,
      "val_Precision_std": 0.030194090212474784,
      "val_Sensitivity_mean": 0.7421428571428484,
      "val_Sensitivity_std": 0.026740189149790285,
      "val_Specificity_mean": 0.9791740412979322,
      "val_Specificity_std": 0.007500816769229345,
      "val_score_mean": 0.8126760909177829,
      "val_score_std": 0.010571020919667495,
      "val_thr_mean": 0.4323842370763629,
      "val_thr_std": 0.08070706030913447
    },
    {
      "criterion": "youden",
      "feature_set": "c110_d110_errors_snr",
      "model": "rf",
      "param_hash": "82dc24b396d2",
      "param_index": 3,
      "test_Brier_mean": 0.052186390620812685,
      "test_Brier_std": 0.0024634073397083464,
      "test_LogLoss_mean": 0.19191910582300628,
      "test_LogLoss_std": 0.007484961118221104,
      "test_PR_AUC_mean": 0.8889259115175437,
      "test_PR_AUC_std": 0.009179602413525369,
      "test_Precision_mean": 0.8172857923965928,
      "test_Precision_std": 0.05272265861974425,
      "test_ROC_AUC_mean": 0.9561518471695463,
      "test_ROC_AUC_std": 0.004258566257694868,
      "test_Sensitivity_mean": 0.8476190476190376,
      "test_Sensitivity_std": 0.02405125106076664,
      "test_Specificity_mean": 0.9516224188790532,
      "test_Specificity_std": 0.0187230171862815,
      "val_Precision_mean": 0.7770322391973901,
      "val_Precision_std": 0.06689070967208528,
      "val_Sensitivity_mean": 0.7980952380952285,
      "val_Sensitivity_std": 0.025787607375543746,
      "val_Specificity_mean": 0.9407079646017671,
      "val_Specificity_std": 0.025607224782839118,
      "val_score_mean": 0.7388032026969956,
      "val_score_std": 0.017084076643785633,
      "val_thr_mean": 0.2706237130578312,
      "val_thr_std": 0.05936024076104221
    }
  ],
  "task_id": 579,
  "thr_grid_size": 600
}