{
  "feature_set": "c110_snr",
  "model": "bbag",
  "n_bootstrap": 50,
  "param_hash": "53769ab18e2e",
  "param_index": 13,
  "params": {
    "base_max_depth": 20,
    "base_max_features": "0.3",
    "base_min_samples_leaf": 1,
    "base_min_samples_split": 2,
    "bootstrap": true,
    "max_features": 0.9,
    "max_samples": 0.5,
    "n_estimators": 500,
    "replacement": false,
    "sampling_strategy": "auto"
  },
  "runtime_s": 64.30664086341858,
  "summary_preview": [
    {
      "criterion": "f1",
      "feature_set": "c110_snr",
      "model": "bbag",
      "param_hash": "53769ab18e2e",
      "param_index": 13,
      "test_Brier_mean": 0.08015208877249619,
      "test_Brier_std": 0.003347338495610796,
      "test_LogLoss_mean": 0.29416997515712145,
      "test_LogLoss_std": 0.009207404668746984,
      "test_PR_AUC_mean": 0.8718057776335906,
      "test_PR_AUC_std": 0.011913044966646958,
      "test_Precision_mean": 0.8345351278006984,
      "test_Precision_std": 0.02465314389033443,
      "test_ROC_AUC_mean": 0.952846256496699,
      "test_ROC_AUC_std": 0.00486999146677683,
      "test_Sensitivity_mean": 0.7704761904761814,
      "test_Sensitivity_std": 0.03922935262600173,
      "test_Specificity_mean": 0.9617109144542744,
      "test_Specificity_std": 0.00886940162669548,
      "val_Precision_mean": 0.8069503151786225,
      "val_Precision_std": 0.03398936465248216,
      "val_Sensitivity_mean": 0.7607142857142768,
      "val_Sensitivity_std": 0.03119717062558489,
      "val_Specificity_mean": 0.9541592920353953,
      "val_Specificity_std": 0.011651136288094943,
      "val_score_mean": 0.7819287099337131,
      "val_score_std": 0.00955158229891946,
      "val_thr_mean": 0.49606010016694496,
      "val_thr_std": 0.039435605404658965
    },
    {
      "criterion": "youden",
      "feature_set": "c110_snr",
      "model": "bbag",
      "param_hash": "53769ab18e2e",
      "param_index": 13,
      "test_Brier_mean": 0.08015208877249619,
      "test_Brier_std": 0.003347338495610796,
      "test_LogLoss_mean": 0.29416997515712145,
      "test_LogLoss_std": 0.009207404668746984,
      "test_PR_AUC_mean": 0.8718057776335906,
      "test_PR_AUC_std": 0.011913044966646958,
      "test_Precision_mean": 0.7866018758482138,
      "test_Precision_std": 0.04044870862910184,
      "test_ROC_AUC_mean": 0.952846256496699,
      "test_ROC_AUC_std": 0.00486999146677683,
      "test_Sensitivity_mean": 0.8276190476190378,
      "test_Sensitivity_std": 0.036415214431646505,
      "test_Specificity_mean": 0.9433628318584043,
      "test_Specificity_std": 0.01558638180270281,
      "val_Precision_mean": 0.7345119717127992,
      "val_Precision_std": 0.034055956752376666,
      "val_Sensitivity_mean": 0.8021428571428477,
      "val_Sensitivity_std": 0.0169880849376458,
      "val_Specificity_mean": 0.9274336283185812,
      "val_Specificity_std": 0.013511352331969118,
      "val_score_mean": 0.729576485461429,
      "val_score_std": 0.012900371343081349,
      "val_thr_mean": 0.4368148377376929,
      "val_thr_std": 0.0272314908854515
    }
  ],
  "task_id": 469,
  "thr_grid_size": 600
}