{
  "feature_set": "c110_d110_errors",
  "model": "rf",
  "n_bootstrap": 50,
  "param_hash": "2afd1857be47",
  "param_index": 12,
  "params": {
    "bootstrap": true,
    "class_weight": null,
    "max_depth": 20,
    "max_features": "0.3",
    "min_samples_leaf": 4,
    "min_samples_split": 4,
    "n_estimators": 2500
  },
  "runtime_s": 2714.0804855823517,
  "summary_preview": [
    {
      "criterion": "f1",
      "feature_set": "c110_d110_errors",
      "model": "rf",
      "param_hash": "2afd1857be47",
      "param_index": 12,
      "test_Brier_mean": 0.05120370261059858,
      "test_Brier_std": 0.002390319028621466,
      "test_LogLoss_mean": 0.18864802090726504,
      "test_LogLoss_std": 0.00654990956724736,
      "test_PR_AUC_mean": 0.8953069113578613,
      "test_PR_AUC_std": 0.007685415368388919,
      "test_Precision_mean": 0.9075127789996053,
      "test_Precision_std": 0.021938092449860176,
      "test_ROC_AUC_mean": 0.9584386852085968,
      "test_ROC_AUC_std": 0.003569606070543514,
      "test_Sensitivity_mean": 0.774285714285705,
      "test_Sensitivity_std": 0.05010286055367507,
      "test_Specificity_mean": 0.980117994100292,
      "test_Specificity_std": 0.006101247182432247,
      "val_Precision_mean": 0.9111303415600241,
      "val_Precision_std": 0.031026782362398676,
      "val_Sensitivity_mean": 0.735714285714277,
      "val_Sensitivity_std": 0.02845782403177093,
      "val_Specificity_mean": 0.9817699115044217,
      "val_Specificity_std": 0.0074599840667165275,
      "val_score_mean": 0.8131141846628037,
      "val_score_std": 0.009289969003394594,
      "val_thr_mean": 0.4957547512317415,
      "val_thr_std": 0.07908710591115464
    },
    {
      "criterion": "youden",
      "feature_set": "c110_d110_errors",
      "model": "rf",
      "param_hash": "2afd1857be47",
      "param_index": 12,
      "test_Brier_mean": 0.05120370261059858,
      "test_Brier_std": 0.002390319028621466,
      "test_LogLoss_mean": 0.18864802090726504,
      "test_LogLoss_std": 0.00654990956724736,
      "test_PR_AUC_mean": 0.8953069113578613,
      "test_PR_AUC_std": 0.007685415368388919,
      "test_Precision_mean": 0.827890480920353,
      "test_Precision_std": 0.06942142213918336,
      "test_ROC_AUC_mean": 0.9584386852085968,
      "test_ROC_AUC_std": 0.003569606070543514,
      "test_Sensitivity_mean": 0.8495238095237994,
      "test_Sensitivity_std": 0.03762771916638665,
      "test_Specificity_mean": 0.9535693215339204,
      "test_Specificity_std": 0.026295355328716474,
      "val_Precision_mean": 0.7887251001284669,
      "val_Precision_std": 0.07931661993715877,
      "val_Sensitivity_mean": 0.7899999999999906,
      "val_Sensitivity_std": 0.03020898409683572,
      "val_Specificity_mean": 0.9440707964601741,
      "val_Specificity_std": 0.029389721683505083,
      "val_score_mean": 0.7340707964601648,
      "val_score_std": 0.01622075395024539,
      "val_thr_mean": 0.33330782984423135,
      "val_thr_std": 0.07399962713758808
    }
  ],
  "task_id": 300,
  "thr_grid_size": 600
}