{
  "feature_set": "c110_d110",
  "model": "rf",
  "n_bootstrap": 50,
  "param_hash": "e2827663f47c",
  "param_index": 8,
  "params": {
    "bootstrap": true,
    "class_weight": null,
    "max_depth": null,
    "max_features": "0.3",
    "min_samples_leaf": 2,
    "min_samples_split": 8,
    "n_estimators": 2500
  },
  "runtime_s": 2245.2179946899414,
  "summary_preview": [
    {
      "criterion": "f1",
      "feature_set": "c110_d110",
      "model": "rf",
      "param_hash": "e2827663f47c",
      "param_index": 8,
      "test_Brier_mean": 0.05183385581389228,
      "test_Brier_std": 0.002655790756599739,
      "test_LogLoss_mean": 0.1919543805581738,
      "test_LogLoss_std": 0.006614649453035888,
      "test_PR_AUC_mean": 0.892202344503855,
      "test_PR_AUC_std": 0.007863562573105288,
      "test_Precision_mean": 0.9148498342024408,
      "test_Precision_std": 0.02018920040302333,
      "test_ROC_AUC_mean": 0.956267031886501,
      "test_ROC_AUC_std": 0.003247857343048457,
      "test_Sensitivity_mean": 0.7699999999999909,
      "test_Sensitivity_std": 0.04298652320538608,
      "test_Specificity_mean": 0.9820648967551593,
      "test_Specificity_std": 0.005155658573005333,
      "val_Precision_mean": 0.9201263317393265,
      "val_Precision_std": 0.028927479020497582,
      "val_Sensitivity_mean": 0.734761904761896,
      "val_Sensitivity_std": 0.02429533527677328,
      "val_Specificity_mean": 0.983834808259584,
      "val_Specificity_std": 0.006775100382793513,
      "val_score_mean": 0.816313588251479,
      "val_score_std": 0.008318877533359487,
      "val_thr_mean": 0.5186439849515131,
      "val_thr_std": 0.06352133243049657
    },
    {
      "criterion": "youden",
      "feature_set": "c110_d110",
      "model": "rf",
      "param_hash": "e2827663f47c",
      "param_index": 8,
      "test_Brier_mean": 0.05183385581389228,
      "test_Brier_std": 0.002655790756599739,
      "test_LogLoss_mean": 0.1919543805581738,
      "test_LogLoss_std": 0.006614649453035888,
      "test_PR_AUC_mean": 0.892202344503855,
      "test_PR_AUC_std": 0.007863562573105288,
      "test_Precision_mean": 0.8579292681113398,
      "test_Precision_std": 0.05813077676430777,
      "test_ROC_AUC_mean": 0.956267031886501,
      "test_ROC_AUC_std": 0.003247857343048457,
      "test_Sensitivity_mean": 0.8361904761904663,
      "test_Sensitivity_std": 0.032318295293114446,
      "test_Specificity_mean": 0.9641297935103217,
      "test_Specificity_std": 0.019323820050125864,
      "val_Precision_mean": 0.8247595660069823,
      "val_Precision_std": 0.07090494731139416,
      "val_Sensitivity_mean": 0.7740476190476099,
      "val_Sensitivity_std": 0.023130502167077297,
      "val_Specificity_mean": 0.9569321533923275,
      "val_Specificity_std": 0.0230583464311916,
      "val_score_mean": 0.7309797724399374,
      "val_score_std": 0.013692521820983896,
      "val_thr_mean": 0.38222935865022983,
      "val_thr_std": 0.07873175227022826
    }
  ],
  "task_id": 104,
  "thr_grid_size": 600
}