{
  "feature_set": "c110_errors",
  "model": "brf",
  "n_bootstrap": 50,
  "param_hash": "398f707beed4",
  "param_index": 4,
  "params": {
    "max_depth": 20,
    "max_features": "sqrt",
    "min_samples_leaf": 4,
    "min_samples_split": 2,
    "n_estimators": 2500,
    "replacement": true,
    "sampling_strategy": "auto"
  },
  "runtime_s": 1024.214917421341,
  "summary_preview": [
    {
      "criterion": "f1",
      "feature_set": "c110_errors",
      "model": "brf",
      "param_hash": "398f707beed4",
      "param_index": 4,
      "test_Brier_mean": 0.08069748406171035,
      "test_Brier_std": 0.003236131049878872,
      "test_LogLoss_mean": 0.2901663872640126,
      "test_LogLoss_std": 0.008410964063525705,
      "test_PR_AUC_mean": 0.8856484794297511,
      "test_PR_AUC_std": 0.01118477753450167,
      "test_Precision_mean": 0.8516901093849364,
      "test_Precision_std": 0.02706997672782102,
      "test_ROC_AUC_mean": 0.9595540103947183,
      "test_ROC_AUC_std": 0.005192765607380775,
      "test_Sensitivity_mean": 0.745952380952372,
      "test_Sensitivity_std": 0.05332710726535341,
      "test_Specificity_mean": 0.9672566371681387,
      "test_Specificity_std": 0.008558826806401127,
      "val_Precision_mean": 0.8428761778705497,
      "val_Precision_std": 0.049139618161123624,
      "val_Sensitivity_mean": 0.7149999999999914,
      "val_Sensitivity_std": 0.03538150760733993,
      "val_Specificity_mean": 0.9657817109144514,
      "val_Specificity_std": 0.013537613488587405,
      "val_score_mean": 0.7716729319720668,
      "val_score_std": 0.011396397749879682,
      "val_thr_mean": 0.5936602681930201,
      "val_thr_std": 0.050252692156151975
    },
    {
      "criterion": "youden",
      "feature_set": "c110_errors",
      "model": "brf",
      "param_hash": "398f707beed4",
      "param_index": 4,
      "test_Brier_mean": 0.08069748406171035,
      "test_Brier_std": 0.003236131049878872,
      "test_LogLoss_mean": 0.2901663872640126,
      "test_LogLoss_std": 0.008410964063525705,
      "test_PR_AUC_mean": 0.8856484794297511,
      "test_PR_AUC_std": 0.01118477753450167,
      "test_Precision_mean": 0.7382265384849055,
      "test_Precision_std": 0.06912282163748583,
      "test_ROC_AUC_mean": 0.9595540103947183,
      "test_ROC_AUC_std": 0.005192765607380775,
      "test_Sensitivity_mean": 0.8692857142857039,
      "test_Sensitivity_std": 0.029894263506662005,
      "test_Specificity_mean": 0.9204129793510296,
      "test_Specificity_std": 0.030466858880372618,
      "val_Precision_mean": 0.6859613545869325,
      "val_Precision_std": 0.0645052459675588,
      "val_Sensitivity_mean": 0.800476190476181,
      "val_Sensitivity_std": 0.028917566403853116,
      "val_Specificity_mean": 0.9057817109144516,
      "val_Specificity_std": 0.03135118873966719,
      "val_score_mean": 0.7062579013906326,
      "val_score_std": 0.016433596954139557,
      "val_thr_mean": 0.46675742387047203,
      "val_thr_std": 0.044826488582694446
    }
  ],
  "task_id": 244,
  "thr_grid_size": 600
}