{
  "feature_set": "c110_errors",
  "model": "bbag",
  "n_bootstrap": 50,
  "param_hash": "b0056c8d90e7",
  "param_index": 6,
  "params": {
    "base_max_depth": 10,
    "base_max_features": "0.3",
    "base_min_samples_leaf": 4,
    "base_min_samples_split": 4,
    "bootstrap": true,
    "max_features": 0.9,
    "max_samples": 0.5,
    "n_estimators": 1200,
    "replacement": true,
    "sampling_strategy": "auto"
  },
  "runtime_s": 123.72877430915833,
  "summary_preview": [
    {
      "criterion": "f1",
      "feature_set": "c110_errors",
      "model": "bbag",
      "param_hash": "b0056c8d90e7",
      "param_index": 6,
      "test_Brier_mean": 0.08286561859679324,
      "test_Brier_std": 0.002793868074902552,
      "test_LogLoss_mean": 0.3007167937038955,
      "test_LogLoss_std": 0.007338063887607249,
      "test_PR_AUC_mean": 0.8748669724760034,
      "test_PR_AUC_std": 0.00987230275926867,
      "test_Precision_mean": 0.8252050636856264,
      "test_Precision_std": 0.02641825594034933,
      "test_ROC_AUC_mean": 0.9581886500913049,
      "test_ROC_AUC_std": 0.00421003512304302,
      "test_Sensitivity_mean": 0.7657142857142766,
      "test_Sensitivity_std": 0.042376639039738345,
      "test_Specificity_mean": 0.9593510324483746,
      "test_Specificity_std": 0.009333771854731138,
      "val_Precision_mean": 0.7925781649181726,
      "val_Precision_std": 0.03959284776286558,
      "val_Sensitivity_mean": 0.7359523809523723,
      "val_Sensitivity_std": 0.03613215212312187,
      "val_Specificity_mean": 0.9512684365781682,
      "val_Specificity_std": 0.013890348111069858,
      "val_score_mean": 0.7615923076987444,
      "val_score_std": 0.01416871960780845,
      "val_thr_mean": 0.5446080544218572,
      "val_thr_std": 0.03896948249978835
    },
    {
      "criterion": "youden",
      "feature_set": "c110_errors",
      "model": "bbag",
      "param_hash": "b0056c8d90e7",
      "param_index": 6,
      "test_Brier_mean": 0.08286561859679324,
      "test_Brier_std": 0.002793868074902552,
      "test_LogLoss_mean": 0.3007167937038955,
      "test_LogLoss_std": 0.007338063887607249,
      "test_PR_AUC_mean": 0.8748669724760034,
      "test_PR_AUC_std": 0.00987230275926867,
      "test_Precision_mean": 0.748931640669779,
      "test_Precision_std": 0.05602395069576502,
      "test_ROC_AUC_mean": 0.9581886500913049,
      "test_ROC_AUC_std": 0.00421003512304302,
      "test_Sensitivity_mean": 0.8528571428571327,
      "test_Sensitivity_std": 0.032425510987245824,
      "test_Specificity_mean": 0.9269616519174013,
      "test_Specificity_std": 0.024597783613521395,
      "val_Precision_mean": 0.6897298273971301,
      "val_Precision_std": 0.045989764410109574,
      "val_Sensitivity_mean": 0.8038095238095143,
      "val_Sensitivity_std": 0.01738358141385102,
      "val_Specificity_mean": 0.9088495575221213,
      "val_Specificity_std": 0.020698359359869835,
      "val_score_mean": 0.7126590813316355,
      "val_score_std": 0.01244885817890896,
      "val_thr_mean": 0.4531248985114849,
      "val_thr_std": 0.036681047390155715
    }
  ],
  "task_id": 270,
  "thr_grid_size": 600
}