{
  "feature_set": "c110_d110",
  "model": "brf",
  "n_bootstrap": 50,
  "param_hash": "46f99e841907",
  "param_index": 7,
  "params": {
    "max_depth": 30,
    "max_features": "sqrt",
    "min_samples_leaf": 2,
    "min_samples_split": 8,
    "n_estimators": 1500,
    "replacement": true,
    "sampling_strategy": "auto"
  },
  "runtime_s": 509.5530185699463,
  "summary_preview": [
    {
      "criterion": "f1",
      "feature_set": "c110_d110",
      "model": "brf",
      "param_hash": "46f99e841907",
      "param_index": 7,
      "test_Brier_mean": 0.07038190212565265,
      "test_Brier_std": 0.0026291188918033948,
      "test_LogLoss_mean": 0.25878203759528595,
      "test_LogLoss_std": 0.008165624832354852,
      "test_PR_AUC_mean": 0.9036252487515438,
      "test_PR_AUC_std": 0.004865027078298359,
      "test_Precision_mean": 0.8880534977625828,
      "test_Precision_std": 0.030640019568081246,
      "test_ROC_AUC_mean": 0.9630955892681556,
      "test_ROC_AUC_std": 0.0025692973932210845,
      "test_Sensitivity_mean": 0.7911904761904668,
      "test_Sensitivity_std": 0.036173753233136846,
      "test_Specificity_mean": 0.9747492625368701,
      "test_Specificity_std": 0.008639573217860581,
      "val_Precision_mean": 0.8837022588287592,
      "val_Precision_std": 0.041134219708110306,
      "val_Sensitivity_mean": 0.7614285714285625,
      "val_Sensitivity_std": 0.025334999251069155,
      "val_Specificity_mean": 0.9744542772861327,
      "val_Specificity_std": 0.010469411182181237,
      "val_score_mean": 0.8168557123546394,
      "val_score_std": 0.009684668614842394,
      "val_thr_mean": 0.6060372219307312,
      "val_thr_std": 0.0550437272130524
    },
    {
      "criterion": "youden",
      "feature_set": "c110_d110",
      "model": "brf",
      "param_hash": "46f99e841907",
      "param_index": 7,
      "test_Brier_mean": 0.07038190212565265,
      "test_Brier_std": 0.0026291188918033948,
      "test_LogLoss_mean": 0.25878203759528595,
      "test_LogLoss_std": 0.008165624832354852,
      "test_PR_AUC_mean": 0.9036252487515438,
      "test_PR_AUC_std": 0.004865027078298359,
      "test_Precision_mean": 0.8364120544889427,
      "test_Precision_std": 0.029068901994197892,
      "test_ROC_AUC_mean": 0.9630955892681556,
      "test_ROC_AUC_std": 0.0025692973932210845,
      "test_Sensitivity_mean": 0.844047619047609,
      "test_Sensitivity_std": 0.01851321518458926,
      "test_Specificity_mean": 0.9587020648967522,
      "test_Specificity_std": 0.00917469071094694,
      "val_Precision_mean": 0.8200870681714483,
      "val_Precision_std": 0.02801188434511017,
      "val_Sensitivity_mean": 0.7949999999999906,
      "val_Sensitivity_std": 0.009091881907907159,
      "val_Specificity_mean": 0.9564601769911475,
      "val_Specificity_std": 0.008418873951399753,
      "val_score_mean": 0.7514601769911381,
      "val_score_std": 0.007828715082067611,
      "val_thr_mean": 0.5235447553859607,
      "val_thr_std": 0.028099522712173638
    }
  ],
  "task_id": 151,
  "thr_grid_size": 600
}