{
  "feature_set": "c110_d110_errors_snr",
  "model": "bbag",
  "n_bootstrap": 50,
  "param_hash": "4d6c70e4ab49",
  "param_index": 15,
  "params": {
    "base_max_depth": 20,
    "base_max_features": "0.5",
    "base_min_samples_leaf": 2,
    "base_min_samples_split": 2,
    "bootstrap": true,
    "max_features": 0.7,
    "max_samples": 0.5,
    "n_estimators": 500,
    "replacement": true,
    "sampling_strategy": "auto"
  },
  "runtime_s": 82.44954705238342,
  "summary_preview": [
    {
      "criterion": "f1",
      "feature_set": "c110_d110_errors_snr",
      "model": "bbag",
      "param_hash": "4d6c70e4ab49",
      "param_index": 15,
      "test_Brier_mean": 0.07170105596863893,
      "test_Brier_std": 0.003204260568650911,
      "test_LogLoss_mean": 0.26788201028194636,
      "test_LogLoss_std": 0.00945570647342606,
      "test_PR_AUC_mean": 0.8974110044932704,
      "test_PR_AUC_std": 0.007194368688647793,
      "test_Precision_mean": 0.8596040376654994,
      "test_Precision_std": 0.03464885045494846,
      "test_ROC_AUC_mean": 0.9647545301306363,
      "test_ROC_AUC_std": 0.0030191562016845057,
      "test_Sensitivity_mean": 0.7866666666666573,
      "test_Sensitivity_std": 0.05791509293548984,
      "test_Specificity_mean": 0.9673156342182861,
      "test_Specificity_std": 0.010691466251259631,
      "val_Precision_mean": 0.8491484794133158,
      "val_Precision_std": 0.0516073703440502,
      "val_Sensitivity_mean": 0.756904761904753,
      "val_Sensitivity_std": 0.036403298587990816,
      "val_Specificity_mean": 0.965368731563419,
      "val_Specificity_std": 0.013986793652418573,
      "val_score_mean": 0.7981943824099922,
      "val_score_std": 0.009268558345197962,
      "val_thr_mean": 0.5723941292630575,
      "val_thr_std": 0.0699476010546221
    },
    {
      "criterion": "youden",
      "feature_set": "c110_d110_errors_snr",
      "model": "bbag",
      "param_hash": "4d6c70e4ab49",
      "param_index": 15,
      "test_Brier_mean": 0.07170105596863893,
      "test_Brier_std": 0.003204260568650911,
      "test_LogLoss_mean": 0.26788201028194636,
      "test_LogLoss_std": 0.00945570647342606,
      "test_PR_AUC_mean": 0.8974110044932704,
      "test_PR_AUC_std": 0.007194368688647793,
      "test_Precision_mean": 0.814197087336848,
      "test_Precision_std": 0.03527728303097662,
      "test_ROC_AUC_mean": 0.9647545301306363,
      "test_ROC_AUC_std": 0.0030191562016845057,
      "test_Sensitivity_mean": 0.8502380952380852,
      "test_Sensitivity_std": 0.028057616754270983,
      "test_Specificity_mean": 0.9512094395280208,
      "test_Specificity_std": 0.01301883214321295,
      "val_Precision_mean": 0.7846572864395535,
      "val_Precision_std": 0.037264969375961736,
      "val_Sensitivity_mean": 0.7949999999999906,
      "val_Sensitivity_std": 0.014882652964053727,
      "val_Specificity_mean": 0.9451917404129765,
      "val_Specificity_std": 0.013433450622458383,
      "val_score_mean": 0.7401917404129671,
      "val_score_std": 0.010302152979144453,
      "val_thr_mean": 0.48916087542729947,
      "val_thr_std": 0.034300551967110494
    }
  ],
  "task_id": 663,
  "thr_grid_size": 600
}