{
  "feature_set": "c110_d110_errors",
  "model": "bbag",
  "n_bootstrap": 50,
  "param_hash": "2722f92a279a",
  "param_index": 19,
  "params": {
    "base_max_depth": 10,
    "base_max_features": "0.5",
    "base_min_samples_leaf": 1,
    "base_min_samples_split": 4,
    "bootstrap": true,
    "max_features": 0.9,
    "max_samples": 0.9,
    "n_estimators": 1200,
    "replacement": false,
    "sampling_strategy": "auto"
  },
  "runtime_s": 211.66178917884827,
  "summary_preview": [
    {
      "criterion": "f1",
      "feature_set": "c110_d110_errors",
      "model": "bbag",
      "param_hash": "2722f92a279a",
      "param_index": 19,
      "test_Brier_mean": 0.057290770482500954,
      "test_Brier_std": 0.001926122062661718,
      "test_LogLoss_mean": 0.22307279550015122,
      "test_LogLoss_std": 0.0064879444362815055,
      "test_PR_AUC_mean": 0.9093845749078742,
      "test_PR_AUC_std": 0.0043191648954238986,
      "test_Precision_mean": 0.9088443526203578,
      "test_Precision_std": 0.028046840220691836,
      "test_ROC_AUC_mean": 0.9672292456805731,
      "test_ROC_AUC_std": 0.002100106446194262,
      "test_Sensitivity_mean": 0.7776190476190383,
      "test_Sensitivity_std": 0.037216542494121825,
      "test_Specificity_mean": 0.9802949852507346,
      "test_Specificity_std": 0.007382212706433397,
      "val_Precision_mean": 0.90739218790752,
      "val_Precision_std": 0.03290924494816182,
      "val_Sensitivity_mean": 0.7495238095238007,
      "val_Sensitivity_std": 0.023189198025930738,
      "val_Specificity_mean": 0.980589970501472,
      "val_Specificity_std": 0.008019817655940774,
      "val_score_mean": 0.820107864433797,
      "val_score_std": 0.008203051531353934,
      "val_thr_mean": 0.6037745960119005,
      "val_thr_std": 0.05750554766321025
    },
    {
      "criterion": "youden",
      "feature_set": "c110_d110_errors",
      "model": "bbag",
      "param_hash": "2722f92a279a",
      "param_index": 19,
      "test_Brier_mean": 0.057290770482500954,
      "test_Brier_std": 0.001926122062661718,
      "test_LogLoss_mean": 0.22307279550015122,
      "test_LogLoss_std": 0.0064879444362815055,
      "test_PR_AUC_mean": 0.9093845749078742,
      "test_PR_AUC_std": 0.0043191648954238986,
      "test_Precision_mean": 0.8313678474938289,
      "test_Precision_std": 0.043803317565041175,
      "test_ROC_AUC_mean": 0.9672292456805731,
      "test_ROC_AUC_std": 0.002100106446194262,
      "test_Sensitivity_mean": 0.8623809523809421,
      "test_Sensitivity_std": 0.037581570930429846,
      "test_Specificity_mean": 0.9554572271386402,
      "test_Specificity_std": 0.01575917568589557,
      "val_Precision_mean": 0.8076502532114158,
      "val_Precision_std": 0.04494654872175609,
      "val_Sensitivity_mean": 0.7978571428571334,
      "val_Sensitivity_std": 0.016221672911102446,
      "val_Specificity_mean": 0.9519174041297905,
      "val_Specificity_std": 0.014782336044492477,
      "val_score_mean": 0.749774546986924,
      "val_score_std": 0.0068080135940310595,
      "val_thr_mean": 0.44838233881979483,
      "val_thr_std": 0.06296533815350473
    }
  ],
  "task_id": 379,
  "thr_grid_size": 600
}