{
  "feature_set": "c110",
  "model": "et",
  "n_bootstrap": 50,
  "param_hash": "510fde728fa2",
  "param_index": 5,
  "params": {
    "bootstrap": false,
    "max_depth": 30,
    "max_features": "0.5",
    "max_samples": 1.0,
    "min_samples_leaf": 2,
    "min_samples_split": 2,
    "n_estimators": 2500
  },
  "runtime_s": 415.4299895763397,
  "summary_preview": [
    {
      "criterion": "f1",
      "feature_set": "c110",
      "model": "et",
      "param_hash": "510fde728fa2",
      "param_index": 5,
      "test_Brier_mean": 0.04805310592522444,
      "test_Brier_std": 0.0015653588232852895,
      "test_LogLoss_mean": 0.18115315887314798,
      "test_LogLoss_std": 0.004668242887132558,
      "test_PR_AUC_mean": 0.9128808740550525,
      "test_PR_AUC_std": 0.004506125900020703,
      "test_Precision_mean": 0.9008260818661193,
      "test_Precision_std": 0.03202671322390977,
      "test_ROC_AUC_mean": 0.9655629301868239,
      "test_ROC_AUC_std": 0.0025822647205318893,
      "test_Sensitivity_mean": 0.8140476190476095,
      "test_Sensitivity_std": 0.05055856728580962,
      "test_Specificity_mean": 0.9771681415929174,
      "test_Specificity_std": 0.00926732488012802,
      "val_Precision_mean": 0.8957666594963922,
      "val_Precision_std": 0.04030962335311865,
      "val_Sensitivity_mean": 0.7733333333333242,
      "val_Sensitivity_std": 0.03217478527996005,
      "val_Specificity_mean": 0.9769321533923275,
      "val_Specificity_std": 0.010622311474518496,
      "val_score_mean": 0.8286429888149148,
      "val_score_std": 0.009948865304884353,
      "val_thr_mean": 0.4500559058719801,
      "val_thr_std": 0.09181152167553365
    },
    {
      "criterion": "youden",
      "feature_set": "c110",
      "model": "et",
      "param_hash": "510fde728fa2",
      "param_index": 5,
      "test_Brier_mean": 0.04805310592522444,
      "test_Brier_std": 0.0015653588232852895,
      "test_LogLoss_mean": 0.18115315887314798,
      "test_LogLoss_std": 0.004668242887132558,
      "test_PR_AUC_mean": 0.9128808740550525,
      "test_PR_AUC_std": 0.004506125900020703,
      "test_Precision_mean": 0.851839853401333,
      "test_Precision_std": 0.03604124015880617,
      "test_ROC_AUC_mean": 0.9655629301868239,
      "test_ROC_AUC_std": 0.0025822647205318893,
      "test_Sensitivity_mean": 0.8666666666666564,
      "test_Sensitivity_std": 0.014430750636459976,
      "test_Specificity_mean": 0.9620058997050118,
      "test_Specificity_std": 0.012790811048151924,
      "val_Precision_mean": 0.8270292657141559,
      "val_Precision_std": 0.03897607131746394,
      "val_Sensitivity_mean": 0.8116666666666571,
      "val_Sensitivity_std": 0.012656078200774724,
      "val_Specificity_mean": 0.957227138643065,
      "val_Specificity_std": 0.013395854467132144,
      "val_score_mean": 0.7688938053097221,
      "val_score_std": 0.00975897273767144,
      "val_thr_mean": 0.33060161323566556,
      "val_thr_std": 0.04318741695000842
    }
  ],
  "task_id": 29,
  "thr_grid_size": 600
}