{
  "feature_set": "c110_d110",
  "model": "et",
  "n_bootstrap": 50,
  "param_hash": "aef56d53424d",
  "param_index": 2,
  "params": {
    "bootstrap": false,
    "max_depth": 30,
    "max_features": "0.5",
    "max_samples": null,
    "min_samples_leaf": 1,
    "min_samples_split": 8,
    "n_estimators": 4000
  },
  "runtime_s": 753.1289756298065,
  "summary_preview": [
    {
      "criterion": "f1",
      "feature_set": "c110_d110",
      "model": "et",
      "param_hash": "aef56d53424d",
      "param_index": 2,
      "test_Brier_mean": 0.04658123399255956,
      "test_Brier_std": 0.001388605769580513,
      "test_LogLoss_mean": 0.17763718510496532,
      "test_LogLoss_std": 0.004171666787477729,
      "test_PR_AUC_mean": 0.9106066346552589,
      "test_PR_AUC_std": 0.003866326201487091,
      "test_Precision_mean": 0.92766029264335,
      "test_Precision_std": 0.015106685966136678,
      "test_ROC_AUC_mean": 0.9635756426464391,
      "test_ROC_AUC_std": 0.002546301822804859,
      "test_Sensitivity_mean": 0.8088095238095143,
      "test_Sensitivity_std": 0.0282957627932097,
      "test_Specificity_mean": 0.9842477876106165,
      "test_Specificity_std": 0.003980460982732896,
      "val_Precision_mean": 0.9219863344415988,
      "val_Precision_std": 0.0232438654522461,
      "val_Sensitivity_mean": 0.7609523809523719,
      "val_Sensitivity_std": 0.016808366123273032,
      "val_Specificity_mean": 0.983834808259584,
      "val_Specificity_std": 0.005534413875897833,
      "val_score_mean": 0.8333737907833515,
      "val_score_std": 0.007436242776280119,
      "val_thr_mean": 0.5103054026350061,
      "val_thr_std": 0.05210509071016057
    },
    {
      "criterion": "youden",
      "feature_set": "c110_d110",
      "model": "et",
      "param_hash": "aef56d53424d",
      "param_index": 2,
      "test_Brier_mean": 0.04658123399255956,
      "test_Brier_std": 0.001388605769580513,
      "test_LogLoss_mean": 0.17763718510496532,
      "test_LogLoss_std": 0.004171666787477729,
      "test_PR_AUC_mean": 0.9106066346552589,
      "test_PR_AUC_std": 0.003866326201487091,
      "test_Precision_mean": 0.8457029707138602,
      "test_Precision_std": 0.06436005348034456,
      "test_ROC_AUC_mean": 0.9635756426464391,
      "test_ROC_AUC_std": 0.002546301822804859,
      "test_Sensitivity_mean": 0.8711904761904659,
      "test_Sensitivity_std": 0.02842629969452085,
      "test_Specificity_mean": 0.9585840707964572,
      "test_Specificity_std": 0.021847936816170414,
      "val_Precision_mean": 0.813329927214934,
      "val_Precision_std": 0.06898301121214824,
      "val_Sensitivity_mean": 0.8045238095238,
      "val_Sensitivity_std": 0.02743213621419716,
      "val_Specificity_mean": 0.9517994100294956,
      "val_Specificity_std": 0.023429726503556503,
      "val_score_mean": 0.7563232195532956,
      "val_score_std": 0.010357875815798768,
      "val_thr_mean": 0.3485833831875369,
      "val_thr_std": 0.08549054895245022
    }
  ],
  "task_id": 122,
  "thr_grid_size": 600
}