{
  "feature_set": "c110_d110_errors",
  "model": "rf",
  "n_bootstrap": 50,
  "param_hash": "70c8fabffc12",
  "param_index": 21,
  "params": {
    "bootstrap": true,
    "class_weight": null,
    "max_depth": 30,
    "max_features": "0.2",
    "min_samples_leaf": 4,
    "min_samples_split": 4,
    "n_estimators": 1500
  },
  "runtime_s": 1293.7628004550934,
  "summary_preview": [
    {
      "criterion": "f1",
      "feature_set": "c110_d110_errors",
      "model": "rf",
      "param_hash": "70c8fabffc12",
      "param_index": 21,
      "test_Brier_mean": 0.050330792541987995,
      "test_Brier_std": 0.0020773532125359147,
      "test_LogLoss_mean": 0.18578560869619254,
      "test_LogLoss_std": 0.005698012353737166,
      "test_PR_AUC_mean": 0.899930083247576,
      "test_PR_AUC_std": 0.006422193508828682,
      "test_Precision_mean": 0.9182366084066765,
      "test_Precision_std": 0.018404451789451732,
      "test_ROC_AUC_mean": 0.961252984969799,
      "test_ROC_AUC_std": 0.0031987849438766904,
      "test_Sensitivity_mean": 0.7671428571428481,
      "test_Sensitivity_std": 0.04775006272227263,
      "test_Specificity_mean": 0.9828318584070768,
      "test_Specificity_std": 0.0051504893007189335,
      "val_Precision_mean": 0.9222825873662157,
      "val_Precision_std": 0.0292763145864592,
      "val_Sensitivity_mean": 0.735714285714277,
      "val_Sensitivity_std": 0.02634682548440388,
      "val_Specificity_mean": 0.9842477876106165,
      "val_Specificity_std": 0.007016403255269961,
      "val_score_mean": 0.8176641089861519,
      "val_score_std": 0.008559967763093765,
      "val_thr_mean": 0.5089171456949696,
      "val_thr_std": 0.06828299541655096
    },
    {
      "criterion": "youden",
      "feature_set": "c110_d110_errors",
      "model": "rf",
      "param_hash": "70c8fabffc12",
      "param_index": 21,
      "test_Brier_mean": 0.050330792541987995,
      "test_Brier_std": 0.0020773532125359147,
      "test_LogLoss_mean": 0.18578560869619254,
      "test_LogLoss_std": 0.005698012353737166,
      "test_PR_AUC_mean": 0.899930083247576,
      "test_PR_AUC_std": 0.006422193508828682,
      "test_Precision_mean": 0.8369791299094997,
      "test_Precision_std": 0.04381572665777406,
      "test_ROC_AUC_mean": 0.961252984969799,
      "test_ROC_AUC_std": 0.0031987849438766904,
      "test_Sensitivity_mean": 0.8561904761904661,
      "test_Sensitivity_std": 0.02329869903339252,
      "test_Specificity_mean": 0.9577581120943924,
      "test_Specificity_std": 0.01449347768570815,
      "val_Precision_mean": 0.7956841167496678,
      "val_Precision_std": 0.058904989660568056,
      "val_Sensitivity_mean": 0.7949999999999906,
      "val_Sensitivity_std": 0.02272684150554914,
      "val_Specificity_mean": 0.9476106194690237,
      "val_Specificity_std": 0.02066667627340117,
      "val_score_mean": 0.7426106194690142,
      "val_score_std": 0.014113524795998303,
      "val_thr_mean": 0.324558404467168,
      "val_thr_std": 0.053988984875944286
    }
  ],
  "task_id": 309,
  "thr_grid_size": 600
}