{
  "feature_set": "c110",
  "model": "brf",
  "n_bootstrap": 50,
  "param_hash": "e36a6e0bcff3",
  "param_index": 5,
  "params": {
    "max_depth": 30,
    "max_features": "0.3",
    "min_samples_leaf": 4,
    "min_samples_split": 8,
    "n_estimators": 2500,
    "replacement": false,
    "sampling_strategy": "auto"
  },
  "runtime_s": 775.486617565155,
  "summary_preview": [
    {
      "criterion": "f1",
      "feature_set": "c110",
      "model": "brf",
      "param_hash": "e36a6e0bcff3",
      "param_index": 5,
      "test_Brier_mean": 0.06415860816423509,
      "test_Brier_std": 0.003238837274113472,
      "test_LogLoss_mean": 0.23651750527870427,
      "test_LogLoss_std": 0.009475758567324799,
      "test_PR_AUC_mean": 0.9046251683530642,
      "test_PR_AUC_std": 0.008702967189910411,
      "test_Precision_mean": 0.8834907351021657,
      "test_Precision_std": 0.04157751822466415,
      "test_ROC_AUC_mean": 0.9628999859530833,
      "test_ROC_AUC_std": 0.0038401830670297277,
      "test_Sensitivity_mean": 0.780238095238086,
      "test_Sensitivity_std": 0.0522089454314349,
      "test_Specificity_mean": 0.9735103244837728,
      "test_Specificity_std": 0.012816470228292912,
      "val_Precision_mean": 0.9063711897295967,
      "val_Precision_std": 0.05151627937170474,
      "val_Sensitivity_mean": 0.7504761904761815,
      "val_Sensitivity_std": 0.032084765559929763,
      "val_Specificity_mean": 0.9796460176991121,
      "val_Specificity_std": 0.013800693547250553,
      "val_score_mean": 0.8192171691699355,
      "val_score_std": 0.012591659363202674,
      "val_thr_mean": 0.6273752437872646,
      "val_thr_std": 0.09059394911101125
    },
    {
      "criterion": "youden",
      "feature_set": "c110",
      "model": "brf",
      "param_hash": "e36a6e0bcff3",
      "param_index": 5,
      "test_Brier_mean": 0.06415860816423509,
      "test_Brier_std": 0.003238837274113472,
      "test_LogLoss_mean": 0.23651750527870427,
      "test_LogLoss_std": 0.009475758567324799,
      "test_PR_AUC_mean": 0.9046251683530642,
      "test_PR_AUC_std": 0.008702967189910411,
      "test_Precision_mean": 0.7865072889764596,
      "test_Precision_std": 0.05016775417233353,
      "test_ROC_AUC_mean": 0.9628999859530833,
      "test_ROC_AUC_std": 0.0038401830670297277,
      "test_Sensitivity_mean": 0.867380952380942,
      "test_Sensitivity_std": 0.03687065416560472,
      "test_Specificity_mean": 0.9401179941002922,
      "test_Specificity_std": 0.01897971854174212,
      "val_Precision_mean": 0.7899466908025865,
      "val_Precision_std": 0.05259434055691336,
      "val_Sensitivity_mean": 0.8099999999999903,
      "val_Sensitivity_std": 0.023064134024713603,
      "val_Specificity_mean": 0.9451917404129765,
      "val_Specificity_std": 0.017548877743660474,
      "val_score_mean": 0.7551917404129669,
      "val_score_std": 0.012099629902644503,
      "val_thr_mean": 0.46067217777247793,
      "val_thr_std": 0.06086207506980334
    }
  ],
  "task_id": 53,
  "thr_grid_size": 600
}