{
  "feature_set": "c110_d110_snr",
  "model": "bbag",
  "n_bootstrap": 50,
  "param_hash": "f2c3f79325ee",
  "param_index": 9,
  "params": {
    "base_max_depth": null,
    "base_max_features": "0.5",
    "base_min_samples_leaf": 1,
    "base_min_samples_split": 2,
    "bootstrap": true,
    "max_features": 0.5,
    "max_samples": 1.0,
    "n_estimators": 1200,
    "replacement": true,
    "sampling_strategy": "auto"
  },
  "runtime_s": 174.28248810768127,
  "summary_preview": [
    {
      "criterion": "f1",
      "feature_set": "c110_d110_snr",
      "model": "bbag",
      "param_hash": "f2c3f79325ee",
      "param_index": 9,
      "test_Brier_mean": 0.06436654655897031,
      "test_Brier_std": 0.0022363985451790366,
      "test_LogLoss_mean": 0.24554058227024594,
      "test_LogLoss_std": 0.006765556296980992,
      "test_PR_AUC_mean": 0.8989018069371595,
      "test_PR_AUC_std": 0.005287478465177813,
      "test_Precision_mean": 0.871775887921091,
      "test_Precision_std": 0.03892862132474676,
      "test_ROC_AUC_mean": 0.9627591656131479,
      "test_ROC_AUC_std": 0.0025501962593031742,
      "test_Sensitivity_mean": 0.798571428571419,
      "test_Sensitivity_std": 0.051631263817542475,
      "test_Specificity_mean": 0.9699705014749234,
      "test_Specificity_std": 0.011396560539405185,
      "val_Precision_mean": 0.8647621838599744,
      "val_Precision_std": 0.04951773338183771,
      "val_Sensitivity_mean": 0.7647619047618958,
      "val_Sensitivity_std": 0.033201181882754505,
      "val_Specificity_mean": 0.969203539823006,
      "val_Specificity_std": 0.013031784241186974,
      "val_score_mean": 0.8097628188921742,
      "val_score_std": 0.00743681270458733,
      "val_thr_mean": 0.531316917084029,
      "val_thr_std": 0.07583629325120327
    },
    {
      "criterion": "youden",
      "feature_set": "c110_d110_snr",
      "model": "bbag",
      "param_hash": "f2c3f79325ee",
      "param_index": 9,
      "test_Brier_mean": 0.06436654655897031,
      "test_Brier_std": 0.0022363985451790366,
      "test_LogLoss_mean": 0.24554058227024594,
      "test_LogLoss_std": 0.006765556296980992,
      "test_PR_AUC_mean": 0.8989018069371595,
      "test_PR_AUC_std": 0.005287478465177813,
      "test_Precision_mean": 0.8133177751534574,
      "test_Precision_std": 0.0396121947052686,
      "test_ROC_AUC_mean": 0.9627591656131479,
      "test_ROC_AUC_std": 0.0025501962593031742,
      "test_Sensitivity_mean": 0.8609523809523708,
      "test_Sensitivity_std": 0.023124249158888856,
      "test_Specificity_mean": 0.9501474926253658,
      "test_Specificity_std": 0.014355715210194499,
      "val_Precision_mean": 0.7962244221304635,
      "val_Precision_std": 0.033258655157449836,
      "val_Sensitivity_mean": 0.8033333333333238,
      "val_Sensitivity_std": 0.01365636727883302,
      "val_Specificity_mean": 0.9484955752212361,
      "val_Specificity_std": 0.011451278770216655,
      "val_score_mean": 0.7518289085545597,
      "val_score_std": 0.009625390801599425,
      "val_thr_mean": 0.43530036171396774,
      "val_thr_std": 0.034487024700044666
    }
  ],
  "task_id": 561,
  "thr_grid_size": 600
}