{
  "feature_set": "c110_d110",
  "model": "brf",
  "n_bootstrap": 50,
  "param_hash": "3ea42a330d0c",
  "param_index": 9,
  "params": {
    "max_depth": 20,
    "max_features": "0.2",
    "min_samples_leaf": 2,
    "min_samples_split": 2,
    "n_estimators": 800,
    "replacement": false,
    "sampling_strategy": "auto"
  },
  "runtime_s": 324.0576322078705,
  "summary_preview": [
    {
      "criterion": "f1",
      "feature_set": "c110_d110",
      "model": "brf",
      "param_hash": "3ea42a330d0c",
      "param_index": 9,
      "test_Brier_mean": 0.06271873404738976,
      "test_Brier_std": 0.0028674518513206885,
      "test_LogLoss_mean": 0.2348884543060043,
      "test_LogLoss_std": 0.009426524196599811,
      "test_PR_AUC_mean": 0.9005781783808995,
      "test_PR_AUC_std": 0.005692393801817244,
      "test_Precision_mean": 0.893161345763277,
      "test_Precision_std": 0.023342304662151977,
      "test_ROC_AUC_mean": 0.9600832279814582,
      "test_ROC_AUC_std": 0.0031663453291373156,
      "test_Sensitivity_mean": 0.8061904761904667,
      "test_Sensitivity_std": 0.02721513572230925,
      "test_Specificity_mean": 0.9758702064896725,
      "test_Specificity_std": 0.006326448092300872,
      "val_Precision_mean": 0.901835251507563,
      "val_Precision_std": 0.02481493872446046,
      "val_Sensitivity_mean": 0.7619047619047528,
      "val_Sensitivity_std": 0.018630018962760505,
      "val_Specificity_mean": 0.9792330383480796,
      "val_Specificity_std": 0.005988139795476313,
      "val_score_mean": 0.8255902065284384,
      "val_score_std": 0.011386561180055169,
      "val_thr_mean": 0.6142991863423167,
      "val_thr_std": 0.048740253746166556
    },
    {
      "criterion": "youden",
      "feature_set": "c110_d110",
      "model": "brf",
      "param_hash": "3ea42a330d0c",
      "param_index": 9,
      "test_Brier_mean": 0.06271873404738976,
      "test_Brier_std": 0.0028674518513206885,
      "test_LogLoss_mean": 0.2348884543060043,
      "test_LogLoss_std": 0.009426524196599811,
      "test_PR_AUC_mean": 0.9005781783808995,
      "test_PR_AUC_std": 0.005692393801817244,
      "test_Precision_mean": 0.8322813602021749,
      "test_Precision_std": 0.061060350263535075,
      "test_ROC_AUC_mean": 0.9600832279814582,
      "test_ROC_AUC_std": 0.0031663453291373156,
      "test_Sensitivity_mean": 0.8497619047618947,
      "test_Sensitivity_std": 0.03216849209921447,
      "test_Specificity_mean": 0.9555162241887877,
      "test_Specificity_std": 0.022177728333062637,
      "val_Precision_mean": 0.8313260254915805,
      "val_Precision_std": 0.06307627689178665,
      "val_Sensitivity_mean": 0.7928571428571334,
      "val_Sensitivity_std": 0.019833169710357958,
      "val_Specificity_mean": 0.9583480825958673,
      "val_Specificity_std": 0.02018044801526783,
      "val_score_mean": 0.7512052254530007,
      "val_score_std": 0.010718499446946849,
      "val_thr_mean": 0.5187124828086495,
      "val_thr_std": 0.07887979486453445
    }
  ],
  "task_id": 153,
  "thr_grid_size": 600
}