{
  "feature_set": "c110_errors",
  "model": "et",
  "n_bootstrap": 50,
  "param_hash": "843535797216",
  "param_index": 21,
  "params": {
    "bootstrap": true,
    "max_depth": 30,
    "max_features": "0.5",
    "max_samples": 0.8,
    "min_samples_leaf": 4,
    "min_samples_split": 8,
    "n_estimators": 4000
  },
  "runtime_s": 813.0740020275116,
  "summary_preview": [
    {
      "criterion": "f1",
      "feature_set": "c110_errors",
      "model": "et",
      "param_hash": "843535797216",
      "param_index": 21,
      "test_Brier_mean": 0.05181390862466317,
      "test_Brier_std": 0.002209121687182283,
      "test_LogLoss_mean": 0.19017225428768444,
      "test_LogLoss_std": 0.00509647525736833,
      "test_PR_AUC_mean": 0.9125894956523921,
      "test_PR_AUC_std": 0.005616851980127665,
      "test_Precision_mean": 0.8894802983399019,
      "test_Precision_std": 0.02445836051507643,
      "test_ROC_AUC_mean": 0.9696944795617363,
      "test_ROC_AUC_std": 0.0022050396263102482,
      "test_Sensitivity_mean": 0.7949999999999906,
      "test_Sensitivity_std": 0.036100118647146705,
      "test_Specificity_mean": 0.9751622418879026,
      "test_Specificity_std": 0.007128889801840297,
      "val_Precision_mean": 0.8784963793718419,
      "val_Precision_std": 0.034195868466338805,
      "val_Sensitivity_mean": 0.7595238095238005,
      "val_Sensitivity_std": 0.022433513534477464,
      "val_Specificity_mean": 0.9734513274336254,
      "val_Specificity_std": 0.009270965023177383,
      "val_score_mean": 0.8138549842172514,
      "val_score_std": 0.009192806776199582,
      "val_thr_mean": 0.4151705365447155,
      "val_thr_std": 0.06404911754233966
    },
    {
      "criterion": "youden",
      "feature_set": "c110_errors",
      "model": "et",
      "param_hash": "843535797216",
      "param_index": 21,
      "test_Brier_mean": 0.05181390862466317,
      "test_Brier_std": 0.002209121687182283,
      "test_LogLoss_mean": 0.19017225428768444,
      "test_LogLoss_std": 0.00509647525736833,
      "test_PR_AUC_mean": 0.9125894956523921,
      "test_PR_AUC_std": 0.005616851980127665,
      "test_Precision_mean": 0.8342497183222393,
      "test_Precision_std": 0.030544465027132258,
      "test_ROC_AUC_mean": 0.9696944795617363,
      "test_ROC_AUC_std": 0.0022050396263102482,
      "test_Sensitivity_mean": 0.8707142857142753,
      "test_Sensitivity_std": 0.03324036041412446,
      "test_Specificity_mean": 0.9565781710914426,
      "test_Specificity_std": 0.01027128376676416,
      "val_Precision_mean": 0.8013024569877797,
      "val_Precision_std": 0.041852522714638414,
      "val_Sensitivity_mean": 0.801428571428562,
      "val_Sensitivity_std": 0.015104492048417878,
      "val_Specificity_mean": 0.9499115044247759,
      "val_Specificity_std": 0.013893543924703803,
      "val_score_mean": 0.7513400758533377,
      "val_score_std": 0.010743003935612493,
      "val_thr_mean": 0.287906762405082,
      "val_thr_std": 0.04396751117626259
    }
  ],
  "task_id": 237,
  "thr_grid_size": 600
}