{
  "feature_set": "c110_d110",
  "model": "brf",
  "n_bootstrap": 50,
  "param_hash": "97f9c5e2caa7",
  "param_index": 10,
  "params": {
    "max_depth": 20,
    "max_features": "0.5",
    "min_samples_leaf": 2,
    "min_samples_split": 4,
    "n_estimators": 2500,
    "replacement": false,
    "sampling_strategy": "auto"
  },
  "runtime_s": 1581.7836260795593,
  "summary_preview": [
    {
      "criterion": "f1",
      "feature_set": "c110_d110",
      "model": "brf",
      "param_hash": "97f9c5e2caa7",
      "param_index": 10,
      "test_Brier_mean": 0.0635247912733274,
      "test_Brier_std": 0.0032857146159134517,
      "test_LogLoss_mean": 0.23721445937249425,
      "test_LogLoss_std": 0.010815116799451536,
      "test_PR_AUC_mean": 0.895390129884336,
      "test_PR_AUC_std": 0.008355130538717826,
      "test_Precision_mean": 0.8879650098741524,
      "test_Precision_std": 0.029163624924584162,
      "test_ROC_AUC_mean": 0.9575484618626211,
      "test_ROC_AUC_std": 0.004178774404424362,
      "test_Sensitivity_mean": 0.7909523809523716,
      "test_Sensitivity_std": 0.0446187981817861,
      "test_Specificity_mean": 0.9748082595870177,
      "test_Specificity_std": 0.00836915721470328,
      "val_Precision_mean": 0.8996311129691204,
      "val_Precision_std": 0.03770124353776176,
      "val_Sensitivity_mean": 0.7433333333333245,
      "val_Sensitivity_std": 0.02887753098883109,
      "val_Specificity_mean": 0.9788200589970473,
      "val_Specificity_std": 0.009714151313392923,
      "val_score_mean": 0.8128825197431262,
      "val_score_std": 0.011268134875397854,
      "val_thr_mean": 0.6556542003338899,
      "val_thr_std": 0.07601724179799638
    },
    {
      "criterion": "youden",
      "feature_set": "c110_d110",
      "model": "brf",
      "param_hash": "97f9c5e2caa7",
      "param_index": 10,
      "test_Brier_mean": 0.0635247912733274,
      "test_Brier_std": 0.0032857146159134517,
      "test_LogLoss_mean": 0.23721445937249425,
      "test_LogLoss_std": 0.010815116799451536,
      "test_PR_AUC_mean": 0.895390129884336,
      "test_PR_AUC_std": 0.008355130538717826,
      "test_Precision_mean": 0.8100680497044154,
      "test_Precision_std": 0.0486615640829675,
      "test_ROC_AUC_mean": 0.9575484618626211,
      "test_ROC_AUC_std": 0.004178774404424362,
      "test_Sensitivity_mean": 0.857142857142847,
      "test_Sensitivity_std": 0.023318553062588322,
      "test_Specificity_mean": 0.9490265486725634,
      "test_Specificity_std": 0.016761638964559317,
      "val_Precision_mean": 0.796436969557456,
      "val_Precision_std": 0.05606199899260717,
      "val_Sensitivity_mean": 0.7926190476190382,
      "val_Sensitivity_std": 0.017191177445996065,
      "val_Specificity_mean": 0.9483775811209411,
      "val_Specificity_std": 0.01810826818362017,
      "val_score_mean": 0.7409966287399793,
      "val_score_std": 0.014636324939568955,
      "val_thr_mean": 0.4960223840760243,
      "val_thr_std": 0.056932266222370374
    }
  ],
  "task_id": 154,
  "thr_grid_size": 600
}