{
  "feature_set": "c110_errors",
  "model": "bbag",
  "n_bootstrap": 50,
  "param_hash": "ce452f8767aa",
  "param_index": 14,
  "params": {
    "base_max_depth": null,
    "base_max_features": "0.3",
    "base_min_samples_leaf": 2,
    "base_min_samples_split": 8,
    "bootstrap": true,
    "max_features": 1.0,
    "max_samples": 0.5,
    "n_estimators": 1200,
    "replacement": false,
    "sampling_strategy": "auto"
  },
  "runtime_s": 120.09232902526855,
  "summary_preview": [
    {
      "criterion": "f1",
      "feature_set": "c110_errors",
      "model": "bbag",
      "param_hash": "ce452f8767aa",
      "param_index": 14,
      "test_Brier_mean": 0.07415909646718337,
      "test_Brier_std": 0.002699500727572721,
      "test_LogLoss_mean": 0.2734335014996752,
      "test_LogLoss_std": 0.007559217614293395,
      "test_PR_AUC_mean": 0.8916191255956304,
      "test_PR_AUC_std": 0.008778730798354626,
      "test_Precision_mean": 0.8507985635672257,
      "test_Precision_std": 0.014035606220180538,
      "test_ROC_AUC_mean": 0.9639886219974716,
      "test_ROC_AUC_std": 0.003757226760353274,
      "test_Sensitivity_mean": 0.7688095238095147,
      "test_Sensitivity_std": 0.0301447677088916,
      "test_Specificity_mean": 0.9664896755162212,
      "test_Specificity_std": 0.004328821251882413,
      "val_Precision_mean": 0.830674492302714,
      "val_Precision_std": 0.026644658632062182,
      "val_Sensitivity_mean": 0.7473809523809436,
      "val_Sensitivity_std": 0.021280940540391237,
      "val_Specificity_mean": 0.9618879056047169,
      "val_Specificity_std": 0.00799209074833857,
      "val_score_mean": 0.7862348218516764,
      "val_score_std": 0.009766953684512795,
      "val_thr_mean": 0.5482842900204045,
      "val_thr_std": 0.03210950933079556
    },
    {
      "criterion": "youden",
      "feature_set": "c110_errors",
      "model": "bbag",
      "param_hash": "ce452f8767aa",
      "param_index": 14,
      "test_Brier_mean": 0.07415909646718337,
      "test_Brier_std": 0.002699500727572721,
      "test_LogLoss_mean": 0.2734335014996752,
      "test_LogLoss_std": 0.007559217614293395,
      "test_PR_AUC_mean": 0.8916191255956304,
      "test_PR_AUC_std": 0.008778730798354626,
      "test_Precision_mean": 0.8020291864223372,
      "test_Precision_std": 0.041982000110091774,
      "test_ROC_AUC_mean": 0.9639886219974716,
      "test_ROC_AUC_std": 0.003757226760353274,
      "test_Sensitivity_mean": 0.8459523809523709,
      "test_Sensitivity_std": 0.04271450727072009,
      "test_Specificity_mean": 0.9470206489675488,
      "test_Specificity_std": 0.017106860901446443,
      "val_Precision_mean": 0.7457797370343419,
      "val_Precision_std": 0.050633247894957815,
      "val_Sensitivity_mean": 0.7949999999999906,
      "val_Sensitivity_std": 0.023478012809299533,
      "val_Specificity_mean": 0.9311504424778733,
      "val_Specificity_std": 0.02059825036518028,
      "val_score_mean": 0.7261504424778639,
      "val_score_std": 0.010287315328996882,
      "val_thr_mean": 0.4665251215319183,
      "val_thr_std": 0.04399642858460697
    }
  ],
  "task_id": 278,
  "thr_grid_size": 600
}