{
  "feature_set": "c110_d110_errors",
  "model": "brf",
  "n_bootstrap": 50,
  "param_hash": "d46ad37179de",
  "param_index": 18,
  "params": {
    "max_depth": 20,
    "max_features": "sqrt",
    "min_samples_leaf": 1,
    "min_samples_split": 4,
    "n_estimators": 800,
    "replacement": true,
    "sampling_strategy": "auto"
  },
  "runtime_s": 276.5919976234436,
  "summary_preview": [
    {
      "criterion": "f1",
      "feature_set": "c110_d110_errors",
      "model": "brf",
      "param_hash": "d46ad37179de",
      "param_index": 18,
      "test_Brier_mean": 0.07135294109563367,
      "test_Brier_std": 0.002959482464084089,
      "test_LogLoss_mean": 0.26117826355384166,
      "test_LogLoss_std": 0.009181457500815692,
      "test_PR_AUC_mean": 0.9069760395003157,
      "test_PR_AUC_std": 0.006098600659639627,
      "test_Precision_mean": 0.8922609396346911,
      "test_Precision_std": 0.03838446651786631,
      "test_ROC_AUC_mean": 0.9660566793088917,
      "test_ROC_AUC_std": 0.002405049265198888,
      "test_Sensitivity_mean": 0.7664285714285622,
      "test_Sensitivity_std": 0.045690414280759525,
      "test_Specificity_mean": 0.9762241887905576,
      "test_Specificity_std": 0.01093079395916311,
      "val_Precision_mean": 0.8917648264849092,
      "val_Precision_std": 0.04815904694980237,
      "val_Sensitivity_mean": 0.7440476190476102,
      "val_Sensitivity_std": 0.02957912777368347,
      "val_Specificity_mean": 0.9766371681415901,
      "val_Specificity_std": 0.012441730863714032,
      "val_score_mean": 0.809621134727792,
      "val_score_std": 0.011034725820378333,
      "val_thr_mean": 0.6239297007267015,
      "val_thr_std": 0.05952890476309611
    },
    {
      "criterion": "youden",
      "feature_set": "c110_d110_errors",
      "model": "brf",
      "param_hash": "d46ad37179de",
      "param_index": 18,
      "test_Brier_mean": 0.07135294109563367,
      "test_Brier_std": 0.002959482464084089,
      "test_LogLoss_mean": 0.26117826355384166,
      "test_LogLoss_std": 0.009181457500815692,
      "test_PR_AUC_mean": 0.9069760395003157,
      "test_PR_AUC_std": 0.006098600659639627,
      "test_Precision_mean": 0.8196409183455436,
      "test_Precision_std": 0.029532018701143775,
      "test_ROC_AUC_mean": 0.9660566793088917,
      "test_ROC_AUC_std": 0.002405049265198888,
      "test_Sensitivity_mean": 0.8559523809523708,
      "test_Sensitivity_std": 0.023473084594969537,
      "test_Specificity_mean": 0.9528613569321506,
      "test_Specificity_std": 0.010261770193648588,
      "val_Precision_mean": 0.7975122867721649,
      "val_Precision_std": 0.02904595500926943,
      "val_Sensitivity_mean": 0.793571428571419,
      "val_Sensitivity_std": 0.010918844162771666,
      "val_Specificity_mean": 0.949675516224186,
      "val_Specificity_std": 0.009690723398060458,
      "val_score_mean": 0.743246944795605,
      "val_score_std": 0.008933097887599419,
      "val_thr_mean": 0.5096967624328557,
      "val_thr_std": 0.02728157515525899
    }
  ],
  "task_id": 354,
  "thr_grid_size": 600
}