{
  "feature_set": "c110",
  "model": "bbag",
  "n_bootstrap": 50,
  "param_hash": "91254d3942c9",
  "param_index": 4,
  "params": {
    "base_max_depth": 20,
    "base_max_features": "sqrt",
    "base_min_samples_leaf": 1,
    "base_min_samples_split": 4,
    "bootstrap": true,
    "max_features": 0.5,
    "max_samples": 1.0,
    "n_estimators": 500,
    "replacement": true,
    "sampling_strategy": "auto"
  },
  "runtime_s": 57.291229486465454,
  "summary_preview": [
    {
      "criterion": "f1",
      "feature_set": "c110",
      "model": "bbag",
      "param_hash": "91254d3942c9",
      "param_index": 4,
      "test_Brier_mean": 0.08867017506691288,
      "test_Brier_std": 0.00220455196129536,
      "test_LogLoss_mean": 0.3180957635860352,
      "test_LogLoss_std": 0.0063765138202303865,
      "test_PR_AUC_mean": 0.8495430044244214,
      "test_PR_AUC_std": 0.010021170430070083,
      "test_Precision_mean": 0.8117207545484003,
      "test_Precision_std": 0.01902919492098705,
      "test_ROC_AUC_mean": 0.9402697008006743,
      "test_ROC_AUC_std": 0.004927829124695979,
      "test_Sensitivity_mean": 0.7309523809523724,
      "test_Sensitivity_std": 0.038706825431091524,
      "test_Specificity_mean": 0.9577581120943924,
      "test_Specificity_std": 0.006648095673970508,
      "val_Precision_mean": 0.7790374104076421,
      "val_Precision_std": 0.03474891626873064,
      "val_Sensitivity_mean": 0.7180952380952296,
      "val_Sensitivity_std": 0.03248610947761519,
      "val_Specificity_mean": 0.9487905604719735,
      "val_Specificity_std": 0.011795797412167476,
      "val_score_mean": 0.7461004378046294,
      "val_score_std": 0.01420802417602155,
      "val_thr_mean": 0.48126750427294174,
      "val_thr_std": 0.024510080442343467
    },
    {
      "criterion": "youden",
      "feature_set": "c110",
      "model": "bbag",
      "param_hash": "91254d3942c9",
      "param_index": 4,
      "test_Brier_mean": 0.08867017506691288,
      "test_Brier_std": 0.00220455196129536,
      "test_LogLoss_mean": 0.3180957635860352,
      "test_LogLoss_std": 0.0063765138202303865,
      "test_PR_AUC_mean": 0.8495430044244214,
      "test_PR_AUC_std": 0.010021170430070083,
      "test_Precision_mean": 0.6965657987071148,
      "test_Precision_std": 0.06796752106665793,
      "test_ROC_AUC_mean": 0.9402697008006743,
      "test_ROC_AUC_std": 0.004927829124695979,
      "test_Sensitivity_mean": 0.8199999999999903,
      "test_Sensitivity_std": 0.03389776191374382,
      "test_Specificity_mean": 0.9077876106194662,
      "test_Specificity_std": 0.03207024600768596,
      "val_Precision_mean": 0.662747158094708,
      "val_Precision_std": 0.04711216111053455,
      "val_Sensitivity_mean": 0.7911904761904668,
      "val_Sensitivity_std": 0.02431556503071079,
      "val_Specificity_mean": 0.8983480825958675,
      "val_Specificity_std": 0.022990550416731394,
      "val_score_mean": 0.6895385587863343,
      "val_score_std": 0.01658197031588994,
      "val_thr_mean": 0.4090475967025269,
      "val_thr_std": 0.028905672279620303
    }
  ],
  "task_id": 76,
  "thr_grid_size": 600
}