{
  "feature_set": "c110_d110_snr",
  "model": "rf",
  "n_bootstrap": 50,
  "param_hash": "136da55ab336",
  "param_index": 19,
  "params": {
    "bootstrap": true,
    "class_weight": "balanced",
    "max_depth": 20,
    "max_features": "0.3",
    "min_samples_leaf": 4,
    "min_samples_split": 4,
    "n_estimators": 1500
  },
  "runtime_s": 1542.8229336738586,
  "summary_preview": [
    {
      "criterion": "f1",
      "feature_set": "c110_d110_snr",
      "model": "rf",
      "param_hash": "136da55ab336",
      "param_index": 19,
      "test_Brier_mean": 0.050480244404159935,
      "test_Brier_std": 0.0018940573744813797,
      "test_LogLoss_mean": 0.19383485124569572,
      "test_LogLoss_std": 0.005957370940816016,
      "test_PR_AUC_mean": 0.8922738178683264,
      "test_PR_AUC_std": 0.007660192825220292,
      "test_Precision_mean": 0.8918363233975911,
      "test_Precision_std": 0.025235019871255454,
      "test_ROC_AUC_mean": 0.957542491923023,
      "test_ROC_AUC_std": 0.0037584006926949026,
      "test_Sensitivity_mean": 0.8083333333333238,
      "test_Sensitivity_std": 0.03264686023886435,
      "test_Specificity_mean": 0.9753982300884927,
      "test_Specificity_std": 0.0071418315199957404,
      "val_Precision_mean": 0.9079098121443426,
      "val_Precision_std": 0.02707750374985372,
      "val_Sensitivity_mean": 0.7652380952380861,
      "val_Sensitivity_std": 0.021517470277461953,
      "val_Specificity_mean": 0.980471976401177,
      "val_Specificity_std": 0.00673962221757865,
      "val_score_mean": 0.8299312548202177,
      "val_score_std": 0.011035651863373323,
      "val_thr_mean": 0.4555081263898339,
      "val_thr_std": 0.06007383633463333
    },
    {
      "criterion": "youden",
      "feature_set": "c110_d110_snr",
      "model": "rf",
      "param_hash": "136da55ab336",
      "param_index": 19,
      "test_Brier_mean": 0.050480244404159935,
      "test_Brier_std": 0.0018940573744813797,
      "test_LogLoss_mean": 0.19383485124569572,
      "test_LogLoss_std": 0.005957370940816016,
      "test_PR_AUC_mean": 0.8922738178683264,
      "test_PR_AUC_std": 0.007660192825220292,
      "test_Precision_mean": 0.8267899569108113,
      "test_Precision_std": 0.059536892007956,
      "test_ROC_AUC_mean": 0.957542491923023,
      "test_ROC_AUC_std": 0.0037584006926949026,
      "test_Sensitivity_mean": 0.8583333333333232,
      "test_Sensitivity_std": 0.03625681225395845,
      "test_Specificity_mean": 0.9534513274336254,
      "test_Specificity_std": 0.020861075946526458,
      "val_Precision_mean": 0.8323696269771554,
      "val_Precision_std": 0.064311789371484,
      "val_Sensitivity_mean": 0.798571428571419,
      "val_Sensitivity_std": 0.022412875523177413,
      "val_Specificity_mean": 0.9582300884955725,
      "val_Specificity_std": 0.02036196392150551,
      "val_score_mean": 0.7568015170669915,
      "val_score_std": 0.007973834757273522,
      "val_thr_mean": 0.3372241310006433,
      "val_thr_std": 0.08757695929867734
    }
  ],
  "task_id": 499,
  "thr_grid_size": 600
}