{
  "feature_set": "c110_errors",
  "model": "brf",
  "n_bootstrap": 50,
  "param_hash": "fc874b711781",
  "param_index": 11,
  "params": {
    "max_depth": 10,
    "max_features": "0.2",
    "min_samples_leaf": 2,
    "min_samples_split": 2,
    "n_estimators": 1500,
    "replacement": false,
    "sampling_strategy": "auto"
  },
  "runtime_s": 497.0647785663605,
  "summary_preview": [
    {
      "criterion": "f1",
      "feature_set": "c110_errors",
      "model": "brf",
      "param_hash": "fc874b711781",
      "param_index": 11,
      "test_Brier_mean": 0.06274941193529031,
      "test_Brier_std": 0.0032569840124235584,
      "test_LogLoss_mean": 0.23608655578225787,
      "test_LogLoss_std": 0.009524859346688749,
      "test_PR_AUC_mean": 0.9102944019917975,
      "test_PR_AUC_std": 0.008668450066792538,
      "test_Precision_mean": 0.8961397159229645,
      "test_Precision_std": 0.028060021575622495,
      "test_ROC_AUC_mean": 0.9664348925410873,
      "test_ROC_AUC_std": 0.0037617976591284275,
      "test_Sensitivity_mean": 0.7473809523809436,
      "test_Sensitivity_std": 0.051991328566416695,
      "test_Specificity_mean": 0.9780530973451298,
      "test_Specificity_std": 0.008368096202615364,
      "val_Precision_mean": 0.9212344901449241,
      "val_Precision_std": 0.04438638336067922,
      "val_Sensitivity_mean": 0.7309523809523724,
      "val_Sensitivity_std": 0.03032747363967141,
      "val_Specificity_mean": 0.983716814159289,
      "val_Specificity_std": 0.011248344287030958,
      "val_score_mean": 0.8137160830593523,
      "val_score_std": 0.013434072355420367,
      "val_thr_mean": 0.6421245208828715,
      "val_thr_std": 0.06563109943899398
    },
    {
      "criterion": "youden",
      "feature_set": "c110_errors",
      "model": "brf",
      "param_hash": "fc874b711781",
      "param_index": 11,
      "test_Brier_mean": 0.06274941193529031,
      "test_Brier_std": 0.0032569840124235584,
      "test_LogLoss_mean": 0.23608655578225787,
      "test_LogLoss_std": 0.009524859346688749,
      "test_PR_AUC_mean": 0.9102944019917975,
      "test_PR_AUC_std": 0.008668450066792538,
      "test_Precision_mean": 0.8011679582126687,
      "test_Precision_std": 0.04449982330031106,
      "test_ROC_AUC_mean": 0.9664348925410873,
      "test_ROC_AUC_std": 0.0037617976591284275,
      "test_Sensitivity_mean": 0.8754761904761801,
      "test_Sensitivity_std": 0.043903251451242985,
      "test_Specificity_mean": 0.9448377581120916,
      "test_Specificity_std": 0.016518421510762396,
      "val_Precision_mean": 0.7794000238484218,
      "val_Precision_std": 0.0545913538547991,
      "val_Sensitivity_mean": 0.8047619047618952,
      "val_Sensitivity_std": 0.023687735165278872,
      "val_Specificity_mean": 0.9419469026548645,
      "val_Specificity_std": 0.019352104291431,
      "val_score_mean": 0.7467088074167596,
      "val_score_std": 0.014815757076344851,
      "val_thr_mean": 0.4518473422203716,
      "val_thr_std": 0.05555948940276858
    }
  ],
  "task_id": 251,
  "thr_grid_size": 600
}