{
  "feature_set": "c110_errors",
  "model": "et",
  "n_bootstrap": 50,
  "param_hash": "65766ad22241",
  "param_index": 15,
  "params": {
    "bootstrap": true,
    "max_depth": 10,
    "max_features": "sqrt",
    "max_samples": 0.8,
    "min_samples_leaf": 1,
    "min_samples_split": 4,
    "n_estimators": 4000
  },
  "runtime_s": 1614.201068162918,
  "summary_preview": [
    {
      "criterion": "f1",
      "feature_set": "c110_errors",
      "model": "et",
      "param_hash": "65766ad22241",
      "param_index": 15,
      "test_Brier_mean": 0.08051682357552441,
      "test_Brier_std": 0.0010713653513282522,
      "test_LogLoss_mean": 0.2755763646333911,
      "test_LogLoss_std": 0.0031342618997716653,
      "test_PR_AUC_mean": 0.8450780603836175,
      "test_PR_AUC_std": 0.009198503333262753,
      "test_Precision_mean": 0.8139045808966189,
      "test_Precision_std": 0.0259650060464479,
      "test_ROC_AUC_mean": 0.9465065318162664,
      "test_ROC_AUC_std": 0.0037608678495816505,
      "test_Sensitivity_mean": 0.7140476190476106,
      "test_Sensitivity_std": 0.044898603376124294,
      "test_Specificity_mean": 0.9590560471976372,
      "test_Specificity_std": 0.009011422775978849,
      "val_Precision_mean": 0.7454421936238547,
      "val_Precision_std": 0.036298938021938135,
      "val_Sensitivity_mean": 0.6828571428571348,
      "val_Sensitivity_std": 0.03278036409022208,
      "val_Specificity_mean": 0.9412389380530946,
      "val_Specificity_std": 0.01388523327932041,
      "val_score_mean": 0.7112816720740589,
      "val_score_std": 0.009979475412087362,
      "val_thr_mean": 0.31184238030821504,
      "val_thr_std": 0.028866194446599387
    },
    {
      "criterion": "youden",
      "feature_set": "c110_errors",
      "model": "et",
      "param_hash": "65766ad22241",
      "param_index": 15,
      "test_Brier_mean": 0.08051682357552441,
      "test_Brier_std": 0.0010713653513282522,
      "test_LogLoss_mean": 0.2755763646333911,
      "test_LogLoss_std": 0.0031342618997716653,
      "test_PR_AUC_mean": 0.8450780603836175,
      "test_PR_AUC_std": 0.009198503333262753,
      "test_Precision_mean": 0.6294687350826212,
      "test_Precision_std": 0.05622335441196577,
      "test_ROC_AUC_mean": 0.9465065318162664,
      "test_ROC_AUC_std": 0.0037608678495816505,
      "test_Sensitivity_mean": 0.8695238095237993,
      "test_Sensitivity_std": 0.04315574627743581,
      "test_Specificity_mean": 0.8696755162241862,
      "test_Specificity_std": 0.03247130061961915,
      "val_Precision_mean": 0.5863158261300625,
      "val_Precision_std": 0.03755703206459092,
      "val_Sensitivity_mean": 0.7988095238095144,
      "val_Sensitivity_std": 0.030541301013720677,
      "val_Specificity_mean": 0.8584660766961626,
      "val_Specificity_std": 0.023997963969039242,
      "val_score_mean": 0.6572756005056769,
      "val_score_std": 0.01492672504328866,
      "val_thr_mean": 0.20655095012796282,
      "val_thr_std": 0.024920516737238597
    }
  ],
  "task_id": 231,
  "thr_grid_size": 600
}