{
  "feature_set": "c110",
  "model": "bbag",
  "n_bootstrap": 50,
  "param_hash": "d849b896aa5b",
  "param_index": 0,
  "params": {
    "base_max_depth": 20,
    "base_max_features": "sqrt",
    "base_min_samples_leaf": 4,
    "base_min_samples_split": 4,
    "bootstrap": true,
    "max_features": 0.5,
    "max_samples": 1.0,
    "n_estimators": 800,
    "replacement": false,
    "sampling_strategy": "auto"
  },
  "runtime_s": 79.17733860015869,
  "summary_preview": [
    {
      "criterion": "f1",
      "feature_set": "c110",
      "model": "bbag",
      "param_hash": "d849b896aa5b",
      "param_index": 0,
      "test_Brier_mean": 0.09562930802620707,
      "test_Brier_std": 0.0022104495958628575,
      "test_LogLoss_mean": 0.3385955289641665,
      "test_LogLoss_std": 0.006167527671664055,
      "test_PR_AUC_mean": 0.8264435272239139,
      "test_PR_AUC_std": 0.009414302762603285,
      "test_Precision_mean": 0.7432092841836466,
      "test_Precision_std": 0.052821227777828494,
      "test_ROC_AUC_mean": 0.931432785503582,
      "test_ROC_AUC_std": 0.005102591988434623,
      "test_Sensitivity_mean": 0.7552380952380863,
      "test_Sensitivity_std": 0.039750832068014094,
      "test_Specificity_mean": 0.9333333333333306,
      "test_Specificity_std": 0.02181572542021869,
      "val_Precision_mean": 0.7027335653221713,
      "val_Precision_std": 0.03458306344892097,
      "val_Sensitivity_mean": 0.7290476190476105,
      "val_Sensitivity_std": 0.03389093525736327,
      "val_Specificity_mean": 0.9225368731563394,
      "val_Specificity_std": 0.015572817571287418,
      "val_score_mean": 0.7142395531021191,
      "val_score_std": 0.012080398700224402,
      "val_thr_mean": 0.4621854181477111,
      "val_thr_std": 0.025782395502783644
    },
    {
      "criterion": "youden",
      "feature_set": "c110",
      "model": "bbag",
      "param_hash": "d849b896aa5b",
      "param_index": 0,
      "test_Brier_mean": 0.09562930802620707,
      "test_Brier_std": 0.0022104495958628575,
      "test_LogLoss_mean": 0.3385955289641665,
      "test_LogLoss_std": 0.006167527671664055,
      "test_PR_AUC_mean": 0.8264435272239139,
      "test_PR_AUC_std": 0.009414302762603285,
      "test_Precision_mean": 0.6308809024986085,
      "test_Precision_std": 0.050309038517040834,
      "test_ROC_AUC_mean": 0.931432785503582,
      "test_ROC_AUC_std": 0.005102591988434623,
      "test_Sensitivity_mean": 0.8259523809523712,
      "test_Sensitivity_std": 0.0279336411124381,
      "test_Specificity_mean": 0.8777581120943927,
      "test_Specificity_std": 0.027330867473013047,
      "val_Precision_mean": 0.6267999083937649,
      "val_Precision_std": 0.03316422016002175,
      "val_Sensitivity_mean": 0.793571428571419,
      "val_Sensitivity_std": 0.021459593137518447,
      "val_Specificity_mean": 0.8818289085545696,
      "val_Specificity_std": 0.018001648518326335,
      "val_score_mean": 0.6754003371259887,
      "val_score_std": 0.01520750817325518,
      "val_thr_mean": 0.4023086986034082,
      "val_thr_std": 0.022589191824058774
    }
  ],
  "task_id": 72,
  "thr_grid_size": 600
}