{
  "feature_set": "c110",
  "model": "rf",
  "n_bootstrap": 50,
  "param_hash": "508de71c9f66",
  "param_index": 1,
  "params": {
    "bootstrap": true,
    "class_weight": null,
    "max_depth": 20,
    "max_features": "0.5",
    "min_samples_leaf": 1,
    "min_samples_split": 8,
    "n_estimators": 2500
  },
  "runtime_s": 1828.5377645492554,
  "summary_preview": [
    {
      "criterion": "f1",
      "feature_set": "c110",
      "model": "rf",
      "param_hash": "508de71c9f66",
      "param_index": 1,
      "test_Brier_mean": 0.05482816033221001,
      "test_Brier_std": 0.003241776287335444,
      "test_LogLoss_mean": 0.19801472384514845,
      "test_LogLoss_std": 0.008552068705679854,
      "test_PR_AUC_mean": 0.8925518128632944,
      "test_PR_AUC_std": 0.011292274022963655,
      "test_Precision_mean": 0.8952222809133606,
      "test_Precision_std": 0.025433452425108555,
      "test_ROC_AUC_mean": 0.9558315774687456,
      "test_ROC_AUC_std": 0.005313603409638264,
      "test_Sensitivity_mean": 0.7559523809523719,
      "test_Sensitivity_std": 0.062266733466063255,
      "test_Specificity_mean": 0.9775811209439499,
      "test_Specificity_std": 0.007632014444279281,
      "val_Precision_mean": 0.9069191379121545,
      "val_Precision_std": 0.04126954935857864,
      "val_Sensitivity_mean": 0.7188095238095152,
      "val_Sensitivity_std": 0.03606805672097842,
      "val_Specificity_mean": 0.9809439528023569,
      "val_Specificity_std": 0.010256923530443458,
      "val_score_mean": 0.8003736011250379,
      "val_score_std": 0.013376378883949649,
      "val_thr_mean": 0.5072161074193711,
      "val_thr_std": 0.08430013682337256
    },
    {
      "criterion": "youden",
      "feature_set": "c110",
      "model": "rf",
      "param_hash": "508de71c9f66",
      "param_index": 1,
      "test_Brier_mean": 0.05482816033221001,
      "test_Brier_std": 0.003241776287335444,
      "test_LogLoss_mean": 0.19801472384514845,
      "test_LogLoss_std": 0.008552068705679854,
      "test_PR_AUC_mean": 0.8925518128632944,
      "test_PR_AUC_std": 0.011292274022963655,
      "test_Precision_mean": 0.7894860469592109,
      "test_Precision_std": 0.06673062043223815,
      "test_ROC_AUC_mean": 0.9558315774687456,
      "test_ROC_AUC_std": 0.005313603409638264,
      "test_Sensitivity_mean": 0.8476190476190376,
      "test_Sensitivity_std": 0.03559260125247637,
      "test_Specificity_mean": 0.9415929203539793,
      "test_Specificity_std": 0.025214117659758204,
      "val_Precision_mean": 0.7541414414590695,
      "val_Precision_std": 0.07181751191409445,
      "val_Sensitivity_mean": 0.7926190476190382,
      "val_Sensitivity_std": 0.032006242449569726,
      "val_Specificity_mean": 0.932920353982298,
      "val_Specificity_std": 0.028223671036461763,
      "val_score_mean": 0.7255394016013363,
      "val_score_std": 0.025506476226382933,
      "val_thr_mean": 0.32725086630071004,
      "val_thr_std": 0.06411278476682325
    }
  ],
  "task_id": 1,
  "thr_grid_size": 600
}