{
  "feature_set": "c110",
  "model": "rf",
  "n_bootstrap": 50,
  "param_hash": "ffc270778d3f",
  "param_index": 16,
  "params": {
    "bootstrap": true,
    "class_weight": null,
    "max_depth": 30,
    "max_features": "0.3",
    "min_samples_leaf": 1,
    "min_samples_split": 8,
    "n_estimators": 800
  },
  "runtime_s": 381.9911983013153,
  "summary_preview": [
    {
      "criterion": "f1",
      "feature_set": "c110",
      "model": "rf",
      "param_hash": "ffc270778d3f",
      "param_index": 16,
      "test_Brier_mean": 0.055309185032981975,
      "test_Brier_std": 0.00264800156015307,
      "test_LogLoss_mean": 0.19807980243464635,
      "test_LogLoss_std": 0.007599130353214985,
      "test_PR_AUC_mean": 0.8936494332359786,
      "test_PR_AUC_std": 0.009910932796115053,
      "test_Precision_mean": 0.8969839379153005,
      "test_Precision_std": 0.028538288253769223,
      "test_ROC_AUC_mean": 0.9571379407220115,
      "test_ROC_AUC_std": 0.0051793927878778,
      "test_Sensitivity_mean": 0.7507142857142769,
      "test_Sensitivity_std": 0.05814287345919699,
      "test_Specificity_mean": 0.9781120943952772,
      "test_Specificity_std": 0.0077265958807221,
      "val_Precision_mean": 0.9056283631095647,
      "val_Precision_std": 0.04342511666115927,
      "val_Sensitivity_mean": 0.7154761904761819,
      "val_Sensitivity_std": 0.037045953929917885,
      "val_Specificity_mean": 0.9807079646017669,
      "val_Specificity_std": 0.010462624100866182,
      "val_score_mean": 0.7977034534360159,
      "val_score_std": 0.015016028451975201,
      "val_thr_mean": 0.4976768420245628,
      "val_thr_std": 0.08528281262700617
    },
    {
      "criterion": "youden",
      "feature_set": "c110",
      "model": "rf",
      "param_hash": "ffc270778d3f",
      "param_index": 16,
      "test_Brier_mean": 0.055309185032981975,
      "test_Brier_std": 0.00264800156015307,
      "test_LogLoss_mean": 0.19807980243464635,
      "test_LogLoss_std": 0.007599130353214985,
      "test_PR_AUC_mean": 0.8936494332359786,
      "test_PR_AUC_std": 0.009910932796115053,
      "test_Precision_mean": 0.790501983893105,
      "test_Precision_std": 0.07414519959988125,
      "test_ROC_AUC_mean": 0.9571379407220115,
      "test_ROC_AUC_std": 0.0051793927878778,
      "test_Sensitivity_mean": 0.8414285714285614,
      "test_Sensitivity_std": 0.036192138471363225,
      "test_Specificity_mean": 0.9415929203539793,
      "test_Specificity_std": 0.028437981995453745,
      "val_Precision_mean": 0.7527708036662726,
      "val_Precision_std": 0.07654581888777892,
      "val_Sensitivity_mean": 0.7935714285714193,
      "val_Sensitivity_std": 0.030575374621580893,
      "val_Specificity_mean": 0.9319174041297907,
      "val_Specificity_std": 0.029515617226273223,
      "val_score_mean": 0.7254888327012098,
      "val_score_std": 0.019402330110929913,
      "val_thr_mean": 0.3250792348732066,
      "val_thr_std": 0.061340689928877284
    }
  ],
  "task_id": 16,
  "thr_grid_size": 600
}