{
  "feature_set": "c110_d110_errors",
  "model": "brf",
  "n_bootstrap": 50,
  "param_hash": "a4699d913725",
  "param_index": 20,
  "params": {
    "max_depth": null,
    "max_features": "sqrt",
    "min_samples_leaf": 4,
    "min_samples_split": 4,
    "n_estimators": 4000,
    "replacement": false,
    "sampling_strategy": "auto"
  },
  "runtime_s": 1363.4876189231873,
  "summary_preview": [
    {
      "criterion": "f1",
      "feature_set": "c110_d110_errors",
      "model": "brf",
      "param_hash": "a4699d913725",
      "param_index": 20,
      "test_Brier_mean": 0.06841693223728251,
      "test_Brier_std": 0.003152009623057731,
      "test_LogLoss_mean": 0.2532627085442337,
      "test_LogLoss_std": 0.009336768307974492,
      "test_PR_AUC_mean": 0.9069346988771524,
      "test_PR_AUC_std": 0.005455327358152876,
      "test_Precision_mean": 0.8868135575605617,
      "test_Precision_std": 0.03779149025414347,
      "test_ROC_AUC_mean": 0.966763590391909,
      "test_ROC_AUC_std": 0.0024974594305477928,
      "test_Sensitivity_mean": 0.777142857142848,
      "test_Sensitivity_std": 0.046515393143025906,
      "test_Specificity_mean": 0.9745722713864278,
      "test_Specificity_std": 0.011019463703274529,
      "val_Precision_mean": 0.8849491913920978,
      "val_Precision_std": 0.05362578533606154,
      "val_Sensitivity_mean": 0.7452380952380864,
      "val_Sensitivity_std": 0.03418325041197539,
      "val_Specificity_mean": 0.9746902654867228,
      "val_Specificity_std": 0.014141848063102848,
      "val_score_mean": 0.8069507147808825,
      "val_score_std": 0.009112135655476795,
      "val_thr_mean": 0.6052770239652068,
      "val_thr_std": 0.061053355433674586
    },
    {
      "criterion": "youden",
      "feature_set": "c110_d110_errors",
      "model": "brf",
      "param_hash": "a4699d913725",
      "param_index": 20,
      "test_Brier_mean": 0.06841693223728251,
      "test_Brier_std": 0.003152009623057731,
      "test_LogLoss_mean": 0.2532627085442337,
      "test_LogLoss_std": 0.009336768307974492,
      "test_PR_AUC_mean": 0.9069346988771524,
      "test_PR_AUC_std": 0.005455327358152876,
      "test_Precision_mean": 0.8286399040385842,
      "test_Precision_std": 0.026466057603655647,
      "test_ROC_AUC_mean": 0.966763590391909,
      "test_ROC_AUC_std": 0.0024974594305477928,
      "test_Sensitivity_mean": 0.8473809523809424,
      "test_Sensitivity_std": 0.0223935101134472,
      "test_Specificity_mean": 0.9562241887905576,
      "test_Specificity_std": 0.00862311373783639,
      "val_Precision_mean": 0.8021882687339021,
      "val_Precision_std": 0.027995057046426176,
      "val_Sensitivity_mean": 0.7897619047618955,
      "val_Sensitivity_std": 0.010092932057794294,
      "val_Specificity_mean": 0.9513864306784632,
      "val_Specificity_std": 0.008864394681796178,
      "val_score_mean": 0.7411483354403586,
      "val_score_std": 0.007670632699339784,
      "val_thr_mean": 0.510917157030898,
      "val_thr_std": 0.02669221376982851
    }
  ],
  "task_id": 356,
  "thr_grid_size": 600
}