{
  "feature_set": "c110_d110_errors_snr",
  "model": "rf",
  "n_bootstrap": 50,
  "param_hash": "bdb980b4c5bd",
  "param_index": 0,
  "params": {
    "bootstrap": true,
    "class_weight": null,
    "max_depth": null,
    "max_features": "sqrt",
    "min_samples_leaf": 2,
    "min_samples_split": 2,
    "n_estimators": 1500
  },
  "runtime_s": 467.33112931251526,
  "summary_preview": [
    {
      "criterion": "f1",
      "feature_set": "c110_d110_errors_snr",
      "model": "rf",
      "param_hash": "bdb980b4c5bd",
      "param_index": 0,
      "test_Brier_mean": 0.05681891266119897,
      "test_Brier_std": 0.0016356091338151466,
      "test_LogLoss_mean": 0.20678699159382613,
      "test_LogLoss_std": 0.0043557439126166095,
      "test_PR_AUC_mean": 0.8992564759512611,
      "test_PR_AUC_std": 0.006185465172268013,
      "test_Precision_mean": 0.888814724110895,
      "test_Precision_std": 0.028180828369160454,
      "test_ROC_AUC_mean": 0.9624532940019666,
      "test_ROC_AUC_std": 0.0029371355184634076,
      "test_Sensitivity_mean": 0.7799999999999908,
      "test_Sensitivity_std": 0.048535877536204974,
      "test_Specificity_mean": 0.9752802359881976,
      "test_Specificity_std": 0.00803751268027929,
      "val_Precision_mean": 0.8716754474768674,
      "val_Precision_std": 0.05053932337159123,
      "val_Sensitivity_mean": 0.7452380952380864,
      "val_Sensitivity_std": 0.03501915013941115,
      "val_Specificity_mean": 0.9716224188790531,
      "val_Specificity_std": 0.013297927518014419,
      "val_score_mean": 0.801476446106189,
      "val_score_std": 0.009682837798576415,
      "val_thr_mean": 0.4106536764566047,
      "val_thr_std": 0.0621837116339066
    },
    {
      "criterion": "youden",
      "feature_set": "c110_d110_errors_snr",
      "model": "rf",
      "param_hash": "bdb980b4c5bd",
      "param_index": 0,
      "test_Brier_mean": 0.05681891266119897,
      "test_Brier_std": 0.0016356091338151466,
      "test_LogLoss_mean": 0.20678699159382613,
      "test_LogLoss_std": 0.0043557439126166095,
      "test_PR_AUC_mean": 0.8992564759512611,
      "test_PR_AUC_std": 0.006185465172268013,
      "test_Precision_mean": 0.8368494240637036,
      "test_Precision_std": 0.03697782212500154,
      "test_ROC_AUC_mean": 0.9624532940019666,
      "test_ROC_AUC_std": 0.0029371355184634076,
      "test_Sensitivity_mean": 0.844047619047609,
      "test_Sensitivity_std": 0.02420110454210467,
      "test_Specificity_mean": 0.9585250737463098,
      "test_Specificity_std": 0.01259169562074126,
      "val_Precision_mean": 0.7846657763680976,
      "val_Precision_std": 0.045028338691926954,
      "val_Sensitivity_mean": 0.791428571428562,
      "val_Sensitivity_std": 0.015631462983776784,
      "val_Specificity_mean": 0.945132743362829,
      "val_Specificity_std": 0.015891030455090382,
      "val_score_mean": 0.7365613147913911,
      "val_score_std": 0.010778096962938851,
      "val_thr_mean": 0.32520234614016424,
      "val_thr_std": 0.03370878550099628
    }
  ],
  "task_id": 576,
  "thr_grid_size": 600
}