{
  "feature_set": "c110_d110",
  "model": "bbag",
  "n_bootstrap": 50,
  "param_hash": "3cf7bee03f20",
  "param_index": 23,
  "params": {
    "base_max_depth": 20,
    "base_max_features": "sqrt",
    "base_min_samples_leaf": 4,
    "base_min_samples_split": 4,
    "bootstrap": true,
    "max_features": 0.9,
    "max_samples": 0.7,
    "n_estimators": 200,
    "replacement": false,
    "sampling_strategy": "auto"
  },
  "runtime_s": 30.94824767112732,
  "summary_preview": [
    {
      "criterion": "f1",
      "feature_set": "c110_d110",
      "model": "bbag",
      "param_hash": "3cf7bee03f20",
      "param_index": 23,
      "test_Brier_mean": 0.08525878498871263,
      "test_Brier_std": 0.002287806936677079,
      "test_LogLoss_mean": 0.3066675918268382,
      "test_LogLoss_std": 0.006099049574057503,
      "test_PR_AUC_mean": 0.8571620423953088,
      "test_PR_AUC_std": 0.009782282327151587,
      "test_Precision_mean": 0.8174147161060726,
      "test_Precision_std": 0.02481474205959045,
      "test_ROC_AUC_mean": 0.9434530832982161,
      "test_ROC_AUC_std": 0.005145613508100591,
      "test_Sensitivity_mean": 0.719523809523801,
      "test_Sensitivity_std": 0.038343457608276975,
      "test_Specificity_mean": 0.9598230088495546,
      "test_Specificity_std": 0.00790383443034583,
      "val_Precision_mean": 0.8055246153303751,
      "val_Precision_std": 0.039422464084662906,
      "val_Sensitivity_mean": 0.7192857142857058,
      "val_Sensitivity_std": 0.027220448999281884,
      "val_Specificity_mean": 0.95616519174041,
      "val_Specificity_std": 0.011889518077415843,
      "val_score_mean": 0.7587518645204315,
      "val_score_std": 0.011843372484553435,
      "val_thr_mean": 0.5385601157729768,
      "val_thr_std": 0.038239176929357334
    },
    {
      "criterion": "youden",
      "feature_set": "c110_d110",
      "model": "bbag",
      "param_hash": "3cf7bee03f20",
      "param_index": 23,
      "test_Brier_mean": 0.08525878498871263,
      "test_Brier_std": 0.002287806936677079,
      "test_LogLoss_mean": 0.3066675918268382,
      "test_LogLoss_std": 0.006099049574057503,
      "test_PR_AUC_mean": 0.8571620423953088,
      "test_PR_AUC_std": 0.009782282327151587,
      "test_Precision_mean": 0.7294641493064158,
      "test_Precision_std": 0.0585833446821459,
      "test_ROC_AUC_mean": 0.9434530832982161,
      "test_ROC_AUC_std": 0.005145613508100591,
      "test_Sensitivity_mean": 0.8233333333333236,
      "test_Sensitivity_std": 0.03858408411561106,
      "test_Specificity_mean": 0.921769911504422,
      "test_Specificity_std": 0.025828120400788693,
      "val_Precision_mean": 0.6997313468433586,
      "val_Precision_std": 0.04862821297998663,
      "val_Sensitivity_mean": 0.7861904761904668,
      "val_Sensitivity_std": 0.01997267789918779,
      "val_Specificity_mean": 0.9146902654867229,
      "val_Specificity_std": 0.021119538093280696,
      "val_score_mean": 0.7008807416771897,
      "val_score_std": 0.01137837201050415,
      "val_thr_mean": 0.43880539134503665,
      "val_thr_std": 0.0419648783719622
    }
  ],
  "task_id": 191,
  "thr_grid_size": 600
}