{
  "feature_set": "c110_d110_errors",
  "model": "brf",
  "n_bootstrap": 50,
  "param_hash": "bf0c4fdf0ae8",
  "param_index": 19,
  "params": {
    "max_depth": null,
    "max_features": "0.2",
    "min_samples_leaf": 2,
    "min_samples_split": 8,
    "n_estimators": 2500,
    "replacement": false,
    "sampling_strategy": "auto"
  },
  "runtime_s": 1117.5494601726532,
  "summary_preview": [
    {
      "criterion": "f1",
      "feature_set": "c110_d110_errors",
      "model": "brf",
      "param_hash": "bf0c4fdf0ae8",
      "param_index": 19,
      "test_Brier_mean": 0.060516470348584636,
      "test_Brier_std": 0.0027322390521283043,
      "test_LogLoss_mean": 0.22800259057471017,
      "test_LogLoss_std": 0.00848847815138719,
      "test_PR_AUC_mean": 0.9043930420371739,
      "test_PR_AUC_std": 0.0070031011761388165,
      "test_Precision_mean": 0.893308494632295,
      "test_Precision_std": 0.024175718915200997,
      "test_ROC_AUC_mean": 0.9630018260991713,
      "test_ROC_AUC_std": 0.0034139174364458684,
      "test_Sensitivity_mean": 0.8099999999999905,
      "test_Sensitivity_std": 0.02556230507218465,
      "test_Specificity_mean": 0.9758112094395252,
      "test_Specificity_std": 0.006501158289313722,
      "val_Precision_mean": 0.899058346912325,
      "val_Precision_std": 0.026542285818595905,
      "val_Sensitivity_mean": 0.7630952380952291,
      "val_Sensitivity_std": 0.016878769762992296,
      "val_Specificity_mean": 0.9785250737463097,
      "val_Specificity_std": 0.006664103632792511,
      "val_score_mean": 0.8251231516174093,
      "val_score_std": 0.011514931409828805,
      "val_thr_mean": 0.618701647316957,
      "val_thr_std": 0.03810279373663034
    },
    {
      "criterion": "youden",
      "feature_set": "c110_d110_errors",
      "model": "brf",
      "param_hash": "bf0c4fdf0ae8",
      "param_index": 19,
      "test_Brier_mean": 0.060516470348584636,
      "test_Brier_std": 0.0027322390521283043,
      "test_LogLoss_mean": 0.22800259057471017,
      "test_LogLoss_std": 0.00848847815138719,
      "test_PR_AUC_mean": 0.9043930420371739,
      "test_PR_AUC_std": 0.0070031011761388165,
      "test_Precision_mean": 0.834001893239873,
      "test_Precision_std": 0.05713973385539305,
      "test_ROC_AUC_mean": 0.9630018260991713,
      "test_ROC_AUC_std": 0.0034139174364458684,
      "test_Sensitivity_mean": 0.857142857142847,
      "test_Sensitivity_std": 0.03089439136834137,
      "test_Specificity_mean": 0.9559882005899677,
      "test_Specificity_std": 0.01950201797133288,
      "val_Precision_mean": 0.8288324099996079,
      "val_Precision_std": 0.05982257094903624,
      "val_Sensitivity_mean": 0.7938095238095144,
      "val_Sensitivity_std": 0.01885225368782432,
      "val_Specificity_mean": 0.9577581120943924,
      "val_Specificity_std": 0.018765082493329362,
      "val_score_mean": 0.7515676359039068,
      "val_score_std": 0.007619201354746334,
      "val_thr_mean": 0.5166861049050004,
      "val_thr_std": 0.07427570632163795
    }
  ],
  "task_id": 355,
  "thr_grid_size": 600
}