{
  "feature_set": "c110_d110_snr",
  "model": "brf",
  "n_bootstrap": 50,
  "param_hash": "406f8ac913b7",
  "param_index": 1,
  "params": {
    "max_depth": 10,
    "max_features": "sqrt",
    "min_samples_leaf": 1,
    "min_samples_split": 4,
    "n_estimators": 800,
    "replacement": true,
    "sampling_strategy": "auto"
  },
  "runtime_s": 293.77231454849243,
  "summary_preview": [
    {
      "criterion": "f1",
      "feature_set": "c110_d110_snr",
      "model": "brf",
      "param_hash": "406f8ac913b7",
      "param_index": 1,
      "test_Brier_mean": 0.07192970076591777,
      "test_Brier_std": 0.002782917528164501,
      "test_LogLoss_mean": 0.2675960645891585,
      "test_LogLoss_std": 0.008398064275790816,
      "test_PR_AUC_mean": 0.8950792292740603,
      "test_PR_AUC_std": 0.006765665002390463,
      "test_Precision_mean": 0.8622857162931749,
      "test_Precision_std": 0.041130488283363374,
      "test_ROC_AUC_mean": 0.9609397387273494,
      "test_ROC_AUC_std": 0.002653043837869159,
      "test_Sensitivity_mean": 0.7980952380952285,
      "test_Sensitivity_std": 0.038853007649778136,
      "test_Specificity_mean": 0.9674926253687286,
      "test_Specificity_std": 0.011985913916226616,
      "val_Precision_mean": 0.8599137372348561,
      "val_Precision_std": 0.04165401684698834,
      "val_Sensitivity_mean": 0.7695238095238004,
      "val_Sensitivity_std": 0.02531215640154942,
      "val_Specificity_mean": 0.968141592920351,
      "val_Specificity_std": 0.01137019600778088,
      "val_score_mean": 0.8109908822165487,
      "val_score_std": 0.009300106107330348,
      "val_thr_mean": 0.5622710338070835,
      "val_thr_std": 0.04746928209138112
    },
    {
      "criterion": "youden",
      "feature_set": "c110_d110_snr",
      "model": "brf",
      "param_hash": "406f8ac913b7",
      "param_index": 1,
      "test_Brier_mean": 0.07192970076591777,
      "test_Brier_std": 0.002782917528164501,
      "test_LogLoss_mean": 0.2675960645891585,
      "test_LogLoss_std": 0.008398064275790816,
      "test_PR_AUC_mean": 0.8950792292740603,
      "test_PR_AUC_std": 0.006765665002390463,
      "test_Precision_mean": 0.8105883682695044,
      "test_Precision_std": 0.036214447142833346,
      "test_ROC_AUC_mean": 0.9609397387273494,
      "test_ROC_AUC_std": 0.002653043837869159,
      "test_Sensitivity_mean": 0.8492857142857042,
      "test_Sensitivity_std": 0.026083135453991695,
      "test_Specificity_mean": 0.9500884955752185,
      "test_Specificity_std": 0.012876602516410662,
      "val_Precision_mean": 0.8019109727022442,
      "val_Precision_std": 0.032291184912867706,
      "val_Sensitivity_mean": 0.800476190476181,
      "val_Sensitivity_std": 0.012626334145081916,
      "val_Specificity_mean": 0.9505014749262508,
      "val_Specificity_std": 0.010698938099436457,
      "val_score_mean": 0.7509776654024318,
      "val_score_std": 0.009230613834618687,
      "val_thr_mean": 0.4944430336655025,
      "val_thr_std": 0.034694495114186215
    }
  ],
  "task_id": 529,
  "thr_grid_size": 600
}