{
  "feature_set": "c110_snr",
  "model": "brf",
  "n_bootstrap": 50,
  "param_hash": "39773404cc03",
  "param_index": 16,
  "params": {
    "max_depth": null,
    "max_features": "0.2",
    "min_samples_leaf": 1,
    "min_samples_split": 2,
    "n_estimators": 4000,
    "replacement": false,
    "sampling_strategy": "auto"
  },
  "runtime_s": 1467.597401857376,
  "summary_preview": [
    {
      "criterion": "f1",
      "feature_set": "c110_snr",
      "model": "brf",
      "param_hash": "39773404cc03",
      "param_index": 16,
      "test_Brier_mean": 0.0660298502393617,
      "test_Brier_std": 0.0036809205473332957,
      "test_LogLoss_mean": 0.24776903666286365,
      "test_LogLoss_std": 0.009735099543662626,
      "test_PR_AUC_mean": 0.8883752271125571,
      "test_PR_AUC_std": 0.012468594911329463,
      "test_Precision_mean": 0.8809826942997012,
      "test_Precision_std": 0.039905991932197016,
      "test_ROC_AUC_mean": 0.9579839162803765,
      "test_ROC_AUC_std": 0.006082275342653652,
      "test_Sensitivity_mean": 0.7745238095238004,
      "test_Sensitivity_std": 0.05266125637149921,
      "test_Specificity_mean": 0.9731563421828879,
      "test_Specificity_std": 0.012376043114697326,
      "val_Precision_mean": 0.8904655159309834,
      "val_Precision_std": 0.04989869493391407,
      "val_Sensitivity_mean": 0.754999999999991,
      "val_Sensitivity_std": 0.03695527750562259,
      "val_Specificity_mean": 0.9758702064896725,
      "val_Specificity_std": 0.013106924988995381,
      "val_score_mean": 0.8151737072560831,
      "val_score_std": 0.014380417263506643,
      "val_thr_mean": 0.582098856427379,
      "val_thr_std": 0.07446684463538268
    },
    {
      "criterion": "youden",
      "feature_set": "c110_snr",
      "model": "brf",
      "param_hash": "39773404cc03",
      "param_index": 16,
      "test_Brier_mean": 0.0660298502393617,
      "test_Brier_std": 0.0036809205473332957,
      "test_LogLoss_mean": 0.24776903666286365,
      "test_LogLoss_std": 0.009735099543662626,
      "test_PR_AUC_mean": 0.8883752271125571,
      "test_PR_AUC_std": 0.012468594911329463,
      "test_Precision_mean": 0.7798482226297854,
      "test_Precision_std": 0.05703376225357027,
      "test_ROC_AUC_mean": 0.9579839162803765,
      "test_ROC_AUC_std": 0.006082275342653652,
      "test_Sensitivity_mean": 0.8616666666666565,
      "test_Sensitivity_std": 0.03492735232973425,
      "test_Specificity_mean": 0.93781710914454,
      "test_Specificity_std": 0.021798135505413714,
      "val_Precision_mean": 0.7845571899545462,
      "val_Precision_std": 0.04972708089169656,
      "val_Sensitivity_mean": 0.8114285714285618,
      "val_Sensitivity_std": 0.022090520926706585,
      "val_Specificity_mean": 0.9435398230088466,
      "val_Specificity_std": 0.01708660619321039,
      "val_score_mean": 0.7549683944374085,
      "val_score_std": 0.018008528970806018,
      "val_thr_mean": 0.4345587395659433,
      "val_thr_std": 0.05532288344781954
    }
  ],
  "task_id": 448,
  "thr_grid_size": 600
}