{
  "feature_set": "c110_snr",
  "model": "rf",
  "n_bootstrap": 50,
  "param_hash": "300eb462f60e",
  "param_index": 9,
  "params": {
    "bootstrap": true,
    "class_weight": null,
    "max_depth": null,
    "max_features": "sqrt",
    "min_samples_leaf": 2,
    "min_samples_split": 4,
    "n_estimators": 4000
  },
  "runtime_s": 1109.92861866951,
  "summary_preview": [
    {
      "criterion": "f1",
      "feature_set": "c110_snr",
      "model": "rf",
      "param_hash": "300eb462f60e",
      "param_index": 9,
      "test_Brier_mean": 0.06346717733462422,
      "test_Brier_std": 0.0015713313454619612,
      "test_LogLoss_mean": 0.22817769751250927,
      "test_LogLoss_std": 0.004275468927573437,
      "test_PR_AUC_mean": 0.8821954427259852,
      "test_PR_AUC_std": 0.009631808772338291,
      "test_Precision_mean": 0.8755228262994608,
      "test_Precision_std": 0.024261127358873695,
      "test_ROC_AUC_mean": 0.9542555134148054,
      "test_ROC_AUC_std": 0.004943716545244743,
      "test_Sensitivity_mean": 0.751904761904753,
      "test_Sensitivity_std": 0.046410813678137396,
      "test_Specificity_mean": 0.9730973451327404,
      "test_Specificity_std": 0.007241345646526935,
      "val_Precision_mean": 0.8608031321728992,
      "val_Precision_std": 0.04722808719323409,
      "val_Sensitivity_mean": 0.7230952380952296,
      "val_Sensitivity_std": 0.03516832454000281,
      "val_Specificity_mean": 0.9699115044247759,
      "val_Specificity_std": 0.013002316578627438,
      "val_score_mean": 0.7840146513429578,
      "val_score_std": 0.009790144718130505,
      "val_thr_mean": 0.3912004615892595,
      "val_thr_std": 0.058496647839545404
    },
    {
      "criterion": "youden",
      "feature_set": "c110_snr",
      "model": "rf",
      "param_hash": "300eb462f60e",
      "param_index": 9,
      "test_Brier_mean": 0.06346717733462422,
      "test_Brier_std": 0.0015713313454619612,
      "test_LogLoss_mean": 0.22817769751250927,
      "test_LogLoss_std": 0.004275468927573437,
      "test_PR_AUC_mean": 0.8821954427259852,
      "test_PR_AUC_std": 0.009631808772338291,
      "test_Precision_mean": 0.7713172411979358,
      "test_Precision_std": 0.06530016772109273,
      "test_ROC_AUC_mean": 0.9542555134148054,
      "test_ROC_AUC_std": 0.004943716545244743,
      "test_Sensitivity_mean": 0.8483333333333234,
      "test_Sensitivity_std": 0.035577158189354655,
      "test_Specificity_mean": 0.9348672566371653,
      "test_Specificity_std": 0.02803446459118982,
      "val_Precision_mean": 0.7128215971459698,
      "val_Precision_std": 0.057416588706132934,
      "val_Sensitivity_mean": 0.8011904761904667,
      "val_Sensitivity_std": 0.029382912488385704,
      "val_Specificity_mean": 0.9175221238938025,
      "val_Specificity_std": 0.02611339571796549,
      "val_score_mean": 0.7187126000842693,
      "val_score_std": 0.015585734943506561,
      "val_thr_mean": 0.2640843483113065,
      "val_thr_std": 0.037898611168061085
    }
  ],
  "task_id": 393,
  "thr_grid_size": 600
}