{
  "feature_set": "c110_errors",
  "model": "bbag",
  "n_bootstrap": 50,
  "param_hash": "53769ab18e2e",
  "param_index": 13,
  "params": {
    "base_max_depth": 20,
    "base_max_features": "0.3",
    "base_min_samples_leaf": 1,
    "base_min_samples_split": 2,
    "bootstrap": true,
    "max_features": 0.9,
    "max_samples": 0.5,
    "n_estimators": 500,
    "replacement": false,
    "sampling_strategy": "auto"
  },
  "runtime_s": 67.74505972862244,
  "summary_preview": [
    {
      "criterion": "f1",
      "feature_set": "c110_errors",
      "model": "bbag",
      "param_hash": "53769ab18e2e",
      "param_index": 13,
      "test_Brier_mean": 0.07432286584280325,
      "test_Brier_std": 0.0031035557990200325,
      "test_LogLoss_mean": 0.2745084620933216,
      "test_LogLoss_std": 0.008749816396262657,
      "test_PR_AUC_mean": 0.892155647469245,
      "test_PR_AUC_std": 0.010190917909161093,
      "test_Precision_mean": 0.855061597985592,
      "test_Precision_std": 0.013825770221593495,
      "test_ROC_AUC_mean": 0.9640704452872595,
      "test_ROC_AUC_std": 0.003963425828299577,
      "test_Sensitivity_mean": 0.7688095238095147,
      "test_Sensitivity_std": 0.03765307658745163,
      "test_Specificity_mean": 0.9676696165191712,
      "test_Specificity_std": 0.003860423932776649,
      "val_Precision_mean": 0.8440644177883208,
      "val_Precision_std": 0.026752876347978686,
      "val_Sensitivity_mean": 0.7454761904761817,
      "val_Sensitivity_std": 0.022419326942534127,
      "val_Specificity_mean": 0.9655457227138613,
      "val_Specificity_std": 0.0076189730332841136,
      "val_score_mean": 0.7911404077496743,
      "val_score_std": 0.012090980304649158,
      "val_thr_mean": 0.5464329883138564,
      "val_thr_std": 0.029351603384348262
    },
    {
      "criterion": "youden",
      "feature_set": "c110_errors",
      "model": "bbag",
      "param_hash": "53769ab18e2e",
      "param_index": 13,
      "test_Brier_mean": 0.07432286584280325,
      "test_Brier_std": 0.0031035557990200325,
      "test_LogLoss_mean": 0.2745084620933216,
      "test_LogLoss_std": 0.008749816396262657,
      "test_PR_AUC_mean": 0.892155647469245,
      "test_PR_AUC_std": 0.010190917909161093,
      "test_Precision_mean": 0.7974476380105985,
      "test_Precision_std": 0.04048391830040119,
      "test_ROC_AUC_mean": 0.9640704452872595,
      "test_ROC_AUC_std": 0.003963425828299577,
      "test_Sensitivity_mean": 0.856190476190466,
      "test_Sensitivity_std": 0.042540129766684864,
      "test_Specificity_mean": 0.945014749262534,
      "test_Specificity_std": 0.01544629516996332,
      "val_Precision_mean": 0.7497386892361705,
      "val_Precision_std": 0.05447643781230395,
      "val_Sensitivity_mean": 0.7947619047618953,
      "val_Sensitivity_std": 0.024118500545898865,
      "val_Specificity_mean": 0.9324483775811181,
      "val_Specificity_std": 0.020715511514758426,
      "val_score_mean": 0.7272102823430134,
      "val_score_std": 0.012116343213040667,
      "val_thr_mean": 0.4621716385474107,
      "val_thr_std": 0.043084322535802355
    }
  ],
  "task_id": 277,
  "thr_grid_size": 600
}