{
  "feature_set": "c110_d110",
  "model": "brf",
  "n_bootstrap": 50,
  "param_hash": "a4699d913725",
  "param_index": 20,
  "params": {
    "max_depth": null,
    "max_features": "sqrt",
    "min_samples_leaf": 4,
    "min_samples_split": 4,
    "n_estimators": 4000,
    "replacement": false,
    "sampling_strategy": "auto"
  },
  "runtime_s": 1385.4814410209656,
  "summary_preview": [
    {
      "criterion": "f1",
      "feature_set": "c110_d110",
      "model": "brf",
      "param_hash": "a4699d913725",
      "param_index": 20,
      "test_Brier_mean": 0.06721779195042238,
      "test_Brier_std": 0.0018956426649020509,
      "test_LogLoss_mean": 0.250290197597775,
      "test_LogLoss_std": 0.005954959817295332,
      "test_PR_AUC_mean": 0.9041265146450026,
      "test_PR_AUC_std": 0.005297792103548098,
      "test_Precision_mean": 0.8757310722875647,
      "test_Precision_std": 0.032861552008086645,
      "test_ROC_AUC_mean": 0.9641045090602612,
      "test_ROC_AUC_std": 0.0034251062122008027,
      "test_Sensitivity_mean": 0.8038095238095143,
      "test_Sensitivity_std": 0.03812256065864626,
      "test_Specificity_mean": 0.9710914454277257,
      "test_Specificity_std": 0.00955396885693602,
      "val_Precision_mean": 0.8665903095671255,
      "val_Precision_std": 0.04093437976603604,
      "val_Sensitivity_mean": 0.7707142857142766,
      "val_Sensitivity_std": 0.028234365868282933,
      "val_Specificity_mean": 0.9697935103244808,
      "val_Specificity_std": 0.010933230623299775,
      "val_score_mean": 0.814497550995399,
      "val_score_std": 0.0066856132196202464,
      "val_thr_mean": 0.5738098562120731,
      "val_thr_std": 0.05222412041943604
    },
    {
      "criterion": "youden",
      "feature_set": "c110_d110",
      "model": "brf",
      "param_hash": "a4699d913725",
      "param_index": 20,
      "test_Brier_mean": 0.06721779195042238,
      "test_Brier_std": 0.0018956426649020509,
      "test_LogLoss_mean": 0.250290197597775,
      "test_LogLoss_std": 0.005954959817295332,
      "test_PR_AUC_mean": 0.9041265146450026,
      "test_PR_AUC_std": 0.005297792103548098,
      "test_Precision_mean": 0.8326321895910626,
      "test_Precision_std": 0.0290893739719697,
      "test_ROC_AUC_mean": 0.9641045090602612,
      "test_ROC_AUC_std": 0.0034251062122008027,
      "test_Sensitivity_mean": 0.846904761904752,
      "test_Sensitivity_std": 0.019979917262178466,
      "test_Specificity_mean": 0.9574041297935075,
      "test_Specificity_std": 0.009849763698269055,
      "val_Precision_mean": 0.8166322623919291,
      "val_Precision_std": 0.026800051699395838,
      "val_Sensitivity_mean": 0.7983333333333239,
      "val_Sensitivity_std": 0.006089290404751016,
      "val_Specificity_mean": 0.9552802359881977,
      "val_Specificity_std": 0.008477730273395372,
      "val_score_mean": 0.7536135693215215,
      "val_score_std": 0.006610966154874681,
      "val_thr_mean": 0.5066924217280122,
      "val_thr_std": 0.03138168383505866
    }
  ],
  "task_id": 164,
  "thr_grid_size": 600
}