{
  "feature_set": "c110_d110_snr",
  "model": "brf",
  "n_bootstrap": 50,
  "param_hash": "e36a6e0bcff3",
  "param_index": 5,
  "params": {
    "max_depth": 30,
    "max_features": "0.3",
    "min_samples_leaf": 4,
    "min_samples_split": 8,
    "n_estimators": 2500,
    "replacement": false,
    "sampling_strategy": "auto"
  },
  "runtime_s": 1348.5253026485443,
  "summary_preview": [
    {
      "criterion": "f1",
      "feature_set": "c110_d110_snr",
      "model": "brf",
      "param_hash": "e36a6e0bcff3",
      "param_index": 5,
      "test_Brier_mean": 0.05985384604654646,
      "test_Brier_std": 0.002316829349772383,
      "test_LogLoss_mean": 0.2314886527179622,
      "test_LogLoss_std": 0.006514719480109718,
      "test_PR_AUC_mean": 0.8894257139013658,
      "test_PR_AUC_std": 0.008684492200381606,
      "test_Precision_mean": 0.8874156144841208,
      "test_Precision_std": 0.024045538257534874,
      "test_ROC_AUC_mean": 0.9587003090321674,
      "test_ROC_AUC_std": 0.004137644185286833,
      "test_Sensitivity_mean": 0.8128571428571333,
      "test_Sensitivity_std": 0.033502969713024106,
      "test_Specificity_mean": 0.9741592920353953,
      "test_Specificity_std": 0.006730921334378858,
      "val_Precision_mean": 0.9002605240026594,
      "val_Precision_std": 0.028000505732788998,
      "val_Sensitivity_mean": 0.7635714285714195,
      "val_Sensitivity_std": 0.025340706746073027,
      "val_Specificity_mean": 0.9787020648967523,
      "val_Specificity_std": 0.007208162679298059,
      "val_score_mean": 0.8256210309589517,
      "val_score_std": 0.012946136936297882,
      "val_thr_mean": 0.6063857734955086,
      "val_thr_std": 0.06553126470509234
    },
    {
      "criterion": "youden",
      "feature_set": "c110_d110_snr",
      "model": "brf",
      "param_hash": "e36a6e0bcff3",
      "param_index": 5,
      "test_Brier_mean": 0.05985384604654646,
      "test_Brier_std": 0.002316829349772383,
      "test_LogLoss_mean": 0.2314886527179622,
      "test_LogLoss_std": 0.006514719480109718,
      "test_PR_AUC_mean": 0.8894257139013658,
      "test_PR_AUC_std": 0.008684492200381606,
      "test_Precision_mean": 0.8197392759966433,
      "test_Precision_std": 0.0597872044888167,
      "test_ROC_AUC_mean": 0.9587003090321674,
      "test_ROC_AUC_std": 0.004137644185286833,
      "test_Sensitivity_mean": 0.857142857142847,
      "test_Sensitivity_std": 0.028253822662986306,
      "test_Specificity_mean": 0.9513274336283157,
      "test_Specificity_std": 0.021931416453247733,
      "val_Precision_mean": 0.8250095390948925,
      "val_Precision_std": 0.061907374801898556,
      "val_Sensitivity_mean": 0.7973809523809429,
      "val_Sensitivity_std": 0.02210753528311388,
      "val_Specificity_mean": 0.9562831858407052,
      "val_Specificity_std": 0.02021605586608511,
      "val_score_mean": 0.753664138221648,
      "val_score_std": 0.011249132229478716,
      "val_thr_mean": 0.4922271710310836,
      "val_thr_std": 0.0832353467770949
    }
  ],
  "task_id": 533,
  "thr_grid_size": 600
}