{
  "feature_set": "c110_d110",
  "model": "rf",
  "n_bootstrap": 50,
  "param_hash": "557f79c76653",
  "param_index": 23,
  "params": {
    "bootstrap": true,
    "class_weight": "balanced",
    "max_depth": 20,
    "max_features": "0.5",
    "min_samples_leaf": 4,
    "min_samples_split": 4,
    "n_estimators": 800
  },
  "runtime_s": 777.4875288009644,
  "summary_preview": [
    {
      "criterion": "f1",
      "feature_set": "c110_d110",
      "model": "rf",
      "param_hash": "557f79c76653",
      "param_index": 23,
      "test_Brier_mean": 0.0504057126457833,
      "test_Brier_std": 0.0019303482629817786,
      "test_LogLoss_mean": 0.19176406900491957,
      "test_LogLoss_std": 0.005708448505416073,
      "test_PR_AUC_mean": 0.896041391848842,
      "test_PR_AUC_std": 0.005912656886813686,
      "test_Precision_mean": 0.8776756872666287,
      "test_Precision_std": 0.03298113822371803,
      "test_ROC_AUC_mean": 0.957338811630847,
      "test_ROC_AUC_std": 0.0029115662015646547,
      "test_Sensitivity_mean": 0.8202380952380856,
      "test_Sensitivity_std": 0.035122238823236625,
      "test_Specificity_mean": 0.9711504424778732,
      "test_Specificity_std": 0.009870115773836348,
      "val_Precision_mean": 0.8953059664581388,
      "val_Precision_std": 0.03160623292613576,
      "val_Sensitivity_mean": 0.7638095238095147,
      "val_Sensitivity_std": 0.021425871766018265,
      "val_Specificity_mean": 0.9774631268436549,
      "val_Specificity_std": 0.00835960325797043,
      "val_score_mean": 0.8236768423229245,
      "val_score_std": 0.011532885185487837,
      "val_thr_mean": 0.4439891579442479,
      "val_thr_std": 0.06903857829225146
    },
    {
      "criterion": "youden",
      "feature_set": "c110_d110",
      "model": "rf",
      "param_hash": "557f79c76653",
      "param_index": 23,
      "test_Brier_mean": 0.0504057126457833,
      "test_Brier_std": 0.0019303482629817786,
      "test_LogLoss_mean": 0.19176406900491957,
      "test_LogLoss_std": 0.005708448505416073,
      "test_PR_AUC_mean": 0.896041391848842,
      "test_PR_AUC_std": 0.005912656886813686,
      "test_Precision_mean": 0.8314056309932387,
      "test_Precision_std": 0.05539391158651576,
      "test_ROC_AUC_mean": 0.957338811630847,
      "test_ROC_AUC_std": 0.0029115662015646547,
      "test_Sensitivity_mean": 0.8519047619047518,
      "test_Sensitivity_std": 0.025357821523286497,
      "test_Specificity_mean": 0.9556342182890826,
      "test_Specificity_std": 0.019420988855021293,
      "val_Precision_mean": 0.8386497856645495,
      "val_Precision_std": 0.06053140750254362,
      "val_Sensitivity_mean": 0.7895238095238001,
      "val_Sensitivity_std": 0.02361925922347894,
      "val_Specificity_mean": 0.9606489675516195,
      "val_Specificity_std": 0.019527225145323682,
      "val_score_mean": 0.7501727770754196,
      "val_score_std": 0.01259492097450232,
      "val_thr_mean": 0.35761055961053534,
      "val_thr_std": 0.07434363267929442
    }
  ],
  "task_id": 119,
  "thr_grid_size": 600
}