{
  "feature_set": "c110_errors",
  "model": "bbag",
  "n_bootstrap": 50,
  "param_hash": "f93e8d521957",
  "param_index": 3,
  "params": {
    "base_max_depth": 10,
    "base_max_features": "sqrt",
    "base_min_samples_leaf": 2,
    "base_min_samples_split": 4,
    "bootstrap": true,
    "max_features": 0.5,
    "max_samples": 0.7,
    "n_estimators": 500,
    "replacement": false,
    "sampling_strategy": "auto"
  },
  "runtime_s": 63.31555461883545,
  "summary_preview": [
    {
      "criterion": "f1",
      "feature_set": "c110_errors",
      "model": "bbag",
      "param_hash": "f93e8d521957",
      "param_index": 3,
      "test_Brier_mean": 0.11681006167764785,
      "test_Brier_std": 0.0031767793177757083,
      "test_LogLoss_mean": 0.3953552011352229,
      "test_LogLoss_std": 0.007818415577394653,
      "test_PR_AUC_mean": 0.7750549863528083,
      "test_PR_AUC_std": 0.013012284269013368,
      "test_Precision_mean": 0.701656251722704,
      "test_Precision_std": 0.06295852119205386,
      "test_ROC_AUC_mean": 0.9125445989605282,
      "test_ROC_AUC_std": 0.008354834021273018,
      "test_Sensitivity_mean": 0.6988095238095156,
      "test_Sensitivity_std": 0.07115472286214891,
      "test_Specificity_mean": 0.9224778761061918,
      "test_Specificity_std": 0.02960692862184425,
      "val_Precision_mean": 0.6620818135928542,
      "val_Precision_std": 0.05320664560844457,
      "val_Sensitivity_mean": 0.6542857142857065,
      "val_Sensitivity_std": 0.051917287029362165,
      "val_Specificity_mean": 0.9144542772861329,
      "val_Specificity_std": 0.025023232767473206,
      "val_score_mean": 0.654348578012511,
      "val_score_std": 0.015000791965998964,
      "val_thr_mean": 0.49856478663928877,
      "val_thr_std": 0.03818787369936558
    },
    {
      "criterion": "youden",
      "feature_set": "c110_errors",
      "model": "bbag",
      "param_hash": "f93e8d521957",
      "param_index": 3,
      "test_Brier_mean": 0.11681006167764785,
      "test_Brier_std": 0.0031767793177757083,
      "test_LogLoss_mean": 0.3953552011352229,
      "test_LogLoss_std": 0.007818415577394653,
      "test_PR_AUC_mean": 0.7750549863528083,
      "test_PR_AUC_std": 0.013012284269013368,
      "test_Precision_mean": 0.5910545834112515,
      "test_Precision_std": 0.0536171182616803,
      "test_ROC_AUC_mean": 0.9125445989605282,
      "test_ROC_AUC_std": 0.008354834021273018,
      "test_Sensitivity_mean": 0.798571428571419,
      "test_Sensitivity_std": 0.042472085112347735,
      "test_Specificity_mean": 0.8590560471976376,
      "test_Specificity_std": 0.038212576006185404,
      "val_Precision_mean": 0.5647722595465955,
      "val_Precision_std": 0.05043172802973223,
      "val_Sensitivity_mean": 0.7385714285714198,
      "val_Sensitivity_std": 0.04302149675697786,
      "val_Specificity_mean": 0.8548672566371656,
      "val_Specificity_std": 0.039038805151347424,
      "val_score_mean": 0.5934386852085854,
      "val_score_std": 0.019706115725699098,
      "val_thr_mean": 0.43535565296178524,
      "val_thr_std": 0.029200476609710913
    }
  ],
  "task_id": 267,
  "thr_grid_size": 600
}