{
  "feature_set": "c110_d110",
  "model": "brf",
  "n_bootstrap": 50,
  "param_hash": "d46ad37179de",
  "param_index": 18,
  "params": {
    "max_depth": 20,
    "max_features": "sqrt",
    "min_samples_leaf": 1,
    "min_samples_split": 4,
    "n_estimators": 800,
    "replacement": true,
    "sampling_strategy": "auto"
  },
  "runtime_s": 277.60564494132996,
  "summary_preview": [
    {
      "criterion": "f1",
      "feature_set": "c110_d110",
      "model": "brf",
      "param_hash": "d46ad37179de",
      "param_index": 18,
      "test_Brier_mean": 0.07099679569344117,
      "test_Brier_std": 0.0028251212237282186,
      "test_LogLoss_mean": 0.26026702682228275,
      "test_LogLoss_std": 0.009870141121222588,
      "test_PR_AUC_mean": 0.9021023614993444,
      "test_PR_AUC_std": 0.004468754973827957,
      "test_Precision_mean": 0.890420604660857,
      "test_Precision_std": 0.031931805932710736,
      "test_ROC_AUC_mean": 0.9618580559067285,
      "test_ROC_AUC_std": 0.002745719189696188,
      "test_Sensitivity_mean": 0.7888095238095144,
      "test_Sensitivity_std": 0.03693335673913665,
      "test_Specificity_mean": 0.9753982300884927,
      "test_Specificity_std": 0.008811549225399038,
      "val_Precision_mean": 0.8860829168499725,
      "val_Precision_std": 0.0420789728614953,
      "val_Sensitivity_mean": 0.7583333333333243,
      "val_Sensitivity_std": 0.024907854618837783,
      "val_Specificity_mean": 0.9751032448377552,
      "val_Specificity_std": 0.010613447212043131,
      "val_score_mean": 0.816051733177127,
      "val_score_std": 0.009227734983346962,
      "val_thr_mean": 0.6062302741170427,
      "val_thr_std": 0.05011347863749349
    },
    {
      "criterion": "youden",
      "feature_set": "c110_d110",
      "model": "brf",
      "param_hash": "d46ad37179de",
      "param_index": 18,
      "test_Brier_mean": 0.07099679569344117,
      "test_Brier_std": 0.0028251212237282186,
      "test_LogLoss_mean": 0.26026702682228275,
      "test_LogLoss_std": 0.009870141121222588,
      "test_PR_AUC_mean": 0.9021023614993444,
      "test_PR_AUC_std": 0.004468754973827957,
      "test_Precision_mean": 0.8311386584712026,
      "test_Precision_std": 0.031826655833395605,
      "test_ROC_AUC_mean": 0.9618580559067285,
      "test_ROC_AUC_std": 0.002745719189696188,
      "test_Sensitivity_mean": 0.8454761904761804,
      "test_Sensitivity_std": 0.01990449918686829,
      "test_Specificity_mean": 0.9569321533923275,
      "test_Specificity_std": 0.010390921201801868,
      "val_Precision_mean": 0.8140802922672151,
      "val_Precision_std": 0.029354984347639966,
      "val_Sensitivity_mean": 0.7949999999999906,
      "val_Sensitivity_std": 0.01083374714872983,
      "val_Specificity_mean": 0.9546312684365753,
      "val_Specificity_std": 0.009153180460125365,
      "val_score_mean": 0.7496312684365658,
      "val_score_std": 0.008478825920189597,
      "val_thr_mean": 0.5159033458542014,
      "val_thr_std": 0.033854798251001406
    }
  ],
  "task_id": 162,
  "thr_grid_size": 600
}