{
  "feature_set": "c110_d110",
  "model": "bbag",
  "n_bootstrap": 50,
  "param_hash": "479020e468c4",
  "param_index": 12,
  "params": {
    "base_max_depth": null,
    "base_max_features": "0.3",
    "base_min_samples_leaf": 1,
    "base_min_samples_split": 8,
    "bootstrap": true,
    "max_features": 0.9,
    "max_samples": 0.7,
    "n_estimators": 800,
    "replacement": false,
    "sampling_strategy": "auto"
  },
  "runtime_s": 95.83011984825134,
  "summary_preview": [
    {
      "criterion": "f1",
      "feature_set": "c110_d110",
      "model": "bbag",
      "param_hash": "479020e468c4",
      "param_index": 12,
      "test_Brier_mean": 0.06571166121975396,
      "test_Brier_std": 0.0023396009986037104,
      "test_LogLoss_mean": 0.24667880977682025,
      "test_LogLoss_std": 0.007266611818327776,
      "test_PR_AUC_mean": 0.9007937923194136,
      "test_PR_AUC_std": 0.004764182665720575,
      "test_Precision_mean": 0.8901480718456973,
      "test_Precision_std": 0.03488338857434183,
      "test_ROC_AUC_mean": 0.9614605281640679,
      "test_ROC_AUC_std": 0.002773509009370453,
      "test_Sensitivity_mean": 0.7785714285714194,
      "test_Sensitivity_std": 0.05225269216237089,
      "test_Specificity_mean": 0.9753982300884927,
      "test_Specificity_std": 0.009929669935151087,
      "val_Precision_mean": 0.8876928981283351,
      "val_Precision_std": 0.051300392532436,
      "val_Sensitivity_mean": 0.7526190476190386,
      "val_Sensitivity_std": 0.03437646584575821,
      "val_Specificity_mean": 0.9752212389380501,
      "val_Specificity_std": 0.012933846821089546,
      "val_score_mean": 0.8125378326572781,
      "val_score_std": 0.007332724631017,
      "val_thr_mean": 0.5953922101319661,
      "val_thr_std": 0.07328080205710763
    },
    {
      "criterion": "youden",
      "feature_set": "c110_d110",
      "model": "bbag",
      "param_hash": "479020e468c4",
      "param_index": 12,
      "test_Brier_mean": 0.06571166121975396,
      "test_Brier_std": 0.0023396009986037104,
      "test_LogLoss_mean": 0.24667880977682025,
      "test_LogLoss_std": 0.007266611818327776,
      "test_PR_AUC_mean": 0.9007937923194136,
      "test_PR_AUC_std": 0.004764182665720575,
      "test_Precision_mean": 0.8329187779550518,
      "test_Precision_std": 0.034531719729357556,
      "test_ROC_AUC_mean": 0.9614605281640679,
      "test_ROC_AUC_std": 0.002773509009370453,
      "test_Sensitivity_mean": 0.8457142857142758,
      "test_Sensitivity_std": 0.025334999251069176,
      "test_Specificity_mean": 0.9572861356932124,
      "test_Specificity_std": 0.011952531243985333,
      "val_Precision_mean": 0.8151487319579048,
      "val_Precision_std": 0.030926616634293115,
      "val_Sensitivity_mean": 0.7923809523809431,
      "val_Sensitivity_std": 0.010527746626219043,
      "val_Specificity_mean": 0.9550442477876078,
      "val_Specificity_std": 0.009711774494199693,
      "val_score_mean": 0.7474252001685506,
      "val_score_std": 0.007067384019976181,
      "val_thr_mean": 0.48417629292869074,
      "val_thr_std": 0.041807622427017015
    }
  ],
  "task_id": 180,
  "thr_grid_size": 600
}