{
  "feature_set": "c110_errors",
  "model": "bbag",
  "n_bootstrap": 50,
  "param_hash": "d849b896aa5b",
  "param_index": 0,
  "params": {
    "base_max_depth": 20,
    "base_max_features": "sqrt",
    "base_min_samples_leaf": 4,
    "base_min_samples_split": 4,
    "bootstrap": true,
    "max_features": 0.5,
    "max_samples": 1.0,
    "n_estimators": 800,
    "replacement": false,
    "sampling_strategy": "auto"
  },
  "runtime_s": 99.72820281982422,
  "summary_preview": [
    {
      "criterion": "f1",
      "feature_set": "c110_errors",
      "model": "bbag",
      "param_hash": "d849b896aa5b",
      "param_index": 0,
      "test_Brier_mean": 0.10794228346399486,
      "test_Brier_std": 0.002608442525756195,
      "test_LogLoss_mean": 0.36851854532962525,
      "test_LogLoss_std": 0.006151219198807423,
      "test_PR_AUC_mean": 0.7775609087676851,
      "test_PR_AUC_std": 0.013629279072388664,
      "test_Precision_mean": 0.6932842248533843,
      "test_Precision_std": 0.05303169765063466,
      "test_ROC_AUC_mean": 0.9141192583227982,
      "test_ROC_AUC_std": 0.008170899371359836,
      "test_Sensitivity_mean": 0.7102380952380868,
      "test_Sensitivity_std": 0.05694663832770325,
      "test_Specificity_mean": 0.9194690265486698,
      "test_Specificity_std": 0.024377977757110314,
      "val_Precision_mean": 0.6521602677310468,
      "val_Precision_std": 0.047673364368189176,
      "val_Sensitivity_mean": 0.6745238095238015,
      "val_Sensitivity_std": 0.04050404917915502,
      "val_Specificity_mean": 0.9087905604719737,
      "val_Specificity_std": 0.021144748638023573,
      "val_score_mean": 0.6605767718382707,
      "val_score_std": 0.01365018056859549,
      "val_thr_mean": 0.4821983796319764,
      "val_thr_std": 0.03365619718208957
    },
    {
      "criterion": "youden",
      "feature_set": "c110_errors",
      "model": "bbag",
      "param_hash": "d849b896aa5b",
      "param_index": 0,
      "test_Brier_mean": 0.10794228346399486,
      "test_Brier_std": 0.002608442525756195,
      "test_LogLoss_mean": 0.36851854532962525,
      "test_LogLoss_std": 0.006151219198807423,
      "test_PR_AUC_mean": 0.7775609087676851,
      "test_PR_AUC_std": 0.013629279072388664,
      "test_Precision_mean": 0.6098195880342786,
      "test_Precision_std": 0.05835365137394416,
      "test_ROC_AUC_mean": 0.9141192583227982,
      "test_ROC_AUC_std": 0.008170899371359836,
      "test_Sensitivity_mean": 0.7952380952380858,
      "test_Sensitivity_std": 0.044152227842676944,
      "test_Specificity_mean": 0.8697935103244813,
      "test_Specificity_std": 0.03766831512583965,
      "val_Precision_mean": 0.576646206528283,
      "val_Precision_std": 0.04664513539325004,
      "val_Sensitivity_mean": 0.739761904761896,
      "val_Sensitivity_std": 0.03973991640760052,
      "val_Specificity_mean": 0.8622418879056021,
      "val_Specificity_std": 0.03340169533592943,
      "val_score_mean": 0.6020037926674981,
      "val_score_std": 0.01978340729473828,
      "val_thr_mean": 0.4282383269781538,
      "val_thr_std": 0.03483342751419564
    }
  ],
  "task_id": 264,
  "thr_grid_size": 600
}