{
  "feature_set": "c110_snr",
  "model": "bbag",
  "n_bootstrap": 50,
  "param_hash": "428dcc1f4cee",
  "param_index": 11,
  "params": {
    "base_max_depth": 20,
    "base_max_features": "0.3",
    "base_min_samples_leaf": 1,
    "base_min_samples_split": 8,
    "bootstrap": true,
    "max_features": 1.0,
    "max_samples": 0.9,
    "n_estimators": 500,
    "replacement": false,
    "sampling_strategy": "auto"
  },
  "runtime_s": 69.43769955635071,
  "summary_preview": [
    {
      "criterion": "f1",
      "feature_set": "c110_snr",
      "model": "bbag",
      "param_hash": "428dcc1f4cee",
      "param_index": 11,
      "test_Brier_mean": 0.07033752937805353,
      "test_Brier_std": 0.002473692394055855,
      "test_LogLoss_mean": 0.2647764845814238,
      "test_LogLoss_std": 0.007405751977802821,
      "test_PR_AUC_mean": 0.8878763210945276,
      "test_PR_AUC_std": 0.008433784912980143,
      "test_Precision_mean": 0.8466572930330055,
      "test_Precision_std": 0.02364305619048101,
      "test_ROC_AUC_mean": 0.9595441775530271,
      "test_ROC_AUC_std": 0.003603151972059913,
      "test_Sensitivity_mean": 0.7947619047618953,
      "test_Sensitivity_std": 0.043061815559451086,
      "test_Specificity_mean": 0.9638938053097316,
      "test_Specificity_std": 0.00833407249512529,
      "val_Precision_mean": 0.8292484366807844,
      "val_Precision_std": 0.029817566360309678,
      "val_Sensitivity_mean": 0.7711904761904671,
      "val_Sensitivity_std": 0.024205884535147916,
      "val_Specificity_mean": 0.9601769911504395,
      "val_Specificity_std": 0.00933301078396546,
      "val_score_mean": 0.7984099584542017,
      "val_score_std": 0.010440527099295561,
      "val_thr_mean": 0.474045870788261,
      "val_thr_std": 0.04847989133814992
    },
    {
      "criterion": "youden",
      "feature_set": "c110_snr",
      "model": "bbag",
      "param_hash": "428dcc1f4cee",
      "param_index": 11,
      "test_Brier_mean": 0.07033752937805353,
      "test_Brier_std": 0.002473692394055855,
      "test_LogLoss_mean": 0.2647764845814238,
      "test_LogLoss_std": 0.007405751977802821,
      "test_PR_AUC_mean": 0.8878763210945276,
      "test_PR_AUC_std": 0.008433784912980143,
      "test_Precision_mean": 0.7808697109889512,
      "test_Precision_std": 0.041173349785146925,
      "test_ROC_AUC_mean": 0.9595441775530271,
      "test_ROC_AUC_std": 0.003603151972059913,
      "test_Sensitivity_mean": 0.8697619047618944,
      "test_Sensitivity_std": 0.026281976396531972,
      "test_Specificity_mean": 0.9384660766961623,
      "test_Specificity_std": 0.017003257414117696,
      "val_Precision_mean": 0.7449201273435042,
      "val_Precision_std": 0.040430006093347015,
      "val_Sensitivity_mean": 0.8178571428571333,
      "val_Sensitivity_std": 0.016532501781652505,
      "val_Specificity_mean": 0.9296165191740385,
      "val_Specificity_std": 0.01599140136714866,
      "val_score_mean": 0.7474736620311717,
      "val_score_std": 0.012220956355510387,
      "val_thr_mean": 0.3922918039573745,
      "val_thr_std": 0.023707218715648112
    }
  ],
  "task_id": 467,
  "thr_grid_size": 600
}