{
  "feature_set": "c110_d110_errors",
  "model": "brf",
  "n_bootstrap": 50,
  "param_hash": "0121368305ab",
  "param_index": 6,
  "params": {
    "max_depth": 10,
    "max_features": "0.3",
    "min_samples_leaf": 4,
    "min_samples_split": 4,
    "n_estimators": 4000,
    "replacement": false,
    "sampling_strategy": "auto"
  },
  "runtime_s": 2139.2778561115265,
  "summary_preview": [
    {
      "criterion": "f1",
      "feature_set": "c110_d110_errors",
      "model": "brf",
      "param_hash": "0121368305ab",
      "param_index": 6,
      "test_Brier_mean": 0.06030208126028503,
      "test_Brier_std": 0.002395772399180906,
      "test_LogLoss_mean": 0.22938669830218564,
      "test_LogLoss_std": 0.008052444369360581,
      "test_PR_AUC_mean": 0.901139688310655,
      "test_PR_AUC_std": 0.005614010082010621,
      "test_Precision_mean": 0.8918231377236804,
      "test_Precision_std": 0.021367518149469817,
      "test_ROC_AUC_mean": 0.962535468464672,
      "test_ROC_AUC_std": 0.003093645605081637,
      "test_Sensitivity_mean": 0.8073809523809429,
      "test_Sensitivity_std": 0.03424158292490544,
      "test_Specificity_mean": 0.9754572271386401,
      "test_Specificity_std": 0.0061195566323375625,
      "val_Precision_mean": 0.9046928393038304,
      "val_Precision_std": 0.02619420728229322,
      "val_Sensitivity_mean": 0.7516666666666577,
      "val_Sensitivity_std": 0.02656656381478705,
      "val_Specificity_mean": 0.9800589970501445,
      "val_Specificity_std": 0.006461703828767869,
      "val_score_mean": 0.8203917826248126,
      "val_score_std": 0.011316246939021595,
      "val_thr_mean": 0.6369407804828197,
      "val_thr_std": 0.06322452791983216
    },
    {
      "criterion": "youden",
      "feature_set": "c110_d110_errors",
      "model": "brf",
      "param_hash": "0121368305ab",
      "param_index": 6,
      "test_Brier_mean": 0.06030208126028503,
      "test_Brier_std": 0.002395772399180906,
      "test_LogLoss_mean": 0.22938669830218564,
      "test_LogLoss_std": 0.008052444369360581,
      "test_PR_AUC_mean": 0.901139688310655,
      "test_PR_AUC_std": 0.005614010082010621,
      "test_Precision_mean": 0.8215700040891162,
      "test_Precision_std": 0.05007953316021817,
      "test_ROC_AUC_mean": 0.962535468464672,
      "test_ROC_AUC_std": 0.003093645605081637,
      "test_Sensitivity_mean": 0.8628571428571327,
      "test_Sensitivity_std": 0.027236382611112064,
      "test_Specificity_mean": 0.9522713864306757,
      "test_Specificity_std": 0.017443318405552927,
      "val_Precision_mean": 0.8140032715429523,
      "val_Precision_std": 0.06048888651328182,
      "val_Sensitivity_mean": 0.7942857142857049,
      "val_Sensitivity_std": 0.01784337013415491,
      "val_Specificity_mean": 0.9533333333333305,
      "val_Specificity_std": 0.019870514356428438,
      "val_score_mean": 0.7476190476190354,
      "val_score_std": 0.012038483410589091,
      "val_thr_mean": 0.5042296171145748,
      "val_thr_std": 0.06966333947805331
    }
  ],
  "task_id": 342,
  "thr_grid_size": 600
}