{
  "feature_set": "c110_snr",
  "model": "brf",
  "n_bootstrap": 50,
  "param_hash": "8a29145b4a25",
  "param_index": 23,
  "params": {
    "max_depth": 20,
    "max_features": "0.5",
    "min_samples_leaf": 2,
    "min_samples_split": 4,
    "n_estimators": 800,
    "replacement": false,
    "sampling_strategy": "auto"
  },
  "runtime_s": 568.393985748291,
  "summary_preview": [
    {
      "criterion": "f1",
      "feature_set": "c110_snr",
      "model": "brf",
      "param_hash": "8a29145b4a25",
      "param_index": 23,
      "test_Brier_mean": 0.06597773007074703,
      "test_Brier_std": 0.0038874200387094765,
      "test_LogLoss_mean": 0.2486428834021616,
      "test_LogLoss_std": 0.017644728774402613,
      "test_PR_AUC_mean": 0.8830146656249752,
      "test_PR_AUC_std": 0.011880222002830315,
      "test_Precision_mean": 0.8826131056486473,
      "test_Precision_std": 0.04351812187526374,
      "test_ROC_AUC_mean": 0.9525505689001263,
      "test_ROC_AUC_std": 0.005698999016197339,
      "test_Sensitivity_mean": 0.7566666666666577,
      "test_Sensitivity_std": 0.06013582355974948,
      "test_Specificity_mean": 0.9738643067846579,
      "test_Specificity_std": 0.01405266071630411,
      "val_Precision_mean": 0.9126100856506026,
      "val_Precision_std": 0.056218279134662194,
      "val_Sensitivity_mean": 0.739761904761896,
      "val_Sensitivity_std": 0.041728054181901696,
      "val_Specificity_mean": 0.9810029498525045,
      "val_Specificity_std": 0.014924728356932048,
      "val_score_mean": 0.8145270117736136,
      "val_score_std": 0.012625214615642642,
      "val_thr_mean": 0.6414842624040993,
      "val_thr_std": 0.1038924112866634
    },
    {
      "criterion": "youden",
      "feature_set": "c110_snr",
      "model": "brf",
      "param_hash": "8a29145b4a25",
      "param_index": 23,
      "test_Brier_mean": 0.06597773007074703,
      "test_Brier_std": 0.0038874200387094765,
      "test_LogLoss_mean": 0.2486428834021616,
      "test_LogLoss_std": 0.017644728774402613,
      "test_PR_AUC_mean": 0.8830146656249752,
      "test_PR_AUC_std": 0.011880222002830315,
      "test_Precision_mean": 0.7707058930087628,
      "test_Precision_std": 0.07281830410594453,
      "test_ROC_AUC_mean": 0.9525505689001263,
      "test_ROC_AUC_std": 0.005698999016197339,
      "test_Sensitivity_mean": 0.8526190476190375,
      "test_Sensitivity_std": 0.04185816054422814,
      "test_Specificity_mean": 0.9338053097345105,
      "test_Specificity_std": 0.029834698726053915,
      "val_Precision_mean": 0.7748519081624085,
      "val_Precision_std": 0.06503350518639092,
      "val_Sensitivity_mean": 0.8078571428571333,
      "val_Sensitivity_std": 0.0308953275478349,
      "val_Specificity_mean": 0.9394690265486697,
      "val_Specificity_std": 0.023434501066306228,
      "val_score_mean": 0.747326169405803,
      "val_score_std": 0.020262287959322688,
      "val_thr_mean": 0.44350217044210133,
      "val_thr_std": 0.07825339170178014
    }
  ],
  "task_id": 455,
  "thr_grid_size": 600
}