{
  "feature_set": "c110_d110",
  "model": "bbag",
  "n_bootstrap": 50,
  "param_hash": "0c81cf660cb8",
  "param_index": 10,
  "params": {
    "base_max_depth": 20,
    "base_max_features": "0.5",
    "base_min_samples_leaf": 2,
    "base_min_samples_split": 8,
    "bootstrap": true,
    "max_features": 0.7,
    "max_samples": 0.9,
    "n_estimators": 500,
    "replacement": false,
    "sampling_strategy": "auto"
  },
  "runtime_s": 73.6149971485138,
  "summary_preview": [
    {
      "criterion": "f1",
      "feature_set": "c110_d110",
      "model": "bbag",
      "param_hash": "0c81cf660cb8",
      "param_index": 10,
      "test_Brier_mean": 0.061049854097669706,
      "test_Brier_std": 0.002326262200510445,
      "test_LogLoss_mean": 0.23263627042922905,
      "test_LogLoss_std": 0.007594170220523228,
      "test_PR_AUC_mean": 0.9030212350545362,
      "test_PR_AUC_std": 0.004426455677486495,
      "test_Precision_mean": 0.9016517931806576,
      "test_Precision_std": 0.030722971628963983,
      "test_ROC_AUC_mean": 0.9625818232897879,
      "test_ROC_AUC_std": 0.002706829162851991,
      "test_Sensitivity_mean": 0.7788095238095145,
      "test_Sensitivity_std": 0.05108216217361829,
      "test_Specificity_mean": 0.9783480825958673,
      "test_Specificity_std": 0.008669326375469534,
      "val_Precision_mean": 0.9001130626972567,
      "val_Precision_std": 0.05248126345380035,
      "val_Sensitivity_mean": 0.7485714285714197,
      "val_Sensitivity_std": 0.03303349807395599,
      "val_Specificity_mean": 0.9782300884955722,
      "val_Specificity_std": 0.013109634486892813,
      "val_score_mean": 0.8153518027123199,
      "val_score_std": 0.008056719178845654,
      "val_thr_mean": 0.602504929088163,
      "val_thr_std": 0.08083021084401147
    },
    {
      "criterion": "youden",
      "feature_set": "c110_d110",
      "model": "bbag",
      "param_hash": "0c81cf660cb8",
      "param_index": 10,
      "test_Brier_mean": 0.061049854097669706,
      "test_Brier_std": 0.002326262200510445,
      "test_LogLoss_mean": 0.23263627042922905,
      "test_LogLoss_std": 0.007594170220523228,
      "test_PR_AUC_mean": 0.9030212350545362,
      "test_PR_AUC_std": 0.004426455677486495,
      "test_Precision_mean": 0.8325076845234217,
      "test_Precision_std": 0.038442211368088765,
      "test_ROC_AUC_mean": 0.9625818232897879,
      "test_ROC_AUC_std": 0.002706829162851991,
      "test_Sensitivity_mean": 0.8547619047618946,
      "test_Sensitivity_std": 0.02393069265216004,
      "test_Specificity_mean": 0.9565781710914425,
      "test_Specificity_std": 0.013511878055295013,
      "val_Precision_mean": 0.8071144363897692,
      "val_Precision_std": 0.03273572156872735,
      "val_Sensitivity_mean": 0.7959523809523715,
      "val_Sensitivity_std": 0.013393329545712243,
      "val_Specificity_mean": 0.952330383480823,
      "val_Specificity_std": 0.010766281275844433,
      "val_score_mean": 0.7482827644331945,
      "val_score_std": 0.006970248493720741,
      "val_thr_mean": 0.4578160818030051,
      "val_thr_std": 0.04506664761171124
    }
  ],
  "task_id": 178,
  "thr_grid_size": 600
}