{
  "feature_set": "c110_d110",
  "model": "rf",
  "n_bootstrap": 50,
  "param_hash": "93530ef68b1b",
  "param_index": 14,
  "params": {
    "bootstrap": true,
    "class_weight": "balanced",
    "max_depth": null,
    "max_features": "0.2",
    "min_samples_leaf": 2,
    "min_samples_split": 2,
    "n_estimators": 1500
  },
  "runtime_s": 687.7735743522644,
  "summary_preview": [
    {
      "criterion": "f1",
      "feature_set": "c110_d110",
      "model": "rf",
      "param_hash": "93530ef68b1b",
      "param_index": 14,
      "test_Brier_mean": 0.05038427019232396,
      "test_Brier_std": 0.0017333663663557106,
      "test_LogLoss_mean": 0.1892170536559779,
      "test_LogLoss_std": 0.005141105282503012,
      "test_PR_AUC_mean": 0.9031278596882117,
      "test_PR_AUC_std": 0.004834567010683868,
      "test_Precision_mean": 0.8959368362736855,
      "test_Precision_std": 0.021515747187733948,
      "test_ROC_AUC_mean": 0.9601608371962354,
      "test_ROC_AUC_std": 0.002789381371153029,
      "test_Sensitivity_mean": 0.8107142857142762,
      "test_Sensitivity_std": 0.024907854618837856,
      "test_Specificity_mean": 0.9764601769911475,
      "test_Specificity_std": 0.005884333717038362,
      "val_Precision_mean": 0.9093022823862376,
      "val_Precision_std": 0.025233057906810935,
      "val_Sensitivity_mean": 0.7690476190476099,
      "val_Sensitivity_std": 0.014826186882791229,
      "val_Specificity_mean": 0.9807669616519145,
      "val_Specificity_std": 0.006452903410889479,
      "val_score_mean": 0.8329667743645168,
      "val_score_std": 0.01015565387553948,
      "val_thr_mean": 0.42027023232654775,
      "val_thr_std": 0.03990896408953658
    },
    {
      "criterion": "youden",
      "feature_set": "c110_d110",
      "model": "rf",
      "param_hash": "93530ef68b1b",
      "param_index": 14,
      "test_Brier_mean": 0.05038427019232396,
      "test_Brier_std": 0.0017333663663557106,
      "test_LogLoss_mean": 0.1892170536559779,
      "test_LogLoss_std": 0.005141105282503012,
      "test_PR_AUC_mean": 0.9031278596882117,
      "test_PR_AUC_std": 0.004834567010683868,
      "test_Precision_mean": 0.8501102946149375,
      "test_Precision_std": 0.04807670972355174,
      "test_ROC_AUC_mean": 0.9601608371962354,
      "test_ROC_AUC_std": 0.002789381371153029,
      "test_Sensitivity_mean": 0.8507142857142757,
      "test_Sensitivity_std": 0.034953841295824316,
      "test_Specificity_mean": 0.9615339233038318,
      "test_Specificity_std": 0.01645066074479564,
      "val_Precision_mean": 0.8511709712677005,
      "val_Precision_std": 0.0585645533943385,
      "val_Sensitivity_mean": 0.7926190476190382,
      "val_Sensitivity_std": 0.017688710023836263,
      "val_Specificity_mean": 0.964188790560469,
      "val_Specificity_std": 0.01817444128719767,
      "val_score_mean": 0.7568078381795073,
      "val_score_std": 0.009022755226018147,
      "val_thr_mean": 0.34091914281927216,
      "val_thr_std": 0.06924119094762453
    }
  ],
  "task_id": 110,
  "thr_grid_size": 600
}