{
  "feature_set": "c110_snr",
  "model": "rf",
  "n_bootstrap": 50,
  "param_hash": "70c8fabffc12",
  "param_index": 21,
  "params": {
    "bootstrap": true,
    "class_weight": null,
    "max_depth": 30,
    "max_features": "0.2",
    "min_samples_leaf": 4,
    "min_samples_split": 4,
    "n_estimators": 1500
  },
  "runtime_s": 964.4854309558868,
  "summary_preview": [
    {
      "criterion": "f1",
      "feature_set": "c110_snr",
      "model": "rf",
      "param_hash": "70c8fabffc12",
      "param_index": 21,
      "test_Brier_mean": 0.056117351962782676,
      "test_Brier_std": 0.0023639816390838555,
      "test_LogLoss_mean": 0.20365892521087509,
      "test_LogLoss_std": 0.006901764266527557,
      "test_PR_AUC_mean": 0.8918497059979541,
      "test_PR_AUC_std": 0.010536641952830604,
      "test_Precision_mean": 0.8980585913929621,
      "test_Precision_std": 0.03178178184708095,
      "test_ROC_AUC_mean": 0.957857845202978,
      "test_ROC_AUC_std": 0.005120994598841488,
      "test_Sensitivity_mean": 0.7523809523809435,
      "test_Sensitivity_std": 0.050679130699833895,
      "test_Specificity_mean": 0.9781710914454247,
      "test_Specificity_std": 0.009096937692761453,
      "val_Precision_mean": 0.8967380680574266,
      "val_Precision_std": 0.05743619820875116,
      "val_Sensitivity_mean": 0.7230952380952296,
      "val_Sensitivity_std": 0.038089923098616696,
      "val_Specificity_mean": 0.9779351032448348,
      "val_Specificity_std": 0.014256284894721489,
      "val_score_mean": 0.7980741356587493,
      "val_score_std": 0.010105749495597156,
      "val_thr_mean": 0.4414987951353655,
      "val_thr_std": 0.09661349937061496
    },
    {
      "criterion": "youden",
      "feature_set": "c110_snr",
      "model": "rf",
      "param_hash": "70c8fabffc12",
      "param_index": 21,
      "test_Brier_mean": 0.056117351962782676,
      "test_Brier_std": 0.0023639816390838555,
      "test_LogLoss_mean": 0.20365892521087509,
      "test_LogLoss_std": 0.006901764266527557,
      "test_PR_AUC_mean": 0.8918497059979541,
      "test_PR_AUC_std": 0.010536641952830604,
      "test_Precision_mean": 0.7904121524663975,
      "test_Precision_std": 0.04797808625050736,
      "test_ROC_AUC_mean": 0.957857845202978,
      "test_ROC_AUC_std": 0.005120994598841488,
      "test_Sensitivity_mean": 0.8545238095237994,
      "test_Sensitivity_std": 0.03420777909325336,
      "test_Specificity_mean": 0.9424778761061918,
      "test_Specificity_std": 0.01824504690332003,
      "val_Precision_mean": 0.7482258626390592,
      "val_Precision_std": 0.04989284842728979,
      "val_Sensitivity_mean": 0.8049999999999905,
      "val_Sensitivity_std": 0.026770457808259648,
      "val_Specificity_mean": 0.9312684365781684,
      "val_Specificity_std": 0.02010648198581497,
      "val_score_mean": 0.7362684365781587,
      "val_score_std": 0.01756825462151435,
      "val_thr_mean": 0.253159691457544,
      "val_thr_std": 0.040322804403077395
    }
  ],
  "task_id": 405,
  "thr_grid_size": 600
}