{
  "feature_set": "c110_errors",
  "model": "et",
  "n_bootstrap": 50,
  "param_hash": "8af79b22dbff",
  "param_index": 7,
  "params": {
    "bootstrap": false,
    "max_depth": null,
    "max_features": "0.3",
    "max_samples": 0.5,
    "min_samples_leaf": 4,
    "min_samples_split": 2,
    "n_estimators": 1500
  },
  "runtime_s": 250.60644268989563,
  "summary_preview": [
    {
      "criterion": "f1",
      "feature_set": "c110_errors",
      "model": "et",
      "param_hash": "8af79b22dbff",
      "param_index": 7,
      "test_Brier_mean": 0.05043163957494395,
      "test_Brier_std": 0.0014651435259906938,
      "test_LogLoss_mean": 0.18662509241155278,
      "test_LogLoss_std": 0.003784884598880538,
      "test_PR_AUC_mean": 0.9171632034995529,
      "test_PR_AUC_std": 0.005218798683422433,
      "test_Precision_mean": 0.906482431736768,
      "test_Precision_std": 0.0205707340808661,
      "test_ROC_AUC_mean": 0.9713758954909397,
      "test_ROC_AUC_std": 0.0018624432031947144,
      "test_Sensitivity_mean": 0.7809523809523716,
      "test_Sensitivity_std": 0.02634682548440389,
      "test_Specificity_mean": 0.9798820058997021,
      "test_Specificity_std": 0.0052866070680894686,
      "val_Precision_mean": 0.8998032301925654,
      "val_Precision_std": 0.025152180920388602,
      "val_Sensitivity_mean": 0.7507142857142769,
      "val_Sensitivity_std": 0.016027952929705123,
      "val_Specificity_mean": 0.9790560471976372,
      "val_Specificity_std": 0.006257582134394222,
      "val_score_mean": 0.8181471647419798,
      "val_score_std": 0.009572802055430351,
      "val_thr_mean": 0.4533027853830459,
      "val_thr_std": 0.03751177387742502
    },
    {
      "criterion": "youden",
      "feature_set": "c110_errors",
      "model": "et",
      "param_hash": "8af79b22dbff",
      "param_index": 7,
      "test_Brier_mean": 0.05043163957494395,
      "test_Brier_std": 0.0014651435259906938,
      "test_LogLoss_mean": 0.18662509241155278,
      "test_LogLoss_std": 0.003784884598880538,
      "test_PR_AUC_mean": 0.9171632034995529,
      "test_PR_AUC_std": 0.005218798683422433,
      "test_Precision_mean": 0.8236610893932728,
      "test_Precision_std": 0.035815198454422194,
      "test_ROC_AUC_mean": 0.9713758954909397,
      "test_ROC_AUC_std": 0.0018624432031947144,
      "test_Sensitivity_mean": 0.8923809523809417,
      "test_Sensitivity_std": 0.02216893977795937,
      "test_Specificity_mean": 0.9519174041297905,
      "test_Specificity_std": 0.013527771529097732,
      "val_Precision_mean": 0.7841471686999004,
      "val_Precision_std": 0.03501325322703038,
      "val_Sensitivity_mean": 0.8114285714285618,
      "val_Sensitivity_std": 0.012808279172627576,
      "val_Specificity_mean": 0.9440117994100267,
      "val_Specificity_std": 0.012774834770792687,
      "val_score_mean": 0.7554403708385885,
      "val_score_std": 0.010239553704422692,
      "val_thr_mean": 0.27335268708871047,
      "val_thr_std": 0.03032968630556391
    }
  ],
  "task_id": 223,
  "thr_grid_size": 600
}