{
  "feature_set": "c110_d110_errors_snr",
  "model": "bbag",
  "n_bootstrap": 50,
  "param_hash": "a7b61653c68d",
  "param_index": 22,
  "params": {
    "base_max_depth": 20,
    "base_max_features": "0.3",
    "base_min_samples_leaf": 4,
    "base_min_samples_split": 2,
    "bootstrap": true,
    "max_features": 0.5,
    "max_samples": 0.9,
    "n_estimators": 200,
    "replacement": true,
    "sampling_strategy": "auto"
  },
  "runtime_s": 54.26687145233154,
  "summary_preview": [
    {
      "criterion": "f1",
      "feature_set": "c110_d110_errors_snr",
      "model": "bbag",
      "param_hash": "a7b61653c68d",
      "param_index": 22,
      "test_Brier_mean": 0.07540378617653719,
      "test_Brier_std": 0.0026167901995943128,
      "test_LogLoss_mean": 0.27743419453561985,
      "test_LogLoss_std": 0.006840092831905404,
      "test_PR_AUC_mean": 0.882265738631708,
      "test_PR_AUC_std": 0.008694874736903349,
      "test_Precision_mean": 0.8388837553971537,
      "test_Precision_std": 0.02619745010592582,
      "test_ROC_AUC_mean": 0.959866554291333,
      "test_ROC_AUC_std": 0.0044704143789215224,
      "test_Sensitivity_mean": 0.7492857142857053,
      "test_Sensitivity_std": 0.05064544756138576,
      "test_Specificity_mean": 0.9638348082595841,
      "test_Specificity_std": 0.008693872674537948,
      "val_Precision_mean": 0.8339560215157253,
      "val_Precision_std": 0.04387415849332707,
      "val_Sensitivity_mean": 0.7380952380952293,
      "val_Sensitivity_std": 0.03526605672334604,
      "val_Specificity_mean": 0.9625368731563393,
      "val_Specificity_std": 0.01278539524338645,
      "val_score_mean": 0.7813027732750984,
      "val_score_std": 0.01013630872560899,
      "val_thr_mean": 0.5436110446643878,
      "val_thr_std": 0.05522406448718581
    },
    {
      "criterion": "youden",
      "feature_set": "c110_d110_errors_snr",
      "model": "bbag",
      "param_hash": "a7b61653c68d",
      "param_index": 22,
      "test_Brier_mean": 0.07540378617653719,
      "test_Brier_std": 0.0026167901995943128,
      "test_LogLoss_mean": 0.27743419453561985,
      "test_LogLoss_std": 0.006840092831905404,
      "test_PR_AUC_mean": 0.882265738631708,
      "test_PR_AUC_std": 0.008694874736903349,
      "test_Precision_mean": 0.7777926622185726,
      "test_Precision_std": 0.046663916262466534,
      "test_ROC_AUC_mean": 0.959866554291333,
      "test_ROC_AUC_std": 0.0044704143789215224,
      "test_Sensitivity_mean": 0.8383333333333234,
      "test_Sensitivity_std": 0.040893492815351803,
      "test_Specificity_mean": 0.9391740412979322,
      "test_Specificity_std": 0.01895762427396888,
      "val_Precision_mean": 0.7443135048829235,
      "val_Precision_std": 0.04618587723151519,
      "val_Sensitivity_mean": 0.7916666666666573,
      "val_Sensitivity_std": 0.01787737758641869,
      "val_Specificity_mean": 0.9313274336283157,
      "val_Specificity_std": 0.017558488551058016,
      "val_score_mean": 0.7229941002949731,
      "val_score_std": 0.01037265096588978,
      "val_thr_mean": 0.4488449739886343,
      "val_thr_std": 0.03884929012893785
    }
  ],
  "task_id": 670,
  "thr_grid_size": 600
}