{
  "feature_set": "c110",
  "model": "rf",
  "n_bootstrap": 50,
  "param_hash": "044085776d9d",
  "param_index": 10,
  "params": {
    "bootstrap": true,
    "class_weight": null,
    "max_depth": 20,
    "max_features": "sqrt",
    "min_samples_leaf": 2,
    "min_samples_split": 4,
    "n_estimators": 4000
  },
  "runtime_s": 917.6715295314789,
  "summary_preview": [
    {
      "criterion": "f1",
      "feature_set": "c110",
      "model": "rf",
      "param_hash": "044085776d9d",
      "param_index": 10,
      "test_Brier_mean": 0.05892258233691176,
      "test_Brier_std": 0.0016706954727686019,
      "test_LogLoss_mean": 0.210927418117273,
      "test_LogLoss_std": 0.004844169626005061,
      "test_PR_AUC_mean": 0.8929561056916527,
      "test_PR_AUC_std": 0.007435888361354849,
      "test_Precision_mean": 0.9031032925034685,
      "test_Precision_std": 0.019229012308063863,
      "test_ROC_AUC_mean": 0.9581795195954489,
      "test_ROC_AUC_std": 0.0038948165134130553,
      "test_Sensitivity_mean": 0.7480952380952293,
      "test_Sensitivity_std": 0.039473371636473034,
      "test_Specificity_mean": 0.9798820058997021,
      "test_Specificity_std": 0.005115894005247949,
      "val_Precision_mean": 0.9025499438594402,
      "val_Precision_std": 0.0379061347356893,
      "val_Sensitivity_mean": 0.711428571428563,
      "val_Sensitivity_std": 0.02459350677894561,
      "val_Specificity_mean": 0.9804129793510294,
      "val_Specificity_std": 0.00891473599472556,
      "val_score_mean": 0.7946820829310529,
      "val_score_std": 0.01109592223049061,
      "val_thr_mean": 0.44931736102663555,
      "val_thr_std": 0.049939022294086144
    },
    {
      "criterion": "youden",
      "feature_set": "c110",
      "model": "rf",
      "param_hash": "044085776d9d",
      "param_index": 10,
      "test_Brier_mean": 0.05892258233691176,
      "test_Brier_std": 0.0016706954727686019,
      "test_LogLoss_mean": 0.210927418117273,
      "test_LogLoss_std": 0.004844169626005061,
      "test_PR_AUC_mean": 0.8929561056916527,
      "test_PR_AUC_std": 0.007435888361354849,
      "test_Precision_mean": 0.8256439756267201,
      "test_Precision_std": 0.058903647631833755,
      "test_ROC_AUC_mean": 0.9581795195954489,
      "test_ROC_AUC_std": 0.0038948165134130553,
      "test_Sensitivity_mean": 0.823809523809514,
      "test_Sensitivity_std": 0.038482001697226605,
      "test_Specificity_mean": 0.9549262536873127,
      "test_Specificity_std": 0.020627800325793047,
      "val_Precision_mean": 0.7737389730518971,
      "val_Precision_std": 0.07629268925460748,
      "val_Sensitivity_mean": 0.7733333333333242,
      "val_Sensitivity_std": 0.03443279111522071,
      "val_Specificity_mean": 0.9406489675516195,
      "val_Specificity_std": 0.027138381322794815,
      "val_score_mean": 0.7139823008849437,
      "val_score_std": 0.01609560735177193,
      "val_thr_mean": 0.3293829951610318,
      "val_thr_std": 0.056259382553253724
    }
  ],
  "task_id": 10,
  "thr_grid_size": 600
}