{
  "feature_set": "c110_d110_snr",
  "model": "rf",
  "n_bootstrap": 50,
  "param_hash": "557f79c76653",
  "param_index": 23,
  "params": {
    "bootstrap": true,
    "class_weight": "balanced",
    "max_depth": 20,
    "max_features": "0.5",
    "min_samples_leaf": 4,
    "min_samples_split": 4,
    "n_estimators": 800
  },
  "runtime_s": 1383.1636192798615,
  "summary_preview": [
    {
      "criterion": "f1",
      "feature_set": "c110_d110_snr",
      "model": "rf",
      "param_hash": "557f79c76653",
      "param_index": 23,
      "test_Brier_mean": 0.05160715390716008,
      "test_Brier_std": 0.0024168618561806834,
      "test_LogLoss_mean": 0.19853962820793275,
      "test_LogLoss_std": 0.013833351937442319,
      "test_PR_AUC_mean": 0.8827854744197239,
      "test_PR_AUC_std": 0.01003530432591359,
      "test_Precision_mean": 0.8754927208492639,
      "test_Precision_std": 0.028430207534594486,
      "test_ROC_AUC_mean": 0.9541575361708106,
      "test_ROC_AUC_std": 0.004272552976673062,
      "test_Sensitivity_mean": 0.803571428571419,
      "test_Sensitivity_std": 0.03850078715194434,
      "test_Specificity_mean": 0.9712684365781682,
      "test_Specificity_std": 0.008487151255998393,
      "val_Precision_mean": 0.8987641546085006,
      "val_Precision_std": 0.03146478531484819,
      "val_Sensitivity_mean": 0.7588095238095148,
      "val_Sensitivity_std": 0.02485670907283931,
      "val_Specificity_mean": 0.9784070796460148,
      "val_Specificity_std": 0.008049655445780823,
      "val_score_mean": 0.8221099951097243,
      "val_score_std": 0.01201983311185392,
      "val_thr_mean": 0.45277697383318627,
      "val_thr_std": 0.0803381073105934
    },
    {
      "criterion": "youden",
      "feature_set": "c110_d110_snr",
      "model": "rf",
      "param_hash": "557f79c76653",
      "param_index": 23,
      "test_Brier_mean": 0.05160715390716008,
      "test_Brier_std": 0.0024168618561806834,
      "test_LogLoss_mean": 0.19853962820793275,
      "test_LogLoss_std": 0.013833351937442319,
      "test_PR_AUC_mean": 0.8827854744197239,
      "test_PR_AUC_std": 0.01003530432591359,
      "test_Precision_mean": 0.8126976205140312,
      "test_Precision_std": 0.051271240214592055,
      "test_ROC_AUC_mean": 0.9541575361708106,
      "test_ROC_AUC_std": 0.004272552976673062,
      "test_Sensitivity_mean": 0.8559523809523708,
      "test_Sensitivity_std": 0.029284311832861117,
      "test_Specificity_mean": 0.949675516224186,
      "test_Specificity_std": 0.01842095539391375,
      "val_Precision_mean": 0.8117934068006752,
      "val_Precision_std": 0.058357121777025005,
      "val_Sensitivity_mean": 0.7995238095238001,
      "val_Sensitivity_std": 0.020739933631872088,
      "val_Specificity_mean": 0.9524483775811181,
      "val_Specificity_std": 0.01905805814281122,
      "val_score_mean": 0.7519721871049181,
      "val_score_std": 0.01252540477404682,
      "val_thr_mean": 0.31987503759461566,
      "val_thr_std": 0.0719989071712554
    }
  ],
  "task_id": 503,
  "thr_grid_size": 600
}