{
  "feature_set": "c110_d110",
  "model": "brf",
  "n_bootstrap": 50,
  "param_hash": "ab6f95159890",
  "param_index": 12,
  "params": {
    "max_depth": 10,
    "max_features": "0.3",
    "min_samples_leaf": 4,
    "min_samples_split": 8,
    "n_estimators": 4000,
    "replacement": false,
    "sampling_strategy": "auto"
  },
  "runtime_s": 1711.470587015152,
  "summary_preview": [
    {
      "criterion": "f1",
      "feature_set": "c110_d110",
      "model": "brf",
      "param_hash": "ab6f95159890",
      "param_index": 12,
      "test_Brier_mean": 0.06102248813799729,
      "test_Brier_std": 0.0022899980419595367,
      "test_LogLoss_mean": 0.23122014414782643,
      "test_LogLoss_std": 0.007312136604380839,
      "test_PR_AUC_mean": 0.8987077667262856,
      "test_PR_AUC_std": 0.00560760585665229,
      "test_Precision_mean": 0.887516827633461,
      "test_Precision_std": 0.02437444876537228,
      "test_ROC_AUC_mean": 0.9590869504143841,
      "test_ROC_AUC_std": 0.0031367040304045237,
      "test_Sensitivity_mean": 0.8111904761904666,
      "test_Sensitivity_std": 0.0381809349517477,
      "test_Specificity_mean": 0.9741592920353953,
      "test_Specificity_std": 0.007015137647428501,
      "val_Precision_mean": 0.9023284195026217,
      "val_Precision_std": 0.030965645526524414,
      "val_Sensitivity_mean": 0.7571428571428481,
      "val_Sensitivity_std": 0.02487880754817619,
      "val_Specificity_mean": 0.9792920353982271,
      "val_Specificity_std": 0.007526342687823329,
      "val_score_mean": 0.8226084509600002,
      "val_score_std": 0.011075677771329675,
      "val_thr_mean": 0.6232643735421608,
      "val_thr_std": 0.06886126901236002
    },
    {
      "criterion": "youden",
      "feature_set": "c110_d110",
      "model": "brf",
      "param_hash": "ab6f95159890",
      "param_index": 12,
      "test_Brier_mean": 0.06102248813799729,
      "test_Brier_std": 0.0022899980419595367,
      "test_LogLoss_mean": 0.23122014414782643,
      "test_LogLoss_std": 0.007312136604380839,
      "test_PR_AUC_mean": 0.8987077667262856,
      "test_PR_AUC_std": 0.00560760585665229,
      "test_Precision_mean": 0.8285696728669936,
      "test_Precision_std": 0.05605419202484005,
      "test_ROC_AUC_mean": 0.9590869504143841,
      "test_ROC_AUC_std": 0.0031367040304045237,
      "test_Sensitivity_mean": 0.8542857142857042,
      "test_Sensitivity_std": 0.02607759045181294,
      "test_Specificity_mean": 0.9545722713864278,
      "test_Specificity_std": 0.01980166898351571,
      "val_Precision_mean": 0.827251978461678,
      "val_Precision_std": 0.06246026514427113,
      "val_Sensitivity_mean": 0.7911904761904668,
      "val_Sensitivity_std": 0.017870904965791478,
      "val_Specificity_mean": 0.95734513274336,
      "val_Specificity_std": 0.019532680896755913,
      "val_score_mean": 0.7485356089338268,
      "val_score_std": 0.009317471224927688,
      "val_thr_mean": 0.5117123872439904,
      "val_thr_std": 0.07285259099481035
    }
  ],
  "task_id": 156,
  "thr_grid_size": 600
}