{
  "feature_set": "c110_snr",
  "model": "brf",
  "n_bootstrap": 50,
  "param_hash": "90cb8109e6a5",
  "param_index": 14,
  "params": {
    "max_depth": 30,
    "max_features": "0.3",
    "min_samples_leaf": 1,
    "min_samples_split": 4,
    "n_estimators": 800,
    "replacement": false,
    "sampling_strategy": "auto"
  },
  "runtime_s": 412.71367049217224,
  "summary_preview": [
    {
      "criterion": "f1",
      "feature_set": "c110_snr",
      "model": "brf",
      "param_hash": "90cb8109e6a5",
      "param_index": 14,
      "test_Brier_mean": 0.06608463362309562,
      "test_Brier_std": 0.003683739622388142,
      "test_LogLoss_mean": 0.24661887139786878,
      "test_LogLoss_std": 0.010684122295560304,
      "test_PR_AUC_mean": 0.8875222233986665,
      "test_PR_AUC_std": 0.014306301727501922,
      "test_Precision_mean": 0.8793195272905361,
      "test_Precision_std": 0.03725609117470642,
      "test_ROC_AUC_mean": 0.9557276302851524,
      "test_ROC_AUC_std": 0.007522277198737924,
      "test_Sensitivity_mean": 0.7697619047618955,
      "test_Sensitivity_std": 0.0522864462413423,
      "test_Specificity_mean": 0.9730383480825929,
      "test_Specificity_std": 0.011069629904703969,
      "val_Precision_mean": 0.901046537375929,
      "val_Precision_std": 0.045990571933466326,
      "val_Sensitivity_mean": 0.7521428571428482,
      "val_Sensitivity_std": 0.033299476071981846,
      "val_Specificity_mean": 0.9786430678466047,
      "val_Specificity_std": 0.011625960118344918,
      "val_score_mean": 0.8182939770292689,
      "val_score_std": 0.014014759518587383,
      "val_thr_mean": 0.5995617417918754,
      "val_thr_std": 0.07617855474565109
    },
    {
      "criterion": "youden",
      "feature_set": "c110_snr",
      "model": "brf",
      "param_hash": "90cb8109e6a5",
      "param_index": 14,
      "test_Brier_mean": 0.06608463362309562,
      "test_Brier_std": 0.003683739622388142,
      "test_LogLoss_mean": 0.24661887139786878,
      "test_LogLoss_std": 0.010684122295560304,
      "test_PR_AUC_mean": 0.8875222233986665,
      "test_PR_AUC_std": 0.014306301727501922,
      "test_Precision_mean": 0.7804476987395047,
      "test_Precision_std": 0.051313055717177404,
      "test_ROC_AUC_mean": 0.9557276302851524,
      "test_ROC_AUC_std": 0.007522277198737924,
      "test_Sensitivity_mean": 0.8564285714285613,
      "test_Sensitivity_std": 0.03752380582399684,
      "test_Specificity_mean": 0.9387610619468998,
      "test_Specificity_std": 0.020354985627348953,
      "val_Precision_mean": 0.7848638137615302,
      "val_Precision_std": 0.046494413941728846,
      "val_Sensitivity_mean": 0.8161904761904666,
      "val_Sensitivity_std": 0.023584946698448326,
      "val_Specificity_mean": 0.9433628318584043,
      "val_Specificity_std": 0.01697179145857751,
      "val_score_mean": 0.7595533080488708,
      "val_score_std": 0.016958031721292913,
      "val_thr_mean": 0.4355971758486366,
      "val_thr_std": 0.04957763469078782
    }
  ],
  "task_id": 446,
  "thr_grid_size": 600
}