{
  "feature_set": "c110_d110_errors_snr",
  "model": "brf",
  "n_bootstrap": 50,
  "param_hash": "90b0556e3e1a",
  "param_index": 17,
  "params": {
    "max_depth": 30,
    "max_features": "sqrt",
    "min_samples_leaf": 1,
    "min_samples_split": 2,
    "n_estimators": 800,
    "replacement": true,
    "sampling_strategy": "auto"
  },
  "runtime_s": 257.80702114105225,
  "summary_preview": [
    {
      "criterion": "f1",
      "feature_set": "c110_d110_errors_snr",
      "model": "brf",
      "param_hash": "90b0556e3e1a",
      "param_index": 17,
      "test_Brier_mean": 0.073366948286052,
      "test_Brier_std": 0.002600134890471604,
      "test_LogLoss_mean": 0.27015827442135537,
      "test_LogLoss_std": 0.007478526702065136,
      "test_PR_AUC_mean": 0.8994694985816963,
      "test_PR_AUC_std": 0.010113541696883296,
      "test_Precision_mean": 0.8730119366441561,
      "test_Precision_std": 0.045128695522885356,
      "test_ROC_AUC_mean": 0.963882567776373,
      "test_ROC_AUC_std": 0.004026647477607323,
      "test_Sensitivity_mean": 0.7749999999999908,
      "test_Sensitivity_std": 0.04983022219041986,
      "test_Specificity_mean": 0.9709144542772832,
      "test_Specificity_std": 0.0133794061110859,
      "val_Precision_mean": 0.8699354932167198,
      "val_Precision_std": 0.055568743065527726,
      "val_Sensitivity_mean": 0.7511904761904673,
      "val_Sensitivity_std": 0.03334808086926419,
      "val_Specificity_mean": 0.9707964601769882,
      "val_Specificity_std": 0.015150171101767808,
      "val_score_mean": 0.8040884540092587,
      "val_score_std": 0.013888548184971903,
      "val_thr_mean": 0.5836486644407346,
      "val_thr_std": 0.05907765024629182
    },
    {
      "criterion": "youden",
      "feature_set": "c110_d110_errors_snr",
      "model": "brf",
      "param_hash": "90b0556e3e1a",
      "param_index": 17,
      "test_Brier_mean": 0.073366948286052,
      "test_Brier_std": 0.002600134890471604,
      "test_LogLoss_mean": 0.27015827442135537,
      "test_LogLoss_std": 0.007478526702065136,
      "test_PR_AUC_mean": 0.8994694985816963,
      "test_PR_AUC_std": 0.010113541696883296,
      "test_Precision_mean": 0.8097801312709294,
      "test_Precision_std": 0.035224644023469504,
      "test_ROC_AUC_mean": 0.963882567776373,
      "test_ROC_AUC_std": 0.004026647477607323,
      "test_Sensitivity_mean": 0.8523809523809424,
      "test_Sensitivity_std": 0.030422693571425383,
      "test_Specificity_mean": 0.9496165191740384,
      "test_Specificity_std": 0.012986463755647245,
      "val_Precision_mean": 0.7869663166001335,
      "val_Precision_std": 0.03893229104674786,
      "val_Sensitivity_mean": 0.798571428571419,
      "val_Sensitivity_std": 0.01731690076375197,
      "val_Specificity_mean": 0.9456637168141565,
      "val_Specificity_std": 0.013604219454146412,
      "val_score_mean": 0.7442351453855756,
      "val_score_std": 0.013755698516623872,
      "val_thr_mean": 0.49505179465776294,
      "val_thr_std": 0.034304748754483756
    }
  ],
  "task_id": 641,
  "thr_grid_size": 600
}