{
  "feature_set": "c110_errors",
  "model": "bbag",
  "n_bootstrap": 50,
  "param_hash": "91254d3942c9",
  "param_index": 4,
  "params": {
    "base_max_depth": 20,
    "base_max_features": "sqrt",
    "base_min_samples_leaf": 1,
    "base_min_samples_split": 4,
    "bootstrap": true,
    "max_features": 0.5,
    "max_samples": 1.0,
    "n_estimators": 500,
    "replacement": true,
    "sampling_strategy": "auto"
  },
  "runtime_s": 70.96755862236023,
  "summary_preview": [
    {
      "criterion": "f1",
      "feature_set": "c110_errors",
      "model": "bbag",
      "param_hash": "91254d3942c9",
      "param_index": 4,
      "test_Brier_mean": 0.09988668884418857,
      "test_Brier_std": 0.0027948329290409936,
      "test_LogLoss_mean": 0.345985590265983,
      "test_LogLoss_std": 0.0067017890727990815,
      "test_PR_AUC_mean": 0.8040062412991731,
      "test_PR_AUC_std": 0.015385144675595751,
      "test_Precision_mean": 0.7572018755018003,
      "test_Precision_std": 0.05524718833255849,
      "test_ROC_AUC_mean": 0.9262319145947464,
      "test_ROC_AUC_std": 0.007688573839544935,
      "test_Sensitivity_mean": 0.6928571428571346,
      "test_Sensitivity_std": 0.0781943124664797,
      "test_Specificity_mean": 0.9421828908554544,
      "test_Specificity_std": 0.024346998441895067,
      "val_Precision_mean": 0.7096497623233347,
      "val_Precision_std": 0.06645856662961143,
      "val_Sensitivity_mean": 0.6623809523809446,
      "val_Sensitivity_std": 0.048981953835714895,
      "val_Specificity_mean": 0.9294985250737434,
      "val_Specificity_std": 0.026217169245837942,
      "val_score_mean": 0.6807993683501843,
      "val_score_std": 0.014181309381175311,
      "val_thr_mean": 0.4966584087529358,
      "val_thr_std": 0.040815352303659035
    },
    {
      "criterion": "youden",
      "feature_set": "c110_errors",
      "model": "bbag",
      "param_hash": "91254d3942c9",
      "param_index": 4,
      "test_Brier_mean": 0.09988668884418857,
      "test_Brier_std": 0.0027948329290409936,
      "test_LogLoss_mean": 0.345985590265983,
      "test_LogLoss_std": 0.0067017890727990815,
      "test_PR_AUC_mean": 0.8040062412991731,
      "test_PR_AUC_std": 0.015385144675595751,
      "test_Precision_mean": 0.6331739732393722,
      "test_Precision_std": 0.06270377912426642,
      "test_ROC_AUC_mean": 0.9262319145947464,
      "test_ROC_AUC_std": 0.007688573839544935,
      "test_Sensitivity_mean": 0.8226190476190379,
      "test_Sensitivity_std": 0.041186670198340755,
      "test_Specificity_mean": 0.8778171091445401,
      "test_Specificity_std": 0.0364272112555654,
      "val_Precision_mean": 0.5846997785653316,
      "val_Precision_std": 0.04895699882842124,
      "val_Sensitivity_mean": 0.7533333333333245,
      "val_Sensitivity_std": 0.03679448397011465,
      "val_Specificity_mean": 0.8641297935103219,
      "val_Specificity_std": 0.03328004208703828,
      "val_score_mean": 0.6174631268436463,
      "val_score_std": 0.019120546018247673,
      "val_thr_mean": 0.4137875787215451,
      "val_thr_std": 0.032766586267263614
    }
  ],
  "task_id": 268,
  "thr_grid_size": 600
}