{
  "feature_set": "c110",
  "model": "rf",
  "n_bootstrap": 50,
  "param_hash": "93530ef68b1b",
  "param_index": 14,
  "params": {
    "bootstrap": true,
    "class_weight": "balanced",
    "max_depth": null,
    "max_features": "0.2",
    "min_samples_leaf": 2,
    "min_samples_split": 2,
    "n_estimators": 1500
  },
  "runtime_s": 417.77695894241333,
  "summary_preview": [
    {
      "criterion": "f1",
      "feature_set": "c110",
      "model": "rf",
      "param_hash": "93530ef68b1b",
      "param_index": 14,
      "test_Brier_mean": 0.0523219902910688,
      "test_Brier_std": 0.0023000907453546394,
      "test_LogLoss_mean": 0.1925208659267411,
      "test_LogLoss_std": 0.006526358563498955,
      "test_PR_AUC_mean": 0.9096678589275758,
      "test_PR_AUC_std": 0.006838581399153139,
      "test_Precision_mean": 0.8918766114126249,
      "test_Precision_std": 0.03485085186863031,
      "test_ROC_AUC_mean": 0.9641382216603455,
      "test_ROC_AUC_std": 0.0033894489393820337,
      "test_Sensitivity_mean": 0.7830952380952289,
      "test_Sensitivity_std": 0.04514273105246145,
      "test_Specificity_mean": 0.9758112094395252,
      "test_Specificity_std": 0.009864896679915395,
      "val_Precision_mean": 0.910957178916871,
      "val_Precision_std": 0.040367717430796986,
      "val_Sensitivity_mean": 0.7673809523809433,
      "val_Sensitivity_std": 0.029181413736783485,
      "val_Specificity_mean": 0.9807079646017669,
      "val_Specificity_std": 0.010394509551704298,
      "val_score_mean": 0.8317703861055076,
      "val_score_std": 0.010842541321131612,
      "val_thr_mean": 0.42313576485720683,
      "val_thr_std": 0.07190006184942378
    },
    {
      "criterion": "youden",
      "feature_set": "c110",
      "model": "rf",
      "param_hash": "93530ef68b1b",
      "param_index": 14,
      "test_Brier_mean": 0.0523219902910688,
      "test_Brier_std": 0.0023000907453546394,
      "test_LogLoss_mean": 0.1925208659267411,
      "test_LogLoss_std": 0.006526358563498955,
      "test_PR_AUC_mean": 0.9096678589275758,
      "test_PR_AUC_std": 0.006838581399153139,
      "test_Precision_mean": 0.8162830975319834,
      "test_Precision_std": 0.049262206060665906,
      "test_ROC_AUC_mean": 0.9641382216603455,
      "test_ROC_AUC_std": 0.0033894489393820337,
      "test_Sensitivity_mean": 0.8659523809523706,
      "test_Sensitivity_std": 0.03330989735621527,
      "test_Specificity_mean": 0.9502654867256608,
      "test_Specificity_std": 0.018446003249773885,
      "val_Precision_mean": 0.8190222644238777,
      "val_Precision_std": 0.04870789013583562,
      "val_Sensitivity_mean": 0.8152380952380857,
      "val_Sensitivity_std": 0.018974592763239716,
      "val_Specificity_mean": 0.9542182890855428,
      "val_Specificity_std": 0.01607148986255338,
      "val_score_mean": 0.7694563843236284,
      "val_score_std": 0.010766011974736358,
      "val_thr_mean": 0.2903670436263203,
      "val_thr_std": 0.044558399196332595
    }
  ],
  "task_id": 14,
  "thr_grid_size": 600
}