{
  "feature_set": "c110_d110_errors_snr",
  "model": "rf",
  "n_bootstrap": 50,
  "param_hash": "8d6e87e8f14c",
  "param_index": 17,
  "params": {
    "bootstrap": true,
    "class_weight": "balanced",
    "max_depth": 10,
    "max_features": "0.2",
    "min_samples_leaf": 2,
    "min_samples_split": 4,
    "n_estimators": 1500
  },
  "runtime_s": 1148.8168811798096,
  "summary_preview": [
    {
      "criterion": "f1",
      "feature_set": "c110_d110_errors_snr",
      "model": "rf",
      "param_hash": "8d6e87e8f14c",
      "param_index": 17,
      "test_Brier_mean": 0.04992091647181108,
      "test_Brier_std": 0.001752187113808446,
      "test_LogLoss_mean": 0.18914166962055778,
      "test_LogLoss_std": 0.004994178475605438,
      "test_PR_AUC_mean": 0.8990739312658271,
      "test_PR_AUC_std": 0.006299702837471575,
      "test_Precision_mean": 0.8931977429658444,
      "test_Precision_std": 0.027542837413397185,
      "test_ROC_AUC_mean": 0.9619272369714849,
      "test_ROC_AUC_std": 0.0029773959342047646,
      "test_Sensitivity_mean": 0.8109523809523713,
      "test_Sensitivity_std": 0.024007919775538903,
      "test_Specificity_mean": 0.9756342182890826,
      "test_Specificity_std": 0.008123661173146795,
      "val_Precision_mean": 0.9029437302978907,
      "val_Precision_std": 0.02763436098380835,
      "val_Sensitivity_mean": 0.7688095238095147,
      "val_Sensitivity_std": 0.018172626189822013,
      "val_Specificity_mean": 0.9792330383480796,
      "val_Specificity_std": 0.007150529103315756,
      "val_score_mean": 0.8300218484919606,
      "val_score_std": 0.0108349175884987,
      "val_thr_mean": 0.4170975256932611,
      "val_thr_std": 0.05591833065043717
    },
    {
      "criterion": "youden",
      "feature_set": "c110_d110_errors_snr",
      "model": "rf",
      "param_hash": "8d6e87e8f14c",
      "param_index": 17,
      "test_Brier_mean": 0.04992091647181108,
      "test_Brier_std": 0.001752187113808446,
      "test_LogLoss_mean": 0.18914166962055778,
      "test_LogLoss_std": 0.004994178475605438,
      "test_PR_AUC_mean": 0.8990739312658271,
      "test_PR_AUC_std": 0.006299702837471575,
      "test_Precision_mean": 0.8072809387258435,
      "test_Precision_std": 0.07283276261858546,
      "test_ROC_AUC_mean": 0.9619272369714849,
      "test_ROC_AUC_std": 0.0029773959342047646,
      "test_Sensitivity_mean": 0.8683333333333231,
      "test_Sensitivity_std": 0.03910899085645788,
      "test_Specificity_mean": 0.9453097345132714,
      "test_Specificity_std": 0.029391232243219444,
      "val_Precision_mean": 0.8114496896379295,
      "val_Precision_std": 0.079298851902543,
      "val_Sensitivity_mean": 0.8102380952380857,
      "val_Sensitivity_std": 0.03102611386838896,
      "val_Specificity_mean": 0.9499115044247759,
      "val_Specificity_std": 0.02902203813614,
      "val_score_mean": 0.7601495996628616,
      "val_score_std": 0.010239572507371284,
      "val_thr_mean": 0.28468423721403113,
      "val_thr_std": 0.07930921699184254
    }
  ],
  "task_id": 593,
  "thr_grid_size": 600
}