{
  "feature_set": "c110_snr",
  "model": "brf",
  "n_bootstrap": 50,
  "param_hash": "4fb00555df7e",
  "param_index": 2,
  "params": {
    "max_depth": 20,
    "max_features": "0.2",
    "min_samples_leaf": 1,
    "min_samples_split": 4,
    "n_estimators": 1500,
    "replacement": true,
    "sampling_strategy": "auto"
  },
  "runtime_s": 559.1551213264465,
  "summary_preview": [
    {
      "criterion": "f1",
      "feature_set": "c110_snr",
      "model": "brf",
      "param_hash": "4fb00555df7e",
      "param_index": 2,
      "test_Brier_mean": 0.07013437638108463,
      "test_Brier_std": 0.0034777985200164707,
      "test_LogLoss_mean": 0.26094815478192873,
      "test_LogLoss_std": 0.009339308578754868,
      "test_PR_AUC_mean": 0.8883791875209357,
      "test_PR_AUC_std": 0.009935786891220062,
      "test_Precision_mean": 0.8705816618595839,
      "test_Precision_std": 0.046543542281744364,
      "test_ROC_AUC_mean": 0.9581816266329541,
      "test_ROC_AUC_std": 0.004672195570424273,
      "test_Sensitivity_mean": 0.7776190476190383,
      "test_Sensitivity_std": 0.059179763730425265,
      "test_Specificity_mean": 0.9700294985250708,
      "test_Specificity_std": 0.014207871232932037,
      "val_Precision_mean": 0.8826633708099247,
      "val_Precision_std": 0.05792663132049017,
      "val_Sensitivity_mean": 0.7576190476190386,
      "val_Sensitivity_std": 0.043342997032218264,
      "val_Specificity_mean": 0.9734513274336254,
      "val_Specificity_std": 0.01529889158084389,
      "val_score_mean": 0.8125451967289524,
      "val_score_std": 0.01175113276195791,
      "val_thr_mean": 0.5884675680893787,
      "val_thr_std": 0.08933469187929474
    },
    {
      "criterion": "youden",
      "feature_set": "c110_snr",
      "model": "brf",
      "param_hash": "4fb00555df7e",
      "param_index": 2,
      "test_Brier_mean": 0.07013437638108463,
      "test_Brier_std": 0.0034777985200164707,
      "test_LogLoss_mean": 0.26094815478192873,
      "test_LogLoss_std": 0.009339308578754868,
      "test_PR_AUC_mean": 0.8883791875209357,
      "test_PR_AUC_std": 0.009935786891220062,
      "test_Precision_mean": 0.7798253170948282,
      "test_Precision_std": 0.04772661762513982,
      "test_ROC_AUC_mean": 0.9581816266329541,
      "test_ROC_AUC_std": 0.004672195570424273,
      "test_Sensitivity_mean": 0.8640476190476087,
      "test_Sensitivity_std": 0.0343596344376567,
      "test_Specificity_mean": 0.9381120943952774,
      "test_Specificity_std": 0.01909389900323513,
      "val_Precision_mean": 0.7810176613916844,
      "val_Precision_std": 0.04241647527131089,
      "val_Sensitivity_mean": 0.8140476190476095,
      "val_Sensitivity_std": 0.021764721148611953,
      "val_Specificity_mean": 0.9424188790560443,
      "val_Specificity_std": 0.015702618373820386,
      "val_score_mean": 0.7564664981036537,
      "val_score_std": 0.01473072815816067,
      "val_thr_mean": 0.45027206105071005,
      "val_thr_std": 0.047969772206105335
    }
  ],
  "task_id": 434,
  "thr_grid_size": 600
}