{
  "feature_set": "c110",
  "model": "et",
  "n_bootstrap": 50,
  "param_hash": "01d64f770736",
  "param_index": 23,
  "params": {
    "bootstrap": true,
    "max_depth": 10,
    "max_features": "sqrt",
    "max_samples": 0.5,
    "min_samples_leaf": 4,
    "min_samples_split": 8,
    "n_estimators": 4000
  },
  "runtime_s": 1625.8598675727844,
  "summary_preview": [
    {
      "criterion": "f1",
      "feature_set": "c110",
      "model": "et",
      "param_hash": "01d64f770736",
      "param_index": 23,
      "test_Brier_mean": 0.07898607106436022,
      "test_Brier_std": 0.0011289466634240872,
      "test_LogLoss_mean": 0.2724728052641426,
      "test_LogLoss_std": 0.003213965130834117,
      "test_PR_AUC_mean": 0.8451194932046326,
      "test_PR_AUC_std": 0.007714716827131101,
      "test_Precision_mean": 0.8041252297472077,
      "test_Precision_std": 0.03556132930466372,
      "test_ROC_AUC_mean": 0.941283888186543,
      "test_ROC_AUC_std": 0.0037545919133320517,
      "test_Sensitivity_mean": 0.751904761904753,
      "test_Sensitivity_std": 0.047519331942196166,
      "test_Specificity_mean": 0.9536873156342155,
      "test_Specificity_std": 0.013749126086030666,
      "val_Precision_mean": 0.7431542296832967,
      "val_Precision_std": 0.03822161969003629,
      "val_Sensitivity_mean": 0.7228571428571342,
      "val_Sensitivity_std": 0.03639932577325603,
      "val_Specificity_mean": 0.9369321533923275,
      "val_Specificity_std": 0.015607900764848987,
      "val_score_mean": 0.73114312200846,
      "val_score_std": 0.010931599328150436,
      "val_thr_mean": 0.28908051932632,
      "val_thr_std": 0.03347568160447246
    },
    {
      "criterion": "youden",
      "feature_set": "c110",
      "model": "et",
      "param_hash": "01d64f770736",
      "param_index": 23,
      "test_Brier_mean": 0.07898607106436022,
      "test_Brier_std": 0.0011289466634240872,
      "test_LogLoss_mean": 0.2724728052641426,
      "test_LogLoss_std": 0.003213965130834117,
      "test_PR_AUC_mean": 0.8451194932046326,
      "test_PR_AUC_std": 0.007714716827131101,
      "test_Precision_mean": 0.6612638263293037,
      "test_Precision_std": 0.0449258127655316,
      "test_ROC_AUC_mean": 0.941283888186543,
      "test_ROC_AUC_std": 0.0037545919133320517,
      "test_Sensitivity_mean": 0.8464285714285614,
      "test_Sensitivity_std": 0.020724587766928208,
      "test_Specificity_mean": 0.8909144542772834,
      "test_Specificity_std": 0.022038363356467,
      "val_Precision_mean": 0.6412373637990918,
      "val_Precision_std": 0.020999748116509096,
      "val_Sensitivity_mean": 0.803571428571419,
      "val_Sensitivity_std": 0.014279639135838863,
      "val_Specificity_mean": 0.8882005899704989,
      "val_Specificity_std": 0.0109606462736114,
      "val_score_mean": 0.6917720185419178,
      "val_score_std": 0.011826125685531584,
      "val_thr_mean": 0.2147605292959396,
      "val_thr_std": 0.014900025778617912
    }
  ],
  "task_id": 47,
  "thr_grid_size": 600
}