{
  "feature_set": "c110_errors",
  "model": "rf",
  "n_bootstrap": 50,
  "param_hash": "c9076e29837d",
  "param_index": 2,
  "params": {
    "bootstrap": true,
    "class_weight": null,
    "max_depth": 20,
    "max_features": "0.2",
    "min_samples_leaf": 1,
    "min_samples_split": 4,
    "n_estimators": 1500
  },
  "runtime_s": 962.0567963123322,
  "summary_preview": [
    {
      "criterion": "f1",
      "feature_set": "c110_errors",
      "model": "rf",
      "param_hash": "c9076e29837d",
      "param_index": 2,
      "test_Brier_mean": 0.05373048349200005,
      "test_Brier_std": 0.0021830797309140616,
      "test_LogLoss_mean": 0.19367311853880975,
      "test_LogLoss_std": 0.006545540928313029,
      "test_PR_AUC_mean": 0.9017733803052999,
      "test_PR_AUC_std": 0.007763474563547984,
      "test_Precision_mean": 0.8977530047731913,
      "test_Precision_std": 0.027168844706160097,
      "test_ROC_AUC_mean": 0.9625979772439949,
      "test_ROC_AUC_std": 0.0034124297852502522,
      "test_Sensitivity_mean": 0.7557142857142768,
      "test_Sensitivity_std": 0.05692784296738434,
      "test_Specificity_mean": 0.9781710914454248,
      "test_Specificity_std": 0.007747482642583303,
      "val_Precision_mean": 0.9026205444234984,
      "val_Precision_std": 0.045244312107661805,
      "val_Sensitivity_mean": 0.7242857142857057,
      "val_Sensitivity_std": 0.03529556944509578,
      "val_Specificity_mean": 0.9797640117994071,
      "val_Specificity_std": 0.011181363341486372,
      "val_score_mean": 0.8019919007185524,
      "val_score_std": 0.014833819615936135,
      "val_thr_mean": 0.4789508569397146,
      "val_thr_std": 0.07048842633298842
    },
    {
      "criterion": "youden",
      "feature_set": "c110_errors",
      "model": "rf",
      "param_hash": "c9076e29837d",
      "param_index": 2,
      "test_Brier_mean": 0.05373048349200005,
      "test_Brier_std": 0.0021830797309140616,
      "test_LogLoss_mean": 0.19367311853880975,
      "test_LogLoss_std": 0.006545540928313029,
      "test_PR_AUC_mean": 0.9017733803052999,
      "test_PR_AUC_std": 0.007763474563547984,
      "test_Precision_mean": 0.7922162771767637,
      "test_Precision_std": 0.0674858535963657,
      "test_ROC_AUC_mean": 0.9625979772439949,
      "test_ROC_AUC_std": 0.0034124297852502522,
      "test_Sensitivity_mean": 0.8578571428571327,
      "test_Sensitivity_std": 0.04502211754833627,
      "test_Specificity_mean": 0.941297935103242,
      "test_Specificity_std": 0.026872783304413568,
      "val_Precision_mean": 0.7415920868238173,
      "val_Precision_std": 0.08079428723664615,
      "val_Sensitivity_mean": 0.8045238095238,
      "val_Sensitivity_std": 0.03915924810332935,
      "val_Specificity_mean": 0.9262536873156314,
      "val_Specificity_std": 0.031971473642462014,
      "val_score_mean": 0.7307774968394314,
      "val_score_std": 0.017306502059070868,
      "val_thr_mean": 0.3061496756931936,
      "val_thr_std": 0.06768242320468117
    }
  ],
  "task_id": 194,
  "thr_grid_size": 600
}