{
  "feature_set": "c110_d110_errors_snr",
  "model": "rf",
  "n_bootstrap": 50,
  "param_hash": "c9f085089650",
  "param_index": 7,
  "params": {
    "bootstrap": true,
    "class_weight": "balanced",
    "max_depth": 10,
    "max_features": "0.3",
    "min_samples_leaf": 1,
    "min_samples_split": 4,
    "n_estimators": 1500
  },
  "runtime_s": 1706.9322218894958,
  "summary_preview": [
    {
      "criterion": "f1",
      "feature_set": "c110_d110_errors_snr",
      "model": "rf",
      "param_hash": "c9f085089650",
      "param_index": 7,
      "test_Brier_mean": 0.051239617360636674,
      "test_Brier_std": 0.002050204870477677,
      "test_LogLoss_mean": 0.1931629606573755,
      "test_LogLoss_std": 0.006455855935979164,
      "test_PR_AUC_mean": 0.8896898017893967,
      "test_PR_AUC_std": 0.00870004409349911,
      "test_Precision_mean": 0.884764683837558,
      "test_Precision_std": 0.026011433353891167,
      "test_ROC_AUC_mean": 0.9582462424497823,
      "test_ROC_AUC_std": 0.003983705366878411,
      "test_Sensitivity_mean": 0.801428571428562,
      "test_Sensitivity_std": 0.025503400453272505,
      "test_Specificity_mean": 0.9738643067846579,
      "test_Specificity_std": 0.0071517707517481394,
      "val_Precision_mean": 0.9008364244448608,
      "val_Precision_std": 0.026093303962670494,
      "val_Sensitivity_mean": 0.7716666666666575,
      "val_Sensitivity_std": 0.013324045772653495,
      "val_Specificity_mean": 0.9787020648967523,
      "val_Specificity_std": 0.006828622170899525,
      "val_score_mean": 0.830904959560073,
      "val_score_std": 0.009342068341481671,
      "val_thr_mean": 0.4028987329408893,
      "val_thr_std": 0.046911600406744185
    },
    {
      "criterion": "youden",
      "feature_set": "c110_d110_errors_snr",
      "model": "rf",
      "param_hash": "c9f085089650",
      "param_index": 7,
      "test_Brier_mean": 0.051239617360636674,
      "test_Brier_std": 0.002050204870477677,
      "test_LogLoss_mean": 0.1931629606573755,
      "test_LogLoss_std": 0.006455855935979164,
      "test_PR_AUC_mean": 0.8896898017893967,
      "test_PR_AUC_std": 0.00870004409349911,
      "test_Precision_mean": 0.8303485886002808,
      "test_Precision_std": 0.0634633542384652,
      "test_ROC_AUC_mean": 0.9582462424497823,
      "test_ROC_AUC_std": 0.003983705366878411,
      "test_Sensitivity_mean": 0.8495238095237994,
      "test_Sensitivity_std": 0.0396488357031228,
      "test_Specificity_mean": 0.9546312684365753,
      "test_Specificity_std": 0.024214545844133056,
      "val_Precision_mean": 0.8342467304594456,
      "val_Precision_std": 0.07175211090493176,
      "val_Sensitivity_mean": 0.7992857142857048,
      "val_Sensitivity_std": 0.026675212083524927,
      "val_Specificity_mean": 0.9580530973451299,
      "val_Specificity_std": 0.024854398634554624,
      "val_score_mean": 0.7573388116308347,
      "val_score_std": 0.008461265696796002,
      "val_thr_mean": 0.3072112205305697,
      "val_thr_std": 0.0808253582416064
    }
  ],
  "task_id": 583,
  "thr_grid_size": 600
}