{
  "feature_set": "c110_d110_snr",
  "model": "bbag",
  "n_bootstrap": 50,
  "param_hash": "1336419b5077",
  "param_index": 17,
  "params": {
    "base_max_depth": 10,
    "base_max_features": "sqrt",
    "base_min_samples_leaf": 4,
    "base_min_samples_split": 2,
    "bootstrap": true,
    "max_features": 1.0,
    "max_samples": 0.9,
    "n_estimators": 500,
    "replacement": true,
    "sampling_strategy": "auto"
  },
  "runtime_s": 70.59781336784363,
  "summary_preview": [
    {
      "criterion": "f1",
      "feature_set": "c110_d110_snr",
      "model": "bbag",
      "param_hash": "1336419b5077",
      "param_index": 17,
      "test_Brier_mean": 0.09359055329583027,
      "test_Brier_std": 0.0029880347142988207,
      "test_LogLoss_mean": 0.3305794959240196,
      "test_LogLoss_std": 0.008924932128418637,
      "test_PR_AUC_mean": 0.8306971842029298,
      "test_PR_AUC_std": 0.010448869015267374,
      "test_Precision_mean": 0.7882722085990983,
      "test_Precision_std": 0.037037999052086434,
      "test_ROC_AUC_mean": 0.9322194128388819,
      "test_ROC_AUC_std": 0.005595973222258286,
      "test_Sensitivity_mean": 0.6999999999999917,
      "test_Sensitivity_std": 0.047069226201013205,
      "test_Specificity_mean": 0.9524483775811181,
      "test_Specificity_std": 0.01357220041021534,
      "val_Precision_mean": 0.770032260889088,
      "val_Precision_std": 0.043758054921541105,
      "val_Sensitivity_mean": 0.7076190476190392,
      "val_Sensitivity_std": 0.034949703718270365,
      "val_Specificity_mean": 0.9463716814159264,
      "val_Specificity_std": 0.015560040434299744,
      "val_score_mean": 0.7356270992092335,
      "val_score_std": 0.01165679111730745,
      "val_thr_mean": 0.5224014349777697,
      "val_thr_std": 0.0396027520750521
    },
    {
      "criterion": "youden",
      "feature_set": "c110_d110_snr",
      "model": "bbag",
      "param_hash": "1336419b5077",
      "param_index": 17,
      "test_Brier_mean": 0.09359055329583027,
      "test_Brier_std": 0.0029880347142988207,
      "test_LogLoss_mean": 0.3305794959240196,
      "test_LogLoss_std": 0.008924932128418637,
      "test_PR_AUC_mean": 0.8306971842029298,
      "test_PR_AUC_std": 0.010448869015267374,
      "test_Precision_mean": 0.6743654067432067,
      "test_Precision_std": 0.052263731961768145,
      "test_ROC_AUC_mean": 0.9322194128388819,
      "test_ROC_AUC_std": 0.005595973222258286,
      "test_Sensitivity_mean": 0.7899999999999906,
      "test_Sensitivity_std": 0.03778113951717469,
      "test_Specificity_mean": 0.9031858407079619,
      "test_Specificity_std": 0.02416168489111692,
      "val_Precision_mean": 0.6677277904702825,
      "val_Precision_std": 0.035782927015763806,
      "val_Sensitivity_mean": 0.7776190476190383,
      "val_Sensitivity_std": 0.019751334885656856,
      "val_Specificity_mean": 0.9030678466076669,
      "val_Specificity_std": 0.016429597080901838,
      "val_score_mean": 0.6806868942267053,
      "val_score_std": 0.011927293912377181,
      "val_thr_mean": 0.43493651762472757,
      "val_thr_std": 0.031813468610577336
    }
  ],
  "task_id": 569,
  "thr_grid_size": 600
}