{
  "feature_set": "c110_d110_errors",
  "model": "bbag",
  "n_bootstrap": 50,
  "param_hash": "3cf7bee03f20",
  "param_index": 23,
  "params": {
    "base_max_depth": 20,
    "base_max_features": "sqrt",
    "base_min_samples_leaf": 4,
    "base_min_samples_split": 4,
    "bootstrap": true,
    "max_features": 0.9,
    "max_samples": 0.7,
    "n_estimators": 200,
    "replacement": false,
    "sampling_strategy": "auto"
  },
  "runtime_s": 52.901368618011475,
  "summary_preview": [
    {
      "criterion": "f1",
      "feature_set": "c110_d110_errors",
      "model": "bbag",
      "param_hash": "3cf7bee03f20",
      "param_index": 23,
      "test_Brier_mean": 0.09010260838043163,
      "test_Brier_std": 0.002846555096939338,
      "test_LogLoss_mean": 0.3184718215663291,
      "test_LogLoss_std": 0.00699047735636164,
      "test_PR_AUC_mean": 0.840923035482102,
      "test_PR_AUC_std": 0.013788879777798567,
      "test_Precision_mean": 0.7778582390586957,
      "test_Precision_std": 0.04771695394608632,
      "test_ROC_AUC_mean": 0.943543334738025,
      "test_ROC_AUC_std": 0.006588701054184945,
      "test_Sensitivity_mean": 0.7147619047618963,
      "test_Sensitivity_std": 0.05191728702936215,
      "test_Specificity_mean": 0.9477286135693187,
      "test_Specificity_std": 0.018388438747328626,
      "val_Precision_mean": 0.7641511801409681,
      "val_Precision_std": 0.05274491546449284,
      "val_Sensitivity_mean": 0.7040476190476107,
      "val_Sensitivity_std": 0.04295758126074572,
      "val_Specificity_mean": 0.9443067846607641,
      "val_Specificity_std": 0.019002067487287885,
      "val_score_mean": 0.7301282200556869,
      "val_score_std": 0.015490929117923396,
      "val_thr_mean": 0.5242665357085414,
      "val_thr_std": 0.05035136820545341
    },
    {
      "criterion": "youden",
      "feature_set": "c110_d110_errors",
      "model": "bbag",
      "param_hash": "3cf7bee03f20",
      "param_index": 23,
      "test_Brier_mean": 0.09010260838043163,
      "test_Brier_std": 0.002846555096939338,
      "test_LogLoss_mean": 0.3184718215663291,
      "test_LogLoss_std": 0.00699047735636164,
      "test_PR_AUC_mean": 0.840923035482102,
      "test_PR_AUC_std": 0.013788879777798567,
      "test_Precision_mean": 0.6673445215656574,
      "test_Precision_std": 0.052461942083806834,
      "test_ROC_AUC_mean": 0.943543334738025,
      "test_ROC_AUC_std": 0.006588701054184945,
      "test_Sensitivity_mean": 0.8202380952380856,
      "test_Sensitivity_std": 0.041744686083787175,
      "test_Specificity_mean": 0.8964011799410002,
      "test_Specificity_std": 0.026036300193764943,
      "val_Precision_mean": 0.6469935452605684,
      "val_Precision_std": 0.04726948205587684,
      "val_Sensitivity_mean": 0.7840476190476098,
      "val_Sensitivity_std": 0.022944691823444996,
      "val_Specificity_mean": 0.8919764011799383,
      "val_Specificity_std": 0.024324303872792517,
      "val_score_mean": 0.676024020227548,
      "val_score_std": 0.015961242864954966,
      "val_thr_mean": 0.42632797696474867,
      "val_thr_std": 0.0301341492167314
    }
  ],
  "task_id": 383,
  "thr_grid_size": 600
}