{
  "feature_set": "c110",
  "model": "bbag",
  "n_bootstrap": 50,
  "param_hash": "7e933b59b165",
  "param_index": 1,
  "params": {
    "base_max_depth": 10,
    "base_max_features": "0.3",
    "base_min_samples_leaf": 4,
    "base_min_samples_split": 4,
    "bootstrap": true,
    "max_features": 0.9,
    "max_samples": 0.5,
    "n_estimators": 500,
    "replacement": false,
    "sampling_strategy": "auto"
  },
  "runtime_s": 55.54791259765625,
  "summary_preview": [
    {
      "criterion": "f1",
      "feature_set": "c110",
      "model": "bbag",
      "param_hash": "7e933b59b165",
      "param_index": 1,
      "test_Brier_mean": 0.07891495929627278,
      "test_Brier_std": 0.0025415902213778313,
      "test_LogLoss_mean": 0.2909717317604334,
      "test_LogLoss_std": 0.00804489871954575,
      "test_PR_AUC_mean": 0.8795666220620483,
      "test_PR_AUC_std": 0.006457637733496855,
      "test_Precision_mean": 0.8368952868854967,
      "test_Precision_std": 0.018338552533165575,
      "test_ROC_AUC_mean": 0.9559165613147914,
      "test_ROC_AUC_std": 0.003688393499042622,
      "test_Sensitivity_mean": 0.7826190476190383,
      "test_Sensitivity_std": 0.04307860392317924,
      "test_Specificity_mean": 0.9619469026548643,
      "test_Specificity_std": 0.006480639064150707,
      "val_Precision_mean": 0.8020386749817962,
      "val_Precision_std": 0.02950274400476548,
      "val_Sensitivity_mean": 0.7580952380952292,
      "val_Sensitivity_std": 0.031765866819348024,
      "val_Specificity_mean": 0.9530383480825929,
      "val_Specificity_std": 0.01019840979021052,
      "val_score_mean": 0.7783734357092377,
      "val_score_std": 0.009801507459310885,
      "val_thr_mean": 0.5240038508199973,
      "val_thr_std": 0.04533438044059542
    },
    {
      "criterion": "youden",
      "feature_set": "c110",
      "model": "bbag",
      "param_hash": "7e933b59b165",
      "param_index": 1,
      "test_Brier_mean": 0.07891495929627278,
      "test_Brier_std": 0.0025415902213778313,
      "test_LogLoss_mean": 0.2909717317604334,
      "test_LogLoss_std": 0.00804489871954575,
      "test_PR_AUC_mean": 0.8795666220620483,
      "test_PR_AUC_std": 0.006457637733496855,
      "test_Precision_mean": 0.7764626620288788,
      "test_Precision_std": 0.05673401988101447,
      "test_ROC_AUC_mean": 0.9559165613147914,
      "test_ROC_AUC_std": 0.003688393499042622,
      "test_Sensitivity_mean": 0.8476190476190376,
      "test_Sensitivity_std": 0.030422693571425317,
      "test_Specificity_mean": 0.9374041297935075,
      "test_Specificity_std": 0.02429800716243927,
      "val_Precision_mean": 0.7228020397550584,
      "val_Precision_std": 0.048170227159678815,
      "val_Sensitivity_mean": 0.8080952380952285,
      "val_Sensitivity_std": 0.01933696653544455,
      "val_Specificity_mean": 0.921651917404127,
      "val_Specificity_std": 0.02023774150278335,
      "val_score_mean": 0.7297471554993555,
      "val_score_std": 0.0127967739991466,
      "val_thr_mean": 0.4458755213034482,
      "val_thr_std": 0.03774078463205632
    }
  ],
  "task_id": 73,
  "thr_grid_size": 600
}