{
  "feature_set": "c110",
  "model": "bbag",
  "n_bootstrap": 50,
  "param_hash": "3cf7bee03f20",
  "param_index": 23,
  "params": {
    "base_max_depth": 20,
    "base_max_features": "sqrt",
    "base_min_samples_leaf": 4,
    "base_min_samples_split": 4,
    "bootstrap": true,
    "max_features": 0.9,
    "max_samples": 0.7,
    "n_estimators": 200,
    "replacement": false,
    "sampling_strategy": "auto"
  },
  "runtime_s": 27.26902747154236,
  "summary_preview": [
    {
      "criterion": "f1",
      "feature_set": "c110",
      "model": "bbag",
      "param_hash": "3cf7bee03f20",
      "param_index": 23,
      "test_Brier_mean": 0.09494867879673922,
      "test_Brier_std": 0.002830202564342469,
      "test_LogLoss_mean": 0.3363771719369085,
      "test_LogLoss_std": 0.008139116390623482,
      "test_PR_AUC_mean": 0.8343403908051507,
      "test_PR_AUC_std": 0.01050961655866517,
      "test_Precision_mean": 0.7579530710284814,
      "test_Precision_std": 0.05389662706477781,
      "test_ROC_AUC_mean": 0.9355092007304396,
      "test_ROC_AUC_std": 0.005378814800973377,
      "test_Sensitivity_mean": 0.759999999999991,
      "test_Sensitivity_std": 0.055022197969771314,
      "test_Specificity_mean": 0.9375221238938025,
      "test_Specificity_std": 0.023339204672608495,
      "val_Precision_mean": 0.7173438794652889,
      "val_Precision_std": 0.04579530539059632,
      "val_Sensitivity_mean": 0.7349999999999913,
      "val_Sensitivity_std": 0.04287670971101343,
      "val_Specificity_mean": 0.926430678466074,
      "val_Specificity_std": 0.020231159252760648,
      "val_score_mean": 0.7236222223660654,
      "val_score_std": 0.013529314560767296,
      "val_thr_mean": 0.48040883062487744,
      "val_thr_std": 0.04055830240387955
    },
    {
      "criterion": "youden",
      "feature_set": "c110",
      "model": "bbag",
      "param_hash": "3cf7bee03f20",
      "param_index": 23,
      "test_Brier_mean": 0.09494867879673922,
      "test_Brier_std": 0.002830202564342469,
      "test_LogLoss_mean": 0.3363771719369085,
      "test_LogLoss_std": 0.008139116390623482,
      "test_PR_AUC_mean": 0.8343403908051507,
      "test_PR_AUC_std": 0.01050961655866517,
      "test_Precision_mean": 0.6467652666890453,
      "test_Precision_std": 0.05406594488556016,
      "test_ROC_AUC_mean": 0.9355092007304396,
      "test_ROC_AUC_std": 0.005378814800973377,
      "test_Sensitivity_mean": 0.8383333333333235,
      "test_Sensitivity_std": 0.028263034364365548,
      "test_Specificity_mean": 0.8838348082595843,
      "test_Specificity_std": 0.029012246170769678,
      "val_Precision_mean": 0.6362683422316987,
      "val_Precision_std": 0.031858974303092806,
      "val_Sensitivity_mean": 0.8002380952380858,
      "val_Sensitivity_std": 0.02128094054039125,
      "val_Specificity_mean": 0.8856047197640092,
      "val_Specificity_std": 0.017772108827605767,
      "val_score_mean": 0.6858428150020949,
      "val_score_std": 0.01385330340408316,
      "val_thr_mean": 0.412592208035013,
      "val_thr_std": 0.027586699105580013
    }
  ],
  "task_id": 95,
  "thr_grid_size": 600
}