{
  "feature_set": "c110",
  "model": "brf",
  "n_bootstrap": 50,
  "param_hash": "90b0556e3e1a",
  "param_index": 17,
  "params": {
    "max_depth": 30,
    "max_features": "sqrt",
    "min_samples_leaf": 1,
    "min_samples_split": 2,
    "n_estimators": 800,
    "replacement": true,
    "sampling_strategy": "auto"
  },
  "runtime_s": 272.7907359600067,
  "summary_preview": [
    {
      "criterion": "f1",
      "feature_set": "c110",
      "model": "brf",
      "param_hash": "90b0556e3e1a",
      "param_index": 17,
      "test_Brier_mean": 0.07383740048758865,
      "test_Brier_std": 0.0032704905241451505,
      "test_LogLoss_mean": 0.2705776322962368,
      "test_LogLoss_std": 0.008953157798377695,
      "test_PR_AUC_mean": 0.90145329586908,
      "test_PR_AUC_std": 0.006904835771171055,
      "test_Precision_mean": 0.8820235755464371,
      "test_Precision_std": 0.032383400393935564,
      "test_ROC_AUC_mean": 0.9630741677201854,
      "test_ROC_AUC_std": 0.0035106450304686443,
      "test_Sensitivity_mean": 0.7692857142857052,
      "test_Sensitivity_std": 0.043418337370189894,
      "test_Specificity_mean": 0.9739233038348053,
      "test_Specificity_std": 0.00923949760626637,
      "val_Precision_mean": 0.8874608829080413,
      "val_Precision_std": 0.0433910401414193,
      "val_Sensitivity_mean": 0.7535714285714197,
      "val_Sensitivity_std": 0.028381495354215025,
      "val_Specificity_mean": 0.9755162241887877,
      "val_Specificity_std": 0.011216882978681965,
      "val_score_mean": 0.8137127462371179,
      "val_score_std": 0.011023060505231505,
      "val_thr_mean": 0.5944855175292154,
      "val_thr_std": 0.05448372612108517
    },
    {
      "criterion": "youden",
      "feature_set": "c110",
      "model": "brf",
      "param_hash": "90b0556e3e1a",
      "param_index": 17,
      "test_Brier_mean": 0.07383740048758865,
      "test_Brier_std": 0.0032704905241451505,
      "test_LogLoss_mean": 0.2705776322962368,
      "test_LogLoss_std": 0.008953157798377695,
      "test_PR_AUC_mean": 0.90145329586908,
      "test_PR_AUC_std": 0.006904835771171055,
      "test_Precision_mean": 0.8037820213369173,
      "test_Precision_std": 0.04245886834443006,
      "test_ROC_AUC_mean": 0.9630741677201854,
      "test_ROC_AUC_std": 0.0035106450304686443,
      "test_Sensitivity_mean": 0.8566666666666565,
      "test_Sensitivity_std": 0.03126292596755353,
      "test_Specificity_mean": 0.9471386430678437,
      "test_Specificity_std": 0.015262167308103055,
      "val_Precision_mean": 0.7908206871404464,
      "val_Precision_std": 0.04309436735523542,
      "val_Sensitivity_mean": 0.803571428571419,
      "val_Sensitivity_std": 0.017714852598638992,
      "val_Specificity_mean": 0.9463716814159264,
      "val_Specificity_std": 0.014931033315449855,
      "val_score_mean": 0.7499431099873454,
      "val_score_std": 0.011970578721345132,
      "val_thr_mean": 0.48090872287145237,
      "val_thr_std": 0.04171078217033379
    }
  ],
  "task_id": 65,
  "thr_grid_size": 600
}