{
  "feature_set": "c110_errors",
  "model": "bbag",
  "n_bootstrap": 50,
  "param_hash": "0c81cf660cb8",
  "param_index": 10,
  "params": {
    "base_max_depth": 20,
    "base_max_features": "0.5",
    "base_min_samples_leaf": 2,
    "base_min_samples_split": 8,
    "bootstrap": true,
    "max_features": 0.7,
    "max_samples": 0.9,
    "n_estimators": 500,
    "replacement": false,
    "sampling_strategy": "auto"
  },
  "runtime_s": 81.06683897972107,
  "summary_preview": [
    {
      "criterion": "f1",
      "feature_set": "c110_errors",
      "model": "bbag",
      "param_hash": "0c81cf660cb8",
      "param_index": 10,
      "test_Brier_mean": 0.06525657361992616,
      "test_Brier_std": 0.002546642321858673,
      "test_LogLoss_mean": 0.24650254510854752,
      "test_LogLoss_std": 0.00784153078492854,
      "test_PR_AUC_mean": 0.9018250037478159,
      "test_PR_AUC_std": 0.007185936588553236,
      "test_Precision_mean": 0.8679572199256608,
      "test_Precision_std": 0.017575065087371826,
      "test_ROC_AUC_mean": 0.9668893102963899,
      "test_ROC_AUC_std": 0.0028897734553566066,
      "test_Sensitivity_mean": 0.7780952380952288,
      "test_Sensitivity_std": 0.028636143101835265,
      "test_Specificity_mean": 0.9705014749262507,
      "test_Specificity_std": 0.005229529560046695,
      "val_Precision_mean": 0.8591424958202264,
      "val_Precision_std": 0.028244029993719135,
      "val_Sensitivity_mean": 0.7533333333333245,
      "val_Sensitivity_std": 0.018164666561657855,
      "val_Specificity_mean": 0.9690265486725634,
      "val_Specificity_std": 0.007934332230831289,
      "val_score_mean": 0.8021930450447889,
      "val_score_std": 0.007688004904084196,
      "val_thr_mean": 0.5525248916842905,
      "val_thr_std": 0.043095227279150335
    },
    {
      "criterion": "youden",
      "feature_set": "c110_errors",
      "model": "bbag",
      "param_hash": "0c81cf660cb8",
      "param_index": 10,
      "test_Brier_mean": 0.06525657361992616,
      "test_Brier_std": 0.002546642321858673,
      "test_LogLoss_mean": 0.24650254510854752,
      "test_LogLoss_std": 0.00784153078492854,
      "test_PR_AUC_mean": 0.9018250037478159,
      "test_PR_AUC_std": 0.007185936588553236,
      "test_Precision_mean": 0.8082691886101929,
      "test_Precision_std": 0.03035878588010396,
      "test_ROC_AUC_mean": 0.9668893102963899,
      "test_ROC_AUC_std": 0.0028897734553566066,
      "test_Sensitivity_mean": 0.8742857142857039,
      "test_Sensitivity_std": 0.03503236242063558,
      "test_Specificity_mean": 0.9479646017699086,
      "test_Specificity_std": 0.011629014678214332,
      "val_Precision_mean": 0.7622778130153407,
      "val_Precision_std": 0.039159556579688524,
      "val_Sensitivity_mean": 0.8052380952380856,
      "val_Sensitivity_std": 0.01843650371818709,
      "val_Specificity_mean": 0.93687315634218,
      "val_Specificity_std": 0.014512579315400332,
      "val_score_mean": 0.7421112515802658,
      "val_score_std": 0.011538003789864946,
      "val_thr_mean": 0.43023234948145117,
      "val_thr_std": 0.03635828327832766
    }
  ],
  "task_id": 274,
  "thr_grid_size": 600
}