{
  "feature_set": "c110_snr",
  "model": "bbag",
  "n_bootstrap": 50,
  "param_hash": "f2c3f79325ee",
  "param_index": 9,
  "params": {
    "base_max_depth": null,
    "base_max_features": "0.5",
    "base_min_samples_leaf": 1,
    "base_min_samples_split": 2,
    "bootstrap": true,
    "max_features": 0.5,
    "max_samples": 1.0,
    "n_estimators": 1200,
    "replacement": true,
    "sampling_strategy": "auto"
  },
  "runtime_s": 143.70247864723206,
  "summary_preview": [
    {
      "criterion": "f1",
      "feature_set": "c110_snr",
      "model": "bbag",
      "param_hash": "f2c3f79325ee",
      "param_index": 9,
      "test_Brier_mean": 0.07647263445626477,
      "test_Brier_std": 0.002821013501862657,
      "test_LogLoss_mean": 0.2833608729840283,
      "test_LogLoss_std": 0.007835452194595277,
      "test_PR_AUC_mean": 0.8753333904773166,
      "test_PR_AUC_std": 0.011068028184118204,
      "test_Precision_mean": 0.831181691499097,
      "test_Precision_std": 0.027385096511464146,
      "test_ROC_AUC_mean": 0.9541326028936647,
      "test_ROC_AUC_std": 0.0046916480235080415,
      "test_Sensitivity_mean": 0.7838095238095145,
      "test_Sensitivity_std": 0.038207439238467,
      "test_Specificity_mean": 0.9600589970501445,
      "test_Specificity_std": 0.009217367963129703,
      "val_Precision_mean": 0.8115691130002675,
      "val_Precision_std": 0.041947266857378304,
      "val_Sensitivity_mean": 0.7702380952380861,
      "val_Sensitivity_std": 0.028886543795004823,
      "val_Specificity_mean": 0.9547492625368703,
      "val_Specificity_std": 0.013254053092726465,
      "val_score_mean": 0.7890165003911307,
      "val_score_std": 0.013223195539300531,
      "val_thr_mean": 0.4679880912632165,
      "val_thr_std": 0.03690301744248719
    },
    {
      "criterion": "youden",
      "feature_set": "c110_snr",
      "model": "bbag",
      "param_hash": "f2c3f79325ee",
      "param_index": 9,
      "test_Brier_mean": 0.07647263445626477,
      "test_Brier_std": 0.002821013501862657,
      "test_LogLoss_mean": 0.2833608729840283,
      "test_LogLoss_std": 0.007835452194595277,
      "test_PR_AUC_mean": 0.8753333904773166,
      "test_PR_AUC_std": 0.011068028184118204,
      "test_Precision_mean": 0.7852427431488106,
      "test_Precision_std": 0.042186472147058965,
      "test_ROC_AUC_mean": 0.9541326028936647,
      "test_ROC_AUC_std": 0.0046916480235080415,
      "test_Sensitivity_mean": 0.8430952380952281,
      "test_Sensitivity_std": 0.03187947738364614,
      "test_Specificity_mean": 0.9417699115044219,
      "test_Specificity_std": 0.01666356309237442,
      "val_Precision_mean": 0.7439543718898801,
      "val_Precision_std": 0.04251924355360449,
      "val_Sensitivity_mean": 0.8088095238095143,
      "val_Sensitivity_std": 0.015846471163668083,
      "val_Specificity_mean": 0.9299705014749234,
      "val_Specificity_std": 0.016737996142930672,
      "val_score_mean": 0.7387800252844378,
      "val_score_std": 0.014732624910582142,
      "val_thr_mean": 0.41409629938786874,
      "val_thr_std": 0.025128481699949797
    }
  ],
  "task_id": 465,
  "thr_grid_size": 600
}