{
  "feature_set": "c110",
  "model": "et",
  "n_bootstrap": 50,
  "param_hash": "65766ad22241",
  "param_index": 15,
  "params": {
    "bootstrap": true,
    "max_depth": 10,
    "max_features": "sqrt",
    "max_samples": 0.8,
    "min_samples_leaf": 1,
    "min_samples_split": 4,
    "n_estimators": 4000
  },
  "runtime_s": 1617.745213508606,
  "summary_preview": [
    {
      "criterion": "f1",
      "feature_set": "c110",
      "model": "et",
      "param_hash": "65766ad22241",
      "param_index": 15,
      "test_Brier_mean": 0.07370764769491754,
      "test_Brier_std": 0.001217324451323301,
      "test_LogLoss_mean": 0.2573676180678096,
      "test_LogLoss_std": 0.003425336062416005,
      "test_PR_AUC_mean": 0.8614367305178696,
      "test_PR_AUC_std": 0.007262530571410407,
      "test_Precision_mean": 0.8401374868646079,
      "test_Precision_std": 0.013990149668393667,
      "test_ROC_AUC_mean": 0.9474694479561737,
      "test_ROC_AUC_std": 0.0035326156739845624,
      "test_Sensitivity_mean": 0.737619047619039,
      "test_Sensitivity_std": 0.021774021460243556,
      "test_Specificity_mean": 0.965132743362829,
      "test_Specificity_std": 0.00407220090957538,
      "val_Precision_mean": 0.7962617480775291,
      "val_Precision_std": 0.020109387902789065,
      "val_Sensitivity_mean": 0.7085714285714202,
      "val_Sensitivity_std": 0.01721639555761037,
      "val_Specificity_mean": 0.9548672566371653,
      "val_Specificity_std": 0.006507983654226892,
      "val_score_mean": 0.7495284982036007,
      "val_score_std": 0.00964757361132261,
      "val_thr_mean": 0.3230745367425265,
      "val_thr_std": 0.015320813056418421
    },
    {
      "criterion": "youden",
      "feature_set": "c110",
      "model": "et",
      "param_hash": "65766ad22241",
      "param_index": 15,
      "test_Brier_mean": 0.07370764769491754,
      "test_Brier_std": 0.001217324451323301,
      "test_LogLoss_mean": 0.2573676180678096,
      "test_LogLoss_std": 0.003425336062416005,
      "test_PR_AUC_mean": 0.8614367305178696,
      "test_PR_AUC_std": 0.007262530571410407,
      "test_Precision_mean": 0.6896459340241928,
      "test_Precision_std": 0.04970584075058334,
      "test_ROC_AUC_mean": 0.9474694479561737,
      "test_ROC_AUC_std": 0.0035326156739845624,
      "test_Sensitivity_mean": 0.8457142857142758,
      "test_Sensitivity_std": 0.024166421317457675,
      "test_Specificity_mean": 0.9037758112094367,
      "test_Specificity_std": 0.02332550473912429,
      "val_Precision_mean": 0.6495881430505784,
      "val_Precision_std": 0.03054572212342292,
      "val_Sensitivity_mean": 0.8011904761904667,
      "val_Sensitivity_std": 0.012322599273970487,
      "val_Specificity_mean": 0.8921533923303808,
      "val_Specificity_std": 0.014354601841411692,
      "val_score_mean": 0.6933438685208475,
      "val_score_std": 0.009879427121811384,
      "val_thr_mean": 0.2188586693127867,
      "val_thr_std": 0.01991892490237153
    }
  ],
  "task_id": 39,
  "thr_grid_size": 600
}