{
  "feature_set": "c110_errors",
  "model": "rf",
  "n_bootstrap": 50,
  "param_hash": "551bbcb96f06",
  "param_index": 22,
  "params": {
    "bootstrap": true,
    "class_weight": null,
    "max_depth": null,
    "max_features": "0.5",
    "min_samples_leaf": 4,
    "min_samples_split": 4,
    "n_estimators": 800
  },
  "runtime_s": 1008.4451169967651,
  "summary_preview": [
    {
      "criterion": "f1",
      "feature_set": "c110_errors",
      "model": "rf",
      "param_hash": "551bbcb96f06",
      "param_index": 22,
      "test_Brier_mean": 0.05247922101423418,
      "test_Brier_std": 0.0031759223954954713,
      "test_LogLoss_mean": 0.18928753507943422,
      "test_LogLoss_std": 0.008274258598569726,
      "test_PR_AUC_mean": 0.900157485198098,
      "test_PR_AUC_std": 0.011611329706679756,
      "test_Precision_mean": 0.896985067593545,
      "test_Precision_std": 0.029670077253378186,
      "test_ROC_AUC_mean": 0.9615788734372805,
      "test_ROC_AUC_std": 0.005291204837008772,
      "test_Sensitivity_mean": 0.7621428571428481,
      "test_Sensitivity_std": 0.06654377469507272,
      "test_Specificity_mean": 0.9776991150442449,
      "test_Specificity_std": 0.008660103576208665,
      "val_Precision_mean": 0.9040490759858341,
      "val_Precision_std": 0.04395458576874361,
      "val_Sensitivity_mean": 0.7259523809523724,
      "val_Sensitivity_std": 0.03948289591496523,
      "val_Specificity_mean": 0.979999999999997,
      "val_Specificity_std": 0.010879987622159573,
      "val_score_mean": 0.8033596995847546,
      "val_score_std": 0.013863123429778202,
      "val_thr_mean": 0.47510619378659413,
      "val_thr_std": 0.09394597209314794
    },
    {
      "criterion": "youden",
      "feature_set": "c110_errors",
      "model": "rf",
      "param_hash": "551bbcb96f06",
      "param_index": 22,
      "test_Brier_mean": 0.05247922101423418,
      "test_Brier_std": 0.0031759223954954713,
      "test_LogLoss_mean": 0.18928753507943422,
      "test_LogLoss_std": 0.008274258598569726,
      "test_PR_AUC_mean": 0.900157485198098,
      "test_PR_AUC_std": 0.011611329706679756,
      "test_Precision_mean": 0.7899966686686644,
      "test_Precision_std": 0.060452515640768,
      "test_ROC_AUC_mean": 0.9615788734372805,
      "test_ROC_AUC_std": 0.005291204837008772,
      "test_Sensitivity_mean": 0.8602380952380851,
      "test_Sensitivity_std": 0.04115575981859045,
      "test_Specificity_mean": 0.941179941002947,
      "test_Specificity_std": 0.02268887102051132,
      "val_Precision_mean": 0.755535069619989,
      "val_Precision_std": 0.07954636711630352,
      "val_Sensitivity_mean": 0.8009523809523715,
      "val_Sensitivity_std": 0.030426496170474236,
      "val_Specificity_mean": 0.9320943952802332,
      "val_Specificity_std": 0.0304610295537208,
      "val_score_mean": 0.7330467762326046,
      "val_score_std": 0.021028287299438956,
      "val_thr_mean": 0.2892859419239155,
      "val_thr_std": 0.07314602619378226
    }
  ],
  "task_id": 214,
  "thr_grid_size": 600
}