{
  "feature_set": "c110_errors",
  "model": "bbag",
  "n_bootstrap": 50,
  "param_hash": "7e933b59b165",
  "param_index": 1,
  "params": {
    "base_max_depth": 10,
    "base_max_features": "0.3",
    "base_min_samples_leaf": 4,
    "base_min_samples_split": 4,
    "bootstrap": true,
    "max_features": 0.9,
    "max_samples": 0.5,
    "n_estimators": 500,
    "replacement": false,
    "sampling_strategy": "auto"
  },
  "runtime_s": 66.45559668540955,
  "summary_preview": [
    {
      "criterion": "f1",
      "feature_set": "c110_errors",
      "model": "bbag",
      "param_hash": "7e933b59b165",
      "param_index": 1,
      "test_Brier_mean": 0.07959447313708311,
      "test_Brier_std": 0.0031256267643261664,
      "test_LogLoss_mean": 0.29182663014777505,
      "test_LogLoss_std": 0.008731868447541993,
      "test_PR_AUC_mean": 0.878680299840639,
      "test_PR_AUC_std": 0.009925810059036063,
      "test_Precision_mean": 0.8298341503442053,
      "test_Precision_std": 0.017788900455479133,
      "test_ROC_AUC_mean": 0.9600575923584773,
      "test_ROC_AUC_std": 0.0045276048872708715,
      "test_Sensitivity_mean": 0.7699999999999909,
      "test_Sensitivity_std": 0.04264877540337819,
      "test_Specificity_mean": 0.9606489675516195,
      "test_Specificity_std": 0.00594796945595027,
      "val_Precision_mean": 0.7921086613720882,
      "val_Precision_std": 0.04056312825665442,
      "val_Sensitivity_mean": 0.7449999999999912,
      "val_Sensitivity_std": 0.03182499492834017,
      "val_Specificity_mean": 0.9506194690265458,
      "val_Specificity_std": 0.012709611109001592,
      "val_score_mean": 0.766374836535787,
      "val_score_std": 0.013560285711765605,
      "val_thr_mean": 0.5290180240448404,
      "val_thr_std": 0.03806357720068233
    },
    {
      "criterion": "youden",
      "feature_set": "c110_errors",
      "model": "bbag",
      "param_hash": "7e933b59b165",
      "param_index": 1,
      "test_Brier_mean": 0.07959447313708311,
      "test_Brier_std": 0.0031256267643261664,
      "test_LogLoss_mean": 0.29182663014777505,
      "test_LogLoss_std": 0.008731868447541993,
      "test_PR_AUC_mean": 0.878680299840639,
      "test_PR_AUC_std": 0.009925810059036063,
      "test_Precision_mean": 0.7578468782256167,
      "test_Precision_std": 0.057134557341544975,
      "test_ROC_AUC_mean": 0.9600575923584773,
      "test_ROC_AUC_std": 0.0045276048872708715,
      "test_Sensitivity_mean": 0.8523809523809424,
      "test_Sensitivity_std": 0.041727361042126355,
      "test_Specificity_mean": 0.9300884955752184,
      "test_Specificity_std": 0.025572526630339196,
      "val_Precision_mean": 0.6990853043055516,
      "val_Precision_std": 0.04543333493958275,
      "val_Sensitivity_mean": 0.8038095238095143,
      "val_Sensitivity_std": 0.018511652822024008,
      "val_Specificity_mean": 0.9127433628318556,
      "val_Specificity_std": 0.0203683295287643,
      "val_score_mean": 0.7165528866413698,
      "val_score_std": 0.01107640904935976,
      "val_thr_mean": 0.44486648726668937,
      "val_thr_std": 0.0375643313562882
    }
  ],
  "task_id": 265,
  "thr_grid_size": 600
}