{
  "feature_set": "c110_errors",
  "model": "brf",
  "n_bootstrap": 50,
  "param_hash": "4fb00555df7e",
  "param_index": 2,
  "params": {
    "max_depth": 20,
    "max_features": "0.2",
    "min_samples_leaf": 1,
    "min_samples_split": 4,
    "n_estimators": 1500,
    "replacement": true,
    "sampling_strategy": "auto"
  },
  "runtime_s": 621.312947511673,
  "summary_preview": [
    {
      "criterion": "f1",
      "feature_set": "c110_errors",
      "model": "brf",
      "param_hash": "4fb00555df7e",
      "param_index": 2,
      "test_Brier_mean": 0.06789191791091445,
      "test_Brier_std": 0.0029952586959602324,
      "test_LogLoss_mean": 0.2500753529183568,
      "test_LogLoss_std": 0.008968982474974891,
      "test_PR_AUC_mean": 0.9097987430857836,
      "test_PR_AUC_std": 0.008914174618941827,
      "test_Precision_mean": 0.889738029950821,
      "test_Precision_std": 0.030890007405508294,
      "test_ROC_AUC_mean": 0.9651078100856861,
      "test_ROC_AUC_std": 0.004163802717232681,
      "test_Sensitivity_mean": 0.7661904761904671,
      "test_Sensitivity_std": 0.05603270499339455,
      "test_Specificity_mean": 0.9758702064896725,
      "test_Specificity_std": 0.009284172487091215,
      "val_Precision_mean": 0.9073175256031017,
      "val_Precision_std": 0.04564804311337773,
      "val_Sensitivity_mean": 0.7419047619047531,
      "val_Sensitivity_std": 0.03046449605560925,
      "val_Specificity_mean": 0.980353982300882,
      "val_Specificity_std": 0.011733153329295568,
      "val_score_mean": 0.8148254071276,
      "val_score_std": 0.012488776420546807,
      "val_thr_mean": 0.6387547773182529,
      "val_thr_std": 0.06475292341363326
    },
    {
      "criterion": "youden",
      "feature_set": "c110_errors",
      "model": "brf",
      "param_hash": "4fb00555df7e",
      "param_index": 2,
      "test_Brier_mean": 0.06789191791091445,
      "test_Brier_std": 0.0029952586959602324,
      "test_LogLoss_mean": 0.2500753529183568,
      "test_LogLoss_std": 0.008968982474974891,
      "test_PR_AUC_mean": 0.9097987430857836,
      "test_PR_AUC_std": 0.008914174618941827,
      "test_Precision_mean": 0.801621464214389,
      "test_Precision_std": 0.05001699939878747,
      "test_ROC_AUC_mean": 0.9651078100856861,
      "test_ROC_AUC_std": 0.004163802717232681,
      "test_Sensitivity_mean": 0.8819047619047515,
      "test_Sensitivity_std": 0.038243758105259096,
      "test_Specificity_mean": 0.9444247787610591,
      "test_Specificity_std": 0.018962026456526206,
      "val_Precision_mean": 0.781229078135339,
      "val_Precision_std": 0.05989840170196692,
      "val_Sensitivity_mean": 0.8049999999999905,
      "val_Sensitivity_std": 0.023055354138152805,
      "val_Specificity_mean": 0.9422418879056019,
      "val_Specificity_std": 0.021213923154788653,
      "val_score_mean": 0.7472418879055924,
      "val_score_std": 0.015275401948195079,
      "val_thr_mean": 0.48604983556326187,
      "val_thr_std": 0.05321812860232847
    }
  ],
  "task_id": 242,
  "thr_grid_size": 600
}