{
  "feature_set": "c110_d110_errors",
  "model": "brf",
  "n_bootstrap": 50,
  "param_hash": "398f707beed4",
  "param_index": 4,
  "params": {
    "max_depth": 20,
    "max_features": "sqrt",
    "min_samples_leaf": 4,
    "min_samples_split": 2,
    "n_estimators": 2500,
    "replacement": true,
    "sampling_strategy": "auto"
  },
  "runtime_s": 850.9216997623444,
  "summary_preview": [
    {
      "criterion": "f1",
      "feature_set": "c110_d110_errors",
      "model": "brf",
      "param_hash": "398f707beed4",
      "param_index": 4,
      "test_Brier_mean": 0.07210815321761711,
      "test_Brier_std": 0.0029131954167727647,
      "test_LogLoss_mean": 0.26374491861507515,
      "test_LogLoss_std": 0.008785831155899353,
      "test_PR_AUC_mean": 0.9050663750717503,
      "test_PR_AUC_std": 0.006196685355533849,
      "test_Precision_mean": 0.8730870484030762,
      "test_Precision_std": 0.03410961262667119,
      "test_ROC_AUC_mean": 0.9662951257199045,
      "test_ROC_AUC_std": 0.0025195933526596308,
      "test_Sensitivity_mean": 0.7845238095238003,
      "test_Sensitivity_std": 0.04174468608378718,
      "test_Specificity_mean": 0.9710914454277257,
      "test_Specificity_std": 0.009972321589716983,
      "val_Precision_mean": 0.8667938513399852,
      "val_Precision_std": 0.046568880985479434,
      "val_Sensitivity_mean": 0.7499999999999912,
      "val_Sensitivity_std": 0.02974975456553686,
      "val_Specificity_mean": 0.9704424778761033,
      "val_Specificity_std": 0.012465259524595143,
      "val_score_mean": 0.8025681345045783,
      "val_score_std": 0.008975508459405226,
      "val_thr_mean": 0.6064019904125925,
      "val_thr_std": 0.05431718243919112
    },
    {
      "criterion": "youden",
      "feature_set": "c110_d110_errors",
      "model": "brf",
      "param_hash": "398f707beed4",
      "param_index": 4,
      "test_Brier_mean": 0.07210815321761711,
      "test_Brier_std": 0.0029131954167727647,
      "test_LogLoss_mean": 0.26374491861507515,
      "test_LogLoss_std": 0.008785831155899353,
      "test_PR_AUC_mean": 0.9050663750717503,
      "test_PR_AUC_std": 0.006196685355533849,
      "test_Precision_mean": 0.8197918912048611,
      "test_Precision_std": 0.03300728379052575,
      "test_ROC_AUC_mean": 0.9662951257199045,
      "test_ROC_AUC_std": 0.0025195933526596308,
      "test_Sensitivity_mean": 0.8485714285714185,
      "test_Sensitivity_std": 0.029558586370612462,
      "test_Specificity_mean": 0.9530973451327405,
      "test_Specificity_std": 0.012289647342113491,
      "val_Precision_mean": 0.7907211079862175,
      "val_Precision_std": 0.03478330263278565,
      "val_Sensitivity_mean": 0.7919047619047526,
      "val_Sensitivity_std": 0.013866542252135577,
      "val_Specificity_mean": 0.9474336283185812,
      "val_Specificity_std": 0.012324854688368733,
      "val_score_mean": 0.7393383902233337,
      "val_score_std": 0.00975895857926068,
      "val_thr_mean": 0.5214632668256618,
      "val_thr_std": 0.037222422445810435
    }
  ],
  "task_id": 340,
  "thr_grid_size": 600
}