{
  "feature_set": "c110_errors",
  "model": "bbag",
  "n_bootstrap": 50,
  "param_hash": "5fe73619adf5",
  "param_index": 8,
  "params": {
    "base_max_depth": 10,
    "base_max_features": "0.3",
    "base_min_samples_leaf": 2,
    "base_min_samples_split": 4,
    "bootstrap": true,
    "max_features": 0.5,
    "max_samples": 1.0,
    "n_estimators": 200,
    "replacement": true,
    "sampling_strategy": "auto"
  },
  "runtime_s": 44.69462513923645,
  "summary_preview": [
    {
      "criterion": "f1",
      "feature_set": "c110_errors",
      "model": "bbag",
      "param_hash": "5fe73619adf5",
      "param_index": 8,
      "test_Brier_mean": 0.08247398337129695,
      "test_Brier_std": 0.002982048675978636,
      "test_LogLoss_mean": 0.30058439121062835,
      "test_LogLoss_std": 0.008661143882632899,
      "test_PR_AUC_mean": 0.8662554875353033,
      "test_PR_AUC_std": 0.010606099397462498,
      "test_Precision_mean": 0.8205345039938408,
      "test_Precision_std": 0.02519398549942164,
      "test_ROC_AUC_mean": 0.9546242449782273,
      "test_ROC_AUC_std": 0.004987027079176578,
      "test_Sensitivity_mean": 0.7533333333333245,
      "test_Sensitivity_std": 0.06345338147871799,
      "test_Specificity_mean": 0.9586430678466047,
      "test_Specificity_std": 0.009394457751281542,
      "val_Precision_mean": 0.7938273824567342,
      "val_Precision_std": 0.050403809735259014,
      "val_Sensitivity_mean": 0.7199999999999914,
      "val_Sensitivity_std": 0.04577579276533471,
      "val_Specificity_mean": 0.9520943952802331,
      "val_Specificity_std": 0.016682202490089514,
      "val_score_mean": 0.7524653238145931,
      "val_score_std": 0.017636701625830305,
      "val_thr_mean": 0.5150266521208943,
      "val_thr_std": 0.04383568541723751
    },
    {
      "criterion": "youden",
      "feature_set": "c110_errors",
      "model": "bbag",
      "param_hash": "5fe73619adf5",
      "param_index": 8,
      "test_Brier_mean": 0.08247398337129695,
      "test_Brier_std": 0.002982048675978636,
      "test_LogLoss_mean": 0.30058439121062835,
      "test_LogLoss_std": 0.008661143882632899,
      "test_PR_AUC_mean": 0.8662554875353033,
      "test_PR_AUC_std": 0.010606099397462498,
      "test_Precision_mean": 0.7211606507119687,
      "test_Precision_std": 0.06535805648216016,
      "test_ROC_AUC_mean": 0.9546242449782273,
      "test_ROC_AUC_std": 0.004987027079176578,
      "test_Sensitivity_mean": 0.8528571428571327,
      "test_Sensitivity_std": 0.03928240113248966,
      "test_Specificity_mean": 0.9153392330383453,
      "test_Specificity_std": 0.028959312344759583,
      "val_Precision_mean": 0.6732383782232642,
      "val_Precision_std": 0.052199229216382294,
      "val_Sensitivity_mean": 0.7997619047618953,
      "val_Sensitivity_std": 0.0234039806316811,
      "val_Specificity_mean": 0.9017109144542745,
      "val_Specificity_std": 0.02420390951933148,
      "val_score_mean": 0.7014728192161698,
      "val_score_std": 0.01838176765750227,
      "val_thr_mean": 0.42416470607678586,
      "val_thr_std": 0.03331908938326374
    }
  ],
  "task_id": 272,
  "thr_grid_size": 600
}