{
  "feature_set": "c110_d110_errors",
  "model": "brf",
  "n_bootstrap": 50,
  "param_hash": "46f99e841907",
  "param_index": 7,
  "params": {
    "max_depth": 30,
    "max_features": "sqrt",
    "min_samples_leaf": 2,
    "min_samples_split": 8,
    "n_estimators": 1500,
    "replacement": true,
    "sampling_strategy": "auto"
  },
  "runtime_s": 512.8137831687927,
  "summary_preview": [
    {
      "criterion": "f1",
      "feature_set": "c110_d110_errors",
      "model": "brf",
      "param_hash": "46f99e841907",
      "param_index": 7,
      "test_Brier_mean": 0.0721571730593243,
      "test_Brier_std": 0.002981892971833947,
      "test_LogLoss_mean": 0.26333853018728176,
      "test_LogLoss_std": 0.008464503894778213,
      "test_PR_AUC_mean": 0.9052594360064198,
      "test_PR_AUC_std": 0.006707751820968936,
      "test_Precision_mean": 0.8843348720006589,
      "test_Precision_std": 0.03708071004899347,
      "test_ROC_AUC_mean": 0.9656278971765697,
      "test_ROC_AUC_std": 0.002896396065868863,
      "test_Sensitivity_mean": 0.7752380952380861,
      "test_Sensitivity_std": 0.04599011778994338,
      "test_Specificity_mean": 0.9741002949852477,
      "test_Specificity_std": 0.010765126599865286,
      "val_Precision_mean": 0.8781245489407645,
      "val_Precision_std": 0.05028404973891317,
      "val_Sensitivity_mean": 0.7454761904761817,
      "val_Sensitivity_std": 0.031715749243204396,
      "val_Specificity_mean": 0.9732153392330355,
      "val_Specificity_std": 0.013416915998886104,
      "val_score_mean": 0.8045140507597986,
      "val_score_std": 0.009874202791541534,
      "val_thr_mean": 0.6204836197895964,
      "val_thr_std": 0.05815937487471929
    },
    {
      "criterion": "youden",
      "feature_set": "c110_d110_errors",
      "model": "brf",
      "param_hash": "46f99e841907",
      "param_index": 7,
      "test_Brier_mean": 0.0721571730593243,
      "test_Brier_std": 0.002981892971833947,
      "test_LogLoss_mean": 0.26333853018728176,
      "test_LogLoss_std": 0.008464503894778213,
      "test_PR_AUC_mean": 0.9052594360064198,
      "test_PR_AUC_std": 0.006707751820968936,
      "test_Precision_mean": 0.8224359290584854,
      "test_Precision_std": 0.02782093041973618,
      "test_ROC_AUC_mean": 0.9656278971765697,
      "test_ROC_AUC_std": 0.002896396065868863,
      "test_Sensitivity_mean": 0.8504761904761804,
      "test_Sensitivity_std": 0.024190346104346026,
      "test_Specificity_mean": 0.954100294985248,
      "test_Specificity_std": 0.009331298147785518,
      "val_Precision_mean": 0.791239637587042,
      "val_Precision_std": 0.027153933831487686,
      "val_Sensitivity_mean": 0.7930952380952287,
      "val_Sensitivity_std": 0.011506959063970819,
      "val_Specificity_mean": 0.9477876106194661,
      "val_Specificity_std": 0.009023435779757172,
      "val_score_mean": 0.7408828487146948,
      "val_score_std": 0.008540101023953276,
      "val_thr_mean": 0.5192882834883537,
      "val_thr_std": 0.028756597803626355
    }
  ],
  "task_id": 343,
  "thr_grid_size": 600
}