{
  "feature_set": "c110_errors",
  "model": "brf",
  "n_bootstrap": 50,
  "param_hash": "3ea42a330d0c",
  "param_index": 9,
  "params": {
    "max_depth": 20,
    "max_features": "0.2",
    "min_samples_leaf": 2,
    "min_samples_split": 2,
    "n_estimators": 800,
    "replacement": false,
    "sampling_strategy": "auto"
  },
  "runtime_s": 290.24344182014465,
  "summary_preview": [
    {
      "criterion": "f1",
      "feature_set": "c110_errors",
      "model": "brf",
      "param_hash": "3ea42a330d0c",
      "param_index": 9,
      "test_Brier_mean": 0.06331243718986629,
      "test_Brier_std": 0.003196450639997141,
      "test_LogLoss_mean": 0.2364620812741663,
      "test_LogLoss_std": 0.009379943286251864,
      "test_PR_AUC_mean": 0.9108241355774345,
      "test_PR_AUC_std": 0.008744996118932355,
      "test_Precision_mean": 0.8976151105620899,
      "test_Precision_std": 0.021297764451500376,
      "test_ROC_AUC_mean": 0.9664545582244698,
      "test_ROC_AUC_std": 0.004072886382120627,
      "test_Sensitivity_mean": 0.7592857142857053,
      "test_Sensitivity_std": 0.045778951873472015,
      "test_Specificity_mean": 0.9782890855457198,
      "test_Specificity_std": 0.0058013595918594354,
      "val_Precision_mean": 0.9157288760442058,
      "val_Precision_std": 0.03726982786120951,
      "val_Sensitivity_mean": 0.7371428571428484,
      "val_Sensitivity_std": 0.026656773119586932,
      "val_Specificity_mean": 0.9826548672566342,
      "val_Specificity_std": 0.008771756818378518,
      "val_score_mean": 0.815783185829778,
      "val_score_std": 0.012230015697121725,
      "val_thr_mean": 0.6330773550986846,
      "val_thr_std": 0.054452658385778265
    },
    {
      "criterion": "youden",
      "feature_set": "c110_errors",
      "model": "brf",
      "param_hash": "3ea42a330d0c",
      "param_index": 9,
      "test_Brier_mean": 0.06331243718986629,
      "test_Brier_std": 0.003196450639997141,
      "test_LogLoss_mean": 0.2364620812741663,
      "test_LogLoss_std": 0.009379943286251864,
      "test_PR_AUC_mean": 0.9108241355774345,
      "test_PR_AUC_std": 0.008744996118932355,
      "test_Precision_mean": 0.8110132549585778,
      "test_Precision_std": 0.05049129839307198,
      "test_ROC_AUC_mean": 0.9664545582244698,
      "test_ROC_AUC_std": 0.004072886382120627,
      "test_Sensitivity_mean": 0.8692857142857039,
      "test_Sensitivity_std": 0.048371724019057004,
      "test_Specificity_mean": 0.9482005899704986,
      "test_Specificity_std": 0.017979438815174734,
      "val_Precision_mean": 0.7946539140279915,
      "val_Precision_std": 0.05538636431355988,
      "val_Sensitivity_mean": 0.7983333333333239,
      "val_Sensitivity_std": 0.025042192171876296,
      "val_Specificity_mean": 0.9473156342182862,
      "val_Specificity_std": 0.017958190546273088,
      "val_score_mean": 0.7456489675516101,
      "val_score_std": 0.014371016072117994,
      "val_thr_mean": 0.4746228211463551,
      "val_thr_std": 0.0649368969744379
    }
  ],
  "task_id": 249,
  "thr_grid_size": 600
}