{
  "feature_set": "c110_d110_errors_snr",
  "model": "bbag",
  "n_bootstrap": 50,
  "param_hash": "3b90164009b1",
  "param_index": 16,
  "params": {
    "base_max_depth": 10,
    "base_max_features": "sqrt",
    "base_min_samples_leaf": 2,
    "base_min_samples_split": 2,
    "bootstrap": true,
    "max_features": 0.9,
    "max_samples": 0.9,
    "n_estimators": 800,
    "replacement": false,
    "sampling_strategy": "auto"
  },
  "runtime_s": 157.26047134399414,
  "summary_preview": [
    {
      "criterion": "f1",
      "feature_set": "c110_d110_errors_snr",
      "model": "bbag",
      "param_hash": "3b90164009b1",
      "param_index": 16,
      "test_Brier_mean": 0.08980439231648361,
      "test_Brier_std": 0.002977540412300695,
      "test_LogLoss_mean": 0.3204431368552288,
      "test_LogLoss_std": 0.008448726533074923,
      "test_PR_AUC_mean": 0.8390543287555875,
      "test_PR_AUC_std": 0.011237988433918938,
      "test_Precision_mean": 0.7884999994243058,
      "test_Precision_std": 0.04393832536252082,
      "test_ROC_AUC_mean": 0.9428536311279675,
      "test_ROC_AUC_std": 0.005972701337059352,
      "test_Sensitivity_mean": 0.6971428571428488,
      "test_Sensitivity_std": 0.05916607760948591,
      "test_Specificity_mean": 0.9520943952802331,
      "test_Specificity_std": 0.018575994453362558,
      "val_Precision_mean": 0.7857894173194991,
      "val_Precision_std": 0.05424656680817495,
      "val_Sensitivity_mean": 0.6935714285714204,
      "val_Sensitivity_std": 0.0441397796141331,
      "val_Specificity_mean": 0.9512094395280208,
      "val_Specificity_std": 0.019668582853698942,
      "val_score_mean": 0.7338640227497599,
      "val_score_std": 0.014502149998312676,
      "val_thr_mean": 0.5021886448394924,
      "val_thr_std": 0.04702852184652909
    },
    {
      "criterion": "youden",
      "feature_set": "c110_d110_errors_snr",
      "model": "bbag",
      "param_hash": "3b90164009b1",
      "param_index": 16,
      "test_Brier_mean": 0.08980439231648361,
      "test_Brier_std": 0.002977540412300695,
      "test_LogLoss_mean": 0.3204431368552288,
      "test_LogLoss_std": 0.008448726533074923,
      "test_PR_AUC_mean": 0.8390543287555875,
      "test_PR_AUC_std": 0.011237988433918938,
      "test_Precision_mean": 0.6651336532550787,
      "test_Precision_std": 0.053796539504449785,
      "test_ROC_AUC_mean": 0.9428536311279675,
      "test_ROC_AUC_std": 0.005972701337059352,
      "test_Sensitivity_mean": 0.8111904761904666,
      "test_Sensitivity_std": 0.03718310968306911,
      "test_Specificity_mean": 0.8964011799410002,
      "test_Specificity_std": 0.025049051712743516,
      "val_Precision_mean": 0.6527046200276342,
      "val_Precision_std": 0.04683446276430264,
      "val_Sensitivity_mean": 0.781190476190467,
      "val_Sensitivity_std": 0.02189720789170886,
      "val_Specificity_mean": 0.8952212389380505,
      "val_Specificity_std": 0.021282038422410738,
      "val_score_mean": 0.6764117151285173,
      "val_score_std": 0.01212865316946381,
      "val_thr_mean": 0.4071084059111207,
      "val_thr_std": 0.029398923527909574
    }
  ],
  "task_id": 664,
  "thr_grid_size": 600
}