{
  "feature_set": "c110_errors",
  "model": "bbag",
  "n_bootstrap": 50,
  "param_hash": "f2c3f79325ee",
  "param_index": 9,
  "params": {
    "base_max_depth": null,
    "base_max_features": "0.5",
    "base_min_samples_leaf": 1,
    "base_min_samples_split": 2,
    "bootstrap": true,
    "max_features": 0.5,
    "max_samples": 1.0,
    "n_estimators": 1200,
    "replacement": true,
    "sampling_strategy": "auto"
  },
  "runtime_s": 155.19891953468323,
  "summary_preview": [
    {
      "criterion": "f1",
      "feature_set": "c110_errors",
      "model": "bbag",
      "param_hash": "f2c3f79325ee",
      "param_index": 9,
      "test_Brier_mean": 0.07108773299185711,
      "test_Brier_std": 0.0024533155545162365,
      "test_LogLoss_mean": 0.26467853451033174,
      "test_LogLoss_std": 0.006799848777905397,
      "test_PR_AUC_mean": 0.8957964766503836,
      "test_PR_AUC_std": 0.00846480710380821,
      "test_Precision_mean": 0.8576888289031467,
      "test_Precision_std": 0.020501134001087915,
      "test_ROC_AUC_mean": 0.9649792807978649,
      "test_ROC_AUC_std": 0.0035630345973726857,
      "test_Sensitivity_mean": 0.7723809523809432,
      "test_Sensitivity_std": 0.032503911062313304,
      "test_Specificity_mean": 0.9680235988200561,
      "test_Specificity_std": 0.0062322735937078875,
      "val_Precision_mean": 0.849342928268301,
      "val_Precision_std": 0.0319676553984523,
      "val_Sensitivity_mean": 0.7497619047618959,
      "val_Sensitivity_std": 0.0218443096192662,
      "val_Specificity_mean": 0.9666076696165163,
      "val_Specificity_std": 0.008967963515028148,
      "val_score_mean": 0.7957742373975504,
      "val_score_std": 0.012726478015037223,
      "val_thr_mean": 0.5292904841402337,
      "val_thr_std": 0.03470320734912546
    },
    {
      "criterion": "youden",
      "feature_set": "c110_errors",
      "model": "bbag",
      "param_hash": "f2c3f79325ee",
      "param_index": 9,
      "test_Brier_mean": 0.07108773299185711,
      "test_Brier_std": 0.0024533155545162365,
      "test_LogLoss_mean": 0.26467853451033174,
      "test_LogLoss_std": 0.006799848777905397,
      "test_PR_AUC_mean": 0.8957964766503836,
      "test_PR_AUC_std": 0.00846480710380821,
      "test_Precision_mean": 0.8024771094122133,
      "test_Precision_std": 0.04096830748739463,
      "test_ROC_AUC_mean": 0.9649792807978649,
      "test_ROC_AUC_std": 0.0035630345973726857,
      "test_Sensitivity_mean": 0.8580952380952279,
      "test_Sensitivity_std": 0.04407617334129217,
      "test_Specificity_mean": 0.9464306784660738,
      "test_Specificity_std": 0.01636841341898502,
      "val_Precision_mean": 0.7512681049728109,
      "val_Precision_std": 0.058466557148352444,
      "val_Sensitivity_mean": 0.7971428571428477,
      "val_Sensitivity_std": 0.024285809561732864,
      "val_Specificity_mean": 0.9325073746312657,
      "val_Specificity_std": 0.02242299769840978,
      "val_score_mean": 0.7296502317741134,
      "val_score_std": 0.011134846084311133,
      "val_thr_mean": 0.4453988592097941,
      "val_thr_std": 0.03939554959758125
    }
  ],
  "task_id": 273,
  "thr_grid_size": 600
}