{
  "feature_set": "c110_d110_snr",
  "model": "et",
  "n_bootstrap": 50,
  "param_hash": "5b75ec82da58",
  "param_index": 8,
  "params": {
    "bootstrap": false,
    "max_depth": null,
    "max_features": "sqrt",
    "max_samples": null,
    "min_samples_leaf": 4,
    "min_samples_split": 8,
    "n_estimators": 2500
  },
  "runtime_s": 485.85758686065674,
  "summary_preview": [
    {
      "criterion": "f1",
      "feature_set": "c110_d110_snr",
      "model": "et",
      "param_hash": "5b75ec82da58",
      "param_index": 8,
      "test_Brier_mean": 0.06675471290006764,
      "test_Brier_std": 0.0009127033067061296,
      "test_LogLoss_mean": 0.23633768117871778,
      "test_LogLoss_std": 0.002387207668301597,
      "test_PR_AUC_mean": 0.8841633952329535,
      "test_PR_AUC_std": 0.005144028095344571,
      "test_Precision_mean": 0.8447256736473228,
      "test_Precision_std": 0.021551073291208506,
      "test_ROC_AUC_mean": 0.956684927658379,
      "test_ROC_AUC_std": 0.0028514877266930428,
      "test_Sensitivity_mean": 0.7533333333333245,
      "test_Sensitivity_std": 0.051866008482004546,
      "test_Specificity_mean": 0.9653097345132714,
      "test_Specificity_std": 0.007621769499898107,
      "val_Precision_mean": 0.8314506492571003,
      "val_Precision_std": 0.04241738050861349,
      "val_Sensitivity_mean": 0.7369047619047532,
      "val_Sensitivity_std": 0.03641600868259114,
      "val_Specificity_mean": 0.9618879056047169,
      "val_Specificity_std": 0.013509249234076036,
      "val_score_mean": 0.7794576552735859,
      "val_score_std": 0.007178506673939547,
      "val_thr_mean": 0.337774628531476,
      "val_thr_std": 0.04424620006861705
    },
    {
      "criterion": "youden",
      "feature_set": "c110_d110_snr",
      "model": "et",
      "param_hash": "5b75ec82da58",
      "param_index": 8,
      "test_Brier_mean": 0.06675471290006764,
      "test_Brier_std": 0.0009127033067061296,
      "test_LogLoss_mean": 0.23633768117871778,
      "test_LogLoss_std": 0.002387207668301597,
      "test_PR_AUC_mean": 0.8841633952329535,
      "test_PR_AUC_std": 0.005144028095344571,
      "test_Precision_mean": 0.779360567574332,
      "test_Precision_std": 0.03735243458658771,
      "test_ROC_AUC_mean": 0.956684927658379,
      "test_ROC_AUC_std": 0.0028514877266930428,
      "test_Sensitivity_mean": 0.8492857142857042,
      "test_Sensitivity_std": 0.024244090552074656,
      "test_Specificity_mean": 0.9395280235988172,
      "test_Specificity_std": 0.014770317883119935,
      "val_Precision_mean": 0.7299849279469506,
      "val_Precision_std": 0.030685226141903568,
      "val_Sensitivity_mean": 0.8002380952380858,
      "val_Sensitivity_std": 0.013236931103598575,
      "val_Specificity_mean": 0.926076696165189,
      "val_Specificity_std": 0.01226303068723068,
      "val_score_mean": 0.7263147914032747,
      "val_score_std": 0.010895285709147835,
      "val_thr_mean": 0.250015451424554,
      "val_thr_std": 0.021794246999527585
    }
  ],
  "task_id": 512,
  "thr_grid_size": 600
}