{
  "feature_set": "c110_errors",
  "model": "et",
  "n_bootstrap": 50,
  "param_hash": "2ebe753d91e2",
  "param_index": 3,
  "params": {
    "bootstrap": true,
    "max_depth": null,
    "max_features": "0.5",
    "max_samples": 0.5,
    "min_samples_leaf": 2,
    "min_samples_split": 4,
    "n_estimators": 4000
  },
  "runtime_s": 824.9730598926544,
  "summary_preview": [
    {
      "criterion": "f1",
      "feature_set": "c110_errors",
      "model": "et",
      "param_hash": "2ebe753d91e2",
      "param_index": 3,
      "test_Brier_mean": 0.05150733983997333,
      "test_Brier_std": 0.001757401649391769,
      "test_LogLoss_mean": 0.18939585328175268,
      "test_LogLoss_std": 0.004463283925107824,
      "test_PR_AUC_mean": 0.9125928003075677,
      "test_PR_AUC_std": 0.0052526807363416,
      "test_Precision_mean": 0.8950180600143339,
      "test_Precision_std": 0.026464992366842698,
      "test_ROC_AUC_mean": 0.96925200168563,
      "test_ROC_AUC_std": 0.001990218477923418,
      "test_Sensitivity_mean": 0.7857142857142765,
      "test_Sensitivity_std": 0.032624704240222145,
      "test_Specificity_mean": 0.9768141592920324,
      "test_Specificity_std": 0.007347732534371865,
      "val_Precision_mean": 0.8862999484044947,
      "val_Precision_std": 0.03214546580520468,
      "val_Sensitivity_mean": 0.7547619047618959,
      "val_Sensitivity_std": 0.019241000848613292,
      "val_Specificity_mean": 0.975575221238935,
      "val_Specificity_std": 0.008450034797804824,
      "val_score_mean": 0.8145775036024654,
      "val_score_std": 0.008528890304828668,
      "val_thr_mean": 0.43948071773392167,
      "val_thr_std": 0.0497157920839926
    },
    {
      "criterion": "youden",
      "feature_set": "c110_errors",
      "model": "et",
      "param_hash": "2ebe753d91e2",
      "param_index": 3,
      "test_Brier_mean": 0.05150733983997333,
      "test_Brier_std": 0.001757401649391769,
      "test_LogLoss_mean": 0.18939585328175268,
      "test_LogLoss_std": 0.004463283925107824,
      "test_PR_AUC_mean": 0.9125928003075677,
      "test_PR_AUC_std": 0.0052526807363416,
      "test_Precision_mean": 0.8203051970219716,
      "test_Precision_std": 0.038612684544490274,
      "test_ROC_AUC_mean": 0.96925200168563,
      "test_ROC_AUC_std": 0.001990218477923418,
      "test_Sensitivity_mean": 0.8816666666666562,
      "test_Sensitivity_std": 0.03521763517069951,
      "test_Specificity_mean": 0.9512094395280208,
      "test_Specificity_std": 0.014502909198513037,
      "val_Precision_mean": 0.7801572030232155,
      "val_Precision_std": 0.0473281685819171,
      "val_Sensitivity_mean": 0.8038095238095143,
      "val_Sensitivity_std": 0.017383581413851042,
      "val_Specificity_mean": 0.9426548672566344,
      "val_Specificity_std": 0.017036124666924574,
      "val_score_mean": 0.7464643910661486,
      "val_score_std": 0.010070106244190496,
      "val_thr_mean": 0.29034964875652536,
      "val_thr_std": 0.046262753070648296
    }
  ],
  "task_id": 219,
  "thr_grid_size": 600
}