{
  "feature_set": "c110",
  "model": "et",
  "n_bootstrap": 50,
  "param_hash": "aef56d53424d",
  "param_index": 2,
  "params": {
    "bootstrap": false,
    "max_depth": 30,
    "max_features": "0.5",
    "max_samples": null,
    "min_samples_leaf": 1,
    "min_samples_split": 8,
    "n_estimators": 4000
  },
  "runtime_s": 669.226717710495,
  "summary_preview": [
    {
      "criterion": "f1",
      "feature_set": "c110",
      "model": "et",
      "param_hash": "aef56d53424d",
      "param_index": 2,
      "test_Brier_mean": 0.04820161705844872,
      "test_Brier_std": 0.0011690809837782757,
      "test_LogLoss_mean": 0.18167477130530274,
      "test_LogLoss_std": 0.003976106535696361,
      "test_PR_AUC_mean": 0.9117229711184232,
      "test_PR_AUC_std": 0.004091682437693804,
      "test_Precision_mean": 0.9080631856959158,
      "test_Precision_std": 0.02810938594508448,
      "test_ROC_AUC_mean": 0.9648433768787751,
      "test_ROC_AUC_std": 0.001980489705002331,
      "test_Sensitivity_mean": 0.8090476190476095,
      "test_Sensitivity_std": 0.054737603937649204,
      "test_Specificity_mean": 0.9791740412979322,
      "test_Specificity_std": 0.008092999126816275,
      "val_Precision_mean": 0.905968345402599,
      "val_Precision_std": 0.03703776811893452,
      "val_Sensitivity_mean": 0.7647619047618958,
      "val_Sensitivity_std": 0.02820874437634704,
      "val_Specificity_mean": 0.9797050147492595,
      "val_Specificity_std": 0.009302325994382016,
      "val_score_mean": 0.8282324936053671,
      "val_score_std": 0.006707639924628203,
      "val_thr_mean": 0.4761163613156014,
      "val_thr_std": 0.08599094240837943
    },
    {
      "criterion": "youden",
      "feature_set": "c110",
      "model": "et",
      "param_hash": "aef56d53424d",
      "param_index": 2,
      "test_Brier_mean": 0.04820161705844872,
      "test_Brier_std": 0.0011690809837782757,
      "test_LogLoss_mean": 0.18167477130530274,
      "test_LogLoss_std": 0.003976106535696361,
      "test_PR_AUC_mean": 0.9117229711184232,
      "test_PR_AUC_std": 0.004091682437693804,
      "test_Precision_mean": 0.8435276988481207,
      "test_Precision_std": 0.033151765797019055,
      "test_ROC_AUC_mean": 0.9648433768787751,
      "test_ROC_AUC_std": 0.001980489705002331,
      "test_Sensitivity_mean": 0.8711904761904659,
      "test_Sensitivity_std": 0.012425445209256874,
      "test_Specificity_mean": 0.9594100294985222,
      "test_Specificity_std": 0.011852867886367092,
      "val_Precision_mean": 0.8211513237892885,
      "val_Precision_std": 0.03692245319474387,
      "val_Sensitivity_mean": 0.8102380952380857,
      "val_Sensitivity_std": 0.011128740237403217,
      "val_Specificity_mean": 0.9556342182890826,
      "val_Specificity_std": 0.012557095031250973,
      "val_score_mean": 0.7658723135271682,
      "val_score_std": 0.007899214793106886,
      "val_thr_mean": 0.3382338152746611,
      "val_thr_std": 0.03867557955302779
    }
  ],
  "task_id": 26,
  "thr_grid_size": 600
}