{
  "feature_set": "c110_d110",
  "model": "rf",
  "n_bootstrap": 50,
  "param_hash": "300eb462f60e",
  "param_index": 9,
  "params": {
    "bootstrap": true,
    "class_weight": null,
    "max_depth": null,
    "max_features": "sqrt",
    "min_samples_leaf": 2,
    "min_samples_split": 4,
    "n_estimators": 4000
  },
  "runtime_s": 1005.0392847061157,
  "summary_preview": [
    {
      "criterion": "f1",
      "feature_set": "c110_d110",
      "model": "rf",
      "param_hash": "300eb462f60e",
      "param_index": 9,
      "test_Brier_mean": 0.05481330757279692,
      "test_Brier_std": 0.001471666819648363,
      "test_LogLoss_mean": 0.20043605170151055,
      "test_LogLoss_std": 0.0041004032060051685,
      "test_PR_AUC_mean": 0.8976163205965626,
      "test_PR_AUC_std": 0.004461725268716598,
      "test_Precision_mean": 0.912324231946222,
      "test_Precision_std": 0.02490408693429694,
      "test_ROC_AUC_mean": 0.9592541087231353,
      "test_ROC_AUC_std": 0.0026310963868772267,
      "test_Sensitivity_mean": 0.7797619047618956,
      "test_Sensitivity_std": 0.04054972454954499,
      "test_Specificity_mean": 0.9810619469026518,
      "test_Specificity_std": 0.00690105446520949,
      "val_Precision_mean": 0.9134621366710715,
      "val_Precision_std": 0.03715317437102061,
      "val_Sensitivity_mean": 0.739761904761896,
      "val_Sensitivity_std": 0.025567961826125852,
      "val_Specificity_mean": 0.9820648967551593,
      "val_Specificity_std": 0.009113320853544545,
      "val_score_mean": 0.8164583639939371,
      "val_score_std": 0.009482476936372325,
      "val_thr_mean": 0.4631786276008356,
      "val_thr_std": 0.05300418291340204
    },
    {
      "criterion": "youden",
      "feature_set": "c110_d110",
      "model": "rf",
      "param_hash": "300eb462f60e",
      "param_index": 9,
      "test_Brier_mean": 0.05481330757279692,
      "test_Brier_std": 0.001471666819648363,
      "test_LogLoss_mean": 0.20043605170151055,
      "test_LogLoss_std": 0.0041004032060051685,
      "test_PR_AUC_mean": 0.8976163205965626,
      "test_PR_AUC_std": 0.004461725268716598,
      "test_Precision_mean": 0.8577360214340459,
      "test_Precision_std": 0.023388384336034938,
      "test_ROC_AUC_mean": 0.9592541087231353,
      "test_ROC_AUC_std": 0.0026310963868772267,
      "test_Sensitivity_mean": 0.8457142857142758,
      "test_Sensitivity_std": 0.016481689033449754,
      "test_Specificity_mean": 0.9650147492625339,
      "test_Specificity_std": 0.007101935493777965,
      "val_Precision_mean": 0.8195730432373216,
      "val_Precision_std": 0.0388579472557595,
      "val_Sensitivity_mean": 0.785238095238086,
      "val_Sensitivity_std": 0.012717632037986175,
      "val_Specificity_mean": 0.956519174041295,
      "val_Specificity_std": 0.012239838721721021,
      "val_score_mean": 0.741757269279381,
      "val_score_std": 0.011475798379661286,
      "val_thr_mean": 0.3619064861285765,
      "val_thr_std": 0.033226961354273186
    }
  ],
  "task_id": 105,
  "thr_grid_size": 600
}