{
  "feature_set": "c110_d110_snr",
  "model": "rf",
  "n_bootstrap": 50,
  "param_hash": "58d13dbea0f4",
  "param_index": 6,
  "params": {
    "bootstrap": true,
    "class_weight": "balanced",
    "max_depth": 20,
    "max_features": "0.3",
    "min_samples_leaf": 4,
    "min_samples_split": 4,
    "n_estimators": 2500
  },
  "runtime_s": 2347.2268164157867,
  "summary_preview": [
    {
      "criterion": "f1",
      "feature_set": "c110_d110_snr",
      "model": "rf",
      "param_hash": "58d13dbea0f4",
      "param_index": 6,
      "test_Brier_mean": 0.050487642634072,
      "test_Brier_std": 0.0017888167148218928,
      "test_LogLoss_mean": 0.19349698561441173,
      "test_LogLoss_std": 0.005632095301779963,
      "test_PR_AUC_mean": 0.8912406794581307,
      "test_PR_AUC_std": 0.007356202298999279,
      "test_Precision_mean": 0.8934862575830758,
      "test_Precision_std": 0.0203713377944511,
      "test_ROC_AUC_mean": 0.9573233600224751,
      "test_ROC_AUC_std": 0.004235335485589743,
      "test_Sensitivity_mean": 0.8092857142857046,
      "test_Sensitivity_std": 0.029209152729488493,
      "test_Specificity_mean": 0.9758702064896725,
      "test_Specificity_std": 0.005706610694880288,
      "val_Precision_mean": 0.9069770005769955,
      "val_Precision_std": 0.021494808072136398,
      "val_Sensitivity_mean": 0.76404761904761,
      "val_Sensitivity_std": 0.01949338690191049,
      "val_Specificity_mean": 0.9804129793510294,
      "val_Specificity_std": 0.0052889579400715436,
      "val_score_mean": 0.8290491121970576,
      "val_score_std": 0.011529810657812204,
      "val_thr_mean": 0.46033025097140784,
      "val_thr_std": 0.058263461668484576
    },
    {
      "criterion": "youden",
      "feature_set": "c110_d110_snr",
      "model": "rf",
      "param_hash": "58d13dbea0f4",
      "param_index": 6,
      "test_Brier_mean": 0.050487642634072,
      "test_Brier_std": 0.0017888167148218928,
      "test_LogLoss_mean": 0.19349698561441173,
      "test_LogLoss_std": 0.005632095301779963,
      "test_PR_AUC_mean": 0.8912406794581307,
      "test_PR_AUC_std": 0.007356202298999279,
      "test_Precision_mean": 0.8306670052622809,
      "test_Precision_std": 0.058923772966834397,
      "test_ROC_AUC_mean": 0.9573233600224751,
      "test_ROC_AUC_std": 0.004235335485589743,
      "test_Sensitivity_mean": 0.8552380952380851,
      "test_Sensitivity_std": 0.030928075977331052,
      "test_Specificity_mean": 0.9548672566371653,
      "test_Specificity_std": 0.02143179286127495,
      "val_Precision_mean": 0.8348430503324273,
      "val_Precision_std": 0.06425860951426486,
      "val_Sensitivity_mean": 0.796428571428562,
      "val_Sensitivity_std": 0.01897611701056221,
      "val_Specificity_mean": 0.9591150442477847,
      "val_Specificity_std": 0.02051531866419146,
      "val_score_mean": 0.7555436156763468,
      "val_score_std": 0.008761399152043357,
      "val_thr_mean": 0.34983162339046586,
      "val_thr_std": 0.08133007695337767
    }
  ],
  "task_id": 486,
  "thr_grid_size": 600
}