{
  "feature_set": "c110_d110",
  "model": "brf",
  "n_bootstrap": 50,
  "param_hash": "11adde929458",
  "param_index": 13,
  "params": {
    "max_depth": 30,
    "max_features": "sqrt",
    "min_samples_leaf": 4,
    "min_samples_split": 2,
    "n_estimators": 4000,
    "replacement": false,
    "sampling_strategy": "auto"
  },
  "runtime_s": 1594.6599714756012,
  "summary_preview": [
    {
      "criterion": "f1",
      "feature_set": "c110_d110",
      "model": "brf",
      "param_hash": "11adde929458",
      "param_index": 13,
      "test_Brier_mean": 0.06727349616932017,
      "test_Brier_std": 0.0029066358449585,
      "test_LogLoss_mean": 0.25007063698722176,
      "test_LogLoss_std": 0.008790331133298053,
      "test_PR_AUC_mean": 0.9024939917159186,
      "test_PR_AUC_std": 0.005264254546209878,
      "test_Precision_mean": 0.8751634923965261,
      "test_Precision_std": 0.0320918265260316,
      "test_ROC_AUC_mean": 0.9629428290490237,
      "test_ROC_AUC_std": 0.0029387449052572724,
      "test_Sensitivity_mean": 0.8092857142857046,
      "test_Sensitivity_std": 0.03911490682530863,
      "test_Specificity_mean": 0.9707964601769882,
      "test_Specificity_std": 0.00925658771027761,
      "val_Precision_mean": 0.8653750109156099,
      "val_Precision_std": 0.03916467317330282,
      "val_Sensitivity_mean": 0.7707142857142766,
      "val_Sensitivity_std": 0.026653517860609995,
      "val_Specificity_mean": 0.9695575221238909,
      "val_Specificity_std": 0.010517304670750256,
      "val_score_mean": 0.814095603717981,
      "val_score_std": 0.00724025657562305,
      "val_thr_mean": 0.5701942027983147,
      "val_thr_std": 0.05625314513403004
    },
    {
      "criterion": "youden",
      "feature_set": "c110_d110",
      "model": "brf",
      "param_hash": "11adde929458",
      "param_index": 13,
      "test_Brier_mean": 0.06727349616932017,
      "test_Brier_std": 0.0029066358449585,
      "test_LogLoss_mean": 0.25007063698722176,
      "test_LogLoss_std": 0.008790331133298053,
      "test_PR_AUC_mean": 0.9024939917159186,
      "test_PR_AUC_std": 0.005264254546209878,
      "test_Precision_mean": 0.835759532118971,
      "test_Precision_std": 0.02886691148781121,
      "test_ROC_AUC_mean": 0.9629428290490237,
      "test_ROC_AUC_std": 0.0029387449052572724,
      "test_Sensitivity_mean": 0.8476190476190376,
      "test_Sensitivity_std": 0.020689668470401847,
      "test_Specificity_mean": 0.9582890855457198,
      "test_Specificity_std": 0.0100257795340831,
      "val_Precision_mean": 0.8202325832336022,
      "val_Precision_std": 0.025847281843925946,
      "val_Sensitivity_mean": 0.7961904761904667,
      "val_Sensitivity_std": 0.00920255051596499,
      "val_Specificity_mean": 0.9564601769911475,
      "val_Specificity_std": 0.00835535354834805,
      "val_score_mean": 0.7526506531816143,
      "val_score_std": 0.007206088385304148,
      "val_thr_mean": 0.5078121053640988,
      "val_thr_std": 0.029272120621027187
    }
  ],
  "task_id": 157,
  "thr_grid_size": 600
}