{
  "feature_set": "c110_errors",
  "model": "et",
  "n_bootstrap": 50,
  "param_hash": "d57d101abdb4",
  "param_index": 0,
  "params": {
    "bootstrap": false,
    "max_depth": null,
    "max_features": "0.3",
    "max_samples": 1.0,
    "min_samples_leaf": 4,
    "min_samples_split": 8,
    "n_estimators": 2500
  },
  "runtime_s": 415.2267382144928,
  "summary_preview": [
    {
      "criterion": "f1",
      "feature_set": "c110_errors",
      "model": "et",
      "param_hash": "d57d101abdb4",
      "param_index": 0,
      "test_Brier_mean": 0.05118190120685855,
      "test_Brier_std": 0.0015426453518113275,
      "test_LogLoss_mean": 0.18854230071521905,
      "test_LogLoss_std": 0.0039424736699177195,
      "test_PR_AUC_mean": 0.9149478092185417,
      "test_PR_AUC_std": 0.005407285591605773,
      "test_Precision_mean": 0.8928006688316849,
      "test_Precision_std": 0.02376419807422396,
      "test_ROC_AUC_mean": 0.9705527461722153,
      "test_ROC_AUC_std": 0.0021315039576770703,
      "test_Sensitivity_mean": 0.7938095238095144,
      "test_Sensitivity_std": 0.039916382590967144,
      "test_Specificity_mean": 0.976047197640115,
      "test_Specificity_std": 0.006991809575037874,
      "val_Precision_mean": 0.8830977805326331,
      "val_Precision_std": 0.03417343933674855,
      "val_Sensitivity_mean": 0.7607142857142768,
      "val_Sensitivity_std": 0.023473084594969554,
      "val_Specificity_mean": 0.9745132743362802,
      "val_Specificity_std": 0.009418434079864445,
      "val_score_mean": 0.8164725190514857,
      "val_score_std": 0.00901990257426139,
      "val_thr_mean": 0.4261218875889831,
      "val_thr_std": 0.057944102790781306
    },
    {
      "criterion": "youden",
      "feature_set": "c110_errors",
      "model": "et",
      "param_hash": "d57d101abdb4",
      "param_index": 0,
      "test_Brier_mean": 0.05118190120685855,
      "test_Brier_std": 0.0015426453518113275,
      "test_LogLoss_mean": 0.18854230071521905,
      "test_LogLoss_std": 0.0039424736699177195,
      "test_PR_AUC_mean": 0.9149478092185417,
      "test_PR_AUC_std": 0.005407285591605773,
      "test_Precision_mean": 0.8249603175733604,
      "test_Precision_std": 0.031575688902844685,
      "test_ROC_AUC_mean": 0.9705527461722153,
      "test_ROC_AUC_std": 0.0021315039576770703,
      "test_Sensitivity_mean": 0.8890476190476084,
      "test_Sensitivity_std": 0.02693740118805864,
      "test_Specificity_mean": 0.9526843657817081,
      "test_Specificity_std": 0.01097214365635047,
      "val_Precision_mean": 0.783045793966662,
      "val_Precision_std": 0.03746591119982616,
      "val_Sensitivity_mean": 0.8128571428571333,
      "val_Sensitivity_std": 0.014438765494415588,
      "val_Specificity_mean": 0.9434808259586993,
      "val_Specificity_std": 0.012745191029559807,
      "val_score_mean": 0.7563379688158325,
      "val_score_std": 0.010506690217667116,
      "val_thr_mean": 0.2764985485419423,
      "val_thr_std": 0.041213962378792546
    }
  ],
  "task_id": 216,
  "thr_grid_size": 600
}