{
  "feature_set": "c110_d110",
  "model": "rf",
  "n_bootstrap": 50,
  "param_hash": "7d6e70e1e5a9",
  "param_index": 15,
  "params": {
    "bootstrap": true,
    "class_weight": "balanced",
    "max_depth": null,
    "max_features": "sqrt",
    "min_samples_leaf": 2,
    "min_samples_split": 8,
    "n_estimators": 2500
  },
  "runtime_s": 557.7682154178619,
  "summary_preview": [
    {
      "criterion": "f1",
      "feature_set": "c110_d110",
      "model": "rf",
      "param_hash": "7d6e70e1e5a9",
      "param_index": 15,
      "test_Brier_mean": 0.05436907156010217,
      "test_Brier_std": 0.0014592008088297288,
      "test_LogLoss_mean": 0.20234771608492175,
      "test_LogLoss_std": 0.004328032573018357,
      "test_PR_AUC_mean": 0.9058693923665935,
      "test_PR_AUC_std": 0.005185206343970127,
      "test_Precision_mean": 0.8958328956753706,
      "test_Precision_std": 0.032569596662666365,
      "test_ROC_AUC_mean": 0.9630608231493187,
      "test_ROC_AUC_std": 0.0030370285426506724,
      "test_Sensitivity_mean": 0.7909523809523716,
      "test_Sensitivity_std": 0.05384258124384606,
      "test_Specificity_mean": 0.9765191740412951,
      "test_Specificity_std": 0.009289335513496741,
      "val_Precision_mean": 0.8940604870709905,
      "val_Precision_std": 0.038338157964063826,
      "val_Sensitivity_mean": 0.7609523809523719,
      "val_Sensitivity_std": 0.027720566749399895,
      "val_Specificity_mean": 0.9769911504424749,
      "val_Specificity_std": 0.00981074313259401,
      "val_score_mean": 0.8209643775793171,
      "val_score_std": 0.008311589487281409,
      "val_thr_mean": 0.42775693529265124,
      "val_thr_std": 0.06857290543150424
    },
    {
      "criterion": "youden",
      "feature_set": "c110_d110",
      "model": "rf",
      "param_hash": "7d6e70e1e5a9",
      "param_index": 15,
      "test_Brier_mean": 0.05436907156010217,
      "test_Brier_std": 0.0014592008088297288,
      "test_LogLoss_mean": 0.20234771608492175,
      "test_LogLoss_std": 0.004328032573018357,
      "test_PR_AUC_mean": 0.9058693923665935,
      "test_PR_AUC_std": 0.005185206343970127,
      "test_Precision_mean": 0.8481905976252183,
      "test_Precision_std": 0.02974220571531674,
      "test_ROC_AUC_mean": 0.9630608231493187,
      "test_ROC_AUC_std": 0.0030370285426506724,
      "test_Sensitivity_mean": 0.8526190476190375,
      "test_Sensitivity_std": 0.025327006597254332,
      "test_Specificity_mean": 0.9617109144542744,
      "test_Specificity_std": 0.009544484530435394,
      "val_Precision_mean": 0.8344917377292563,
      "val_Precision_std": 0.0360953721801625,
      "val_Sensitivity_mean": 0.7926190476190382,
      "val_Sensitivity_std": 0.009647520138559657,
      "val_Specificity_mean": 0.9605309734513245,
      "val_Specificity_std": 0.010508013838363838,
      "val_score_mean": 0.7531500210703628,
      "val_score_std": 0.007757949607726493,
      "val_thr_mean": 0.3405651290223418,
      "val_thr_std": 0.039314667544482124
    }
  ],
  "task_id": 111,
  "thr_grid_size": 600
}