{
  "feature_set": "c110_snr",
  "model": "rf",
  "n_bootstrap": 50,
  "param_hash": "c9f085089650",
  "param_index": 7,
  "params": {
    "bootstrap": true,
    "class_weight": "balanced",
    "max_depth": 10,
    "max_features": "0.3",
    "min_samples_leaf": 1,
    "min_samples_split": 4,
    "n_estimators": 1500
  },
  "runtime_s": 996.6271786689758,
  "summary_preview": [
    {
      "criterion": "f1",
      "feature_set": "c110_snr",
      "model": "rf",
      "param_hash": "c9f085089650",
      "param_index": 7,
      "test_Brier_mean": 0.055196798360486146,
      "test_Brier_std": 0.002873327211382375,
      "test_LogLoss_mean": 0.20182528375179434,
      "test_LogLoss_std": 0.0089241613303421,
      "test_PR_AUC_mean": 0.8928622267235066,
      "test_PR_AUC_std": 0.010931890672427913,
      "test_Precision_mean": 0.8670242415982367,
      "test_Precision_std": 0.042460598055764014,
      "test_ROC_AUC_mean": 0.9585313948588285,
      "test_ROC_AUC_std": 0.00539174086969831,
      "test_Sensitivity_mean": 0.796428571428562,
      "test_Sensitivity_std": 0.048655508506529915,
      "test_Specificity_mean": 0.9687905604719735,
      "test_Specificity_std": 0.012755358381151428,
      "val_Precision_mean": 0.8753948086071687,
      "val_Precision_std": 0.04651941746352165,
      "val_Sensitivity_mean": 0.7799999999999908,
      "val_Sensitivity_std": 0.028278380531736445,
      "val_Specificity_mean": 0.9715634218289056,
      "val_Specificity_std": 0.012340262292705325,
      "val_score_mean": 0.8235112142271906,
      "val_score_std": 0.013025747668707871,
      "val_thr_mean": 0.3575330051480112,
      "val_thr_std": 0.07742267478663054
    },
    {
      "criterion": "youden",
      "feature_set": "c110_snr",
      "model": "rf",
      "param_hash": "c9f085089650",
      "param_index": 7,
      "test_Brier_mean": 0.055196798360486146,
      "test_Brier_std": 0.002873327211382375,
      "test_LogLoss_mean": 0.20182528375179434,
      "test_LogLoss_std": 0.0089241613303421,
      "test_PR_AUC_mean": 0.8928622267235066,
      "test_PR_AUC_std": 0.010931890672427913,
      "test_Precision_mean": 0.7945677333725348,
      "test_Precision_std": 0.04493329407517158,
      "test_ROC_AUC_mean": 0.9585313948588285,
      "test_ROC_AUC_std": 0.00539174086969831,
      "test_Sensitivity_mean": 0.8669047619047516,
      "test_Sensitivity_std": 0.03390202787591994,
      "test_Specificity_mean": 0.9433628318584043,
      "test_Specificity_std": 0.016397030306231474,
      "val_Precision_mean": 0.7984970819446126,
      "val_Precision_std": 0.03771758417600701,
      "val_Sensitivity_mean": 0.8214285714285617,
      "val_Sensitivity_std": 0.015771460026353056,
      "val_Specificity_mean": 0.9479056047197613,
      "val_Specificity_std": 0.0131734168688872,
      "val_score_mean": 0.7693341761483229,
      "val_score_std": 0.011205917276614645,
      "val_thr_mean": 0.24357672292898364,
      "val_thr_std": 0.0493399915844531
    }
  ],
  "task_id": 391,
  "thr_grid_size": 600
}