{
  "feature_set": "c110_errors",
  "model": "et",
  "n_bootstrap": 50,
  "param_hash": "23103a58c1c4",
  "param_index": 13,
  "params": {
    "bootstrap": false,
    "max_depth": 20,
    "max_features": "0.5",
    "max_samples": 0.8,
    "min_samples_leaf": 1,
    "min_samples_split": 2,
    "n_estimators": 1500
  },
  "runtime_s": 276.45716404914856,
  "summary_preview": [
    {
      "criterion": "f1",
      "feature_set": "c110_errors",
      "model": "et",
      "param_hash": "23103a58c1c4",
      "param_index": 13,
      "test_Brier_mean": 0.046427436375395814,
      "test_Brier_std": 0.001522140100841676,
      "test_LogLoss_mean": 0.1758471319608539,
      "test_LogLoss_std": 0.004455515227110354,
      "test_PR_AUC_mean": 0.9186610603510854,
      "test_PR_AUC_std": 0.004961559183290641,
      "test_Precision_mean": 0.9180067276355127,
      "test_Precision_std": 0.021122390964082527,
      "test_ROC_AUC_mean": 0.9699764714145245,
      "test_ROC_AUC_std": 0.0021629382776787278,
      "test_Sensitivity_mean": 0.7988095238095143,
      "test_Sensitivity_std": 0.04111638572699468,
      "test_Specificity_mean": 0.9820648967551593,
      "test_Specificity_std": 0.005954832442530343,
      "val_Precision_mean": 0.9161134402817354,
      "val_Precision_std": 0.03200246796360373,
      "val_Sensitivity_mean": 0.7564285714285625,
      "val_Sensitivity_std": 0.020996342695570505,
      "val_Specificity_mean": 0.9824188790560443,
      "val_Specificity_std": 0.008083118767709622,
      "val_score_mean": 0.8279291856326668,
      "val_score_std": 0.008321424543501273,
      "val_thr_mean": 0.4962735129650344,
      "val_thr_std": 0.0654099825508884
    },
    {
      "criterion": "youden",
      "feature_set": "c110_errors",
      "model": "et",
      "param_hash": "23103a58c1c4",
      "param_index": 13,
      "test_Brier_mean": 0.046427436375395814,
      "test_Brier_std": 0.001522140100841676,
      "test_LogLoss_mean": 0.1758471319608539,
      "test_LogLoss_std": 0.004455515227110354,
      "test_PR_AUC_mean": 0.9186610603510854,
      "test_PR_AUC_std": 0.004961559183290641,
      "test_Precision_mean": 0.8401376864307146,
      "test_Precision_std": 0.03641281678203453,
      "test_ROC_AUC_mean": 0.9699764714145245,
      "test_ROC_AUC_std": 0.0021629382776787278,
      "test_Sensitivity_mean": 0.8883333333333228,
      "test_Sensitivity_std": 0.01922445850241277,
      "test_Specificity_mean": 0.9574631268436549,
      "test_Specificity_std": 0.012272874001610475,
      "val_Precision_mean": 0.8007081868246877,
      "val_Precision_std": 0.04124982989503375,
      "val_Sensitivity_mean": 0.8133333333333238,
      "val_Sensitivity_std": 0.013908196122626294,
      "val_Specificity_mean": 0.9490265486725634,
      "val_Specificity_std": 0.013926099332748925,
      "val_score_mean": 0.7623598820058872,
      "val_score_std": 0.011085611735050925,
      "val_thr_mean": 0.31716690802961167,
      "val_thr_std": 0.040083354287485135
    }
  ],
  "task_id": 229,
  "thr_grid_size": 600
}