{
  "feature_set": "c110_snr",
  "model": "bbag",
  "n_bootstrap": 50,
  "param_hash": "d849b896aa5b",
  "param_index": 0,
  "params": {
    "base_max_depth": 20,
    "base_max_features": "sqrt",
    "base_min_samples_leaf": 4,
    "base_min_samples_split": 4,
    "bootstrap": true,
    "max_features": 0.5,
    "max_samples": 1.0,
    "n_estimators": 800,
    "replacement": false,
    "sampling_strategy": "auto"
  },
  "runtime_s": 97.61686253547668,
  "summary_preview": [
    {
      "criterion": "f1",
      "feature_set": "c110_snr",
      "model": "bbag",
      "param_hash": "d849b896aa5b",
      "param_index": 0,
      "test_Brier_mean": 0.11275463735160328,
      "test_Brier_std": 0.0025933998770038096,
      "test_LogLoss_mean": 0.38311277109946096,
      "test_LogLoss_std": 0.006562534219272763,
      "test_PR_AUC_mean": 0.7628892573808781,
      "test_PR_AUC_std": 0.009440286734756166,
      "test_Precision_mean": 0.6623209285523893,
      "test_Precision_std": 0.06086763568311613,
      "test_ROC_AUC_mean": 0.8910514117151286,
      "test_ROC_AUC_std": 0.006759870040649448,
      "test_Sensitivity_mean": 0.7280952380952295,
      "test_Sensitivity_std": 0.03194020629542406,
      "test_Specificity_mean": 0.9050147492625341,
      "test_Specificity_std": 0.02729081307828426,
      "val_Precision_mean": 0.6520773499879184,
      "val_Precision_std": 0.03606503469737124,
      "val_Sensitivity_mean": 0.7014285714285632,
      "val_Sensitivity_std": 0.03161984965086251,
      "val_Specificity_mean": 0.9060176991150415,
      "val_Specificity_std": 0.0174973956278467,
      "val_score_mean": 0.6744059273473766,
      "val_score_std": 0.013195633074605638,
      "val_thr_mean": 0.4534736331206916,
      "val_thr_std": 0.022253978709366438
    },
    {
      "criterion": "youden",
      "feature_set": "c110_snr",
      "model": "bbag",
      "param_hash": "d849b896aa5b",
      "param_index": 0,
      "test_Brier_mean": 0.11275463735160328,
      "test_Brier_std": 0.0025933998770038096,
      "test_LogLoss_mean": 0.38311277109946096,
      "test_LogLoss_std": 0.006562534219272763,
      "test_PR_AUC_mean": 0.7628892573808781,
      "test_PR_AUC_std": 0.009440286734756166,
      "test_Precision_mean": 0.5902218692418357,
      "test_Precision_std": 0.03908133101731577,
      "test_ROC_AUC_mean": 0.8910514117151286,
      "test_ROC_AUC_std": 0.006759870040649448,
      "test_Sensitivity_mean": 0.7602380952380863,
      "test_Sensitivity_std": 0.021647462094066854,
      "test_Specificity_mean": 0.8675516224188765,
      "test_Specificity_std": 0.022835854350758522,
      "val_Precision_mean": 0.606570448090008,
      "val_Precision_std": 0.027978436070272006,
      "val_Sensitivity_mean": 0.739761904761896,
      "val_Sensitivity_std": 0.01799991515860711,
      "val_Specificity_mean": 0.8802949852507348,
      "val_Specificity_std": 0.015914369331617807,
      "val_score_mean": 0.6200568900126308,
      "val_score_std": 0.014701825362742536,
      "val_thr_mean": 0.42407349026492347,
      "val_thr_std": 0.018289128422669828
    }
  ],
  "task_id": 456,
  "thr_grid_size": 600
}