{
  "feature_set": "c110_errors",
  "model": "brf",
  "n_bootstrap": 50,
  "param_hash": "bf0c4fdf0ae8",
  "param_index": 19,
  "params": {
    "max_depth": null,
    "max_features": "0.2",
    "min_samples_leaf": 2,
    "min_samples_split": 8,
    "n_estimators": 2500,
    "replacement": false,
    "sampling_strategy": "auto"
  },
  "runtime_s": 853.8928179740906,
  "summary_preview": [
    {
      "criterion": "f1",
      "feature_set": "c110_errors",
      "model": "brf",
      "param_hash": "bf0c4fdf0ae8",
      "param_index": 19,
      "test_Brier_mean": 0.06444465390699826,
      "test_Brier_std": 0.002670189174110301,
      "test_LogLoss_mean": 0.23895763985651017,
      "test_LogLoss_std": 0.008016613301633784,
      "test_PR_AUC_mean": 0.909358924944983,
      "test_PR_AUC_std": 0.008399468111627654,
      "test_Precision_mean": 0.8954383135279551,
      "test_Precision_std": 0.028560528860781094,
      "test_ROC_AUC_mean": 0.9658112094395279,
      "test_ROC_AUC_std": 0.003488944838036087,
      "test_Sensitivity_mean": 0.7628571428571338,
      "test_Sensitivity_std": 0.04980641872859864,
      "test_Specificity_mean": 0.9774041297935073,
      "test_Specificity_std": 0.008648817910010771,
      "val_Precision_mean": 0.9100575617871847,
      "val_Precision_std": 0.03994120574100516,
      "val_Sensitivity_mean": 0.7359523809523723,
      "val_Sensitivity_std": 0.03206041690006804,
      "val_Specificity_mean": 0.9812979351032419,
      "val_Specificity_std": 0.009929669935151042,
      "val_score_mean": 0.8124734222592056,
      "val_score_std": 0.013403033889860728,
      "val_thr_mean": 0.638381566992607,
      "val_thr_std": 0.061680764936198736
    },
    {
      "criterion": "youden",
      "feature_set": "c110_errors",
      "model": "brf",
      "param_hash": "bf0c4fdf0ae8",
      "param_index": 19,
      "test_Brier_mean": 0.06444465390699826,
      "test_Brier_std": 0.002670189174110301,
      "test_LogLoss_mean": 0.23895763985651017,
      "test_LogLoss_std": 0.008016613301633784,
      "test_PR_AUC_mean": 0.909358924944983,
      "test_PR_AUC_std": 0.008399468111627654,
      "test_Precision_mean": 0.8086251149559525,
      "test_Precision_std": 0.0426058275399251,
      "test_ROC_AUC_mean": 0.9658112094395279,
      "test_ROC_AUC_std": 0.003488944838036087,
      "test_Sensitivity_mean": 0.8697619047618944,
      "test_Sensitivity_std": 0.03998660634663897,
      "test_Specificity_mean": 0.9477876106194661,
      "test_Specificity_std": 0.016038417390632113,
      "val_Precision_mean": 0.7910494256132171,
      "val_Precision_std": 0.046469404170935126,
      "val_Sensitivity_mean": 0.7992857142857048,
      "val_Sensitivity_std": 0.020550805359085583,
      "val_Specificity_mean": 0.9466076696165163,
      "val_Specificity_std": 0.015668767334663432,
      "val_score_mean": 0.7458933839022212,
      "val_score_std": 0.015454499919168594,
      "val_thr_mean": 0.4779792421337149,
      "val_thr_std": 0.052054173404788254
    }
  ],
  "task_id": 259,
  "thr_grid_size": 600
}