{
  "feature_set": "c110_d110_snr",
  "model": "bbag",
  "n_bootstrap": 50,
  "param_hash": "0c81cf660cb8",
  "param_index": 10,
  "params": {
    "base_max_depth": 20,
    "base_max_features": "0.5",
    "base_min_samples_leaf": 2,
    "base_min_samples_split": 8,
    "bootstrap": true,
    "max_features": 0.7,
    "max_samples": 0.9,
    "n_estimators": 500,
    "replacement": false,
    "sampling_strategy": "auto"
  },
  "runtime_s": 95.23611307144165,
  "summary_preview": [
    {
      "criterion": "f1",
      "feature_set": "c110_d110_snr",
      "model": "bbag",
      "param_hash": "0c81cf660cb8",
      "param_index": 10,
      "test_Brier_mean": 0.06125807846695128,
      "test_Brier_std": 0.0020221168659990073,
      "test_LogLoss_mean": 0.2351030865247163,
      "test_LogLoss_std": 0.0069120271488665825,
      "test_PR_AUC_mean": 0.9002512899511097,
      "test_PR_AUC_std": 0.005162719908213888,
      "test_Precision_mean": 0.8745402947077303,
      "test_Precision_std": 0.0355519535523313,
      "test_ROC_AUC_mean": 0.9625779603876949,
      "test_ROC_AUC_std": 0.0020991596403698463,
      "test_Sensitivity_mean": 0.8011904761904667,
      "test_Sensitivity_std": 0.05057915768014584,
      "test_Specificity_mean": 0.9706784660766933,
      "test_Specificity_std": 0.010584125695399745,
      "val_Precision_mean": 0.8661334602579482,
      "val_Precision_std": 0.046591271421448796,
      "val_Sensitivity_mean": 0.7642857142857052,
      "val_Sensitivity_std": 0.033413065823789556,
      "val_Specificity_mean": 0.9696755162241858,
      "val_Specificity_std": 0.012329896677862532,
      "val_score_mean": 0.8102195424828433,
      "val_score_std": 0.006948145530421863,
      "val_thr_mean": 0.5373029408108637,
      "val_thr_std": 0.08029809780900451
    },
    {
      "criterion": "youden",
      "feature_set": "c110_d110_snr",
      "model": "bbag",
      "param_hash": "0c81cf660cb8",
      "param_index": 10,
      "test_Brier_mean": 0.06125807846695128,
      "test_Brier_std": 0.0020221168659990073,
      "test_LogLoss_mean": 0.2351030865247163,
      "test_LogLoss_std": 0.0069120271488665825,
      "test_PR_AUC_mean": 0.9002512899511097,
      "test_PR_AUC_std": 0.005162719908213888,
      "test_Precision_mean": 0.8200604169136456,
      "test_Precision_std": 0.03734540766037466,
      "test_ROC_AUC_mean": 0.9625779603876949,
      "test_ROC_AUC_std": 0.0020991596403698463,
      "test_Sensitivity_mean": 0.8609523809523708,
      "test_Sensitivity_std": 0.02349648440703447,
      "test_Specificity_mean": 0.9523893805309706,
      "test_Specificity_std": 0.014115704588400762,
      "val_Precision_mean": 0.804804375056755,
      "val_Precision_std": 0.03055140652497583,
      "val_Sensitivity_mean": 0.7978571428571334,
      "val_Sensitivity_std": 0.013280559867588032,
      "val_Specificity_mean": 0.9515634218289057,
      "val_Specificity_std": 0.010745312858845052,
      "val_score_mean": 0.7494205646860391,
      "val_score_std": 0.008382506083691142,
      "val_thr_mean": 0.43632799916761356,
      "val_thr_std": 0.039777024827826274
    }
  ],
  "task_id": 562,
  "thr_grid_size": 600
}