{
  "feature_set": "c110",
  "model": "et",
  "n_bootstrap": 50,
  "param_hash": "5b75ec82da58",
  "param_index": 8,
  "params": {
    "bootstrap": false,
    "max_depth": null,
    "max_features": "sqrt",
    "max_samples": null,
    "min_samples_leaf": 4,
    "min_samples_split": 8,
    "n_estimators": 2500
  },
  "runtime_s": 507.96073389053345,
  "summary_preview": [
    {
      "criterion": "f1",
      "feature_set": "c110",
      "model": "et",
      "param_hash": "5b75ec82da58",
      "param_index": 8,
      "test_Brier_mean": 0.06691165998759019,
      "test_Brier_std": 0.0014187552056644187,
      "test_LogLoss_mean": 0.23645789594534047,
      "test_LogLoss_std": 0.003681402735440084,
      "test_PR_AUC_mean": 0.8849481645337485,
      "test_PR_AUC_std": 0.006479321406830955,
      "test_Precision_mean": 0.8466931732607036,
      "test_Precision_std": 0.0193701628055707,
      "test_ROC_AUC_mean": 0.9567200449501334,
      "test_ROC_AUC_std": 0.0036069195708567084,
      "test_Sensitivity_mean": 0.795476190476181,
      "test_Sensitivity_std": 0.029816761882958415,
      "test_Specificity_mean": 0.9640707964601741,
      "test_Specificity_std": 0.006068560652212472,
      "val_Precision_mean": 0.8082603897729311,
      "val_Precision_std": 0.02865061166508095,
      "val_Sensitivity_mean": 0.7609523809523719,
      "val_Sensitivity_std": 0.02532129601419661,
      "val_Specificity_mean": 0.9548082595870178,
      "val_Specificity_std": 0.009027174269866557,
      "val_score_mean": 0.7831279160984422,
      "val_score_std": 0.010311425775001227,
      "val_thr_mean": 0.3244099776163604,
      "val_thr_std": 0.025974143814370926
    },
    {
      "criterion": "youden",
      "feature_set": "c110",
      "model": "et",
      "param_hash": "5b75ec82da58",
      "param_index": 8,
      "test_Brier_mean": 0.06691165998759019,
      "test_Brier_std": 0.0014187552056644187,
      "test_LogLoss_mean": 0.23645789594534047,
      "test_LogLoss_std": 0.003681402735440084,
      "test_PR_AUC_mean": 0.8849481645337485,
      "test_PR_AUC_std": 0.006479321406830955,
      "test_Precision_mean": 0.778533528906943,
      "test_Precision_std": 0.0549485763595959,
      "test_ROC_AUC_mean": 0.9567200449501334,
      "test_ROC_AUC_std": 0.0036069195708567084,
      "test_Sensitivity_mean": 0.8495238095237994,
      "test_Sensitivity_std": 0.025877179049809507,
      "test_Specificity_mean": 0.9382300884955724,
      "test_Specificity_std": 0.02234183187149866,
      "val_Precision_mean": 0.720221077977251,
      "val_Precision_std": 0.04197118734943064,
      "val_Sensitivity_mean": 0.8114285714285618,
      "val_Sensitivity_std": 0.018685825435129554,
      "val_Specificity_mean": 0.9207079646017671,
      "val_Specificity_std": 0.0174224355771956,
      "val_score_mean": 0.7321365360303289,
      "val_score_std": 0.011996511045286025,
      "val_thr_mean": 0.25545050935611363,
      "val_thr_std": 0.030781206463526858
    }
  ],
  "task_id": 32,
  "thr_grid_size": 600
}