{
  "feature_set": "c110_d110_snr",
  "model": "bbag",
  "n_bootstrap": 50,
  "param_hash": "d849b896aa5b",
  "param_index": 0,
  "params": {
    "base_max_depth": 20,
    "base_max_features": "sqrt",
    "base_min_samples_leaf": 4,
    "base_min_samples_split": 4,
    "bootstrap": true,
    "max_features": 0.5,
    "max_samples": 1.0,
    "n_estimators": 800,
    "replacement": false,
    "sampling_strategy": "auto"
  },
  "runtime_s": 122.80718755722046,
  "summary_preview": [
    {
      "criterion": "f1",
      "feature_set": "c110_d110_snr",
      "model": "bbag",
      "param_hash": "d849b896aa5b",
      "param_index": 0,
      "test_Brier_mean": 0.0933176809438518,
      "test_Brier_std": 0.002609125357579975,
      "test_LogLoss_mean": 0.32948259435416394,
      "test_LogLoss_std": 0.006945569403956213,
      "test_PR_AUC_mean": 0.8199686674061595,
      "test_PR_AUC_std": 0.009527988693525969,
      "test_Precision_mean": 0.7643618244396503,
      "test_Precision_std": 0.04093598674681954,
      "test_ROC_AUC_mean": 0.9275375755021773,
      "test_ROC_AUC_std": 0.006071556384131707,
      "test_Sensitivity_mean": 0.7116666666666582,
      "test_Sensitivity_std": 0.05000636268461532,
      "test_Specificity_mean": 0.9443657817109116,
      "test_Specificity_std": 0.01579024646847713,
      "val_Precision_mean": 0.7472878135730956,
      "val_Precision_std": 0.042413092592227995,
      "val_Sensitivity_mean": 0.7076190476190392,
      "val_Sensitivity_std": 0.03996851924236247,
      "val_Specificity_mean": 0.9393510324483748,
      "val_Specificity_std": 0.015769426802901255,
      "val_score_mean": 0.7247704688954768,
      "val_score_std": 0.009932127883228297,
      "val_thr_mean": 0.48525710117888066,
      "val_thr_std": 0.04395461193733439
    },
    {
      "criterion": "youden",
      "feature_set": "c110_d110_snr",
      "model": "bbag",
      "param_hash": "d849b896aa5b",
      "param_index": 0,
      "test_Brier_mean": 0.0933176809438518,
      "test_Brier_std": 0.002609125357579975,
      "test_LogLoss_mean": 0.32948259435416394,
      "test_LogLoss_std": 0.006945569403956213,
      "test_PR_AUC_mean": 0.8199686674061595,
      "test_PR_AUC_std": 0.009527988693525969,
      "test_Precision_mean": 0.6429987408215907,
      "test_Precision_std": 0.047955919063892245,
      "test_ROC_AUC_mean": 0.9275375755021773,
      "test_ROC_AUC_std": 0.006071556384131707,
      "test_Sensitivity_mean": 0.7897619047618955,
      "test_Sensitivity_std": 0.03205319893027991,
      "test_Specificity_mean": 0.8892035398230062,
      "test_Specificity_std": 0.024988860764066968,
      "val_Precision_mean": 0.6491139477595563,
      "val_Precision_std": 0.0356453176332478,
      "val_Sensitivity_mean": 0.7769047619047527,
      "val_Sensitivity_std": 0.020941168923426495,
      "val_Specificity_mean": 0.8947492625368705,
      "val_Specificity_std": 0.018401954123236444,
      "val_score_mean": 0.6716540244416231,
      "val_score_std": 0.012840985409892293,
      "val_thr_mean": 0.40718947881888623,
      "val_thr_std": 0.024958112872697395
    }
  ],
  "task_id": 552,
  "thr_grid_size": 600
}