{
  "feature_set": "c110_d110_errors_snr",
  "model": "bbag",
  "n_bootstrap": 50,
  "param_hash": "015dc37e99e6",
  "param_index": 20,
  "params": {
    "base_max_depth": 20,
    "base_max_features": "0.5",
    "base_min_samples_leaf": 4,
    "base_min_samples_split": 4,
    "bootstrap": true,
    "max_features": 0.7,
    "max_samples": 1.0,
    "n_estimators": 800,
    "replacement": true,
    "sampling_strategy": "auto"
  },
  "runtime_s": 167.24743485450745,
  "summary_preview": [
    {
      "criterion": "f1",
      "feature_set": "c110_d110_errors_snr",
      "model": "bbag",
      "param_hash": "015dc37e99e6",
      "param_index": 20,
      "test_Brier_mean": 0.06307823666259797,
      "test_Brier_std": 0.0017740368912937084,
      "test_LogLoss_mean": 0.2421026333232079,
      "test_LogLoss_std": 0.005898996459465691,
      "test_PR_AUC_mean": 0.9045468161908397,
      "test_PR_AUC_std": 0.005048090643483037,
      "test_Precision_mean": 0.883709701234248,
      "test_Precision_std": 0.030784341580626855,
      "test_ROC_AUC_mean": 0.9670283747717376,
      "test_ROC_AUC_std": 0.002343359414951982,
      "test_Sensitivity_mean": 0.7838095238095145,
      "test_Sensitivity_std": 0.04678323831162251,
      "test_Specificity_mean": 0.9738053097345103,
      "test_Specificity_std": 0.00897192305582552,
      "val_Precision_mean": 0.8794089207780806,
      "val_Precision_std": 0.04909614088736382,
      "val_Sensitivity_mean": 0.749999999999991,
      "val_Sensitivity_std": 0.032624704240222166,
      "val_Specificity_mean": 0.9733923303834778,
      "val_Specificity_std": 0.012816470228292916,
      "val_score_mean": 0.8076636192275243,
      "val_score_std": 0.005511478344421508,
      "val_thr_mean": 0.5837093192553366,
      "val_thr_std": 0.07898511206813161
    },
    {
      "criterion": "youden",
      "feature_set": "c110_d110_errors_snr",
      "model": "bbag",
      "param_hash": "015dc37e99e6",
      "param_index": 20,
      "test_Brier_mean": 0.06307823666259797,
      "test_Brier_std": 0.0017740368912937084,
      "test_LogLoss_mean": 0.2421026333232079,
      "test_LogLoss_std": 0.005898996459465691,
      "test_PR_AUC_mean": 0.9045468161908397,
      "test_PR_AUC_std": 0.005048090643483037,
      "test_Precision_mean": 0.82304351861231,
      "test_Precision_std": 0.037526270542434015,
      "test_ROC_AUC_mean": 0.9670283747717376,
      "test_ROC_AUC_std": 0.002343359414951982,
      "test_Sensitivity_mean": 0.8683333333333231,
      "test_Sensitivity_std": 0.028193360304754528,
      "test_Specificity_mean": 0.952920353982298,
      "test_Specificity_std": 0.013861168288460984,
      "val_Precision_mean": 0.7935575387752074,
      "val_Precision_std": 0.03397025195243849,
      "val_Sensitivity_mean": 0.7995238095238,
      "val_Sensitivity_std": 0.013891549562355044,
      "val_Specificity_mean": 0.9478466076696137,
      "val_Specificity_std": 0.01194063935839851,
      "val_score_mean": 0.7473704171934137,
      "val_score_std": 0.00780895618992984,
      "val_thr_mean": 0.4502133185118536,
      "val_thr_std": 0.045710092955258665
    }
  ],
  "task_id": 668,
  "thr_grid_size": 600
}