{
  "feature_set": "c110_d110_snr",
  "model": "rf",
  "n_bootstrap": 50,
  "param_hash": "93530ef68b1b",
  "param_index": 14,
  "params": {
    "bootstrap": true,
    "class_weight": "balanced",
    "max_depth": null,
    "max_features": "0.2",
    "min_samples_leaf": 2,
    "min_samples_split": 2,
    "n_estimators": 1500
  },
  "runtime_s": 1122.32497549057,
  "summary_preview": [
    {
      "criterion": "f1",
      "feature_set": "c110_d110_snr",
      "model": "rf",
      "param_hash": "93530ef68b1b",
      "param_index": 14,
      "test_Brier_mean": 0.050556662569521606,
      "test_Brier_std": 0.0017994084607265317,
      "test_LogLoss_mean": 0.1906517112697869,
      "test_LogLoss_std": 0.005614832336899487,
      "test_PR_AUC_mean": 0.8950216653556344,
      "test_PR_AUC_std": 0.006226229205776571,
      "test_Precision_mean": 0.8952416262445219,
      "test_Precision_std": 0.021900411850371546,
      "test_ROC_AUC_mean": 0.9593706981317601,
      "test_ROC_AUC_std": 0.00338313120800108,
      "test_Sensitivity_mean": 0.8078571428571333,
      "test_Sensitivity_std": 0.017345271361772774,
      "test_Specificity_mean": 0.976401179941,
      "test_Specificity_std": 0.005622277313159017,
      "val_Precision_mean": 0.9062310879039431,
      "val_Precision_std": 0.020587086757784357,
      "val_Sensitivity_mean": 0.7699999999999909,
      "val_Sensitivity_std": 0.013485869116733835,
      "val_Specificity_mean": 0.980117994100292,
      "val_Specificity_std": 0.0049793892642617564,
      "val_score_mean": 0.8323474838217644,
      "val_score_std": 0.00933227830369884,
      "val_thr_mean": 0.4157850254188443,
      "val_thr_std": 0.04381932314550424
    },
    {
      "criterion": "youden",
      "feature_set": "c110_d110_snr",
      "model": "rf",
      "param_hash": "93530ef68b1b",
      "param_index": 14,
      "test_Brier_mean": 0.050556662569521606,
      "test_Brier_std": 0.0017994084607265317,
      "test_LogLoss_mean": 0.1906517112697869,
      "test_LogLoss_std": 0.005614832336899487,
      "test_PR_AUC_mean": 0.8950216653556344,
      "test_PR_AUC_std": 0.006226229205776571,
      "test_Precision_mean": 0.8133958338932149,
      "test_Precision_std": 0.06868616279066271,
      "test_ROC_AUC_mean": 0.9593706981317601,
      "test_ROC_AUC_std": 0.00338313120800108,
      "test_Sensitivity_mean": 0.8638095238095136,
      "test_Sensitivity_std": 0.03608970164544455,
      "test_Specificity_mean": 0.9481415929203512,
      "test_Specificity_std": 0.025467032862720007,
      "val_Precision_mean": 0.8180738679213291,
      "val_Precision_std": 0.07221862140477558,
      "val_Sensitivity_mean": 0.8083333333333238,
      "val_Sensitivity_std": 0.028483221470142893,
      "val_Specificity_mean": 0.9527433628318555,
      "val_Specificity_std": 0.025012514339899393,
      "val_score_mean": 0.7610766961651793,
      "val_score_std": 0.01004420218432475,
      "val_thr_mean": 0.2912137395644605,
      "val_thr_std": 0.0818863061348997
    }
  ],
  "task_id": 494,
  "thr_grid_size": 600
}