{
  "feature_set": "c110_errors",
  "model": "et",
  "n_bootstrap": 50,
  "param_hash": "201045713c41",
  "param_index": 1,
  "params": {
    "bootstrap": true,
    "max_depth": 20,
    "max_features": "0.3",
    "max_samples": null,
    "min_samples_leaf": 2,
    "min_samples_split": 4,
    "n_estimators": 800
  },
  "runtime_s": 159.8736650943756,
  "summary_preview": [
    {
      "criterion": "f1",
      "feature_set": "c110_errors",
      "model": "et",
      "param_hash": "201045713c41",
      "param_index": 1,
      "test_Brier_mean": 0.052272486109026864,
      "test_Brier_std": 0.0018386516100368496,
      "test_LogLoss_mean": 0.1926759475541074,
      "test_LogLoss_std": 0.004974994676844938,
      "test_PR_AUC_mean": 0.9130207051644571,
      "test_PR_AUC_std": 0.005339244653850713,
      "test_Precision_mean": 0.8931716044585333,
      "test_Precision_std": 0.025561397122923293,
      "test_ROC_AUC_mean": 0.9694374209860936,
      "test_ROC_AUC_std": 0.0021460606636809062,
      "test_Sensitivity_mean": 0.7845238095238003,
      "test_Sensitivity_std": 0.041744686083787175,
      "test_Specificity_mean": 0.9763421828908525,
      "test_Specificity_std": 0.007643407425618059,
      "val_Precision_mean": 0.8850168581235678,
      "val_Precision_std": 0.03363084764672268,
      "val_Sensitivity_mean": 0.7545238095238005,
      "val_Sensitivity_std": 0.023055354138152764,
      "val_Specificity_mean": 0.9752212389380501,
      "val_Specificity_std": 0.009077395376543602,
      "val_score_mean": 0.8137730731593987,
      "val_score_std": 0.010237747126121029,
      "val_thr_mean": 0.4377090735322497,
      "val_thr_std": 0.05935065419166411
    },
    {
      "criterion": "youden",
      "feature_set": "c110_errors",
      "model": "et",
      "param_hash": "201045713c41",
      "param_index": 1,
      "test_Brier_mean": 0.052272486109026864,
      "test_Brier_std": 0.0018386516100368496,
      "test_LogLoss_mean": 0.1926759475541074,
      "test_LogLoss_std": 0.004974994676844938,
      "test_PR_AUC_mean": 0.9130207051644571,
      "test_PR_AUC_std": 0.005339244653850713,
      "test_Precision_mean": 0.8197079640728053,
      "test_Precision_std": 0.041841894302407416,
      "test_ROC_AUC_mean": 0.9694374209860936,
      "test_ROC_AUC_std": 0.0021460606636809062,
      "test_Sensitivity_mean": 0.8842857142857038,
      "test_Sensitivity_std": 0.04081916089931971,
      "test_Specificity_mean": 0.9506784660766933,
      "test_Specificity_std": 0.015006367856605533,
      "val_Precision_mean": 0.7742080447549239,
      "val_Precision_std": 0.05655175969526443,
      "val_Sensitivity_mean": 0.8097619047618951,
      "val_Sensitivity_std": 0.022367663486512982,
      "val_Specificity_mean": 0.9397640117994073,
      "val_Specificity_std": 0.019748596110107375,
      "val_score_mean": 0.7495259165613024,
      "val_score_std": 0.013887968545975314,
      "val_thr_mean": 0.29121815454218014,
      "val_thr_std": 0.05601354993369988
    }
  ],
  "task_id": 217,
  "thr_grid_size": 600
}