{
  "feature_set": "c110_d110_errors_snr",
  "model": "rf",
  "n_bootstrap": 50,
  "param_hash": "6cf4d44e3e25",
  "param_index": 5,
  "params": {
    "bootstrap": true,
    "class_weight": null,
    "max_depth": 20,
    "max_features": "sqrt",
    "min_samples_leaf": 1,
    "min_samples_split": 8,
    "n_estimators": 800
  },
  "runtime_s": 259.07669591903687,
  "summary_preview": [
    {
      "criterion": "f1",
      "feature_set": "c110_d110_errors_snr",
      "model": "rf",
      "param_hash": "6cf4d44e3e25",
      "param_index": 5,
      "test_Brier_mean": 0.0569899448273856,
      "test_Brier_std": 0.0017253299164381882,
      "test_LogLoss_mean": 0.20802442454214112,
      "test_LogLoss_std": 0.004317846219420062,
      "test_PR_AUC_mean": 0.8966564999118618,
      "test_PR_AUC_std": 0.006947659335158445,
      "test_Precision_mean": 0.8956576131967954,
      "test_Precision_std": 0.02685086255916649,
      "test_ROC_AUC_mean": 0.9608926815563984,
      "test_ROC_AUC_std": 0.002798305734907052,
      "test_Sensitivity_mean": 0.7652380952380863,
      "test_Sensitivity_std": 0.053728578487014685,
      "test_Specificity_mean": 0.9774631268436549,
      "test_Specificity_std": 0.007437812548810843,
      "val_Precision_mean": 0.8849029153022261,
      "val_Precision_std": 0.051050727490120566,
      "val_Sensitivity_mean": 0.7297619047618962,
      "val_Sensitivity_std": 0.03553160274791825,
      "val_Specificity_mean": 0.9753392330383451,
      "val_Specificity_std": 0.012610720683872234,
      "val_score_mean": 0.7978327142304181,
      "val_score_std": 0.011115168742278903,
      "val_thr_mean": 0.4424945409194981,
      "val_thr_std": 0.06133166130187552
    },
    {
      "criterion": "youden",
      "feature_set": "c110_d110_errors_snr",
      "model": "rf",
      "param_hash": "6cf4d44e3e25",
      "param_index": 5,
      "test_Brier_mean": 0.0569899448273856,
      "test_Brier_std": 0.0017253299164381882,
      "test_LogLoss_mean": 0.20802442454214112,
      "test_LogLoss_std": 0.004317846219420062,
      "test_PR_AUC_mean": 0.8966564999118618,
      "test_PR_AUC_std": 0.006947659335158445,
      "test_Precision_mean": 0.806060082609291,
      "test_Precision_std": 0.06099198709248499,
      "test_ROC_AUC_mean": 0.9608926815563984,
      "test_ROC_AUC_std": 0.002798305734907052,
      "test_Sensitivity_mean": 0.8447619047618947,
      "test_Sensitivity_std": 0.027100114676247428,
      "test_Specificity_mean": 0.9477286135693187,
      "test_Specificity_std": 0.021371967150989192,
      "val_Precision_mean": 0.7526018613205891,
      "val_Precision_std": 0.06506905419010002,
      "val_Sensitivity_mean": 0.7966666666666572,
      "val_Sensitivity_std": 0.023298699033392573,
      "val_Specificity_mean": 0.9326253687315607,
      "val_Specificity_std": 0.024320434197544396,
      "val_score_mean": 0.7292920353982179,
      "val_score_std": 0.010708816307970074,
      "val_thr_mean": 0.3158138120369469,
      "val_thr_std": 0.05049724086214196
    }
  ],
  "task_id": 581,
  "thr_grid_size": 600
}