{
  "feature_set": "c110_d110",
  "model": "et",
  "n_bootstrap": 50,
  "param_hash": "017a8d97b265",
  "param_index": 22,
  "params": {
    "bootstrap": false,
    "max_depth": 30,
    "max_features": "0.2",
    "max_samples": 1.0,
    "min_samples_leaf": 1,
    "min_samples_split": 2,
    "n_estimators": 1500
  },
  "runtime_s": 235.55142951011658,
  "summary_preview": [
    {
      "criterion": "f1",
      "feature_set": "c110_d110",
      "model": "et",
      "param_hash": "017a8d97b265",
      "param_index": 22,
      "test_Brier_mean": 0.04880346962119128,
      "test_Brier_std": 0.0009197097077799235,
      "test_LogLoss_mean": 0.18495075178699552,
      "test_LogLoss_std": 0.0032127489917509046,
      "test_PR_AUC_mean": 0.9117142663724185,
      "test_PR_AUC_std": 0.003547868044202971,
      "test_Precision_mean": 0.9260294246325571,
      "test_Precision_std": 0.01206224542059473,
      "test_ROC_AUC_mean": 0.964977524933277,
      "test_ROC_AUC_std": 0.0021424367506986935,
      "test_Sensitivity_mean": 0.7983333333333239,
      "test_Sensitivity_std": 0.023737744084864086,
      "test_Specificity_mean": 0.9841297935103215,
      "test_Specificity_std": 0.003090385523354236,
      "val_Precision_mean": 0.91769355428873,
      "val_Precision_std": 0.026864175453015147,
      "val_Sensitivity_mean": 0.7580952380952292,
      "val_Sensitivity_std": 0.017081468747604845,
      "val_Specificity_mean": 0.9828908554572241,
      "val_Specificity_std": 0.006307049956635362,
      "val_score_mean": 0.8298411371724641,
      "val_score_std": 0.008903440057723123,
      "val_thr_mean": 0.48812051196438533,
      "val_thr_std": 0.042454533326809804
    },
    {
      "criterion": "youden",
      "feature_set": "c110_d110",
      "model": "et",
      "param_hash": "017a8d97b265",
      "param_index": 22,
      "test_Brier_mean": 0.04880346962119128,
      "test_Brier_std": 0.0009197097077799235,
      "test_LogLoss_mean": 0.18495075178699552,
      "test_LogLoss_std": 0.0032127489917509046,
      "test_PR_AUC_mean": 0.9117142663724185,
      "test_PR_AUC_std": 0.003547868044202971,
      "test_Precision_mean": 0.8341208789352664,
      "test_Precision_std": 0.05127131519030787,
      "test_ROC_AUC_mean": 0.964977524933277,
      "test_ROC_AUC_std": 0.0021424367506986935,
      "test_Sensitivity_mean": 0.8740476190476087,
      "test_Sensitivity_std": 0.027954341901637852,
      "test_Specificity_mean": 0.9555752212389352,
      "test_Specificity_std": 0.01682899178590927,
      "val_Precision_mean": 0.7975650178020206,
      "val_Precision_std": 0.054245936162955685,
      "val_Sensitivity_mean": 0.8078571428571333,
      "val_Sensitivity_std": 0.019834627978049364,
      "val_Specificity_mean": 0.9477286135693187,
      "val_Specificity_std": 0.017849381181161358,
      "val_score_mean": 0.755585756426452,
      "val_score_std": 0.009094559216262404,
      "val_thr_mean": 0.32248264363121604,
      "val_thr_std": 0.065077245712852
    }
  ],
  "task_id": 142,
  "thr_grid_size": 600
}