{
  "feature_set": "c110_errors",
  "model": "rf",
  "n_bootstrap": 50,
  "param_hash": "044085776d9d",
  "param_index": 10,
  "params": {
    "bootstrap": true,
    "class_weight": null,
    "max_depth": 20,
    "max_features": "sqrt",
    "min_samples_leaf": 2,
    "min_samples_split": 4,
    "n_estimators": 4000
  },
  "runtime_s": 979.1507847309113,
  "summary_preview": [
    {
      "criterion": "f1",
      "feature_set": "c110_errors",
      "model": "rf",
      "param_hash": "044085776d9d",
      "param_index": 10,
      "test_Brier_mean": 0.062095133768559706,
      "test_Brier_std": 0.0018129154908299847,
      "test_LogLoss_mean": 0.22029404486028686,
      "test_LogLoss_std": 0.005084581173579934,
      "test_PR_AUC_mean": 0.8906651879922252,
      "test_PR_AUC_std": 0.009554422569706223,
      "test_Precision_mean": 0.8859571138200667,
      "test_Precision_std": 0.02417383559987035,
      "test_ROC_AUC_mean": 0.9596530411574659,
      "test_ROC_AUC_std": 0.004737378945099778,
      "test_Sensitivity_mean": 0.7204761904761819,
      "test_Sensitivity_std": 0.04297306426044136,
      "test_Specificity_mean": 0.9766371681415901,
      "test_Specificity_std": 0.006738304624123644,
      "val_Precision_mean": 0.8710186153071783,
      "val_Precision_std": 0.040177104723050895,
      "val_Sensitivity_mean": 0.7097619047618964,
      "val_Sensitivity_std": 0.024277471495080416,
      "val_Specificity_mean": 0.9732743362831829,
      "val_Specificity_std": 0.010380833009415072,
      "val_score_mean": 0.7810603999814273,
      "val_score_std": 0.010274476916509425,
      "val_thr_mean": 0.43853197390020726,
      "val_thr_std": 0.04367465998922632
    },
    {
      "criterion": "youden",
      "feature_set": "c110_errors",
      "model": "rf",
      "param_hash": "044085776d9d",
      "param_index": 10,
      "test_Brier_mean": 0.062095133768559706,
      "test_Brier_std": 0.0018129154908299847,
      "test_LogLoss_mean": 0.22029404486028686,
      "test_LogLoss_std": 0.005084581173579934,
      "test_PR_AUC_mean": 0.8906651879922252,
      "test_PR_AUC_std": 0.009554422569706223,
      "test_Precision_mean": 0.8075954465414399,
      "test_Precision_std": 0.07176724848392649,
      "test_ROC_AUC_mean": 0.9596530411574659,
      "test_ROC_AUC_std": 0.004737378945099778,
      "test_Sensitivity_mean": 0.8192857142857046,
      "test_Sensitivity_std": 0.06233358612410349,
      "test_Specificity_mean": 0.9479646017699086,
      "test_Specificity_std": 0.030063578540162072,
      "val_Precision_mean": 0.7484758698949271,
      "val_Precision_std": 0.08571457314050082,
      "val_Sensitivity_mean": 0.7680952380952291,
      "val_Sensitivity_std": 0.03812256065864623,
      "val_Specificity_mean": 0.9312094395280208,
      "val_Specificity_std": 0.03499174636812545,
      "val_score_mean": 0.6993046776232498,
      "val_score_std": 0.013570785751174716,
      "val_thr_mean": 0.3300084511848638,
      "val_thr_std": 0.06713643979916468
    }
  ],
  "task_id": 202,
  "thr_grid_size": 600
}