{
  "feature_set": "c110_d110",
  "model": "brf",
  "n_bootstrap": 50,
  "param_hash": "247506bd6d6b",
  "param_index": 0,
  "params": {
    "max_depth": 30,
    "max_features": "0.3",
    "min_samples_leaf": 1,
    "min_samples_split": 4,
    "n_estimators": 4000,
    "replacement": false,
    "sampling_strategy": "auto"
  },
  "runtime_s": 1720.154928445816,
  "summary_preview": [
    {
      "criterion": "f1",
      "feature_set": "c110_d110",
      "model": "brf",
      "param_hash": "247506bd6d6b",
      "param_index": 0,
      "test_Brier_mean": 0.06317990318057197,
      "test_Brier_std": 0.0030072991492433882,
      "test_LogLoss_mean": 0.2359022507283188,
      "test_LogLoss_std": 0.009495920462517186,
      "test_PR_AUC_mean": 0.898808563503263,
      "test_PR_AUC_std": 0.006294694263857608,
      "test_Precision_mean": 0.8874691359409798,
      "test_Precision_std": 0.029679789229866676,
      "test_ROC_AUC_mean": 0.9586444725382779,
      "test_ROC_AUC_std": 0.003520463665422481,
      "test_Sensitivity_mean": 0.8066666666666571,
      "test_Sensitivity_std": 0.02198552736216616,
      "test_Specificity_mean": 0.9742772861356903,
      "test_Specificity_std": 0.008193965176729273,
      "val_Precision_mean": 0.9028489257214665,
      "val_Precision_std": 0.02629177595340467,
      "val_Sensitivity_mean": 0.7616666666666576,
      "val_Sensitivity_std": 0.020477489958087187,
      "val_Specificity_mean": 0.9794100294985222,
      "val_Specificity_std": 0.00659580149721646,
      "val_score_mean": 0.8257487768975548,
      "val_score_std": 0.00979007670550562,
      "val_thr_mean": 0.6261101697273235,
      "val_thr_std": 0.05089439790940317
    },
    {
      "criterion": "youden",
      "feature_set": "c110_d110",
      "model": "brf",
      "param_hash": "247506bd6d6b",
      "param_index": 0,
      "test_Brier_mean": 0.06317990318057197,
      "test_Brier_std": 0.0030072991492433882,
      "test_LogLoss_mean": 0.2359022507283188,
      "test_LogLoss_std": 0.009495920462517186,
      "test_PR_AUC_mean": 0.898808563503263,
      "test_PR_AUC_std": 0.006294694263857608,
      "test_Precision_mean": 0.8478968920046163,
      "test_Precision_std": 0.04207056496066802,
      "test_ROC_AUC_mean": 0.9586444725382779,
      "test_ROC_AUC_std": 0.003520463665422481,
      "test_Sensitivity_mean": 0.8364285714285615,
      "test_Sensitivity_std": 0.025882766987219415,
      "test_Specificity_mean": 0.9618879056047169,
      "test_Specificity_std": 0.014226357736473934,
      "val_Precision_mean": 0.8496113726834773,
      "val_Precision_std": 0.045931421684914805,
      "val_Sensitivity_mean": 0.7869047619047526,
      "val_Sensitivity_std": 0.01563331318949831,
      "val_Specificity_mean": 0.9646017699115015,
      "val_Specificity_std": 0.01386168074454148,
      "val_score_mean": 0.751506531816254,
      "val_score_std": 0.009619799947792274,
      "val_thr_mean": 0.5537761950473011,
      "val_thr_std": 0.05973083283930542
    }
  ],
  "task_id": 144,
  "thr_grid_size": 600
}