{
  "feature_set": "c110_d110_snr",
  "model": "rf",
  "n_bootstrap": 50,
  "param_hash": "300eb462f60e",
  "param_index": 9,
  "params": {
    "bootstrap": true,
    "class_weight": null,
    "max_depth": null,
    "max_features": "sqrt",
    "min_samples_leaf": 2,
    "min_samples_split": 4,
    "n_estimators": 4000
  },
  "runtime_s": 1223.2638816833496,
  "summary_preview": [
    {
      "criterion": "f1",
      "feature_set": "c110_d110_snr",
      "model": "rf",
      "param_hash": "300eb462f60e",
      "param_index": 9,
      "test_Brier_mean": 0.05613896427105452,
      "test_Brier_std": 0.0016982291409883906,
      "test_LogLoss_mean": 0.20563015515813224,
      "test_LogLoss_std": 0.004636584333988964,
      "test_PR_AUC_mean": 0.8966960054127411,
      "test_PR_AUC_std": 0.0057883884134835905,
      "test_Precision_mean": 0.8908101056360603,
      "test_Precision_std": 0.027933998420246176,
      "test_ROC_AUC_mean": 0.9598876246663858,
      "test_ROC_AUC_std": 0.00308528093579362,
      "test_Sensitivity_mean": 0.7885714285714193,
      "test_Sensitivity_std": 0.03977992585224125,
      "test_Specificity_mean": 0.9756342182890826,
      "test_Specificity_std": 0.007720157816139658,
      "val_Precision_mean": 0.8774274009915598,
      "val_Precision_std": 0.039100661821679594,
      "val_Sensitivity_mean": 0.7495238095238007,
      "val_Sensitivity_std": 0.030890646366646488,
      "val_Specificity_mean": 0.9733333333333305,
      "val_Specificity_std": 0.010441386036880596,
      "val_score_mean": 0.8071406112895467,
      "val_score_std": 0.011064333645286131,
      "val_thr_mean": 0.41246094291735913,
      "val_thr_std": 0.050554305528194794
    },
    {
      "criterion": "youden",
      "feature_set": "c110_d110_snr",
      "model": "rf",
      "param_hash": "300eb462f60e",
      "param_index": 9,
      "test_Brier_mean": 0.05613896427105452,
      "test_Brier_std": 0.0016982291409883906,
      "test_LogLoss_mean": 0.20563015515813224,
      "test_LogLoss_std": 0.004636584333988964,
      "test_PR_AUC_mean": 0.8966960054127411,
      "test_PR_AUC_std": 0.0057883884134835905,
      "test_Precision_mean": 0.825665219015027,
      "test_Precision_std": 0.05396079068568472,
      "test_ROC_AUC_mean": 0.9598876246663858,
      "test_ROC_AUC_std": 0.00308528093579362,
      "test_Sensitivity_mean": 0.844047619047609,
      "test_Sensitivity_std": 0.024557022241825658,
      "test_Specificity_mean": 0.9542772861356903,
      "test_Specificity_std": 0.020456719199359354,
      "val_Precision_mean": 0.7872276165645046,
      "val_Precision_std": 0.056336669366015384,
      "val_Sensitivity_mean": 0.7952380952380858,
      "val_Sensitivity_std": 0.0199784695994398,
      "val_Specificity_mean": 0.9450737463126815,
      "val_Specificity_std": 0.020340410723185744,
      "val_score_mean": 0.7403118415507673,
      "val_score_std": 0.013434047512716917,
      "val_thr_mean": 0.3171406225254295,
      "val_thr_std": 0.048387846839112965
    }
  ],
  "task_id": 489,
  "thr_grid_size": 600
}