{
  "feature_set": "c110_d110",
  "model": "brf",
  "n_bootstrap": 50,
  "param_hash": "406f8ac913b7",
  "param_index": 1,
  "params": {
    "max_depth": 10,
    "max_features": "sqrt",
    "min_samples_leaf": 1,
    "min_samples_split": 4,
    "n_estimators": 800,
    "replacement": true,
    "sampling_strategy": "auto"
  },
  "runtime_s": 275.5490906238556,
  "summary_preview": [
    {
      "criterion": "f1",
      "feature_set": "c110_d110",
      "model": "brf",
      "param_hash": "406f8ac913b7",
      "param_index": 1,
      "test_Brier_mean": 0.06919477612564581,
      "test_Brier_std": 0.002583654225122661,
      "test_LogLoss_mean": 0.25607694594839037,
      "test_LogLoss_std": 0.008072182330142114,
      "test_PR_AUC_mean": 0.9020621599835864,
      "test_PR_AUC_std": 0.006418659243077422,
      "test_Precision_mean": 0.8806677579028359,
      "test_Precision_std": 0.03473703920202266,
      "test_ROC_AUC_mean": 0.9626429273774407,
      "test_ROC_AUC_std": 0.0031074929248233996,
      "test_Sensitivity_mean": 0.7935714285714193,
      "test_Sensitivity_std": 0.04211442052020487,
      "test_Specificity_mean": 0.9726843657817079,
      "test_Specificity_std": 0.009843451422868838,
      "val_Precision_mean": 0.8776494286757855,
      "val_Precision_std": 0.040712015101985105,
      "val_Sensitivity_mean": 0.76404761904761,
      "val_Sensitivity_std": 0.028119399602322112,
      "val_Specificity_mean": 0.9728613569321505,
      "val_Specificity_std": 0.010425045829627463,
      "val_score_mean": 0.8156381003270166,
      "val_score_std": 0.00898900433434802,
      "val_thr_mean": 0.592433250302456,
      "val_thr_std": 0.054061664614638245
    },
    {
      "criterion": "youden",
      "feature_set": "c110_d110",
      "model": "brf",
      "param_hash": "406f8ac913b7",
      "param_index": 1,
      "test_Brier_mean": 0.06919477612564581,
      "test_Brier_std": 0.002583654225122661,
      "test_LogLoss_mean": 0.25607694594839037,
      "test_LogLoss_std": 0.008072182330142114,
      "test_PR_AUC_mean": 0.9020621599835864,
      "test_PR_AUC_std": 0.006418659243077422,
      "test_Precision_mean": 0.8292610914286074,
      "test_Precision_std": 0.03042273397136268,
      "test_ROC_AUC_mean": 0.9626429273774407,
      "test_ROC_AUC_std": 0.0031074929248233996,
      "test_Sensitivity_mean": 0.8459523809523709,
      "test_Sensitivity_std": 0.022614571701793842,
      "test_Specificity_mean": 0.956401179941,
      "test_Specificity_std": 0.009834065703520405,
      "val_Precision_mean": 0.8186980042640455,
      "val_Precision_std": 0.02819258681565779,
      "val_Sensitivity_mean": 0.7949999999999906,
      "val_Sensitivity_std": 0.009404623512039698,
      "val_Specificity_mean": 0.956047197640115,
      "val_Specificity_std": 0.008579550388327972,
      "val_score_mean": 0.7510471976401056,
      "val_score_std": 0.008563335543600486,
      "val_thr_mean": 0.5170948542133255,
      "val_thr_std": 0.02782151701130713
    }
  ],
  "task_id": 145,
  "thr_grid_size": 600
}