{
  "feature_set": "c110",
  "model": "et",
  "n_bootstrap": 50,
  "param_hash": "409b2e1e8603",
  "param_index": 12,
  "params": {
    "bootstrap": true,
    "max_depth": 30,
    "max_features": "sqrt",
    "max_samples": 0.5,
    "min_samples_leaf": 4,
    "min_samples_split": 4,
    "n_estimators": 2500
  },
  "runtime_s": 1011.7788028717041,
  "summary_preview": [
    {
      "criterion": "f1",
      "feature_set": "c110",
      "model": "et",
      "param_hash": "409b2e1e8603",
      "param_index": 12,
      "test_Brier_mean": 0.07556559208855514,
      "test_Brier_std": 0.0013661339623621828,
      "test_LogLoss_mean": 0.26185148418941107,
      "test_LogLoss_std": 0.0035148642910527543,
      "test_PR_AUC_mean": 0.8561111819841686,
      "test_PR_AUC_std": 0.00925300270724102,
      "test_Precision_mean": 0.8155145388230115,
      "test_Precision_std": 0.027139659358212914,
      "test_ROC_AUC_mean": 0.9458547548813035,
      "test_ROC_AUC_std": 0.0044562144125967935,
      "test_Sensitivity_mean": 0.7714285714285622,
      "test_Sensitivity_std": 0.030894391368341382,
      "test_Specificity_mean": 0.9563421828908525,
      "test_Specificity_std": 0.009646458611259645,
      "val_Precision_mean": 0.7555319552680585,
      "val_Precision_std": 0.03243125967662856,
      "val_Sensitivity_mean": 0.7373809523809436,
      "val_Sensitivity_std": 0.029300110235430728,
      "val_Specificity_mean": 0.9401769911504396,
      "val_Specificity_std": 0.012487321822133728,
      "val_score_mean": 0.7453389762373657,
      "val_score_std": 0.014024130348637604,
      "val_thr_mean": 0.30170154178750935,
      "val_thr_std": 0.025262278438109492
    },
    {
      "criterion": "youden",
      "feature_set": "c110",
      "model": "et",
      "param_hash": "409b2e1e8603",
      "param_index": 12,
      "test_Brier_mean": 0.07556559208855514,
      "test_Brier_std": 0.0013661339623621828,
      "test_LogLoss_mean": 0.26185148418941107,
      "test_LogLoss_std": 0.0035148642910527543,
      "test_PR_AUC_mean": 0.8561111819841686,
      "test_PR_AUC_std": 0.00925300270724102,
      "test_Precision_mean": 0.68650184074391,
      "test_Precision_std": 0.06131311335024038,
      "test_ROC_AUC_mean": 0.9458547548813035,
      "test_ROC_AUC_std": 0.0044562144125967935,
      "test_Sensitivity_mean": 0.8499999999999899,
      "test_Sensitivity_std": 0.020689668470401833,
      "test_Specificity_mean": 0.9010619469026522,
      "test_Specificity_std": 0.02798609063038651,
      "val_Precision_mean": 0.6573524389251082,
      "val_Precision_std": 0.03365465845261218,
      "val_Sensitivity_mean": 0.8099999999999905,
      "val_Sensitivity_std": 0.015946541727525066,
      "val_Specificity_mean": 0.8944542772861329,
      "val_Specificity_std": 0.016182157781619688,
      "val_score_mean": 0.7044542772861234,
      "val_score_std": 0.012651116613099528,
      "val_thr_mean": 0.22645080185887434,
      "val_thr_std": 0.022615918687799674
    }
  ],
  "task_id": 36,
  "thr_grid_size": 600
}