{
  "feature_set": "c110_d110",
  "model": "et",
  "n_bootstrap": 50,
  "param_hash": "4581ab621f30",
  "param_index": 6,
  "params": {
    "bootstrap": false,
    "max_depth": 20,
    "max_features": "0.5",
    "max_samples": 1.0,
    "min_samples_leaf": 2,
    "min_samples_split": 8,
    "n_estimators": 1500
  },
  "runtime_s": 282.5187237262726,
  "summary_preview": [
    {
      "criterion": "f1",
      "feature_set": "c110_d110",
      "model": "et",
      "param_hash": "4581ab621f30",
      "param_index": 6,
      "test_Brier_mean": 0.046285874079987605,
      "test_Brier_std": 0.0014344773775405645,
      "test_LogLoss_mean": 0.17611345271993023,
      "test_LogLoss_std": 0.004952402792561149,
      "test_PR_AUC_mean": 0.9105139945012631,
      "test_PR_AUC_std": 0.004492776301391084,
      "test_Precision_mean": 0.9288741474597277,
      "test_Precision_std": 0.013477460920342802,
      "test_ROC_AUC_mean": 0.9640174181767103,
      "test_ROC_AUC_std": 0.002175951148437829,
      "test_Sensitivity_mean": 0.7976190476190382,
      "test_Sensitivity_std": 0.027841335958749523,
      "test_Specificity_mean": 0.9847787610619441,
      "test_Specificity_std": 0.003493363974051865,
      "val_Precision_mean": 0.9272464450639698,
      "val_Precision_std": 0.02231650365432,
      "val_Sensitivity_mean": 0.7576190476190386,
      "val_Sensitivity_std": 0.017303533798607818,
      "val_Specificity_mean": 0.9850737463126813,
      "val_Specificity_std": 0.005209455822512346,
      "val_score_mean": 0.833507387449638,
      "val_score_std": 0.0073871184434873005,
      "val_thr_mean": 0.5175428731178738,
      "val_thr_std": 0.05200567928526025
    },
    {
      "criterion": "youden",
      "feature_set": "c110_d110",
      "model": "et",
      "param_hash": "4581ab621f30",
      "param_index": 6,
      "test_Brier_mean": 0.046285874079987605,
      "test_Brier_std": 0.0014344773775405645,
      "test_LogLoss_mean": 0.17611345271993023,
      "test_LogLoss_std": 0.004952402792561149,
      "test_PR_AUC_mean": 0.9105139945012631,
      "test_PR_AUC_std": 0.004492776301391084,
      "test_Precision_mean": 0.8396569389357265,
      "test_Precision_std": 0.056978018922392445,
      "test_ROC_AUC_mean": 0.9640174181767103,
      "test_ROC_AUC_std": 0.002175951148437829,
      "test_Sensitivity_mean": 0.8721428571428469,
      "test_Sensitivity_std": 0.030970130217819716,
      "test_Specificity_mean": 0.9570501474926225,
      "test_Specificity_std": 0.019044262408930892,
      "val_Precision_mean": 0.8092417971686242,
      "val_Precision_std": 0.0609863232002534,
      "val_Sensitivity_mean": 0.8057142857142762,
      "val_Sensitivity_std": 0.025616558345255138,
      "val_Specificity_mean": 0.9510914454277257,
      "val_Specificity_std": 0.019667499364310465,
      "val_score_mean": 0.7568057311420019,
      "val_score_std": 0.012232525923437331,
      "val_thr_mean": 0.32566271236922945,
      "val_thr_std": 0.08017695153525171
    }
  ],
  "task_id": 126,
  "thr_grid_size": 600
}