{
  "feature_set": "c110_d110",
  "model": "rf",
  "n_bootstrap": 50,
  "param_hash": "bdb980b4c5bd",
  "param_index": 0,
  "params": {
    "bootstrap": true,
    "class_weight": null,
    "max_depth": null,
    "max_features": "sqrt",
    "min_samples_leaf": 2,
    "min_samples_split": 2,
    "n_estimators": 1500
  },
  "runtime_s": 397.3065540790558,
  "summary_preview": [
    {
      "criterion": "f1",
      "feature_set": "c110_d110",
      "model": "rf",
      "param_hash": "bdb980b4c5bd",
      "param_index": 0,
      "test_Brier_mean": 0.054896508436962935,
      "test_Brier_std": 0.0018262282765453264,
      "test_LogLoss_mean": 0.2005011060816418,
      "test_LogLoss_std": 0.00509905504571783,
      "test_PR_AUC_mean": 0.8979270609807783,
      "test_PR_AUC_std": 0.006355425662874352,
      "test_Precision_mean": 0.9104717745356826,
      "test_Precision_std": 0.025975845583489972,
      "test_ROC_AUC_mean": 0.9592407641522687,
      "test_ROC_AUC_std": 0.0031332491465113164,
      "test_Sensitivity_mean": 0.7788095238095145,
      "test_Sensitivity_std": 0.043365012608909966,
      "test_Specificity_mean": 0.9806489675516193,
      "test_Specificity_std": 0.007180269405393608,
      "val_Precision_mean": 0.9069504871060132,
      "val_Precision_std": 0.03905493427759918,
      "val_Sensitivity_mean": 0.7411904761904674,
      "val_Sensitivity_std": 0.03049960379790705,
      "val_Specificity_mean": 0.980471976401177,
      "val_Specificity_std": 0.009934676251339597,
      "val_score_mean": 0.814435539227303,
      "val_score_std": 0.010522912659577692,
      "val_thr_mean": 0.46038966885405475,
      "val_thr_std": 0.055741235459213966
    },
    {
      "criterion": "youden",
      "feature_set": "c110_d110",
      "model": "rf",
      "param_hash": "bdb980b4c5bd",
      "param_index": 0,
      "test_Brier_mean": 0.054896508436962935,
      "test_Brier_std": 0.0018262282765453264,
      "test_LogLoss_mean": 0.2005011060816418,
      "test_LogLoss_std": 0.00509905504571783,
      "test_PR_AUC_mean": 0.8979270609807783,
      "test_PR_AUC_std": 0.006355425662874352,
      "test_Precision_mean": 0.8530953135818443,
      "test_Precision_std": 0.025880617894121515,
      "test_ROC_AUC_mean": 0.9592407641522687,
      "test_ROC_AUC_std": 0.0031332491465113164,
      "test_Sensitivity_mean": 0.8466666666666566,
      "test_Sensitivity_std": 0.01624839579931437,
      "test_Specificity_mean": 0.9635988200589941,
      "test_Specificity_std": 0.007784298856351138,
      "val_Precision_mean": 0.8134773416960317,
      "val_Precision_std": 0.03220600121854679,
      "val_Sensitivity_mean": 0.7842857142857049,
      "val_Sensitivity_std": 0.012644646459483584,
      "val_Specificity_mean": 0.9550442477876078,
      "val_Specificity_std": 0.009748276819723806,
      "val_score_mean": 0.7393299620733127,
      "val_score_std": 0.014135687848703084,
      "val_thr_mean": 0.3551731554378349,
      "val_thr_std": 0.02585545330288277
    }
  ],
  "task_id": 96,
  "thr_grid_size": 600
}