{
  "feature_set": "c110_d110_snr",
  "model": "brf",
  "n_bootstrap": 50,
  "param_hash": "97f9c5e2caa7",
  "param_index": 10,
  "params": {
    "max_depth": 20,
    "max_features": "0.5",
    "min_samples_leaf": 2,
    "min_samples_split": 4,
    "n_estimators": 2500,
    "replacement": false,
    "sampling_strategy": "auto"
  },
  "runtime_s": 2308.8514432907104,
  "summary_preview": [
    {
      "criterion": "f1",
      "feature_set": "c110_d110_snr",
      "model": "brf",
      "param_hash": "97f9c5e2caa7",
      "param_index": 10,
      "test_Brier_mean": 0.063233588352501,
      "test_Brier_std": 0.002724769714911033,
      "test_LogLoss_mean": 0.24852139946822316,
      "test_LogLoss_std": 0.022044980803158056,
      "test_PR_AUC_mean": 0.8755386909209721,
      "test_PR_AUC_std": 0.010684251906377987,
      "test_Precision_mean": 0.8879278008917124,
      "test_Precision_std": 0.030075597334437643,
      "test_ROC_AUC_mean": 0.953834105913752,
      "test_ROC_AUC_std": 0.004682314083794029,
      "test_Sensitivity_mean": 0.7938095238095144,
      "test_Sensitivity_std": 0.034473086964135466,
      "test_Specificity_mean": 0.9746902654867228,
      "test_Specificity_std": 0.008513891719065463,
      "val_Precision_mean": 0.9065698979119295,
      "val_Precision_std": 0.030602073191576293,
      "val_Sensitivity_mean": 0.7471428571428482,
      "val_Sensitivity_std": 0.026734780426024934,
      "val_Specificity_mean": 0.9805309734513245,
      "val_Specificity_std": 0.007701503111039611,
      "val_score_mean": 0.8183853684867799,
      "val_score_std": 0.013343996870850866,
      "val_thr_mean": 0.6444633353760925,
      "val_thr_std": 0.08036260114930435
    },
    {
      "criterion": "youden",
      "feature_set": "c110_d110_snr",
      "model": "brf",
      "param_hash": "97f9c5e2caa7",
      "param_index": 10,
      "test_Brier_mean": 0.063233588352501,
      "test_Brier_std": 0.002724769714911033,
      "test_LogLoss_mean": 0.24852139946822316,
      "test_LogLoss_std": 0.022044980803158056,
      "test_PR_AUC_mean": 0.8755386909209721,
      "test_PR_AUC_std": 0.010684251906377987,
      "test_Precision_mean": 0.7975348074635774,
      "test_Precision_std": 0.07018174317297121,
      "test_ROC_AUC_mean": 0.953834105913752,
      "test_ROC_AUC_std": 0.004682314083794029,
      "test_Sensitivity_mean": 0.8557142857142757,
      "test_Sensitivity_std": 0.03250391106231332,
      "test_Specificity_mean": 0.9433628318584043,
      "test_Specificity_std": 0.02644478970035765,
      "val_Precision_mean": 0.8011383619608153,
      "val_Precision_std": 0.08090361385910834,
      "val_Sensitivity_mean": 0.7980952380952285,
      "val_Sensitivity_std": 0.027100114676247452,
      "val_Specificity_mean": 0.9476106194690237,
      "val_Specificity_std": 0.028114923955923046,
      "val_score_mean": 0.7457058575642523,
      "val_score_std": 0.016033961812718007,
      "val_thr_mean": 0.4793521161288452,
      "val_thr_std": 0.088235917721635
    }
  ],
  "task_id": 538,
  "thr_grid_size": 600
}