{
  "feature_set": "c110_errors",
  "model": "et",
  "n_bootstrap": 50,
  "param_hash": "5b75ec82da58",
  "param_index": 8,
  "params": {
    "bootstrap": false,
    "max_depth": null,
    "max_features": "sqrt",
    "max_samples": null,
    "min_samples_leaf": 4,
    "min_samples_split": 8,
    "n_estimators": 2500
  },
  "runtime_s": 524.0534813404083,
  "summary_preview": [
    {
      "criterion": "f1",
      "feature_set": "c110_errors",
      "model": "et",
      "param_hash": "5b75ec82da58",
      "param_index": 8,
      "test_Brier_mean": 0.07440845454272639,
      "test_Brier_std": 0.0016696087457920659,
      "test_LogLoss_mean": 0.2565875008924088,
      "test_LogLoss_std": 0.004281957407652881,
      "test_PR_AUC_mean": 0.8648536949512888,
      "test_PR_AUC_std": 0.010972787256021646,
      "test_Precision_mean": 0.8141451469632021,
      "test_Precision_std": 0.037099072481145,
      "test_ROC_AUC_mean": 0.9540616659643208,
      "test_ROC_AUC_std": 0.0041484780881864015,
      "test_Sensitivity_mean": 0.7435714285714198,
      "test_Sensitivity_std": 0.06661849224294344,
      "test_Specificity_mean": 0.9568141592920325,
      "test_Specificity_std": 0.015167860394410006,
      "val_Precision_mean": 0.768496533469403,
      "val_Precision_std": 0.05753041212156645,
      "val_Sensitivity_mean": 0.7161904761904677,
      "val_Sensitivity_std": 0.04597250524863335,
      "val_Specificity_mean": 0.9443067846607641,
      "val_Specificity_std": 0.02030327170658371,
      "val_score_mean": 0.7380757736061594,
      "val_score_std": 0.010847913417188191,
      "val_thr_mean": 0.32590465660716267,
      "val_thr_std": 0.04500908677634115
    },
    {
      "criterion": "youden",
      "feature_set": "c110_errors",
      "model": "et",
      "param_hash": "5b75ec82da58",
      "param_index": 8,
      "test_Brier_mean": 0.07440845454272639,
      "test_Brier_std": 0.0016696087457920659,
      "test_LogLoss_mean": 0.2565875008924088,
      "test_LogLoss_std": 0.004281957407652881,
      "test_PR_AUC_mean": 0.8648536949512888,
      "test_PR_AUC_std": 0.010972787256021646,
      "test_Precision_mean": 0.707511262277321,
      "test_Precision_std": 0.06125071903309539,
      "test_ROC_AUC_mean": 0.9540616659643208,
      "test_ROC_AUC_std": 0.0041484780881864015,
      "test_Sensitivity_mean": 0.8642857142857041,
      "test_Sensitivity_std": 0.04144917553385643,
      "test_Specificity_mean": 0.9082595870206462,
      "test_Specificity_std": 0.03039543101873279,
      "val_Precision_mean": 0.6459147784846782,
      "val_Precision_std": 0.040929237368828884,
      "val_Sensitivity_mean": 0.8016666666666572,
      "val_Sensitivity_std": 0.023270129189373986,
      "val_Specificity_mean": 0.8894985250737436,
      "val_Specificity_std": 0.02174405537000396,
      "val_score_mean": 0.6911651917404008,
      "val_score_std": 0.014289755183634989,
      "val_thr_mean": 0.24057044524081114,
      "val_thr_std": 0.02780947701017457
    }
  ],
  "task_id": 224,
  "thr_grid_size": 600
}