{
  "feature_set": "c110_snr",
  "model": "bbag",
  "n_bootstrap": 50,
  "param_hash": "0c81cf660cb8",
  "param_index": 10,
  "params": {
    "base_max_depth": 20,
    "base_max_features": "0.5",
    "base_min_samples_leaf": 2,
    "base_min_samples_split": 8,
    "bootstrap": true,
    "max_features": 0.7,
    "max_samples": 0.9,
    "n_estimators": 500,
    "replacement": false,
    "sampling_strategy": "auto"
  },
  "runtime_s": 77.5335762500763,
  "summary_preview": [
    {
      "criterion": "f1",
      "feature_set": "c110_snr",
      "model": "bbag",
      "param_hash": "0c81cf660cb8",
      "param_index": 10,
      "test_Brier_mean": 0.07000917998153111,
      "test_Brier_std": 0.002467388994163033,
      "test_LogLoss_mean": 0.26366338213774937,
      "test_LogLoss_std": 0.006610482120881894,
      "test_PR_AUC_mean": 0.8868269246989346,
      "test_PR_AUC_std": 0.008735724568378499,
      "test_Precision_mean": 0.8474258183155975,
      "test_Precision_std": 0.013998973110831961,
      "test_ROC_AUC_mean": 0.9593503301025424,
      "test_ROC_AUC_std": 0.003821432709761169,
      "test_Sensitivity_mean": 0.7897619047618955,
      "test_Sensitivity_std": 0.04064661429269562,
      "test_Specificity_mean": 0.9646017699115015,
      "test_Specificity_std": 0.005056890012642207,
      "val_Precision_mean": 0.8254835166176682,
      "val_Precision_std": 0.0273285043570747,
      "val_Sensitivity_mean": 0.7692857142857052,
      "val_Sensitivity_std": 0.023428684016890057,
      "val_Specificity_mean": 0.9592920353982273,
      "val_Specificity_std": 0.00844919412379409,
      "val_score_mean": 0.7957165941250574,
      "val_score_std": 0.009390739272329618,
      "val_thr_mean": 0.4770983476771469,
      "val_thr_std": 0.04017690857045474
    },
    {
      "criterion": "youden",
      "feature_set": "c110_snr",
      "model": "bbag",
      "param_hash": "0c81cf660cb8",
      "param_index": 10,
      "test_Brier_mean": 0.07000917998153111,
      "test_Brier_std": 0.002467388994163033,
      "test_LogLoss_mean": 0.26366338213774937,
      "test_LogLoss_std": 0.006610482120881894,
      "test_PR_AUC_mean": 0.8868269246989346,
      "test_PR_AUC_std": 0.008735724568378499,
      "test_Precision_mean": 0.8029803705070223,
      "test_Precision_std": 0.0399301425437043,
      "test_ROC_AUC_mean": 0.9593503301025424,
      "test_ROC_AUC_std": 0.003821432709761169,
      "test_Sensitivity_mean": 0.8545238095237994,
      "test_Sensitivity_std": 0.027347657959203023,
      "test_Specificity_mean": 0.9471386430678437,
      "test_Specificity_std": 0.014980310591146283,
      "val_Precision_mean": 0.760218466855301,
      "val_Precision_std": 0.042261451491980566,
      "val_Sensitivity_mean": 0.8078571428571333,
      "val_Sensitivity_std": 0.01613586226956505,
      "val_Specificity_mean": 0.9358702064896727,
      "val_Specificity_std": 0.015821705202478702,
      "val_score_mean": 0.743727349346806,
      "val_score_std": 0.013229831135648178,
      "val_thr_mean": 0.4090479841631194,
      "val_thr_std": 0.030721419817255482
    }
  ],
  "task_id": 466,
  "thr_grid_size": 600
}