{
  "feature_set": "c110_errors",
  "model": "rf",
  "n_bootstrap": 50,
  "param_hash": "508de71c9f66",
  "param_index": 1,
  "params": {
    "bootstrap": true,
    "class_weight": null,
    "max_depth": 20,
    "max_features": "0.5",
    "min_samples_leaf": 1,
    "min_samples_split": 8,
    "n_estimators": 2500
  },
  "runtime_s": 4066.6381549835205,
  "summary_preview": [
    {
      "criterion": "f1",
      "feature_set": "c110_errors",
      "model": "rf",
      "param_hash": "508de71c9f66",
      "param_index": 1,
      "test_Brier_mean": 0.053296406452657485,
      "test_Brier_std": 0.0028590518530785675,
      "test_LogLoss_mean": 0.19260196579957803,
      "test_LogLoss_std": 0.00879527804608412,
      "test_PR_AUC_mean": 0.8982370118869507,
      "test_PR_AUC_std": 0.010610937462777243,
      "test_Precision_mean": 0.8930185545982421,
      "test_Precision_std": 0.02803028216774916,
      "test_ROC_AUC_mean": 0.9594001966568338,
      "test_ROC_AUC_std": 0.005320376208231106,
      "test_Sensitivity_mean": 0.7583333333333243,
      "test_Sensitivity_std": 0.06156603523774743,
      "test_Specificity_mean": 0.9769321533923274,
      "test_Specificity_std": 0.00805516883353547,
      "val_Precision_mean": 0.898687815101547,
      "val_Precision_std": 0.04620871793991852,
      "val_Sensitivity_mean": 0.7221428571428485,
      "val_Sensitivity_std": 0.03845267806255838,
      "val_Specificity_mean": 0.9788790560471946,
      "val_Specificity_std": 0.011714218981387515,
      "val_score_mean": 0.7989264453433759,
      "val_score_std": 0.016105082267314226,
      "val_thr_mean": 0.4885946375256722,
      "val_thr_std": 0.08468444846714118
    },
    {
      "criterion": "youden",
      "feature_set": "c110_errors",
      "model": "rf",
      "param_hash": "508de71c9f66",
      "param_index": 1,
      "test_Brier_mean": 0.053296406452657485,
      "test_Brier_std": 0.0028590518530785675,
      "test_LogLoss_mean": 0.19260196579957803,
      "test_LogLoss_std": 0.00879527804608412,
      "test_PR_AUC_mean": 0.8982370118869507,
      "test_PR_AUC_std": 0.010610937462777243,
      "test_Precision_mean": 0.7891783021612548,
      "test_Precision_std": 0.06814537289975033,
      "test_ROC_AUC_mean": 0.9594001966568338,
      "test_ROC_AUC_std": 0.005320376208231106,
      "test_Sensitivity_mean": 0.8533333333333232,
      "test_Sensitivity_std": 0.03413583480352173,
      "test_Specificity_mean": 0.9408849557522097,
      "test_Specificity_std": 0.026031661744045434,
      "val_Precision_mean": 0.7501366807126816,
      "val_Precision_std": 0.0804374830825909,
      "val_Sensitivity_mean": 0.8007142857142762,
      "val_Sensitivity_std": 0.03251903474733955,
      "val_Specificity_mean": 0.9299115044247759,
      "val_Specificity_std": 0.032085470115679915,
      "val_score_mean": 0.7306257901390523,
      "val_score_std": 0.019225740857779748,
      "val_thr_mean": 0.31676689851267503,
      "val_thr_std": 0.07005777616159672
    }
  ],
  "task_id": 193,
  "thr_grid_size": 600
}