{
  "feature_set": "c110_d110_errors_snr",
  "model": "brf",
  "n_bootstrap": 50,
  "param_hash": "bf0c4fdf0ae8",
  "param_index": 19,
  "params": {
    "max_depth": null,
    "max_features": "0.2",
    "min_samples_leaf": 2,
    "min_samples_split": 8,
    "n_estimators": 2500,
    "replacement": false,
    "sampling_strategy": "auto"
  },
  "runtime_s": 1233.089839220047,
  "summary_preview": [
    {
      "criterion": "f1",
      "feature_set": "c110_d110_errors_snr",
      "model": "brf",
      "param_hash": "bf0c4fdf0ae8",
      "param_index": 19,
      "test_Brier_mean": 0.061310002310701384,
      "test_Brier_std": 0.0029994409760636526,
      "test_LogLoss_mean": 0.2336130186893421,
      "test_LogLoss_std": 0.009680871358883396,
      "test_PR_AUC_mean": 0.8956703324330619,
      "test_PR_AUC_std": 0.0068006249986838725,
      "test_Precision_mean": 0.8890103941508967,
      "test_Precision_std": 0.022639899779278095,
      "test_ROC_AUC_mean": 0.9610247225733951,
      "test_ROC_AUC_std": 0.0032086224417159416,
      "test_Sensitivity_mean": 0.8071428571428476,
      "test_Sensitivity_std": 0.02464519854794094,
      "test_Specificity_mean": 0.9748082595870177,
      "test_Specificity_std": 0.006227997981875543,
      "val_Precision_mean": 0.8960109466166339,
      "val_Precision_std": 0.03024839991451164,
      "val_Sensitivity_mean": 0.7614285714285625,
      "val_Sensitivity_std": 0.019827335567060504,
      "val_Specificity_mean": 0.9777581120943925,
      "val_Specificity_std": 0.0077522946729046815,
      "val_score_mean": 0.8226916411300654,
      "val_score_std": 0.012103374577804648,
      "val_thr_mean": 0.6137187048891011,
      "val_thr_std": 0.0506805023535775
    },
    {
      "criterion": "youden",
      "feature_set": "c110_d110_errors_snr",
      "model": "brf",
      "param_hash": "bf0c4fdf0ae8",
      "param_index": 19,
      "test_Brier_mean": 0.061310002310701384,
      "test_Brier_std": 0.0029994409760636526,
      "test_LogLoss_mean": 0.2336130186893421,
      "test_LogLoss_std": 0.009680871358883396,
      "test_PR_AUC_mean": 0.8956703324330619,
      "test_PR_AUC_std": 0.0068006249986838725,
      "test_Precision_mean": 0.8183123754569038,
      "test_Precision_std": 0.055271579468191244,
      "test_ROC_AUC_mean": 0.9610247225733951,
      "test_ROC_AUC_std": 0.0032086224417159416,
      "test_Sensitivity_mean": 0.8557142857142757,
      "test_Sensitivity_std": 0.02652625116781631,
      "test_Specificity_mean": 0.9512684365781682,
      "test_Specificity_std": 0.019821747453638818,
      "val_Precision_mean": 0.813938854125709,
      "val_Precision_std": 0.055107966049924115,
      "val_Sensitivity_mean": 0.7990476190476096,
      "val_Sensitivity_std": 0.019485966785581427,
      "val_Specificity_mean": 0.9532743362831829,
      "val_Specificity_std": 0.018040572751570845,
      "val_score_mean": 0.7523219553307925,
      "val_score_std": 0.008550511654112747,
      "val_thr_mean": 0.4943724052150411,
      "val_thr_std": 0.06862839026035625
    }
  ],
  "task_id": 643,
  "thr_grid_size": 600
}