{
  "feature_set": "c110_d110",
  "model": "brf",
  "n_bootstrap": 50,
  "param_hash": "a4c66b67ae89",
  "param_index": 22,
  "params": {
    "max_depth": 10,
    "max_features": "0.2",
    "min_samples_leaf": 2,
    "min_samples_split": 4,
    "n_estimators": 4000,
    "replacement": true,
    "sampling_strategy": "auto"
  },
  "runtime_s": 1326.4249646663666,
  "summary_preview": [
    {
      "criterion": "f1",
      "feature_set": "c110_d110",
      "model": "brf",
      "param_hash": "a4c66b67ae89",
      "param_index": 22,
      "test_Brier_mean": 0.06381544059130655,
      "test_Brier_std": 0.0026754919794133537,
      "test_LogLoss_mean": 0.2395682654836655,
      "test_LogLoss_std": 0.008068224121669215,
      "test_PR_AUC_mean": 0.8998716106285332,
      "test_PR_AUC_std": 0.005935034341588388,
      "test_Precision_mean": 0.8894062378262252,
      "test_Precision_std": 0.02018882427351846,
      "test_ROC_AUC_mean": 0.9596913190054783,
      "test_ROC_AUC_std": 0.003113948173937421,
      "test_Sensitivity_mean": 0.805476190476181,
      "test_Sensitivity_std": 0.028721866661278975,
      "test_Specificity_mean": 0.9749852507374602,
      "test_Specificity_std": 0.00553441387589784,
      "val_Precision_mean": 0.9017168597272296,
      "val_Precision_std": 0.021982066033965866,
      "val_Sensitivity_mean": 0.7614285714285625,
      "val_Sensitivity_std": 0.022684805442901836,
      "val_Specificity_mean": 0.9792330383480796,
      "val_Specificity_std": 0.005428147387477321,
      "val_score_mean": 0.825196728704177,
      "val_score_std": 0.011596320427395883,
      "val_thr_mean": 0.6302890398614781,
      "val_thr_std": 0.05114695713392612
    },
    {
      "criterion": "youden",
      "feature_set": "c110_d110",
      "model": "brf",
      "param_hash": "a4c66b67ae89",
      "param_index": 22,
      "test_Brier_mean": 0.06381544059130655,
      "test_Brier_std": 0.0026754919794133537,
      "test_LogLoss_mean": 0.2395682654836655,
      "test_LogLoss_std": 0.008068224121669215,
      "test_PR_AUC_mean": 0.8998716106285332,
      "test_PR_AUC_std": 0.005935034341588388,
      "test_Precision_mean": 0.8506152648860731,
      "test_Precision_std": 0.04773030057862077,
      "test_ROC_AUC_mean": 0.9596913190054783,
      "test_ROC_AUC_std": 0.003113948173937421,
      "test_Sensitivity_mean": 0.8369047619047519,
      "test_Sensitivity_std": 0.024557022241825644,
      "test_Specificity_mean": 0.9624778761061918,
      "test_Specificity_std": 0.015846715161559926,
      "val_Precision_mean": 0.8493153755321851,
      "val_Precision_std": 0.05730510681258895,
      "val_Sensitivity_mean": 0.7873809523809431,
      "val_Sensitivity_std": 0.015773293810444646,
      "val_Specificity_mean": 0.9640117994100266,
      "val_Specificity_std": 0.017679036631608063,
      "val_score_mean": 0.7513927517909696,
      "val_score_std": 0.009275954945292497,
      "val_thr_mean": 0.5552401224372825,
      "val_thr_std": 0.060945903558074624
    }
  ],
  "task_id": 166,
  "thr_grid_size": 600
}