{
  "feature_set": "c110_d110_errors_snr",
  "model": "rf",
  "n_bootstrap": 50,
  "param_hash": "300eb462f60e",
  "param_index": 9,
  "params": {
    "bootstrap": true,
    "class_weight": null,
    "max_depth": null,
    "max_features": "sqrt",
    "min_samples_leaf": 2,
    "min_samples_split": 4,
    "n_estimators": 4000
  },
  "runtime_s": 1211.0630633831024,
  "summary_preview": [
    {
      "criterion": "f1",
      "feature_set": "c110_d110_errors_snr",
      "model": "rf",
      "param_hash": "300eb462f60e",
      "param_index": 9,
      "test_Brier_mean": 0.05674401725559381,
      "test_Brier_std": 0.001690258851803537,
      "test_LogLoss_mean": 0.20668181509588268,
      "test_LogLoss_std": 0.004458319735630807,
      "test_PR_AUC_mean": 0.90022720269022,
      "test_PR_AUC_std": 0.00646067222835698,
      "test_Precision_mean": 0.8952449848326651,
      "test_Precision_std": 0.027973646131547313,
      "test_ROC_AUC_mean": 0.9629013906447536,
      "test_ROC_AUC_std": 0.002757245681410907,
      "test_Sensitivity_mean": 0.7716666666666575,
      "test_Sensitivity_std": 0.046865391714291535,
      "test_Specificity_mean": 0.9771681415929174,
      "test_Specificity_std": 0.00758088552365569,
      "val_Precision_mean": 0.8793070453924172,
      "val_Precision_std": 0.04610908264763359,
      "val_Sensitivity_mean": 0.7399999999999912,
      "val_Sensitivity_std": 0.032921234374320305,
      "val_Specificity_mean": 0.9738643067846579,
      "val_Specificity_std": 0.011602260012571693,
      "val_score_mean": 0.8019308015166788,
      "val_score_std": 0.009185633513243075,
      "val_thr_mean": 0.42219687984664206,
      "val_thr_std": 0.05396757898417394
    },
    {
      "criterion": "youden",
      "feature_set": "c110_d110_errors_snr",
      "model": "rf",
      "param_hash": "300eb462f60e",
      "param_index": 9,
      "test_Brier_mean": 0.05674401725559381,
      "test_Brier_std": 0.001690258851803537,
      "test_LogLoss_mean": 0.20668181509588268,
      "test_LogLoss_std": 0.004458319735630807,
      "test_PR_AUC_mean": 0.90022720269022,
      "test_PR_AUC_std": 0.00646067222835698,
      "test_Precision_mean": 0.8210091247610808,
      "test_Precision_std": 0.05509014372710724,
      "test_ROC_AUC_mean": 0.9629013906447536,
      "test_ROC_AUC_std": 0.002757245681410907,
      "test_Sensitivity_mean": 0.8502380952380852,
      "test_Sensitivity_std": 0.019991494790174317,
      "test_Specificity_mean": 0.9526843657817081,
      "test_Specificity_std": 0.018598924014165137,
      "val_Precision_mean": 0.7673272118556143,
      "val_Precision_std": 0.05611035105981138,
      "val_Sensitivity_mean": 0.7983333333333239,
      "val_Sensitivity_std": 0.020181565134788988,
      "val_Specificity_mean": 0.9382300884955724,
      "val_Specificity_std": 0.02087060800356091,
      "val_score_mean": 0.7365634218288963,
      "val_score_std": 0.011285999309865053,
      "val_thr_mean": 0.31143000515865604,
      "val_thr_std": 0.0422098827247596
    }
  ],
  "task_id": 585,
  "thr_grid_size": 600
}