{
  "feature_set": "c110_d110_errors",
  "model": "et",
  "n_bootstrap": 50,
  "param_hash": "5b75ec82da58",
  "param_index": 8,
  "params": {
    "bootstrap": false,
    "max_depth": null,
    "max_features": "sqrt",
    "max_samples": null,
    "min_samples_leaf": 4,
    "min_samples_split": 8,
    "n_estimators": 2500
  },
  "runtime_s": 499.3266167640686,
  "summary_preview": [
    {
      "criterion": "f1",
      "feature_set": "c110_d110_errors",
      "model": "et",
      "param_hash": "5b75ec82da58",
      "param_index": 8,
      "test_Brier_mean": 0.06426772455974765,
      "test_Brier_std": 0.001362581275261716,
      "test_LogLoss_mean": 0.22675563851776748,
      "test_LogLoss_std": 0.003919458755689378,
      "test_PR_AUC_mean": 0.892003556811392,
      "test_PR_AUC_std": 0.0076777164527351855,
      "test_Precision_mean": 0.8492089897300016,
      "test_Precision_std": 0.020837779280462997,
      "test_ROC_AUC_mean": 0.9636472819216182,
      "test_ROC_AUC_std": 0.0031378570588477825,
      "test_Sensitivity_mean": 0.747857142857134,
      "test_Sensitivity_std": 0.04142753816166151,
      "test_Specificity_mean": 0.9668436578171062,
      "test_Specificity_std": 0.00637872327970483,
      "val_Precision_mean": 0.8434175854827061,
      "val_Precision_std": 0.03208296739483228,
      "val_Sensitivity_mean": 0.731666666666658,
      "val_Sensitivity_std": 0.02547730304646718,
      "val_Specificity_mean": 0.9657817109144514,
      "val_Specificity_std": 0.009810743132594005,
      "val_score_mean": 0.782643866380272,
      "val_score_std": 0.00811908598391717,
      "val_thr_mean": 0.36433675660800924,
      "val_thr_std": 0.03398933787250953
    },
    {
      "criterion": "youden",
      "feature_set": "c110_d110_errors",
      "model": "et",
      "param_hash": "5b75ec82da58",
      "param_index": 8,
      "test_Brier_mean": 0.06426772455974765,
      "test_Brier_std": 0.001362581275261716,
      "test_LogLoss_mean": 0.22675563851776748,
      "test_LogLoss_std": 0.003919458755689378,
      "test_PR_AUC_mean": 0.892003556811392,
      "test_PR_AUC_std": 0.0076777164527351855,
      "test_Precision_mean": 0.7882991069347145,
      "test_Precision_std": 0.033267113491846065,
      "test_ROC_AUC_mean": 0.9636472819216182,
      "test_ROC_AUC_std": 0.0031378570588477825,
      "test_Sensitivity_mean": 0.853095238095228,
      "test_Sensitivity_std": 0.02931984626773421,
      "test_Specificity_mean": 0.9425368731563394,
      "test_Specificity_std": 0.012895895794983665,
      "val_Precision_mean": 0.7323838171482093,
      "val_Precision_std": 0.03677032896810914,
      "val_Sensitivity_mean": 0.7907142857142763,
      "val_Sensitivity_std": 0.013410594560351105,
      "val_Specificity_mean": 0.9276106194690237,
      "val_Specificity_std": 0.013941011076867356,
      "val_score_mean": 0.7183249051833,
      "val_score_std": 0.010464788177413387,
      "val_thr_mean": 0.2686725315960963,
      "val_thr_std": 0.026481359358576855
    }
  ],
  "task_id": 320,
  "thr_grid_size": 600
}