{
  "feature_set": "c110_snr",
  "model": "rf",
  "n_bootstrap": 50,
  "param_hash": "044085776d9d",
  "param_index": 10,
  "params": {
    "bootstrap": true,
    "class_weight": null,
    "max_depth": 20,
    "max_features": "sqrt",
    "min_samples_leaf": 2,
    "min_samples_split": 4,
    "n_estimators": 4000
  },
  "runtime_s": 1132.645115852356,
  "summary_preview": [
    {
      "criterion": "f1",
      "feature_set": "c110_snr",
      "model": "rf",
      "param_hash": "044085776d9d",
      "param_index": 10,
      "test_Brier_mean": 0.06339489126043249,
      "test_Brier_std": 0.001749287600036443,
      "test_LogLoss_mean": 0.22762179726902435,
      "test_LogLoss_std": 0.005071632801414286,
      "test_PR_AUC_mean": 0.8810084043981322,
      "test_PR_AUC_std": 0.009827143789611142,
      "test_Precision_mean": 0.8782420863620384,
      "test_Precision_std": 0.02668751091384935,
      "test_ROC_AUC_mean": 0.954204242168844,
      "test_ROC_AUC_std": 0.004541717912625506,
      "test_Sensitivity_mean": 0.7511904761904673,
      "test_Sensitivity_std": 0.05243227894376806,
      "test_Specificity_mean": 0.9736873156342153,
      "test_Specificity_std": 0.007581588249152613,
      "val_Precision_mean": 0.8587658077933946,
      "val_Precision_std": 0.046557836232498095,
      "val_Sensitivity_mean": 0.7192857142857058,
      "val_Sensitivity_std": 0.034359634437656744,
      "val_Specificity_mean": 0.9696755162241858,
      "val_Specificity_std": 0.011860057252911484,
      "val_score_mean": 0.7810415413928844,
      "val_score_std": 0.010278762546681145,
      "val_thr_mean": 0.3922179201782497,
      "val_thr_std": 0.060124001712483804
    },
    {
      "criterion": "youden",
      "feature_set": "c110_snr",
      "model": "rf",
      "param_hash": "044085776d9d",
      "param_index": 10,
      "test_Brier_mean": 0.06339489126043249,
      "test_Brier_std": 0.001749287600036443,
      "test_LogLoss_mean": 0.22762179726902435,
      "test_LogLoss_std": 0.005071632801414286,
      "test_PR_AUC_mean": 0.8810084043981322,
      "test_PR_AUC_std": 0.009827143789611142,
      "test_Precision_mean": 0.8068036615609151,
      "test_Precision_std": 0.053675535428732414,
      "test_ROC_AUC_mean": 0.954204242168844,
      "test_ROC_AUC_std": 0.004541717912625506,
      "test_Sensitivity_mean": 0.8245238095237998,
      "test_Sensitivity_std": 0.030876598564816515,
      "test_Specificity_mean": 0.9493805309734484,
      "test_Specificity_std": 0.02051834810336066,
      "val_Precision_mean": 0.7454220343860407,
      "val_Precision_std": 0.0526156900782237,
      "val_Sensitivity_mean": 0.7823809523809432,
      "val_Sensitivity_std": 0.02886550953643114,
      "val_Specificity_mean": 0.9319764011799382,
      "val_Specificity_std": 0.02081949247832353,
      "val_score_mean": 0.7143573535608813,
      "val_score_std": 0.016145597994175077,
      "val_thr_mean": 0.28965970508540456,
      "val_thr_std": 0.03588312133609156
    }
  ],
  "task_id": 394,
  "thr_grid_size": 600
}