{
  "feature_set": "c110",
  "model": "bbag",
  "n_bootstrap": 50,
  "param_hash": "f2c3f79325ee",
  "param_index": 9,
  "params": {
    "base_max_depth": null,
    "base_max_features": "0.5",
    "base_min_samples_leaf": 1,
    "base_min_samples_split": 2,
    "bootstrap": true,
    "max_features": 0.5,
    "max_samples": 1.0,
    "n_estimators": 1200,
    "replacement": true,
    "sampling_strategy": "auto"
  },
  "runtime_s": 112.6051082611084,
  "summary_preview": [
    {
      "criterion": "f1",
      "feature_set": "c110",
      "model": "bbag",
      "param_hash": "f2c3f79325ee",
      "param_index": 9,
      "test_Brier_mean": 0.07101171233911216,
      "test_Brier_std": 0.002480712702400838,
      "test_LogLoss_mean": 0.2655175716793478,
      "test_LogLoss_std": 0.008278980315967271,
      "test_PR_AUC_mean": 0.8929965508190354,
      "test_PR_AUC_std": 0.0067387488182278285,
      "test_Precision_mean": 0.8597500869320845,
      "test_Precision_std": 0.0192660525880711,
      "test_ROC_AUC_mean": 0.9596094957156904,
      "test_ROC_AUC_std": 0.0031359649644331663,
      "test_Sensitivity_mean": 0.7878571428571335,
      "test_Sensitivity_std": 0.032419266477045565,
      "test_Specificity_mean": 0.9679056047197611,
      "test_Specificity_std": 0.006096297115895501,
      "val_Precision_mean": 0.8523927824783213,
      "val_Precision_std": 0.030945351504343722,
      "val_Sensitivity_mean": 0.7669047619047528,
      "val_Sensitivity_std": 0.024062071689650022,
      "val_Specificity_mean": 0.9666076696165163,
      "val_Specificity_std": 0.008967963515028125,
      "val_score_mean": 0.8065837973844139,
      "val_score_std": 0.00866596043603846,
      "val_thr_mean": 0.5167099332220367,
      "val_thr_std": 0.04315342026736186
    },
    {
      "criterion": "youden",
      "feature_set": "c110",
      "model": "bbag",
      "param_hash": "f2c3f79325ee",
      "param_index": 9,
      "test_Brier_mean": 0.07101171233911216,
      "test_Brier_std": 0.002480712702400838,
      "test_LogLoss_mean": 0.2655175716793478,
      "test_LogLoss_std": 0.008278980315967271,
      "test_PR_AUC_mean": 0.8929965508190354,
      "test_PR_AUC_std": 0.0067387488182278285,
      "test_Precision_mean": 0.8118280683746159,
      "test_Precision_std": 0.03623484286758141,
      "test_ROC_AUC_mean": 0.9596094957156904,
      "test_ROC_AUC_std": 0.0031359649644331663,
      "test_Sensitivity_mean": 0.8478571428571329,
      "test_Sensitivity_std": 0.027135311722952443,
      "test_Specificity_mean": 0.9505014749262508,
      "test_Specificity_std": 0.013396384723019098,
      "val_Precision_mean": 0.7761080750833562,
      "val_Precision_std": 0.04311768267038844,
      "val_Sensitivity_mean": 0.8071428571428476,
      "val_Sensitivity_std": 0.015586992159713556,
      "val_Specificity_mean": 0.941297935103242,
      "val_Specificity_std": 0.015893823991273554,
      "val_score_mean": 0.7484407922460896,
      "val_score_std": 0.01177546656058593,
      "val_thr_mean": 0.4371792710072343,
      "val_thr_std": 0.030211348890755975
    }
  ],
  "task_id": 81,
  "thr_grid_size": 600
}