{
  "feature_set": "c110_d110_errors",
  "model": "rf",
  "n_bootstrap": 50,
  "param_hash": "c9076e29837d",
  "param_index": 2,
  "params": {
    "bootstrap": true,
    "class_weight": null,
    "max_depth": 20,
    "max_features": "0.2",
    "min_samples_leaf": 1,
    "min_samples_split": 4,
    "n_estimators": 1500
  },
  "runtime_s": 1478.8354938030243,
  "summary_preview": [
    {
      "criterion": "f1",
      "feature_set": "c110_d110_errors",
      "model": "rf",
      "param_hash": "c9076e29837d",
      "param_index": 2,
      "test_Brier_mean": 0.05123402860935039,
      "test_Brier_std": 0.002168149821180756,
      "test_LogLoss_mean": 0.18992514400701346,
      "test_LogLoss_std": 0.006003123927107817,
      "test_PR_AUC_mean": 0.8973527824685165,
      "test_PR_AUC_std": 0.0061552942740733425,
      "test_Precision_mean": 0.9177294878755538,
      "test_Precision_std": 0.023150503589154194,
      "test_ROC_AUC_mean": 0.9593471695462845,
      "test_ROC_AUC_std": 0.0031700634628914026,
      "test_Sensitivity_mean": 0.7607142857142768,
      "test_Sensitivity_std": 0.047207281910822595,
      "test_Specificity_mean": 0.9827728613569292,
      "test_Specificity_std": 0.006400956610551189,
      "val_Precision_mean": 0.9218162777968815,
      "val_Precision_std": 0.031000693001110056,
      "val_Sensitivity_mean": 0.7283333333333247,
      "val_Sensitivity_std": 0.020505719210472426,
      "val_Specificity_mean": 0.984306784660764,
      "val_Specificity_std": 0.007187191101669709,
      "val_score_mean": 0.8130164455130061,
      "val_score_std": 0.005956700874893571,
      "val_thr_mean": 0.5223194167042429,
      "val_thr_std": 0.058128829208971715
    },
    {
      "criterion": "youden",
      "feature_set": "c110_d110_errors",
      "model": "rf",
      "param_hash": "c9076e29837d",
      "param_index": 2,
      "test_Brier_mean": 0.05123402860935039,
      "test_Brier_std": 0.002168149821180756,
      "test_LogLoss_mean": 0.18992514400701346,
      "test_LogLoss_std": 0.006003123927107817,
      "test_PR_AUC_mean": 0.8973527824685165,
      "test_PR_AUC_std": 0.0061552942740733425,
      "test_Precision_mean": 0.8260601457145446,
      "test_Precision_std": 0.0562260786510778,
      "test_ROC_AUC_mean": 0.9593471695462845,
      "test_ROC_AUC_std": 0.0031700634628914026,
      "test_Sensitivity_mean": 0.8528571428571327,
      "test_Sensitivity_std": 0.03179498978381403,
      "test_Specificity_mean": 0.9539233038348054,
      "test_Specificity_std": 0.01946601626236942,
      "val_Precision_mean": 0.7685594793666471,
      "val_Precision_std": 0.07360740129580208,
      "val_Sensitivity_mean": 0.7945238095238001,
      "val_Sensitivity_std": 0.029437984599741663,
      "val_Specificity_mean": 0.9375811209439501,
      "val_Specificity_std": 0.026972450380458975,
      "val_score_mean": 0.7321049304677502,
      "val_score_std": 0.012617493496937717,
      "val_thr_mean": 0.34252748314715886,
      "val_thr_std": 0.07153362051497633
    }
  ],
  "task_id": 290,
  "thr_grid_size": 600
}