{
  "feature_set": "c110_d110_errors",
  "model": "rf",
  "n_bootstrap": 50,
  "param_hash": "77d725949d24",
  "param_index": 11,
  "params": {
    "bootstrap": true,
    "class_weight": "balanced",
    "max_depth": 10,
    "max_features": "sqrt",
    "min_samples_leaf": 2,
    "min_samples_split": 8,
    "n_estimators": 800
  },
  "runtime_s": 182.34571933746338,
  "summary_preview": [
    {
      "criterion": "f1",
      "feature_set": "c110_d110_errors",
      "model": "rf",
      "param_hash": "77d725949d24",
      "param_index": 11,
      "test_Brier_mean": 0.0547169368099856,
      "test_Brier_std": 0.0017319544075022283,
      "test_LogLoss_mean": 0.20383538347055727,
      "test_LogLoss_std": 0.004737184348693905,
      "test_PR_AUC_mean": 0.9110757242937892,
      "test_PR_AUC_std": 0.006353917925597943,
      "test_Precision_mean": 0.8955995091918204,
      "test_Precision_std": 0.035987642339875094,
      "test_ROC_AUC_mean": 0.9672095799971906,
      "test_ROC_AUC_std": 0.0028987891708713554,
      "test_Sensitivity_mean": 0.7776190476190383,
      "test_Sensitivity_std": 0.05115854316220582,
      "test_Specificity_mean": 0.976755162241885,
      "test_Specificity_std": 0.010229705062418016,
      "val_Precision_mean": 0.8942154027777173,
      "val_Precision_std": 0.04840342868296075,
      "val_Sensitivity_mean": 0.7499999999999912,
      "val_Sensitivity_std": 0.029456646387225418,
      "val_Specificity_mean": 0.9769911504424749,
      "val_Specificity_std": 0.01260001381182133,
      "val_score_mean": 0.8141078020564089,
      "val_score_std": 0.008404234495546972,
      "val_thr_mean": 0.4402682480893311,
      "val_thr_std": 0.07304438380298586
    },
    {
      "criterion": "youden",
      "feature_set": "c110_d110_errors",
      "model": "rf",
      "param_hash": "77d725949d24",
      "param_index": 11,
      "test_Brier_mean": 0.0547169368099856,
      "test_Brier_std": 0.0017319544075022283,
      "test_LogLoss_mean": 0.20383538347055727,
      "test_LogLoss_std": 0.004737184348693905,
      "test_PR_AUC_mean": 0.9110757242937892,
      "test_PR_AUC_std": 0.006353917925597943,
      "test_Precision_mean": 0.8379267760177656,
      "test_Precision_std": 0.028221927837982656,
      "test_ROC_AUC_mean": 0.9672095799971906,
      "test_ROC_AUC_std": 0.0028987891708713554,
      "test_Sensitivity_mean": 0.8569047619047518,
      "test_Sensitivity_std": 0.02726291793687642,
      "test_Specificity_mean": 0.9585250737463098,
      "test_Specificity_std": 0.009046236167904988,
      "val_Precision_mean": 0.8102793542472778,
      "val_Precision_std": 0.031373291096944284,
      "val_Sensitivity_mean": 0.7938095238095144,
      "val_Sensitivity_std": 0.010328045204550204,
      "val_Specificity_mean": 0.9535103244837729,
      "val_Specificity_std": 0.00965676230081918,
      "val_score_mean": 0.7473198482932872,
      "val_score_std": 0.007013526895830163,
      "val_thr_mean": 0.33407038461144334,
      "val_thr_std": 0.030617322448428526
    }
  ],
  "task_id": 299,
  "thr_grid_size": 600
}