{
  "feature_set": "c110",
  "model": "rf",
  "n_bootstrap": 50,
  "param_hash": "e2827663f47c",
  "param_index": 8,
  "params": {
    "bootstrap": true,
    "class_weight": null,
    "max_depth": null,
    "max_features": "0.3",
    "min_samples_leaf": 2,
    "min_samples_split": 8,
    "n_estimators": 2500
  },
  "runtime_s": 1083.8981792926788,
  "summary_preview": [
    {
      "criterion": "f1",
      "feature_set": "c110",
      "model": "rf",
      "param_hash": "e2827663f47c",
      "param_index": 8,
      "test_Brier_mean": 0.05418440095270695,
      "test_Brier_std": 0.002894780239775572,
      "test_LogLoss_mean": 0.19510814157291875,
      "test_LogLoss_std": 0.007702145866549469,
      "test_PR_AUC_mean": 0.8962230374631446,
      "test_PR_AUC_std": 0.009545009153930358,
      "test_Precision_mean": 0.894364164578166,
      "test_Precision_std": 0.025217186041330046,
      "test_ROC_AUC_mean": 0.9589078522264363,
      "test_ROC_AUC_std": 0.004516066945058487,
      "test_Sensitivity_mean": 0.7654761904761814,
      "test_Sensitivity_std": 0.05718181778385793,
      "test_Specificity_mean": 0.9771681415929174,
      "test_Specificity_std": 0.007342897226836896,
      "val_Precision_mean": 0.901230167855644,
      "val_Precision_std": 0.04467011407358887,
      "val_Sensitivity_mean": 0.7283333333333247,
      "val_Sensitivity_std": 0.03303787563298903,
      "val_Specificity_mean": 0.9793510324483746,
      "val_Specificity_std": 0.011212924311546597,
      "val_score_mean": 0.8039929991193463,
      "val_score_std": 0.011916960699598321,
      "val_thr_mean": 0.4696796472347109,
      "val_thr_std": 0.07912324578429206
    },
    {
      "criterion": "youden",
      "feature_set": "c110",
      "model": "rf",
      "param_hash": "e2827663f47c",
      "param_index": 8,
      "test_Brier_mean": 0.05418440095270695,
      "test_Brier_std": 0.002894780239775572,
      "test_LogLoss_mean": 0.19510814157291875,
      "test_LogLoss_std": 0.007702145866549469,
      "test_PR_AUC_mean": 0.8962230374631446,
      "test_PR_AUC_std": 0.009545009153930358,
      "test_Precision_mean": 0.803013891555746,
      "test_Precision_std": 0.07031259797530962,
      "test_ROC_AUC_mean": 0.9589078522264363,
      "test_ROC_AUC_std": 0.004516066945058487,
      "test_Sensitivity_mean": 0.8433333333333234,
      "test_Sensitivity_std": 0.033008973014997174,
      "test_Specificity_mean": 0.945958702064894,
      "test_Specificity_std": 0.027358662947608473,
      "val_Precision_mean": 0.7687270495204157,
      "val_Precision_std": 0.07215688970829542,
      "val_Sensitivity_mean": 0.7935714285714193,
      "val_Sensitivity_std": 0.030669824910258187,
      "val_Specificity_mean": 0.937699115044245,
      "val_Specificity_std": 0.028479416062095957,
      "val_score_mean": 0.7312705436156641,
      "val_score_std": 0.01952861764340994,
      "val_thr_mean": 0.3224080843772336,
      "val_thr_std": 0.0638959212840133
    }
  ],
  "task_id": 8,
  "thr_grid_size": 600
}