{
  "feature_set": "c110_d110_errors",
  "model": "brf",
  "n_bootstrap": 50,
  "param_hash": "65538c98d581",
  "param_index": 21,
  "params": {
    "max_depth": null,
    "max_features": "0.2",
    "min_samples_leaf": 4,
    "min_samples_split": 8,
    "n_estimators": 800,
    "replacement": false,
    "sampling_strategy": "auto"
  },
  "runtime_s": 348.0012700557709,
  "summary_preview": [
    {
      "criterion": "f1",
      "feature_set": "c110_d110_errors",
      "model": "brf",
      "param_hash": "65538c98d581",
      "param_index": 21,
      "test_Brier_mean": 0.06117466252882833,
      "test_Brier_std": 0.0019415934349176756,
      "test_LogLoss_mean": 0.23145798786045801,
      "test_LogLoss_std": 0.006598595062563982,
      "test_PR_AUC_mean": 0.905949158876005,
      "test_PR_AUC_std": 0.004771640281202805,
      "test_Precision_mean": 0.894353636671523,
      "test_Precision_std": 0.020628916649734323,
      "test_ROC_AUC_mean": 0.9642446270543615,
      "test_ROC_AUC_std": 0.002514555058533375,
      "test_Sensitivity_mean": 0.8116666666666571,
      "test_Sensitivity_std": 0.02315549731394995,
      "test_Specificity_mean": 0.976047197640115,
      "test_Specificity_std": 0.005858625266576564,
      "val_Precision_mean": 0.8992036398192103,
      "val_Precision_std": 0.021995072856086227,
      "val_Sensitivity_mean": 0.7602380952380863,
      "val_Sensitivity_std": 0.01683759360139958,
      "val_Specificity_mean": 0.9787020648967523,
      "val_Specificity_std": 0.005503846547101107,
      "val_score_mean": 0.823573136832779,
      "val_score_std": 0.009683501953711239,
      "val_thr_mean": 0.6223684962702388,
      "val_thr_std": 0.04705202634796108
    },
    {
      "criterion": "youden",
      "feature_set": "c110_d110_errors",
      "model": "brf",
      "param_hash": "65538c98d581",
      "param_index": 21,
      "test_Brier_mean": 0.06117466252882833,
      "test_Brier_std": 0.0019415934349176756,
      "test_LogLoss_mean": 0.23145798786045801,
      "test_LogLoss_std": 0.006598595062563982,
      "test_PR_AUC_mean": 0.905949158876005,
      "test_PR_AUC_std": 0.004771640281202805,
      "test_Precision_mean": 0.8388013409972253,
      "test_Precision_std": 0.045496764390988126,
      "test_ROC_AUC_mean": 0.9642446270543615,
      "test_ROC_AUC_std": 0.002514555058533375,
      "test_Sensitivity_mean": 0.8578571428571327,
      "test_Sensitivity_std": 0.03167194545975033,
      "test_Specificity_mean": 0.9579941002949823,
      "test_Specificity_std": 0.01571753944795984,
      "val_Precision_mean": 0.8310487266177851,
      "val_Precision_std": 0.055001648832104434,
      "val_Sensitivity_mean": 0.7904761904761811,
      "val_Sensitivity_std": 0.018630018962760512,
      "val_Specificity_mean": 0.9588200589970473,
      "val_Specificity_std": 0.017189707339351185,
      "val_score_mean": 0.7492962494732284,
      "val_score_std": 0.009539767323854403,
      "val_thr_mean": 0.5243206289748789,
      "val_thr_std": 0.06551791328298358
    }
  ],
  "task_id": 357,
  "thr_grid_size": 600
}