{
  "feature_set": "c110_snr",
  "model": "brf",
  "n_bootstrap": 50,
  "param_hash": "406f8ac913b7",
  "param_index": 1,
  "params": {
    "max_depth": 10,
    "max_features": "sqrt",
    "min_samples_leaf": 1,
    "min_samples_split": 4,
    "n_estimators": 800,
    "replacement": true,
    "sampling_strategy": "auto"
  },
  "runtime_s": 282.6640875339508,
  "summary_preview": [
    {
      "criterion": "f1",
      "feature_set": "c110_snr",
      "model": "brf",
      "param_hash": "406f8ac913b7",
      "param_index": 1,
      "test_Brier_mean": 0.07997938534831814,
      "test_Brier_std": 0.0025232851318832076,
      "test_LogLoss_mean": 0.2924666391174845,
      "test_LogLoss_std": 0.0069373265238111305,
      "test_PR_AUC_mean": 0.8750903213691772,
      "test_PR_AUC_std": 0.011631429855776178,
      "test_Precision_mean": 0.8380288784811326,
      "test_Precision_std": 0.03715426236747575,
      "test_ROC_AUC_mean": 0.9543798286276163,
      "test_ROC_AUC_std": 0.006119216092116239,
      "test_Sensitivity_mean": 0.7683333333333242,
      "test_Sensitivity_std": 0.05911961894544506,
      "test_Specificity_mean": 0.9621828908554544,
      "test_Specificity_std": 0.012524951216824802,
      "val_Precision_mean": 0.8372338124915808,
      "val_Precision_std": 0.048079809351087584,
      "val_Sensitivity_mean": 0.7540476190476102,
      "val_Sensitivity_std": 0.042183042120365555,
      "val_Specificity_mean": 0.9623598820058967,
      "val_Specificity_std": 0.014197868506239454,
      "val_score_mean": 0.7911248223555886,
      "val_score_std": 0.010226147534253776,
      "val_thr_mean": 0.5306137303760324,
      "val_thr_std": 0.0604918134477362
    },
    {
      "criterion": "youden",
      "feature_set": "c110_snr",
      "model": "brf",
      "param_hash": "406f8ac913b7",
      "param_index": 1,
      "test_Brier_mean": 0.07997938534831814,
      "test_Brier_std": 0.0025232851318832076,
      "test_LogLoss_mean": 0.2924666391174845,
      "test_LogLoss_std": 0.0069373265238111305,
      "test_PR_AUC_mean": 0.8750903213691772,
      "test_PR_AUC_std": 0.011631429855776178,
      "test_Precision_mean": 0.7605859649063427,
      "test_Precision_std": 0.04180493449045451,
      "test_ROC_AUC_mean": 0.9543798286276163,
      "test_ROC_AUC_std": 0.006119216092116239,
      "test_Sensitivity_mean": 0.8502380952380852,
      "test_Sensitivity_std": 0.030526144979780092,
      "test_Specificity_mean": 0.9326253687315607,
      "test_Specificity_std": 0.016658766733458813,
      "val_Precision_mean": 0.7355766817328901,
      "val_Precision_std": 0.04543805260321798,
      "val_Sensitivity_mean": 0.812619047619038,
      "val_Sensitivity_std": 0.018128007257769935,
      "val_Specificity_mean": 0.926430678466074,
      "val_Specificity_std": 0.017612716297769514,
      "val_score_mean": 0.7390497260851119,
      "val_score_std": 0.018074167554759154,
      "val_thr_mean": 0.4424982213694554,
      "val_thr_std": 0.024323663056925324
    }
  ],
  "task_id": 433,
  "thr_grid_size": 600
}