{
  "feature_set": "c110_d110_snr",
  "model": "rf",
  "n_bootstrap": 50,
  "param_hash": "70c8fabffc12",
  "param_index": 21,
  "params": {
    "bootstrap": true,
    "class_weight": null,
    "max_depth": 30,
    "max_features": "0.2",
    "min_samples_leaf": 4,
    "min_samples_split": 4,
    "n_estimators": 1500
  },
  "runtime_s": 1492.3690509796143,
  "summary_preview": [
    {
      "criterion": "f1",
      "feature_set": "c110_d110_snr",
      "model": "rf",
      "param_hash": "70c8fabffc12",
      "param_index": 21,
      "test_Brier_mean": 0.051680917508229916,
      "test_Brier_std": 0.0021532368452995255,
      "test_LogLoss_mean": 0.19193975621977638,
      "test_LogLoss_std": 0.005727049255252892,
      "test_PR_AUC_mean": 0.8912130157586132,
      "test_PR_AUC_std": 0.007322590696798488,
      "test_Precision_mean": 0.912051538486501,
      "test_Precision_std": 0.02478473043673573,
      "test_ROC_AUC_mean": 0.9570424216884393,
      "test_ROC_AUC_std": 0.003680185014320922,
      "test_Sensitivity_mean": 0.7780952380952288,
      "test_Sensitivity_std": 0.04927631211285508,
      "test_Specificity_mean": 0.9810029498525045,
      "test_Specificity_std": 0.006902855534578416,
      "val_Precision_mean": 0.9183796897056721,
      "val_Precision_std": 0.03192192605812544,
      "val_Sensitivity_mean": 0.7419047619047531,
      "val_Sensitivity_std": 0.029401609231257203,
      "val_Specificity_mean": 0.9831858407079617,
      "val_Specificity_std": 0.007707265553380492,
      "val_score_mean": 0.819737731787649,
      "val_score_std": 0.009356748079145626,
      "val_thr_mean": 0.4697565426737043,
      "val_thr_std": 0.0877467695689568
    },
    {
      "criterion": "youden",
      "feature_set": "c110_d110_snr",
      "model": "rf",
      "param_hash": "70c8fabffc12",
      "param_index": 21,
      "test_Brier_mean": 0.051680917508229916,
      "test_Brier_std": 0.0021532368452995255,
      "test_LogLoss_mean": 0.19193975621977638,
      "test_LogLoss_std": 0.005727049255252892,
      "test_PR_AUC_mean": 0.8912130157586132,
      "test_PR_AUC_std": 0.007322590696798488,
      "test_Precision_mean": 0.8305847769359153,
      "test_Precision_std": 0.05112156898472434,
      "test_ROC_AUC_mean": 0.9570424216884393,
      "test_ROC_AUC_std": 0.003680185014320922,
      "test_Sensitivity_mean": 0.8509523809523709,
      "test_Sensitivity_std": 0.024437775437667817,
      "test_Specificity_mean": 0.9557522123893777,
      "test_Specificity_std": 0.017044878563975244,
      "val_Precision_mean": 0.808070845424754,
      "val_Precision_std": 0.061794183403523405,
      "val_Sensitivity_mean": 0.7945238095238001,
      "val_Sensitivity_std": 0.02107883257335105,
      "val_Specificity_mean": 0.9514454277286107,
      "val_Specificity_std": 0.020404218737201194,
      "val_score_mean": 0.7459692372524108,
      "val_score_std": 0.01563117679018181,
      "val_thr_mean": 0.3037268303369353,
      "val_thr_std": 0.05225008003138081
    }
  ],
  "task_id": 501,
  "thr_grid_size": 600
}