{
  "feature_set": "c110_d110_snr",
  "model": "rf",
  "n_bootstrap": 50,
  "param_hash": "6cf4d44e3e25",
  "param_index": 5,
  "params": {
    "bootstrap": true,
    "class_weight": null,
    "max_depth": 20,
    "max_features": "sqrt",
    "min_samples_leaf": 1,
    "min_samples_split": 8,
    "n_estimators": 800
  },
  "runtime_s": 247.9152843952179,
  "summary_preview": [
    {
      "criterion": "f1",
      "feature_set": "c110_d110_snr",
      "model": "rf",
      "param_hash": "6cf4d44e3e25",
      "param_index": 5,
      "test_Brier_mean": 0.05560262191407668,
      "test_Brier_std": 0.0016267261422610515,
      "test_LogLoss_mean": 0.20471977848046963,
      "test_LogLoss_std": 0.004785910599103819,
      "test_PR_AUC_mean": 0.8961600524755216,
      "test_PR_AUC_std": 0.005599227071079312,
      "test_Precision_mean": 0.9067146959704795,
      "test_Precision_std": 0.026510131471011708,
      "test_ROC_AUC_mean": 0.959117151285293,
      "test_ROC_AUC_std": 0.0031201374035300577,
      "test_Sensitivity_mean": 0.7809523809523716,
      "test_Sensitivity_std": 0.04349221718552473,
      "test_Specificity_mean": 0.9797050147492595,
      "test_Specificity_std": 0.007216780321485931,
      "val_Precision_mean": 0.8945926415582364,
      "val_Precision_std": 0.040596096544707326,
      "val_Sensitivity_mean": 0.7380952380952293,
      "val_Sensitivity_std": 0.028356006803627314,
      "val_Specificity_mean": 0.9777581120943925,
      "val_Specificity_std": 0.010047012368993361,
      "val_score_mean": 0.8076072833319933,
      "val_score_std": 0.010938045096968722,
      "val_thr_mean": 0.44516398054538653,
      "val_thr_std": 0.05289681711722159
    },
    {
      "criterion": "youden",
      "feature_set": "c110_d110_snr",
      "model": "rf",
      "param_hash": "6cf4d44e3e25",
      "param_index": 5,
      "test_Brier_mean": 0.05560262191407668,
      "test_Brier_std": 0.0016267261422610515,
      "test_LogLoss_mean": 0.20471977848046963,
      "test_LogLoss_std": 0.004785910599103819,
      "test_PR_AUC_mean": 0.8961600524755216,
      "test_PR_AUC_std": 0.005599227071079312,
      "test_Precision_mean": 0.8378157431848419,
      "test_Precision_std": 0.05322359404075648,
      "test_ROC_AUC_mean": 0.959117151285293,
      "test_ROC_AUC_std": 0.0031201374035300577,
      "test_Sensitivity_mean": 0.8466666666666566,
      "test_Sensitivity_std": 0.023273857679667748,
      "test_Specificity_mean": 0.9579941002949823,
      "test_Specificity_std": 0.019103848028842334,
      "val_Precision_mean": 0.796541544599921,
      "val_Precision_std": 0.05643328471275165,
      "val_Sensitivity_mean": 0.7878571428571335,
      "val_Sensitivity_std": 0.019043063109172732,
      "val_Specificity_mean": 0.9484955752212361,
      "val_Specificity_std": 0.020264487293127798,
      "val_score_mean": 0.7363527180783696,
      "val_score_std": 0.01287416859034611,
      "val_thr_mean": 0.3382979359348917,
      "val_thr_std": 0.046740052149328776
    }
  ],
  "task_id": 485,
  "thr_grid_size": 600
}