{
  "feature_set": "c110_d110",
  "model": "bbag",
  "n_bootstrap": 50,
  "param_hash": "45b09d797f91",
  "param_index": 7,
  "params": {
    "base_max_depth": 10,
    "base_max_features": "0.3",
    "base_min_samples_leaf": 4,
    "base_min_samples_split": 8,
    "bootstrap": true,
    "max_features": 0.9,
    "max_samples": 0.7,
    "n_estimators": 200,
    "replacement": false,
    "sampling_strategy": "auto"
  },
  "runtime_s": 38.323861837387085,
  "summary_preview": [
    {
      "criterion": "f1",
      "feature_set": "c110_d110",
      "model": "bbag",
      "param_hash": "45b09d797f91",
      "param_index": 7,
      "test_Brier_mean": 0.06758616861104687,
      "test_Brier_std": 0.002701341451353266,
      "test_LogLoss_mean": 0.254629541431725,
      "test_LogLoss_std": 0.008577524888953334,
      "test_PR_AUC_mean": 0.8952982911122698,
      "test_PR_AUC_std": 0.005677467237518492,
      "test_Precision_mean": 0.8744167415692052,
      "test_Precision_std": 0.03609711523727171,
      "test_ROC_AUC_mean": 0.9605408062930186,
      "test_ROC_AUC_std": 0.00379071445333891,
      "test_Sensitivity_mean": 0.772142857142848,
      "test_Sensitivity_std": 0.05442230016747238,
      "test_Specificity_mean": 0.9716224188790531,
      "test_Specificity_std": 0.010987185407555828,
      "val_Precision_mean": 0.8715259249877565,
      "val_Precision_std": 0.053948900399216335,
      "val_Sensitivity_mean": 0.7471428571428482,
      "val_Sensitivity_std": 0.03644062187547128,
      "val_Specificity_mean": 0.9713274336283156,
      "val_Specificity_std": 0.014253793364809484,
      "val_score_mean": 0.8022225798030611,
      "val_score_std": 0.006876446456203627,
      "val_thr_mean": 0.5876511410579144,
      "val_thr_std": 0.08440803010153924
    },
    {
      "criterion": "youden",
      "feature_set": "c110_d110",
      "model": "bbag",
      "param_hash": "45b09d797f91",
      "param_index": 7,
      "test_Brier_mean": 0.06758616861104687,
      "test_Brier_std": 0.002701341451353266,
      "test_LogLoss_mean": 0.254629541431725,
      "test_LogLoss_std": 0.008577524888953334,
      "test_PR_AUC_mean": 0.8952982911122698,
      "test_PR_AUC_std": 0.005677467237518492,
      "test_Precision_mean": 0.8048505356224922,
      "test_Precision_std": 0.03866289127486549,
      "test_ROC_AUC_mean": 0.9605408062930186,
      "test_ROC_AUC_std": 0.00379071445333891,
      "test_Sensitivity_mean": 0.8528571428571329,
      "test_Sensitivity_std": 0.029037341456343922,
      "test_Specificity_mean": 0.9478466076696137,
      "test_Specificity_std": 0.014320912524405809,
      "val_Precision_mean": 0.7792844721722549,
      "val_Precision_std": 0.03935584731025227,
      "val_Sensitivity_mean": 0.7983333333333239,
      "val_Sensitivity_std": 0.016906164822225216,
      "val_Specificity_mean": 0.9431268436578142,
      "val_Specificity_std": 0.014116082001884037,
      "val_score_mean": 0.7414601769911381,
      "val_score_std": 0.011055001327139664,
      "val_thr_mean": 0.4593093801975032,
      "val_thr_std": 0.04810022308061767
    }
  ],
  "task_id": 175,
  "thr_grid_size": 600
}