{
  "feature_set": "c110_d110_errors_snr",
  "model": "rf",
  "n_bootstrap": 50,
  "param_hash": "d009d1a232be",
  "param_index": 20,
  "params": {
    "bootstrap": true,
    "class_weight": "balanced",
    "max_depth": 30,
    "max_features": "sqrt",
    "min_samples_leaf": 2,
    "min_samples_split": 8,
    "n_estimators": 4000
  },
  "runtime_s": 991.1776623725891,
  "summary_preview": [
    {
      "criterion": "f1",
      "feature_set": "c110_d110_errors_snr",
      "model": "rf",
      "param_hash": "d009d1a232be",
      "param_index": 20,
      "test_Brier_mean": 0.05687628105114936,
      "test_Brier_std": 0.0011629674925961377,
      "test_LogLoss_mean": 0.21002138086865446,
      "test_LogLoss_std": 0.0031507312676973135,
      "test_PR_AUC_mean": 0.9052343219704363,
      "test_PR_AUC_std": 0.004248930436923539,
      "test_Precision_mean": 0.8924519067563194,
      "test_Precision_std": 0.03128041186414172,
      "test_ROC_AUC_mean": 0.9657683663435875,
      "test_ROC_AUC_std": 0.0023339865001910575,
      "test_Sensitivity_mean": 0.7716666666666575,
      "test_Sensitivity_std": 0.04135766303068925,
      "test_Specificity_mean": 0.976401179941,
      "test_Specificity_std": 0.008998801729482744,
      "val_Precision_mean": 0.890330795717199,
      "val_Precision_std": 0.03670031104065452,
      "val_Sensitivity_mean": 0.747857142857134,
      "val_Sensitivity_std": 0.023403980631681046,
      "val_Specificity_mean": 0.9765781710914425,
      "val_Specificity_std": 0.009690723398060458,
      "val_score_mean": 0.8119163823213323,
      "val_score_std": 0.007503143026220304,
      "val_thr_mean": 0.4147860432127521,
      "val_thr_std": 0.05169701375052284
    },
    {
      "criterion": "youden",
      "feature_set": "c110_d110_errors_snr",
      "model": "rf",
      "param_hash": "d009d1a232be",
      "param_index": 20,
      "test_Brier_mean": 0.05687628105114936,
      "test_Brier_std": 0.0011629674925961377,
      "test_LogLoss_mean": 0.21002138086865446,
      "test_LogLoss_std": 0.0031507312676973135,
      "test_PR_AUC_mean": 0.9052343219704363,
      "test_PR_AUC_std": 0.004248930436923539,
      "test_Precision_mean": 0.8217583905170739,
      "test_Precision_std": 0.03249806656369723,
      "test_ROC_AUC_mean": 0.9657683663435875,
      "test_ROC_AUC_std": 0.0023339865001910575,
      "test_Sensitivity_mean": 0.8590476190476088,
      "test_Sensitivity_std": 0.025266408747310076,
      "test_Specificity_mean": 0.9532153392330355,
      "test_Specificity_std": 0.01166332335378186,
      "val_Precision_mean": 0.7981643725514703,
      "val_Precision_std": 0.03255934761285917,
      "val_Sensitivity_mean": 0.7973809523809429,
      "val_Sensitivity_std": 0.01604238277996491,
      "val_Specificity_mean": 0.9494395280235959,
      "val_Specificity_std": 0.011769421889034811,
      "val_score_mean": 0.7468204804045387,
      "val_score_std": 0.008124292694421272,
      "val_thr_mean": 0.305987118359811,
      "val_thr_std": 0.02894632086441162
    }
  ],
  "task_id": 596,
  "thr_grid_size": 600
}