{
  "feature_set": "c110",
  "model": "bbag",
  "n_bootstrap": 50,
  "param_hash": "428dcc1f4cee",
  "param_index": 11,
  "params": {
    "base_max_depth": 20,
    "base_max_features": "0.3",
    "base_min_samples_leaf": 1,
    "base_min_samples_split": 8,
    "bootstrap": true,
    "max_features": 1.0,
    "max_samples": 0.9,
    "n_estimators": 500,
    "replacement": false,
    "sampling_strategy": "auto"
  },
  "runtime_s": 57.7770881652832,
  "summary_preview": [
    {
      "criterion": "f1",
      "feature_set": "c110",
      "model": "bbag",
      "param_hash": "428dcc1f4cee",
      "param_index": 11,
      "test_Brier_mean": 0.06536465884561467,
      "test_Brier_std": 0.0021308042835986485,
      "test_LogLoss_mean": 0.24705584643961626,
      "test_LogLoss_std": 0.0073988106964876284,
      "test_PR_AUC_mean": 0.89994275699638,
      "test_PR_AUC_std": 0.0064103872776020655,
      "test_Precision_mean": 0.8732413927743582,
      "test_Precision_std": 0.023526465497206314,
      "test_ROC_AUC_mean": 0.9626625930608231,
      "test_ROC_AUC_std": 0.0032097774708777908,
      "test_Sensitivity_mean": 0.7907142857142763,
      "test_Sensitivity_std": 0.030620747118619375,
      "test_Specificity_mean": 0.9712684365781682,
      "test_Specificity_std": 0.0068421318612054225,
      "val_Precision_mean": 0.8669749657862595,
      "val_Precision_std": 0.02850472655587309,
      "val_Sensitivity_mean": 0.7692857142857052,
      "val_Sensitivity_std": 0.01967063001122822,
      "val_Specificity_mean": 0.9703834808259557,
      "val_Specificity_std": 0.007905407042132126,
      "val_score_mean": 0.8146246517637483,
      "val_score_std": 0.008566159626160426,
      "val_thr_mean": 0.5353691245513739,
      "val_thr_std": 0.0427139761181575
    },
    {
      "criterion": "youden",
      "feature_set": "c110",
      "model": "bbag",
      "param_hash": "428dcc1f4cee",
      "param_index": 11,
      "test_Brier_mean": 0.06536465884561467,
      "test_Brier_std": 0.0021308042835986485,
      "test_LogLoss_mean": 0.24705584643961626,
      "test_LogLoss_std": 0.0073988106964876284,
      "test_PR_AUC_mean": 0.89994275699638,
      "test_PR_AUC_std": 0.0064103872776020655,
      "test_Precision_mean": 0.8125705777709811,
      "test_Precision_std": 0.039268804509703145,
      "test_ROC_AUC_mean": 0.9626625930608231,
      "test_ROC_AUC_std": 0.0032097774708777908,
      "test_Sensitivity_mean": 0.8585714285714183,
      "test_Sensitivity_std": 0.02264396867631706,
      "test_Specificity_mean": 0.9500884955752185,
      "test_Specificity_std": 0.014037867572669558,
      "val_Precision_mean": 0.7847461786357048,
      "val_Precision_std": 0.04222515040147136,
      "val_Sensitivity_mean": 0.8092857142857048,
      "val_Sensitivity_std": 0.014528627982430821,
      "val_Specificity_mean": 0.9440707964601741,
      "val_Specificity_std": 0.014910443127269765,
      "val_score_mean": 0.7533565107458788,
      "val_score_std": 0.010257704600281739,
      "val_thr_mean": 0.4320912647220379,
      "val_thr_std": 0.041130226389309535
    }
  ],
  "task_id": 83,
  "thr_grid_size": 600
}