{
  "feature_set": "c110",
  "model": "brf",
  "n_bootstrap": 50,
  "param_hash": "1481bfd76716",
  "param_index": 3,
  "params": {
    "max_depth": null,
    "max_features": "sqrt",
    "min_samples_leaf": 2,
    "min_samples_split": 4,
    "n_estimators": 800,
    "replacement": false,
    "sampling_strategy": "auto"
  },
  "runtime_s": 255.45560717582703,
  "summary_preview": [
    {
      "criterion": "f1",
      "feature_set": "c110",
      "model": "brf",
      "param_hash": "1481bfd76716",
      "param_index": 3,
      "test_Brier_mean": 0.06926602241395029,
      "test_Brier_std": 0.0025110237819289468,
      "test_LogLoss_mean": 0.25636936970685886,
      "test_LogLoss_std": 0.007188945867918444,
      "test_PR_AUC_mean": 0.9012655068395681,
      "test_PR_AUC_std": 0.007786445140460342,
      "test_Precision_mean": 0.8740564770857864,
      "test_Precision_std": 0.033503307327560995,
      "test_ROC_AUC_mean": 0.962759867958983,
      "test_ROC_AUC_std": 0.0043269851011262265,
      "test_Sensitivity_mean": 0.7723809523809432,
      "test_Sensitivity_std": 0.05094325231795599,
      "test_Specificity_mean": 0.9716814159292007,
      "test_Specificity_std": 0.010322333513624826,
      "val_Precision_mean": 0.8782782609544814,
      "val_Precision_std": 0.046389887348288354,
      "val_Sensitivity_mean": 0.7516666666666577,
      "val_Sensitivity_std": 0.030137090935937434,
      "val_Specificity_mean": 0.9732153392330355,
      "val_Specificity_std": 0.012240273975310268,
      "val_score_mean": 0.8084528716208665,
      "val_score_std": 0.009106181174662364,
      "val_thr_mean": 0.5721724601518404,
      "val_thr_std": 0.059333685358339466
    },
    {
      "criterion": "youden",
      "feature_set": "c110",
      "model": "brf",
      "param_hash": "1481bfd76716",
      "param_index": 3,
      "test_Brier_mean": 0.06926602241395029,
      "test_Brier_std": 0.0025110237819289468,
      "test_LogLoss_mean": 0.25636936970685886,
      "test_LogLoss_std": 0.007188945867918444,
      "test_PR_AUC_mean": 0.9012655068395681,
      "test_PR_AUC_std": 0.007786445140460342,
      "test_Precision_mean": 0.8038992359743125,
      "test_Precision_std": 0.03463752122637556,
      "test_ROC_AUC_mean": 0.962759867958983,
      "test_ROC_AUC_std": 0.0043269851011262265,
      "test_Sensitivity_mean": 0.8507142857142757,
      "test_Sensitivity_std": 0.026696888677450962,
      "test_Specificity_mean": 0.9478466076696137,
      "test_Specificity_std": 0.01304921515918205,
      "val_Precision_mean": 0.7863993200335417,
      "val_Precision_std": 0.038791236384326716,
      "val_Sensitivity_mean": 0.8014285714285618,
      "val_Sensitivity_std": 0.016911296455314202,
      "val_Specificity_mean": 0.945250737463124,
      "val_Specificity_std": 0.013965828602160366,
      "val_score_mean": 0.7466793088916859,
      "val_score_std": 0.011945973969084795,
      "val_thr_mean": 0.4604550458104778,
      "val_thr_std": 0.03645197941606412
    }
  ],
  "task_id": 51,
  "thr_grid_size": 600
}