{
  "feature_set": "c110_errors",
  "model": "rf",
  "n_bootstrap": 50,
  "param_hash": "8d6e87e8f14c",
  "param_index": 17,
  "params": {
    "bootstrap": true,
    "class_weight": "balanced",
    "max_depth": 10,
    "max_features": "0.2",
    "min_samples_leaf": 2,
    "min_samples_split": 4,
    "n_estimators": 1500
  },
  "runtime_s": 603.9451637268066,
  "summary_preview": [
    {
      "criterion": "f1",
      "feature_set": "c110_errors",
      "model": "rf",
      "param_hash": "8d6e87e8f14c",
      "param_index": 17,
      "test_Brier_mean": 0.051179067986119244,
      "test_Brier_std": 0.002146909230836165,
      "test_LogLoss_mean": 0.19081722243862878,
      "test_LogLoss_std": 0.006214296324843321,
      "test_PR_AUC_mean": 0.9151899352854937,
      "test_PR_AUC_std": 0.006579542306438801,
      "test_Precision_mean": 0.8953477636515905,
      "test_Precision_std": 0.029419179955408138,
      "test_ROC_AUC_mean": 0.9678332630987498,
      "test_ROC_AUC_std": 0.0030634637813886836,
      "test_Sensitivity_mean": 0.776190476190467,
      "test_Sensitivity_std": 0.05650764532597261,
      "test_Specificity_mean": 0.9769321533923275,
      "test_Specificity_std": 0.008893395723360942,
      "val_Precision_mean": 0.9058245922682508,
      "val_Precision_std": 0.04368949805212819,
      "val_Sensitivity_mean": 0.7561904761904672,
      "val_Sensitivity_std": 0.02967577430093466,
      "val_Specificity_mean": 0.9797050147492595,
      "val_Specificity_std": 0.011159583560411577,
      "val_score_mean": 0.8228563641177885,
      "val_score_std": 0.01111182010698107,
      "val_thr_mean": 0.43040874481071284,
      "val_thr_std": 0.07527867982851286
    },
    {
      "criterion": "youden",
      "feature_set": "c110_errors",
      "model": "rf",
      "param_hash": "8d6e87e8f14c",
      "param_index": 17,
      "test_Brier_mean": 0.051179067986119244,
      "test_Brier_std": 0.002146909230836165,
      "test_LogLoss_mean": 0.19081722243862878,
      "test_LogLoss_std": 0.006214296324843321,
      "test_PR_AUC_mean": 0.9151899352854937,
      "test_PR_AUC_std": 0.006579542306438801,
      "test_Precision_mean": 0.81038795011389,
      "test_Precision_std": 0.03981849646628407,
      "test_ROC_AUC_mean": 0.9678332630987498,
      "test_ROC_AUC_std": 0.0030634637813886836,
      "test_Sensitivity_mean": 0.8869047619047514,
      "test_Sensitivity_std": 0.03326123676123762,
      "test_Specificity_mean": 0.9476106194690237,
      "test_Specificity_std": 0.014976990959779606,
      "val_Precision_mean": 0.7939716730617409,
      "val_Precision_std": 0.04246975907068489,
      "val_Sensitivity_mean": 0.8142857142857046,
      "val_Sensitivity_std": 0.017006802721088232,
      "val_Specificity_mean": 0.9467256637168113,
      "val_Specificity_std": 0.01456644265950112,
      "val_score_mean": 0.761011378002516,
      "val_score_std": 0.011295689585742244,
      "val_thr_mean": 0.27236118270063764,
      "val_thr_std": 0.039140577362977644
    }
  ],
  "task_id": 209,
  "thr_grid_size": 600
}