{
  "feature_set": "c110_d110_snr",
  "model": "rf",
  "n_bootstrap": 50,
  "param_hash": "bdb980b4c5bd",
  "param_index": 0,
  "params": {
    "bootstrap": true,
    "class_weight": null,
    "max_depth": null,
    "max_features": "sqrt",
    "min_samples_leaf": 2,
    "min_samples_split": 2,
    "n_estimators": 1500
  },
  "runtime_s": 438.4317443370819,
  "summary_preview": [
    {
      "criterion": "f1",
      "feature_set": "c110_d110_snr",
      "model": "rf",
      "param_hash": "bdb980b4c5bd",
      "param_index": 0,
      "test_Brier_mean": 0.0555239510814641,
      "test_Brier_std": 0.0019037920922431737,
      "test_LogLoss_mean": 0.20399358548529384,
      "test_LogLoss_std": 0.005289433616050574,
      "test_PR_AUC_mean": 0.8979819507990774,
      "test_PR_AUC_std": 0.006046242474313492,
      "test_Precision_mean": 0.8955740174229346,
      "test_Precision_std": 0.024124984463222063,
      "test_ROC_AUC_mean": 0.9601169405815423,
      "test_ROC_AUC_std": 0.002987603677619027,
      "test_Sensitivity_mean": 0.7957142857142763,
      "test_Sensitivity_std": 0.03998298958034872,
      "test_Specificity_mean": 0.9766961651917374,
      "test_Specificity_std": 0.006696269946089612,
      "val_Precision_mean": 0.882220906038608,
      "val_Precision_std": 0.034657410301634634,
      "val_Sensitivity_mean": 0.7492857142857053,
      "val_Sensitivity_std": 0.025613170882430425,
      "val_Specificity_mean": 0.9746902654867228,
      "val_Specificity_std": 0.008719979234083935,
      "val_score_mean": 0.8093976601107643,
      "val_score_std": 0.009838022413267719,
      "val_thr_mean": 0.4089820945298442,
      "val_thr_std": 0.04873291830452731
    },
    {
      "criterion": "youden",
      "feature_set": "c110_d110_snr",
      "model": "rf",
      "param_hash": "bdb980b4c5bd",
      "param_index": 0,
      "test_Brier_mean": 0.0555239510814641,
      "test_Brier_std": 0.0019037920922431737,
      "test_LogLoss_mean": 0.20399358548529384,
      "test_LogLoss_std": 0.005289433616050574,
      "test_PR_AUC_mean": 0.8979819507990774,
      "test_PR_AUC_std": 0.006046242474313492,
      "test_Precision_mean": 0.8351758673878309,
      "test_Precision_std": 0.04009106398315212,
      "test_ROC_AUC_mean": 0.9601169405815423,
      "test_ROC_AUC_std": 0.002987603677619027,
      "test_Sensitivity_mean": 0.8495238095237994,
      "test_Sensitivity_std": 0.02188002998105467,
      "test_Specificity_mean": 0.9576991150442449,
      "test_Specificity_std": 0.013611005642853773,
      "val_Precision_mean": 0.7961466150580943,
      "val_Precision_std": 0.045062903739985935,
      "val_Sensitivity_mean": 0.7916666666666573,
      "val_Sensitivity_std": 0.01738524515328288,
      "val_Specificity_mean": 0.9487315634218261,
      "val_Specificity_std": 0.015889801143582103,
      "val_score_mean": 0.7403982300884833,
      "val_score_std": 0.01258605610163202,
      "val_thr_mean": 0.316745539031302,
      "val_thr_std": 0.038771210017084244
    }
  ],
  "task_id": 480,
  "thr_grid_size": 600
}