{
  "feature_set": "c110_d110_errors",
  "model": "bbag",
  "n_bootstrap": 50,
  "param_hash": "e8e57d59ac26",
  "param_index": 18,
  "params": {
    "base_max_depth": 20,
    "base_max_features": "0.3",
    "base_min_samples_leaf": 2,
    "base_min_samples_split": 2,
    "bootstrap": true,
    "max_features": 0.5,
    "max_samples": 0.5,
    "n_estimators": 500,
    "replacement": false,
    "sampling_strategy": "auto"
  },
  "runtime_s": 73.47526431083679,
  "summary_preview": [
    {
      "criterion": "f1",
      "feature_set": "c110_d110_errors",
      "model": "bbag",
      "param_hash": "e8e57d59ac26",
      "param_index": 18,
      "test_Brier_mean": 0.07389752444897363,
      "test_Brier_std": 0.0027633566920225133,
      "test_LogLoss_mean": 0.2708769690787864,
      "test_LogLoss_std": 0.008418875209571172,
      "test_PR_AUC_mean": 0.8889268572334621,
      "test_PR_AUC_std": 0.008539009433305201,
      "test_Precision_mean": 0.8416118060727423,
      "test_Precision_std": 0.02241771802182035,
      "test_ROC_AUC_mean": 0.9619851805028796,
      "test_ROC_AUC_std": 0.003572862822656683,
      "test_Sensitivity_mean": 0.7638095238095147,
      "test_Sensitivity_std": 0.049311517027049945,
      "test_Specificity_mean": 0.9640117994100266,
      "test_Specificity_std": 0.0074196446951786624,
      "val_Precision_mean": 0.836944257964277,
      "val_Precision_std": 0.040293832280863216,
      "val_Sensitivity_mean": 0.7433333333333245,
      "val_Sensitivity_std": 0.03281563835426446,
      "val_Specificity_mean": 0.9632448377581092,
      "val_Specificity_std": 0.011620612706565238,
      "val_score_mean": 0.7858581661374834,
      "val_score_std": 0.009754207308447966,
      "val_thr_mean": 0.5522727592018444,
      "val_thr_std": 0.04956585355793052
    },
    {
      "criterion": "youden",
      "feature_set": "c110_d110_errors",
      "model": "bbag",
      "param_hash": "e8e57d59ac26",
      "param_index": 18,
      "test_Brier_mean": 0.07389752444897363,
      "test_Brier_std": 0.0027633566920225133,
      "test_LogLoss_mean": 0.2708769690787864,
      "test_LogLoss_std": 0.008418875209571172,
      "test_PR_AUC_mean": 0.8889268572334621,
      "test_PR_AUC_std": 0.008539009433305201,
      "test_Precision_mean": 0.7859069699237754,
      "test_Precision_std": 0.03692322767992842,
      "test_ROC_AUC_mean": 0.9619851805028796,
      "test_ROC_AUC_std": 0.003572862822656683,
      "test_Sensitivity_mean": 0.844047619047609,
      "test_Sensitivity_std": 0.028074105474862193,
      "test_Specificity_mean": 0.9422418879056019,
      "test_Specificity_std": 0.013850017677622449,
      "val_Precision_mean": 0.7458850333971512,
      "val_Precision_std": 0.03708302408948084,
      "val_Sensitivity_mean": 0.7921428571428477,
      "val_Sensitivity_std": 0.016171672039017745,
      "val_Specificity_mean": 0.9323303834808232,
      "val_Specificity_std": 0.01396900714746373,
      "val_score_mean": 0.7244732406236709,
      "val_score_std": 0.012382598192452954,
      "val_thr_mean": 0.46204726878130226,
      "val_thr_std": 0.02875081206391378
    }
  ],
  "task_id": 378,
  "thr_grid_size": 600
}