{
  "feature_set": "c110_d110_errors",
  "model": "rf",
  "n_bootstrap": 50,
  "param_hash": "557f79c76653",
  "param_index": 23,
  "params": {
    "bootstrap": true,
    "class_weight": "balanced",
    "max_depth": 20,
    "max_features": "0.5",
    "min_samples_leaf": 4,
    "min_samples_split": 4,
    "n_estimators": 800
  },
  "runtime_s": 1231.7379403114319,
  "summary_preview": [
    {
      "criterion": "f1",
      "feature_set": "c110_d110_errors",
      "model": "rf",
      "param_hash": "557f79c76653",
      "param_index": 23,
      "test_Brier_mean": 0.04990052823281646,
      "test_Brier_std": 0.002099819571941412,
      "test_LogLoss_mean": 0.19105477135516113,
      "test_LogLoss_std": 0.006938128981704662,
      "test_PR_AUC_mean": 0.8972439669174045,
      "test_PR_AUC_std": 0.005996819135265295,
      "test_Precision_mean": 0.8857941842319467,
      "test_Precision_std": 0.025498425667818455,
      "test_ROC_AUC_mean": 0.9593538418317179,
      "test_ROC_AUC_std": 0.0035724950101837035,
      "test_Sensitivity_mean": 0.8099999999999905,
      "test_Sensitivity_std": 0.034683872106673216,
      "test_Specificity_mean": 0.9737463126843628,
      "test_Specificity_std": 0.007473302929190105,
      "val_Precision_mean": 0.9022749468254658,
      "val_Precision_std": 0.029165585647458865,
      "val_Sensitivity_mean": 0.7542857142857053,
      "val_Sensitivity_std": 0.0235358420299401,
      "val_Specificity_mean": 0.9794100294985221,
      "val_Specificity_std": 0.007188426417521067,
      "val_score_mean": 0.8210037846016925,
      "val_score_std": 0.011321010235740961,
      "val_thr_mean": 0.4704007843758683,
      "val_thr_std": 0.06508932666839565
    },
    {
      "criterion": "youden",
      "feature_set": "c110_d110_errors",
      "model": "rf",
      "param_hash": "557f79c76653",
      "param_index": 23,
      "test_Brier_mean": 0.04990052823281646,
      "test_Brier_std": 0.002099819571941412,
      "test_LogLoss_mean": 0.19105477135516113,
      "test_LogLoss_std": 0.006938128981704662,
      "test_PR_AUC_mean": 0.8972439669174045,
      "test_PR_AUC_std": 0.005996819135265295,
      "test_Precision_mean": 0.82066178137437,
      "test_Precision_std": 0.03221349046310868,
      "test_ROC_AUC_mean": 0.9593538418317179,
      "test_ROC_AUC_std": 0.0035724950101837035,
      "test_Sensitivity_mean": 0.8640476190476087,
      "test_Sensitivity_std": 0.026466213486090944,
      "test_Specificity_mean": 0.9526253687315606,
      "test_Specificity_std": 0.011282551350790312,
      "val_Precision_mean": 0.8161820166441003,
      "val_Precision_std": 0.046645731520258873,
      "val_Sensitivity_mean": 0.7949999999999906,
      "val_Sensitivity_std": 0.015824553489051704,
      "val_Specificity_mean": 0.9546902654867228,
      "val_Specificity_std": 0.01447287850563212,
      "val_score_mean": 0.7496902654867134,
      "val_score_std": 0.012492636396330527,
      "val_thr_mean": 0.33870151924984276,
      "val_thr_std": 0.055946073046818826
    }
  ],
  "task_id": 311,
  "thr_grid_size": 600
}