{
  "feature_set": "c110_snr",
  "model": "bbag",
  "n_bootstrap": 50,
  "param_hash": "19a109e32ad1",
  "param_index": 21,
  "params": {
    "base_max_depth": 10,
    "base_max_features": "0.5",
    "base_min_samples_leaf": 4,
    "base_min_samples_split": 4,
    "bootstrap": true,
    "max_features": 0.9,
    "max_samples": 0.9,
    "n_estimators": 1200,
    "replacement": true,
    "sampling_strategy": "auto"
  },
  "runtime_s": 159.73907160758972,
  "summary_preview": [
    {
      "criterion": "f1",
      "feature_set": "c110_snr",
      "model": "bbag",
      "param_hash": "19a109e32ad1",
      "param_index": 21,
      "test_Brier_mean": 0.0700499028496511,
      "test_Brier_std": 0.003103008395651117,
      "test_LogLoss_mean": 0.2656861810624752,
      "test_LogLoss_std": 0.008676110645321825,
      "test_PR_AUC_mean": 0.8913229480802989,
      "test_PR_AUC_std": 0.007956179840738485,
      "test_Precision_mean": 0.8541166085176293,
      "test_Precision_std": 0.018720047105731958,
      "test_ROC_AUC_mean": 0.9613730861075994,
      "test_ROC_AUC_std": 0.0038050657726151223,
      "test_Sensitivity_mean": 0.7864285714285622,
      "test_Sensitivity_std": 0.03903496559540725,
      "test_Specificity_mean": 0.9664306784660738,
      "test_Specificity_std": 0.006660105250220516,
      "val_Precision_mean": 0.8335149590662205,
      "val_Precision_std": 0.03290875166022735,
      "val_Sensitivity_mean": 0.7654761904761814,
      "val_Sensitivity_std": 0.025023705730547602,
      "val_Specificity_mean": 0.9615339233038318,
      "val_Specificity_std": 0.01011307765506061,
      "val_score_mean": 0.7971346228462611,
      "val_score_std": 0.008988082798197313,
      "val_thr_mean": 0.5174127209770077,
      "val_thr_std": 0.048778973734002494
    },
    {
      "criterion": "youden",
      "feature_set": "c110_snr",
      "model": "bbag",
      "param_hash": "19a109e32ad1",
      "param_index": 21,
      "test_Brier_mean": 0.0700499028496511,
      "test_Brier_std": 0.003103008395651117,
      "test_LogLoss_mean": 0.2656861810624752,
      "test_LogLoss_std": 0.008676110645321825,
      "test_PR_AUC_mean": 0.8913229480802989,
      "test_PR_AUC_std": 0.007956179840738485,
      "test_Precision_mean": 0.7997533062305193,
      "test_Precision_std": 0.03512410105073314,
      "test_ROC_AUC_mean": 0.9613730861075994,
      "test_ROC_AUC_std": 0.0038050657726151223,
      "test_Sensitivity_mean": 0.8692857142857039,
      "test_Sensitivity_std": 0.02493570797349398,
      "test_Specificity_mean": 0.9453687315634189,
      "test_Specificity_std": 0.013235684434598978,
      "val_Precision_mean": 0.7534466692190398,
      "val_Precision_std": 0.03054670359935987,
      "val_Sensitivity_mean": 0.8164285714285617,
      "val_Sensitivity_std": 0.014647587074921243,
      "val_Specificity_mean": 0.933274336283183,
      "val_Specificity_std": 0.01164625789098449,
      "val_score_mean": 0.7497029077117447,
      "val_score_std": 0.013076261197822441,
      "val_thr_mean": 0.41400240561630963,
      "val_thr_std": 0.027915634078237467
    }
  ],
  "task_id": 477,
  "thr_grid_size": 600
}