{
  "feature_set": "c110_d110_snr",
  "model": "rf",
  "n_bootstrap": 50,
  "param_hash": "2afd1857be47",
  "param_index": 12,
  "params": {
    "bootstrap": true,
    "class_weight": null,
    "max_depth": 20,
    "max_features": "0.3",
    "min_samples_leaf": 4,
    "min_samples_split": 4,
    "n_estimators": 2500
  },
  "runtime_s": 3641.3660428524017,
  "summary_preview": [
    {
      "criterion": "f1",
      "feature_set": "c110_d110_snr",
      "model": "rf",
      "param_hash": "2afd1857be47",
      "param_index": 12,
      "test_Brier_mean": 0.052412965095144246,
      "test_Brier_std": 0.0025244075435879006,
      "test_LogLoss_mean": 0.19437615835420705,
      "test_LogLoss_std": 0.008234858748586414,
      "test_PR_AUC_mean": 0.886992778274182,
      "test_PR_AUC_std": 0.009819531797897978,
      "test_Precision_mean": 0.9109150514601496,
      "test_Precision_std": 0.024474119377754868,
      "test_ROC_AUC_mean": 0.9534021632251721,
      "test_ROC_AUC_std": 0.005138489727429392,
      "test_Sensitivity_mean": 0.7695238095238004,
      "test_Sensitivity_std": 0.04051475896415763,
      "test_Specificity_mean": 0.9810029498525045,
      "test_Specificity_std": 0.006851209922596388,
      "val_Precision_mean": 0.9122099847448816,
      "val_Precision_std": 0.03055759630858635,
      "val_Sensitivity_mean": 0.7330952380952295,
      "val_Sensitivity_std": 0.024420015854325298,
      "val_Specificity_mean": 0.9821238938053068,
      "val_Specificity_std": 0.0075480189012302286,
      "val_score_mean": 0.8121322561242237,
      "val_score_std": 0.01026043449674769,
      "val_thr_mean": 0.4764703154307864,
      "val_thr_std": 0.07703259109076602
    },
    {
      "criterion": "youden",
      "feature_set": "c110_d110_snr",
      "model": "rf",
      "param_hash": "2afd1857be47",
      "param_index": 12,
      "test_Brier_mean": 0.052412965095144246,
      "test_Brier_std": 0.0025244075435879006,
      "test_LogLoss_mean": 0.19437615835420705,
      "test_LogLoss_std": 0.008234858748586414,
      "test_PR_AUC_mean": 0.886992778274182,
      "test_PR_AUC_std": 0.009819531797897978,
      "test_Precision_mean": 0.8316083747064509,
      "test_Precision_std": 0.05907935570347646,
      "test_ROC_AUC_mean": 0.9534021632251721,
      "test_ROC_AUC_std": 0.005138489727429392,
      "test_Sensitivity_mean": 0.8369047619047519,
      "test_Sensitivity_std": 0.037971281567629016,
      "test_Specificity_mean": 0.9561651917404101,
      "test_Specificity_std": 0.02018370368553714,
      "val_Precision_mean": 0.8024718938809502,
      "val_Precision_std": 0.06819097092328372,
      "val_Sensitivity_mean": 0.7869047619047526,
      "val_Sensitivity_std": 0.03063585635144834,
      "val_Specificity_mean": 0.9496165191740384,
      "val_Specificity_std": 0.022621694755099023,
      "val_score_mean": 0.7365212810787911,
      "val_score_std": 0.016337555012808005,
      "val_thr_mean": 0.31392781392322355,
      "val_thr_std": 0.08296624696638581
    }
  ],
  "task_id": 492,
  "thr_grid_size": 600
}