{
  "feature_set": "c110_errors",
  "model": "rf",
  "n_bootstrap": 50,
  "param_hash": "3bf84fe8cddf",
  "param_index": 13,
  "params": {
    "bootstrap": true,
    "class_weight": "balanced",
    "max_depth": 20,
    "max_features": "0.2",
    "min_samples_leaf": 4,
    "min_samples_split": 2,
    "n_estimators": 2500
  },
  "runtime_s": 1101.72110247612,
  "summary_preview": [
    {
      "criterion": "f1",
      "feature_set": "c110_errors",
      "model": "rf",
      "param_hash": "3bf84fe8cddf",
      "param_index": 13,
      "test_Brier_mean": 0.0517493589840804,
      "test_Brier_std": 0.0019789558767632936,
      "test_LogLoss_mean": 0.19432191511390054,
      "test_LogLoss_std": 0.005247121252249454,
      "test_PR_AUC_mean": 0.9126254456128261,
      "test_PR_AUC_std": 0.00612955917484088,
      "test_Precision_mean": 0.8930901255870315,
      "test_Precision_std": 0.027810343268344175,
      "test_ROC_AUC_mean": 0.9669897457508076,
      "test_ROC_AUC_std": 0.00254230264925705,
      "test_Sensitivity_mean": 0.7759523809523717,
      "test_Sensitivity_std": 0.04555093608522769,
      "test_Specificity_mean": 0.9765191740412951,
      "test_Specificity_std": 0.008448353366130068,
      "val_Precision_mean": 0.9073181672204157,
      "val_Precision_std": 0.04065013211815756,
      "val_Sensitivity_mean": 0.7497619047618959,
      "val_Sensitivity_std": 0.02809882041367395,
      "val_Specificity_mean": 0.980353982300882,
      "val_Specificity_std": 0.010263846634421292,
      "val_score_mean": 0.8198764413804923,
      "val_score_std": 0.013059667880067382,
      "val_thr_mean": 0.47773532846893346,
      "val_thr_std": 0.06075912682006752
    },
    {
      "criterion": "youden",
      "feature_set": "c110_errors",
      "model": "rf",
      "param_hash": "3bf84fe8cddf",
      "param_index": 13,
      "test_Brier_mean": 0.0517493589840804,
      "test_Brier_std": 0.0019789558767632936,
      "test_LogLoss_mean": 0.19432191511390054,
      "test_LogLoss_std": 0.005247121252249454,
      "test_PR_AUC_mean": 0.9126254456128261,
      "test_PR_AUC_std": 0.00612955917484088,
      "test_Precision_mean": 0.8209068708903358,
      "test_Precision_std": 0.046931380863258924,
      "test_ROC_AUC_mean": 0.9669897457508076,
      "test_ROC_AUC_std": 0.00254230264925705,
      "test_Sensitivity_mean": 0.8728571428571326,
      "test_Sensitivity_std": 0.03562833843584582,
      "test_Specificity_mean": 0.9515044247787582,
      "test_Specificity_std": 0.01682635350838765,
      "val_Precision_mean": 0.8021150010186656,
      "val_Precision_std": 0.05589273381100024,
      "val_Sensitivity_mean": 0.8040476190476096,
      "val_Sensitivity_std": 0.01881693399445385,
      "val_Specificity_mean": 0.9493805309734484,
      "val_Specificity_std": 0.018187627488571594,
      "val_score_mean": 0.7534281500210579,
      "val_score_std": 0.01306712085079922,
      "val_thr_mean": 0.33003400604586086,
      "val_thr_std": 0.05663321182800033
    }
  ],
  "task_id": 205,
  "thr_grid_size": 600
}