{
  "feature_set": "c110",
  "model": "bbag",
  "n_bootstrap": 50,
  "param_hash": "3d57a6011f1e",
  "param_index": 5,
  "params": {
    "base_max_depth": null,
    "base_max_features": "sqrt",
    "base_min_samples_leaf": 2,
    "base_min_samples_split": 8,
    "bootstrap": true,
    "max_features": 0.7,
    "max_samples": 0.5,
    "n_estimators": 1200,
    "replacement": true,
    "sampling_strategy": "auto"
  },
  "runtime_s": 92.73917722702026,
  "summary_preview": [
    {
      "criterion": "f1",
      "feature_set": "c110",
      "model": "bbag",
      "param_hash": "3d57a6011f1e",
      "param_index": 5,
      "test_Brier_mean": 0.10177377550736676,
      "test_Brier_std": 0.0026124884324242184,
      "test_LogLoss_mean": 0.3541448611256385,
      "test_LogLoss_std": 0.006790689582461968,
      "test_PR_AUC_mean": 0.8291259062789683,
      "test_PR_AUC_std": 0.009609553764271703,
      "test_Precision_mean": 0.7788981281095156,
      "test_Precision_std": 0.04822521166034225,
      "test_ROC_AUC_mean": 0.9321765697429414,
      "test_ROC_AUC_std": 0.004940012666560454,
      "test_Sensitivity_mean": 0.7314285714285628,
      "test_Sensitivity_std": 0.045770737738786815,
      "test_Specificity_mean": 0.9468436578171062,
      "test_Specificity_std": 0.01977016572701099,
      "val_Precision_mean": 0.7292339074173242,
      "val_Precision_std": 0.04151093440151718,
      "val_Sensitivity_mean": 0.7104761904761822,
      "val_Sensitivity_std": 0.03836457267916559,
      "val_Specificity_mean": 0.933274336283183,
      "val_Specificity_std": 0.017302255078915117,
      "val_score_mean": 0.7178105805743649,
      "val_score_std": 0.013603008855997181,
      "val_thr_mean": 0.5178650466442004,
      "val_thr_std": 0.029980415708646
    },
    {
      "criterion": "youden",
      "feature_set": "c110",
      "model": "bbag",
      "param_hash": "3d57a6011f1e",
      "param_index": 5,
      "test_Brier_mean": 0.10177377550736676,
      "test_Brier_std": 0.0026124884324242184,
      "test_LogLoss_mean": 0.3541448611256385,
      "test_LogLoss_std": 0.006790689582461968,
      "test_PR_AUC_mean": 0.8291259062789683,
      "test_PR_AUC_std": 0.009609553764271703,
      "test_Precision_mean": 0.6375266061958986,
      "test_Precision_std": 0.04743217753451949,
      "test_ROC_AUC_mean": 0.9321765697429414,
      "test_ROC_AUC_std": 0.004940012666560454,
      "test_Sensitivity_mean": 0.8230952380952283,
      "test_Sensitivity_std": 0.030518564140281652,
      "test_Specificity_mean": 0.8817109144542746,
      "test_Specificity_std": 0.02644646846815497,
      "val_Precision_mean": 0.6284262776970163,
      "val_Precision_std": 0.02731048159033386,
      "val_Sensitivity_mean": 0.7909523809523715,
      "val_Sensitivity_std": 0.024897401577339984,
      "val_Specificity_mean": 0.8833038348082569,
      "val_Specificity_std": 0.015724317073771667,
      "val_score_mean": 0.6742562157606286,
      "val_score_std": 0.01792996672662547,
      "val_thr_mean": 0.43809967288217627,
      "val_thr_std": 0.024351801261539328
    }
  ],
  "task_id": 77,
  "thr_grid_size": 600
}