{
  "feature_set": "c110_d110_errors_snr",
  "model": "brf",
  "n_bootstrap": 50,
  "param_hash": "247506bd6d6b",
  "param_index": 0,
  "params": {
    "max_depth": 30,
    "max_features": "0.3",
    "min_samples_leaf": 1,
    "min_samples_split": 4,
    "n_estimators": 4000,
    "replacement": false,
    "sampling_strategy": "auto"
  },
  "runtime_s": 3118.067230463028,
  "summary_preview": [
    {
      "criterion": "f1",
      "feature_set": "c110_d110_errors_snr",
      "model": "brf",
      "param_hash": "247506bd6d6b",
      "param_index": 0,
      "test_Brier_mean": 0.06231575477516746,
      "test_Brier_std": 0.002981087496486973,
      "test_LogLoss_mean": 0.2383051144176526,
      "test_LogLoss_std": 0.009293814203838539,
      "test_PR_AUC_mean": 0.8856956198957359,
      "test_PR_AUC_std": 0.008794207909898256,
      "test_Precision_mean": 0.8832490014821173,
      "test_Precision_std": 0.027085516130136385,
      "test_ROC_AUC_mean": 0.9568735075151004,
      "test_ROC_AUC_std": 0.003989146005380266,
      "test_Sensitivity_mean": 0.8030952380952285,
      "test_Sensitivity_std": 0.0376622932349267,
      "test_Specificity_mean": 0.9733333333333305,
      "test_Specificity_std": 0.007584398500036483,
      "val_Precision_mean": 0.8934515110176986,
      "val_Precision_std": 0.03121231855179641,
      "val_Sensitivity_mean": 0.7654761904761814,
      "val_Sensitivity_std": 0.02559509684233372,
      "val_Specificity_mean": 0.9769911504424749,
      "val_Specificity_std": 0.008149633209360997,
      "val_score_mean": 0.8238053613297842,
      "val_score_std": 0.014786824655335682,
      "val_thr_mean": 0.6077427072899277,
      "val_thr_std": 0.05867368462577555
    },
    {
      "criterion": "youden",
      "feature_set": "c110_d110_errors_snr",
      "model": "brf",
      "param_hash": "247506bd6d6b",
      "param_index": 0,
      "test_Brier_mean": 0.06231575477516746,
      "test_Brier_std": 0.002981087496486973,
      "test_LogLoss_mean": 0.2383051144176526,
      "test_LogLoss_std": 0.009293814203838539,
      "test_PR_AUC_mean": 0.8856956198957359,
      "test_PR_AUC_std": 0.008794207909898256,
      "test_Precision_mean": 0.8220597768888616,
      "test_Precision_std": 0.05694052347835471,
      "test_ROC_AUC_mean": 0.9568735075151004,
      "test_ROC_AUC_std": 0.003989146005380266,
      "test_Sensitivity_mean": 0.8499999999999899,
      "test_Sensitivity_std": 0.028961541438649967,
      "test_Specificity_mean": 0.9526843657817081,
      "test_Specificity_std": 0.019944287021911443,
      "val_Precision_mean": 0.8282215464633041,
      "val_Precision_std": 0.06559851039545667,
      "val_Sensitivity_mean": 0.7980952380952285,
      "val_Sensitivity_std": 0.021236042556173878,
      "val_Specificity_mean": 0.956991150442475,
      "val_Specificity_std": 0.021205550383175377,
      "val_score_mean": 0.7550863885377036,
      "val_score_std": 0.010264504262969392,
      "val_thr_mean": 0.5094924888703396,
      "val_thr_std": 0.07266877383097568
    }
  ],
  "task_id": 624,
  "thr_grid_size": 600
}