{
  "feature_set": "c110",
  "model": "brf",
  "n_bootstrap": 50,
  "param_hash": "65538c98d581",
  "param_index": 21,
  "params": {
    "max_depth": null,
    "max_features": "0.2",
    "min_samples_leaf": 4,
    "min_samples_split": 8,
    "n_estimators": 800,
    "replacement": false,
    "sampling_strategy": "auto"
  },
  "runtime_s": 269.1854269504547,
  "summary_preview": [
    {
      "criterion": "f1",
      "feature_set": "c110",
      "model": "brf",
      "param_hash": "65538c98d581",
      "param_index": 21,
      "test_Brier_mean": 0.06442900090830758,
      "test_Brier_std": 0.003109989204138065,
      "test_LogLoss_mean": 0.23923672292023374,
      "test_LogLoss_std": 0.00904531795765077,
      "test_PR_AUC_mean": 0.9057659459496145,
      "test_PR_AUC_std": 0.007904052482703577,
      "test_Precision_mean": 0.8918957861100797,
      "test_Precision_std": 0.029809433824480116,
      "test_ROC_AUC_mean": 0.9644156482652058,
      "test_ROC_AUC_std": 0.003596970296144828,
      "test_Sensitivity_mean": 0.7654761904761814,
      "test_Sensitivity_std": 0.04745172254525013,
      "test_Specificity_mean": 0.9764601769911475,
      "test_Specificity_std": 0.008889401204778468,
      "val_Precision_mean": 0.9079911272324226,
      "val_Precision_std": 0.042862350600377554,
      "val_Sensitivity_mean": 0.743809523809515,
      "val_Sensitivity_std": 0.031381122706586814,
      "val_Specificity_mean": 0.9805309734513245,
      "val_Specificity_std": 0.010809739012541623,
      "val_score_mean": 0.8162878756800872,
      "val_score_std": 0.011452505431903875,
      "val_thr_mean": 0.6325037390359595,
      "val_thr_std": 0.06926094594976503
    },
    {
      "criterion": "youden",
      "feature_set": "c110",
      "model": "brf",
      "param_hash": "65538c98d581",
      "param_index": 21,
      "test_Brier_mean": 0.06442900090830758,
      "test_Brier_std": 0.003109989204138065,
      "test_LogLoss_mean": 0.23923672292023374,
      "test_LogLoss_std": 0.00904531795765077,
      "test_PR_AUC_mean": 0.9057659459496145,
      "test_PR_AUC_std": 0.007904052482703577,
      "test_Precision_mean": 0.7943271440585835,
      "test_Precision_std": 0.045671133516536816,
      "test_ROC_AUC_mean": 0.9644156482652058,
      "test_ROC_AUC_std": 0.003596970296144828,
      "test_Sensitivity_mean": 0.8695238095237993,
      "test_Sensitivity_std": 0.03567052712846597,
      "test_Specificity_mean": 0.9428908554572243,
      "test_Specificity_std": 0.017525283658419957,
      "val_Precision_mean": 0.785949039875013,
      "val_Precision_std": 0.0405819064332268,
      "val_Sensitivity_mean": 0.8095238095238,
      "val_Sensitivity_std": 0.01700680272108827,
      "val_Specificity_mean": 0.9444837758112066,
      "val_Specificity_std": 0.014348786178643555,
      "val_score_mean": 0.7540075853350064,
      "val_score_std": 0.009975568243920157,
      "val_thr_mean": 0.45583845310968024,
      "val_thr_std": 0.0576931084111677
    }
  ],
  "task_id": 69,
  "thr_grid_size": 600
}