{
  "feature_set": "c110_snr",
  "model": "brf",
  "n_bootstrap": 50,
  "param_hash": "bf0c4fdf0ae8",
  "param_index": 19,
  "params": {
    "max_depth": null,
    "max_features": "0.2",
    "min_samples_leaf": 2,
    "min_samples_split": 8,
    "n_estimators": 2500,
    "replacement": false,
    "sampling_strategy": "auto"
  },
  "runtime_s": 896.190868139267,
  "summary_preview": [
    {
      "criterion": "f1",
      "feature_set": "c110_snr",
      "model": "brf",
      "param_hash": "bf0c4fdf0ae8",
      "param_index": 19,
      "test_Brier_mean": 0.06524256360639152,
      "test_Brier_std": 0.003121651157060425,
      "test_LogLoss_mean": 0.24558136136499387,
      "test_LogLoss_std": 0.009628706857530362,
      "test_PR_AUC_mean": 0.8942107917388552,
      "test_PR_AUC_std": 0.008817624313871866,
      "test_Precision_mean": 0.8827914830432216,
      "test_Precision_std": 0.03899295804111763,
      "test_ROC_AUC_mean": 0.9607599381935665,
      "test_ROC_AUC_std": 0.0033762954001364458,
      "test_Sensitivity_mean": 0.7647619047618958,
      "test_Sensitivity_std": 0.04431961042267757,
      "test_Specificity_mean": 0.9739823008849529,
      "test_Specificity_std": 0.011959215233124453,
      "val_Precision_mean": 0.8937473315568039,
      "val_Precision_std": 0.05082539329708006,
      "val_Sensitivity_mean": 0.7497619047618959,
      "val_Sensitivity_std": 0.03249056078817961,
      "val_Specificity_mean": 0.9768141592920324,
      "val_Specificity_std": 0.013219171120713377,
      "val_score_mean": 0.8136237869130626,
      "val_score_std": 0.013097798585910146,
      "val_thr_mean": 0.5970726588759044,
      "val_thr_std": 0.0764537068431658
    },
    {
      "criterion": "youden",
      "feature_set": "c110_snr",
      "model": "brf",
      "param_hash": "bf0c4fdf0ae8",
      "param_index": 19,
      "test_Brier_mean": 0.06524256360639152,
      "test_Brier_std": 0.003121651157060425,
      "test_LogLoss_mean": 0.24558136136499387,
      "test_LogLoss_std": 0.009628706857530362,
      "test_PR_AUC_mean": 0.8942107917388552,
      "test_PR_AUC_std": 0.008817624313871866,
      "test_Precision_mean": 0.7876855342771334,
      "test_Precision_std": 0.049151567240466244,
      "test_ROC_AUC_mean": 0.9607599381935665,
      "test_ROC_AUC_std": 0.0033762954001364458,
      "test_Sensitivity_mean": 0.8649999999999898,
      "test_Sensitivity_std": 0.03753921854370702,
      "test_Specificity_mean": 0.9407079646017671,
      "test_Specificity_std": 0.0185443242525816,
      "val_Precision_mean": 0.7856770867048405,
      "val_Precision_std": 0.04560906773758961,
      "val_Sensitivity_mean": 0.8099999999999905,
      "val_Sensitivity_std": 0.017667440698259086,
      "val_Specificity_mean": 0.9441887905604692,
      "val_Specificity_std": 0.015493131452947005,
      "val_score_mean": 0.7541887905604595,
      "val_score_std": 0.010977487537952356,
      "val_thr_mean": 0.4337912195246044,
      "val_thr_std": 0.05257187667264759
    }
  ],
  "task_id": 451,
  "thr_grid_size": 600
}