{
  "feature_set": "c110_d110_errors",
  "model": "rf",
  "n_bootstrap": 50,
  "param_hash": "d009d1a232be",
  "param_index": 20,
  "params": {
    "bootstrap": true,
    "class_weight": "balanced",
    "max_depth": 30,
    "max_features": "sqrt",
    "min_samples_leaf": 2,
    "min_samples_split": 8,
    "n_estimators": 4000
  },
  "runtime_s": 981.8038222789764,
  "summary_preview": [
    {
      "criterion": "f1",
      "feature_set": "c110_d110_errors",
      "model": "rf",
      "param_hash": "d009d1a232be",
      "param_index": 20,
      "test_Brier_mean": 0.05393342341233416,
      "test_Brier_std": 0.0014179709674758355,
      "test_LogLoss_mean": 0.20091884599998175,
      "test_LogLoss_std": 0.004039127840609774,
      "test_PR_AUC_mean": 0.9130886874623916,
      "test_PR_AUC_std": 0.00479323308147025,
      "test_Precision_mean": 0.9104044290087799,
      "test_Precision_std": 0.02495900410081511,
      "test_ROC_AUC_mean": 0.9675698834105915,
      "test_ROC_AUC_std": 0.0020010284402490544,
      "test_Sensitivity_mean": 0.7678571428571338,
      "test_Sensitivity_std": 0.04236366907170411,
      "test_Specificity_mean": 0.9808849557522095,
      "test_Specificity_std": 0.006904913324319945,
      "val_Precision_mean": 0.909903002761867,
      "val_Precision_std": 0.03605197210246534,
      "val_Sensitivity_mean": 0.7423809523809436,
      "val_Sensitivity_std": 0.023412629781432392,
      "val_Specificity_mean": 0.9812389380530944,
      "val_Specificity_std": 0.009053104318567944,
      "val_score_mean": 0.8167048525631864,
      "val_score_std": 0.007283454987341573,
      "val_thr_mean": 0.4631511469884834,
      "val_thr_std": 0.05652098565655497
    },
    {
      "criterion": "youden",
      "feature_set": "c110_d110_errors",
      "model": "rf",
      "param_hash": "d009d1a232be",
      "param_index": 20,
      "test_Brier_mean": 0.05393342341233416,
      "test_Brier_std": 0.0014179709674758355,
      "test_LogLoss_mean": 0.20091884599998175,
      "test_LogLoss_std": 0.004039127840609774,
      "test_PR_AUC_mean": 0.9130886874623916,
      "test_PR_AUC_std": 0.00479323308147025,
      "test_Precision_mean": 0.8383921599845766,
      "test_Precision_std": 0.02865845358377125,
      "test_ROC_AUC_mean": 0.9675698834105915,
      "test_ROC_AUC_std": 0.0020010284402490544,
      "test_Sensitivity_mean": 0.8626190476190374,
      "test_Sensitivity_std": 0.02524923200752381,
      "test_Specificity_mean": 0.9583480825958673,
      "test_Specificity_std": 0.009639828995150543,
      "val_Precision_mean": 0.8103849394697581,
      "val_Precision_std": 0.029187484162359383,
      "val_Sensitivity_mean": 0.795476190476181,
      "val_Sensitivity_std": 0.009825752942621871,
      "val_Specificity_mean": 0.9535103244837729,
      "val_Specificity_std": 0.009185523612582703,
      "val_score_mean": 0.7489865149599539,
      "val_score_std": 0.008581764900545592,
      "val_thr_mean": 0.33038227298009026,
      "val_thr_std": 0.030350916673529862
    }
  ],
  "task_id": 308,
  "thr_grid_size": 600
}