{
  "feature_set": "c110",
  "model": "bbag",
  "n_bootstrap": 50,
  "param_hash": "0c81cf660cb8",
  "param_index": 10,
  "params": {
    "base_max_depth": 20,
    "base_max_features": "0.5",
    "base_min_samples_leaf": 2,
    "base_min_samples_split": 8,
    "bootstrap": true,
    "max_features": 0.7,
    "max_samples": 0.9,
    "n_estimators": 500,
    "replacement": false,
    "sampling_strategy": "auto"
  },
  "runtime_s": 59.996262311935425,
  "summary_preview": [
    {
      "criterion": "f1",
      "feature_set": "c110",
      "model": "bbag",
      "param_hash": "0c81cf660cb8",
      "param_index": 10,
      "test_Brier_mean": 0.06515158080197109,
      "test_Brier_std": 0.002180575417943535,
      "test_LogLoss_mean": 0.246685126669716,
      "test_LogLoss_std": 0.006591447044397605,
      "test_PR_AUC_mean": 0.900199893592973,
      "test_PR_AUC_std": 0.005369658915395594,
      "test_Precision_mean": 0.8726699720557086,
      "test_Precision_std": 0.02036269252607167,
      "test_ROC_AUC_mean": 0.9631482652057873,
      "test_ROC_AUC_std": 0.002915333732595666,
      "test_Sensitivity_mean": 0.7840476190476098,
      "test_Sensitivity_std": 0.0308953275478349,
      "test_Specificity_mean": 0.9713864306784632,
      "test_Specificity_std": 0.006342147890135893,
      "val_Precision_mean": 0.86831108730105,
      "val_Precision_std": 0.026085376963001883,
      "val_Sensitivity_mean": 0.759999999999991,
      "val_Sensitivity_std": 0.02209052092670656,
      "val_Specificity_mean": 0.9710914454277257,
      "val_Specificity_std": 0.00734749084456917,
      "val_score_mean": 0.8099245334336672,
      "val_score_std": 0.006969029850283816,
      "val_thr_mean": 0.5523084953574764,
      "val_thr_std": 0.05003468418592641
    },
    {
      "criterion": "youden",
      "feature_set": "c110",
      "model": "bbag",
      "param_hash": "0c81cf660cb8",
      "param_index": 10,
      "test_Brier_mean": 0.06515158080197109,
      "test_Brier_std": 0.002180575417943535,
      "test_LogLoss_mean": 0.246685126669716,
      "test_LogLoss_std": 0.006591447044397605,
      "test_PR_AUC_mean": 0.900199893592973,
      "test_PR_AUC_std": 0.005369658915395594,
      "test_Precision_mean": 0.8108137976165272,
      "test_Precision_std": 0.030776646189436145,
      "test_ROC_AUC_mean": 0.9631482652057873,
      "test_ROC_AUC_std": 0.002915333732595666,
      "test_Sensitivity_mean": 0.8607142857142754,
      "test_Sensitivity_std": 0.020014629754999454,
      "test_Specificity_mean": 0.9497345132743333,
      "test_Specificity_std": 0.01092348070552273,
      "val_Precision_mean": 0.7792546261403716,
      "val_Precision_std": 0.03741716016223659,
      "val_Sensitivity_mean": 0.8095238095238,
      "val_Sensitivity_std": 0.014430750636460023,
      "val_Specificity_mean": 0.9424188790560443,
      "val_Specificity_std": 0.013566965635303041,
      "val_score_mean": 0.7519426885798443,
      "val_score_std": 0.009777721571367231,
      "val_thr_mean": 0.4288084731153532,
      "val_thr_std": 0.031188907418826527
    }
  ],
  "task_id": 82,
  "thr_grid_size": 600
}