{
  "feature_set": "c110",
  "model": "brf",
  "n_bootstrap": 50,
  "param_hash": "492e7573718e",
  "param_index": 15,
  "params": {
    "max_depth": null,
    "max_features": "0.2",
    "min_samples_leaf": 2,
    "min_samples_split": 2,
    "n_estimators": 4000,
    "replacement": false,
    "sampling_strategy": "auto"
  },
  "runtime_s": 1555.3805935382843,
  "summary_preview": [
    {
      "criterion": "f1",
      "feature_set": "c110",
      "model": "brf",
      "param_hash": "492e7573718e",
      "param_index": 15,
      "test_Brier_mean": 0.06430208132796776,
      "test_Brier_std": 0.003770420092786914,
      "test_LogLoss_mean": 0.23841848157910722,
      "test_LogLoss_std": 0.010297274382979116,
      "test_PR_AUC_mean": 0.9065525210858807,
      "test_PR_AUC_std": 0.010434377735615894,
      "test_Precision_mean": 0.8941216027631418,
      "test_Precision_std": 0.03416219235765031,
      "test_ROC_AUC_mean": 0.9639310296389942,
      "test_ROC_AUC_std": 0.0049989109806943014,
      "test_Sensitivity_mean": 0.7711904761904671,
      "test_Sensitivity_std": 0.0456524170343905,
      "test_Specificity_mean": 0.976755162241885,
      "test_Specificity_std": 0.009930206446895205,
      "val_Precision_mean": 0.9122891943650973,
      "val_Precision_std": 0.039215090872255706,
      "val_Sensitivity_mean": 0.7499999999999912,
      "val_Sensitivity_std": 0.03051761640293561,
      "val_Specificity_mean": 0.9814749262536844,
      "val_Specificity_std": 0.009883600650160302,
      "val_score_mean": 0.8219775456668357,
      "val_score_std": 0.01271437210688888,
      "val_thr_mean": 0.6199083613959775,
      "val_thr_std": 0.06135060883056579
    },
    {
      "criterion": "youden",
      "feature_set": "c110",
      "model": "brf",
      "param_hash": "492e7573718e",
      "param_index": 15,
      "test_Brier_mean": 0.06430208132796776,
      "test_Brier_std": 0.003770420092786914,
      "test_LogLoss_mean": 0.23841848157910722,
      "test_LogLoss_std": 0.010297274382979116,
      "test_PR_AUC_mean": 0.9065525210858807,
      "test_PR_AUC_std": 0.010434377735615894,
      "test_Precision_mean": 0.7974597145362182,
      "test_Precision_std": 0.04720431760246866,
      "test_ROC_AUC_mean": 0.9639310296389942,
      "test_ROC_AUC_std": 0.0049989109806943014,
      "test_Sensitivity_mean": 0.8709523809523706,
      "test_Sensitivity_std": 0.031940206295424045,
      "test_Specificity_mean": 0.9439528023598791,
      "test_Specificity_std": 0.017334145639446318,
      "val_Precision_mean": 0.7935874257058029,
      "val_Precision_std": 0.04770547795303437,
      "val_Sensitivity_mean": 0.8088095238095143,
      "val_Sensitivity_std": 0.019746941306493297,
      "val_Specificity_mean": 0.9467256637168113,
      "val_Specificity_std": 0.016095449735431266,
      "val_score_mean": 0.7555351875263255,
      "val_score_std": 0.012704533857420137,
      "val_thr_mean": 0.45655389162493054,
      "val_thr_std": 0.05121986863119025
    }
  ],
  "task_id": 63,
  "thr_grid_size": 600
}