{
  "feature_set": "c110_errors",
  "model": "bbag",
  "n_bootstrap": 50,
  "param_hash": "479020e468c4",
  "param_index": 12,
  "params": {
    "base_max_depth": null,
    "base_max_features": "0.3",
    "base_min_samples_leaf": 1,
    "base_min_samples_split": 8,
    "bootstrap": true,
    "max_features": 0.9,
    "max_samples": 0.7,
    "n_estimators": 800,
    "replacement": false,
    "sampling_strategy": "auto"
  },
  "runtime_s": 103.53312754631042,
  "summary_preview": [
    {
      "criterion": "f1",
      "feature_set": "c110_errors",
      "model": "bbag",
      "param_hash": "479020e468c4",
      "param_index": 12,
      "test_Brier_mean": 0.07063610384443407,
      "test_Brier_std": 0.002642824194067913,
      "test_LogLoss_mean": 0.26369198989677145,
      "test_LogLoss_std": 0.007822897395432843,
      "test_PR_AUC_mean": 0.8991363484398623,
      "test_PR_AUC_std": 0.005701538902031781,
      "test_Precision_mean": 0.8624428267274559,
      "test_Precision_std": 0.02005302339425801,
      "test_ROC_AUC_mean": 0.9659811771316197,
      "test_ROC_AUC_std": 0.0027753684272677883,
      "test_Sensitivity_mean": 0.7752380952380861,
      "test_Sensitivity_std": 0.030101560394336487,
      "test_Specificity_mean": 0.9691445427728584,
      "test_Specificity_std": 0.005995549211801985,
      "val_Precision_mean": 0.8585444861697736,
      "val_Precision_std": 0.030039657697795964,
      "val_Sensitivity_mean": 0.7521428571428482,
      "val_Sensitivity_std": 0.017458292723549235,
      "val_Specificity_mean": 0.9689085545722684,
      "val_Specificity_std": 0.008240860458780365,
      "val_score_mean": 0.8012605041337346,
      "val_score_std": 0.009669589056845288,
      "val_thr_mean": 0.5484022943993959,
      "val_thr_std": 0.03739240600148134
    },
    {
      "criterion": "youden",
      "feature_set": "c110_errors",
      "model": "bbag",
      "param_hash": "479020e468c4",
      "param_index": 12,
      "test_Brier_mean": 0.07063610384443407,
      "test_Brier_std": 0.002642824194067913,
      "test_LogLoss_mean": 0.26369198989677145,
      "test_LogLoss_std": 0.007822897395432843,
      "test_PR_AUC_mean": 0.8991363484398623,
      "test_PR_AUC_std": 0.005701538902031781,
      "test_Precision_mean": 0.8157226669596466,
      "test_Precision_std": 0.04182496207559745,
      "test_ROC_AUC_mean": 0.9659811771316197,
      "test_ROC_AUC_std": 0.0027753684272677883,
      "test_Sensitivity_mean": 0.8511904761904661,
      "test_Sensitivity_std": 0.04602846463511632,
      "test_Specificity_mean": 0.9510914454277257,
      "test_Specificity_std": 0.017139322259249565,
      "val_Precision_mean": 0.7771940110656861,
      "val_Precision_std": 0.05260665339685002,
      "val_Sensitivity_mean": 0.7916666666666573,
      "val_Sensitivity_std": 0.024201104542104696,
      "val_Specificity_mean": 0.9421238938053069,
      "val_Specificity_std": 0.019575183572408502,
      "val_score_mean": 0.7337905604719641,
      "val_score_std": 0.01039948485528663,
      "val_thr_mean": 0.46379265979012646,
      "val_thr_std": 0.05047002017451331
    }
  ],
  "task_id": 276,
  "thr_grid_size": 600
}