{
  "feature_set": "c110_d110_snr",
  "model": "brf",
  "n_bootstrap": 50,
  "param_hash": "247506bd6d6b",
  "param_index": 0,
  "params": {
    "max_depth": 30,
    "max_features": "0.3",
    "min_samples_leaf": 1,
    "min_samples_split": 4,
    "n_estimators": 4000,
    "replacement": false,
    "sampling_strategy": "auto"
  },
  "runtime_s": 2673.7565412521362,
  "summary_preview": [
    {
      "criterion": "f1",
      "feature_set": "c110_d110_snr",
      "model": "brf",
      "param_hash": "247506bd6d6b",
      "param_index": 0,
      "test_Brier_mean": 0.06297822552395259,
      "test_Brier_std": 0.0034462807259992966,
      "test_LogLoss_mean": 0.23994071104883338,
      "test_LogLoss_std": 0.010563413355637456,
      "test_PR_AUC_mean": 0.8823986386465493,
      "test_PR_AUC_std": 0.008784646923051516,
      "test_Precision_mean": 0.8837038475558274,
      "test_Precision_std": 0.02302977440013864,
      "test_ROC_AUC_mean": 0.9555358898721731,
      "test_ROC_AUC_std": 0.0040461006771274535,
      "test_Sensitivity_mean": 0.8061904761904667,
      "test_Sensitivity_std": 0.03341652813827211,
      "test_Specificity_mean": 0.9734513274336254,
      "test_Specificity_std": 0.006418687826265369,
      "val_Precision_mean": 0.8990163596223532,
      "val_Precision_std": 0.03072781395756159,
      "val_Sensitivity_mean": 0.7649999999999909,
      "val_Sensitivity_std": 0.026105303684624204,
      "val_Specificity_mean": 0.9783480825958673,
      "val_Specificity_std": 0.0075761990212767655,
      "val_score_mean": 0.825902983338297,
      "val_score_std": 0.015102401876771218,
      "val_thr_mean": 0.6080966666666668,
      "val_thr_std": 0.060861496600636555
    },
    {
      "criterion": "youden",
      "feature_set": "c110_d110_snr",
      "model": "brf",
      "param_hash": "247506bd6d6b",
      "param_index": 0,
      "test_Brier_mean": 0.06297822552395259,
      "test_Brier_std": 0.0034462807259992966,
      "test_LogLoss_mean": 0.23994071104883338,
      "test_LogLoss_std": 0.010563413355637456,
      "test_PR_AUC_mean": 0.8823986386465493,
      "test_PR_AUC_std": 0.008784646923051516,
      "test_Precision_mean": 0.8114806346600199,
      "test_Precision_std": 0.06943179377640976,
      "test_ROC_AUC_mean": 0.9555358898721731,
      "test_ROC_AUC_std": 0.0040461006771274535,
      "test_Sensitivity_mean": 0.8514285714285613,
      "test_Sensitivity_std": 0.032734450720365876,
      "test_Specificity_mean": 0.9483185840707936,
      "test_Specificity_std": 0.02555161562175871,
      "val_Precision_mean": 0.8192466080028297,
      "val_Precision_std": 0.07536755122474356,
      "val_Sensitivity_mean": 0.8042857142857048,
      "val_Sensitivity_std": 0.024780960000118077,
      "val_Specificity_mean": 0.9533333333333305,
      "val_Specificity_std": 0.024985520468081047,
      "val_score_mean": 0.7576190476190352,
      "val_score_std": 0.014162029230269624,
      "val_thr_mean": 0.4951044908180303,
      "val_thr_std": 0.08873979446487133
    }
  ],
  "task_id": 528,
  "thr_grid_size": 600
}