{
  "feature_set": "c110_d110_snr",
  "model": "rf",
  "n_bootstrap": 50,
  "param_hash": "d009d1a232be",
  "param_index": 20,
  "params": {
    "bootstrap": true,
    "class_weight": "balanced",
    "max_depth": 30,
    "max_features": "sqrt",
    "min_samples_leaf": 2,
    "min_samples_split": 8,
    "n_estimators": 4000
  },
  "runtime_s": 1112.2615270614624,
  "summary_preview": [
    {
      "criterion": "f1",
      "feature_set": "c110_d110_snr",
      "model": "rf",
      "param_hash": "d009d1a232be",
      "param_index": 20,
      "test_Brier_mean": 0.05608332978118809,
      "test_Brier_std": 0.0015031441535260258,
      "test_LogLoss_mean": 0.20796994620990955,
      "test_LogLoss_std": 0.00476779430685897,
      "test_PR_AUC_mean": 0.9010185462103893,
      "test_PR_AUC_std": 0.0053263440993487725,
      "test_Precision_mean": 0.8784796334162931,
      "test_Precision_std": 0.03382292922156812,
      "test_ROC_AUC_mean": 0.9623008849557522,
      "test_ROC_AUC_std": 0.00264782307723514,
      "test_Sensitivity_mean": 0.8007142857142762,
      "test_Sensitivity_std": 0.03869262534211882,
      "test_Specificity_mean": 0.9719174041297906,
      "test_Specificity_std": 0.009687607616014168,
      "val_Precision_mean": 0.8748801907083782,
      "val_Precision_std": 0.033572834545284945,
      "val_Sensitivity_mean": 0.7673809523809433,
      "val_Sensitivity_std": 0.02536352388264781,
      "val_Specificity_mean": 0.9722713864306755,
      "val_Specificity_std": 0.008879607039909565,
      "val_score_mean": 0.8166700837669132,
      "val_score_std": 0.007900869386969068,
      "val_thr_mean": 0.3900522778851513,
      "val_thr_std": 0.05816498274535253
    },
    {
      "criterion": "youden",
      "feature_set": "c110_d110_snr",
      "model": "rf",
      "param_hash": "d009d1a232be",
      "param_index": 20,
      "test_Brier_mean": 0.05608332978118809,
      "test_Brier_std": 0.0015031441535260258,
      "test_LogLoss_mean": 0.20796994620990955,
      "test_LogLoss_std": 0.00476779430685897,
      "test_PR_AUC_mean": 0.9010185462103893,
      "test_PR_AUC_std": 0.0053263440993487725,
      "test_Precision_mean": 0.8236551643911068,
      "test_Precision_std": 0.03490152646678511,
      "test_ROC_AUC_mean": 0.9623008849557522,
      "test_ROC_AUC_std": 0.00264782307723514,
      "test_Sensitivity_mean": 0.8588095238095137,
      "test_Sensitivity_std": 0.023810738550158955,
      "test_Specificity_mean": 0.9537463126843629,
      "test_Specificity_std": 0.012205404640458505,
      "val_Precision_mean": 0.811673499826296,
      "val_Precision_std": 0.03578992038247568,
      "val_Sensitivity_mean": 0.8002380952380858,
      "val_Sensitivity_std": 0.013236931103598531,
      "val_Specificity_mean": 0.953392330383478,
      "val_Specificity_std": 0.011693583586608988,
      "val_score_mean": 0.7536304256215637,
      "val_score_std": 0.009535843324656668,
      "val_thr_mean": 0.3081973235016038,
      "val_thr_std": 0.033798231972601935
    }
  ],
  "task_id": 500,
  "thr_grid_size": 600
}