{
  "feature_set": "c110_d110_errors",
  "model": "rf",
  "n_bootstrap": 50,
  "param_hash": "508de71c9f66",
  "param_index": 1,
  "params": {
    "bootstrap": true,
    "class_weight": null,
    "max_depth": 20,
    "max_features": "0.5",
    "min_samples_leaf": 1,
    "min_samples_split": 8,
    "n_estimators": 2500
  },
  "runtime_s": 6048.052673578262,
  "summary_preview": [
    {
      "criterion": "f1",
      "feature_set": "c110_d110_errors",
      "model": "rf",
      "param_hash": "508de71c9f66",
      "param_index": 1,
      "test_Brier_mean": 0.05370373497535217,
      "test_Brier_std": 0.002998019505092687,
      "test_LogLoss_mean": 0.19725966300403364,
      "test_LogLoss_std": 0.008670903693362219,
      "test_PR_AUC_mean": 0.8869953953565808,
      "test_PR_AUC_std": 0.010583013549067941,
      "test_Precision_mean": 0.9030621097739282,
      "test_Precision_std": 0.023918678442444163,
      "test_ROC_AUC_mean": 0.9539394577890152,
      "test_ROC_AUC_std": 0.004957620534770502,
      "test_Sensitivity_mean": 0.75904761904761,
      "test_Sensitivity_std": 0.04704218127787828,
      "test_Specificity_mean": 0.9795280235988172,
      "test_Specificity_std": 0.00634662641334566,
      "val_Precision_mean": 0.9009229258197793,
      "val_Precision_std": 0.03945425893389704,
      "val_Sensitivity_mean": 0.7304761904761818,
      "val_Sensitivity_std": 0.026210346733752707,
      "val_Specificity_mean": 0.9794690265486696,
      "val_Specificity_std": 0.009627293930918577,
      "val_score_mean": 0.8056924948778221,
      "val_score_std": 0.011147471228944682,
      "val_thr_mean": 0.5254876954260229,
      "val_thr_std": 0.06431387870728242
    },
    {
      "criterion": "youden",
      "feature_set": "c110_d110_errors",
      "model": "rf",
      "param_hash": "508de71c9f66",
      "param_index": 1,
      "test_Brier_mean": 0.05370373497535217,
      "test_Brier_std": 0.002998019505092687,
      "test_LogLoss_mean": 0.19725966300403364,
      "test_LogLoss_std": 0.008670903693362219,
      "test_PR_AUC_mean": 0.8869953953565808,
      "test_PR_AUC_std": 0.010583013549067941,
      "test_Precision_mean": 0.8387089755601346,
      "test_Precision_std": 0.06526646287238355,
      "test_ROC_AUC_mean": 0.9539394577890152,
      "test_ROC_AUC_std": 0.004957620534770502,
      "test_Sensitivity_mean": 0.8214285714285617,
      "test_Sensitivity_std": 0.043292251909379985,
      "test_Specificity_mean": 0.9585840707964572,
      "test_Specificity_std": 0.022810255135659117,
      "val_Precision_mean": 0.795998948057494,
      "val_Precision_std": 0.08534444501686486,
      "val_Sensitivity_mean": 0.7749999999999908,
      "val_Sensitivity_std": 0.03282356983948732,
      "val_Specificity_mean": 0.9468436578171062,
      "val_Specificity_std": 0.030733812714588533,
      "val_score_mean": 0.7218436578170971,
      "val_score_std": 0.0150365781155643,
      "val_thr_mean": 0.397913993686515,
      "val_thr_std": 0.09414503757354341
    }
  ],
  "task_id": 289,
  "thr_grid_size": 600
}