{
  "feature_set": "c110_d110",
  "model": "et",
  "n_bootstrap": 50,
  "param_hash": "65766ad22241",
  "param_index": 15,
  "params": {
    "bootstrap": true,
    "max_depth": 10,
    "max_features": "sqrt",
    "max_samples": 0.8,
    "min_samples_leaf": 1,
    "min_samples_split": 4,
    "n_estimators": 4000
  },
  "runtime_s": 1608.5123801231384,
  "summary_preview": [
    {
      "criterion": "f1",
      "feature_set": "c110_d110",
      "model": "et",
      "param_hash": "65766ad22241",
      "param_index": 15,
      "test_Brier_mean": 0.06563649749476597,
      "test_Brier_std": 0.0011750732461887298,
      "test_LogLoss_mean": 0.23266286705943512,
      "test_LogLoss_std": 0.003604467212942921,
      "test_PR_AUC_mean": 0.8807531079193113,
      "test_PR_AUC_std": 0.005773446543410564,
      "test_Precision_mean": 0.8370460839427913,
      "test_Precision_std": 0.027478354611731915,
      "test_ROC_AUC_mean": 0.954394577890153,
      "test_ROC_AUC_std": 0.0031061993941654204,
      "test_Sensitivity_mean": 0.7752380952380861,
      "test_Sensitivity_std": 0.046052964737449305,
      "test_Specificity_mean": 0.9620648967551594,
      "test_Specificity_std": 0.009174884267781023,
      "val_Precision_mean": 0.8051285885782166,
      "val_Precision_std": 0.04468626395044248,
      "val_Sensitivity_mean": 0.7445238095238007,
      "val_Sensitivity_std": 0.03712082898161678,
      "val_Specificity_mean": 0.9541002949852477,
      "val_Specificity_std": 0.014490046522638642,
      "val_score_mean": 0.7716193517955154,
      "val_score_std": 0.00790788370879277,
      "val_thr_mean": 0.3293209638739356,
      "val_thr_std": 0.04491333770447036
    },
    {
      "criterion": "youden",
      "feature_set": "c110_d110",
      "model": "et",
      "param_hash": "65766ad22241",
      "param_index": 15,
      "test_Brier_mean": 0.06563649749476597,
      "test_Brier_std": 0.0011750732461887298,
      "test_LogLoss_mean": 0.23266286705943512,
      "test_LogLoss_std": 0.003604467212942921,
      "test_PR_AUC_mean": 0.8807531079193113,
      "test_PR_AUC_std": 0.005773446543410564,
      "test_Precision_mean": 0.7834957098165541,
      "test_Precision_std": 0.0290917740754454,
      "test_ROC_AUC_mean": 0.954394577890153,
      "test_ROC_AUC_std": 0.0031061993941654204,
      "test_Sensitivity_mean": 0.8307142857142759,
      "test_Sensitivity_std": 0.01526638833517005,
      "test_Specificity_mean": 0.9426548672566344,
      "test_Specificity_std": 0.010529454824604384,
      "val_Precision_mean": 0.7264112178065945,
      "val_Precision_std": 0.02794603134041439,
      "val_Sensitivity_mean": 0.7945238095238001,
      "val_Sensitivity_std": 0.011735926189854372,
      "val_Specificity_mean": 0.9253687315634189,
      "val_Specificity_std": 0.010879334718437043,
      "val_score_mean": 0.7198925410872191,
      "val_score_std": 0.008360536657925063,
      "val_thr_mean": 0.26216008906865435,
      "val_thr_std": 0.023517843260878076
    }
  ],
  "task_id": 135,
  "thr_grid_size": 600
}