{
  "feature_set": "c110_d110",
  "model": "et",
  "n_bootstrap": 50,
  "param_hash": "15e6bdb0d4fc",
  "param_index": 9,
  "params": {
    "bootstrap": false,
    "max_depth": 30,
    "max_features": "sqrt",
    "max_samples": 1.0,
    "min_samples_leaf": 2,
    "min_samples_split": 2,
    "n_estimators": 4000
  },
  "runtime_s": 920.1859378814697,
  "summary_preview": [
    {
      "criterion": "f1",
      "feature_set": "c110_d110",
      "model": "et",
      "param_hash": "15e6bdb0d4fc",
      "param_index": 9,
      "test_Brier_mean": 0.05865785400526285,
      "test_Brier_std": 0.0012522183230241949,
      "test_LogLoss_mean": 0.21334649631809263,
      "test_LogLoss_std": 0.0034032830476340794,
      "test_PR_AUC_mean": 0.8997554661279552,
      "test_PR_AUC_std": 0.005014045664805875,
      "test_Precision_mean": 0.8820221184712186,
      "test_Precision_std": 0.02187421164328685,
      "test_ROC_AUC_mean": 0.9613056609074309,
      "test_ROC_AUC_std": 0.002796426446199351,
      "test_Sensitivity_mean": 0.8011904761904667,
      "test_Sensitivity_std": 0.043905886542263385,
      "test_Specificity_mean": 0.9731563421828879,
      "test_Specificity_std": 0.006453178605610423,
      "val_Precision_mean": 0.8580266025108118,
      "val_Precision_std": 0.03931073134919913,
      "val_Sensitivity_mean": 0.7554761904761815,
      "val_Sensitivity_std": 0.03044265191739673,
      "val_Specificity_mean": 0.9682595870206461,
      "val_Specificity_std": 0.010686814464747441,
      "val_score_mean": 0.8021505908503851,
      "val_score_std": 0.00946411039897499,
      "val_thr_mean": 0.3791234451065562,
      "val_thr_std": 0.047294424898530175
    },
    {
      "criterion": "youden",
      "feature_set": "c110_d110",
      "model": "et",
      "param_hash": "15e6bdb0d4fc",
      "param_index": 9,
      "test_Brier_mean": 0.05865785400526285,
      "test_Brier_std": 0.0012522183230241949,
      "test_LogLoss_mean": 0.21334649631809263,
      "test_LogLoss_std": 0.0034032830476340794,
      "test_PR_AUC_mean": 0.8997554661279552,
      "test_PR_AUC_std": 0.005014045664805875,
      "test_Precision_mean": 0.8379054195993112,
      "test_Precision_std": 0.04252010493826621,
      "test_ROC_AUC_mean": 0.9613056609074309,
      "test_ROC_AUC_std": 0.002796426446199351,
      "test_Sensitivity_mean": 0.8466666666666566,
      "test_Sensitivity_std": 0.01711530017062445,
      "test_Specificity_mean": 0.9585840707964572,
      "test_Specificity_std": 0.014102488753227765,
      "val_Precision_mean": 0.7871198619352701,
      "val_Precision_std": 0.04021124717919983,
      "val_Sensitivity_mean": 0.7930952380952287,
      "val_Sensitivity_std": 0.013149239306175118,
      "val_Specificity_mean": 0.9460176991150413,
      "val_Specificity_std": 0.014080939272316559,
      "val_score_mean": 0.73911293721027,
      "val_score_std": 0.007689806506247861,
      "val_thr_mean": 0.3108549545870101,
      "val_thr_std": 0.033435379162759744
    }
  ],
  "task_id": 129,
  "thr_grid_size": 600
}