{
  "feature_set": "c110_d110_errors",
  "model": "bbag",
  "n_bootstrap": 50,
  "param_hash": "d849b896aa5b",
  "param_index": 0,
  "params": {
    "base_max_depth": 20,
    "base_max_features": "sqrt",
    "base_min_samples_leaf": 4,
    "base_min_samples_split": 4,
    "bootstrap": true,
    "max_features": 0.5,
    "max_samples": 1.0,
    "n_estimators": 800,
    "replacement": false,
    "sampling_strategy": "auto"
  },
  "runtime_s": 123.17460536956787,
  "summary_preview": [
    {
      "criterion": "f1",
      "feature_set": "c110_d110_errors",
      "model": "bbag",
      "param_hash": "d849b896aa5b",
      "param_index": 0,
      "test_Brier_mean": 0.08955572050463377,
      "test_Brier_std": 0.0023507247113038867,
      "test_LogLoss_mean": 0.3170317941337007,
      "test_LogLoss_std": 0.006031238103137099,
      "test_PR_AUC_mean": 0.8369151335940309,
      "test_PR_AUC_std": 0.010490090668789984,
      "test_Precision_mean": 0.7792330496470334,
      "test_Precision_std": 0.04162959844245206,
      "test_ROC_AUC_mean": 0.9415894086248069,
      "test_ROC_AUC_std": 0.005599595273951509,
      "test_Sensitivity_mean": 0.7066666666666583,
      "test_Sensitivity_std": 0.05273535027637727,
      "test_Specificity_mean": 0.9489085545722685,
      "test_Specificity_std": 0.017369351885125492,
      "val_Precision_mean": 0.7665021016868064,
      "val_Precision_std": 0.05395442874757466,
      "val_Sensitivity_mean": 0.6895238095238014,
      "val_Sensitivity_std": 0.04321468394336804,
      "val_Specificity_mean": 0.945958702064894,
      "val_Specificity_std": 0.019571100787634355,
      "val_score_mean": 0.7230120015252101,
      "val_score_std": 0.010912392344529747,
      "val_thr_mean": 0.5115827840041299,
      "val_thr_std": 0.04761742821625025
    },
    {
      "criterion": "youden",
      "feature_set": "c110_d110_errors",
      "model": "bbag",
      "param_hash": "d849b896aa5b",
      "param_index": 0,
      "test_Brier_mean": 0.08955572050463377,
      "test_Brier_std": 0.0023507247113038867,
      "test_LogLoss_mean": 0.3170317941337007,
      "test_LogLoss_std": 0.006031238103137099,
      "test_PR_AUC_mean": 0.8369151335940309,
      "test_PR_AUC_std": 0.010490090668789984,
      "test_Precision_mean": 0.6558152618558463,
      "test_Precision_std": 0.04942447064216499,
      "test_ROC_AUC_mean": 0.9415894086248069,
      "test_ROC_AUC_std": 0.005599595273951509,
      "test_Sensitivity_mean": 0.8152380952380855,
      "test_Sensitivity_std": 0.03553078872707605,
      "test_Specificity_mean": 0.8917404129793484,
      "test_Specificity_std": 0.025896853877684825,
      "val_Precision_mean": 0.6319371002108868,
      "val_Precision_std": 0.039236112319964773,
      "val_Sensitivity_mean": 0.7849999999999906,
      "val_Sensitivity_std": 0.022357316469196736,
      "val_Specificity_mean": 0.8851327433628292,
      "val_Specificity_std": 0.02198931637325786,
      "val_score_mean": 0.6701327433628199,
      "val_score_std": 0.01329122296594699,
      "val_thr_mean": 0.40798391936046824,
      "val_thr_std": 0.02465241526331652
    }
  ],
  "task_id": 360,
  "thr_grid_size": 600
}