{
  "feature_set": "c110_d110_errors_snr",
  "model": "brf",
  "n_bootstrap": 50,
  "param_hash": "8a29145b4a25",
  "param_index": 23,
  "params": {
    "max_depth": 20,
    "max_features": "0.5",
    "min_samples_leaf": 2,
    "min_samples_split": 4,
    "n_estimators": 800,
    "replacement": false,
    "sampling_strategy": "auto"
  },
  "runtime_s": 910.6367428302765,
  "summary_preview": [
    {
      "criterion": "f1",
      "feature_set": "c110_d110_errors_snr",
      "model": "brf",
      "param_hash": "8a29145b4a25",
      "param_index": 23,
      "test_Brier_mean": 0.06253862336180506,
      "test_Brier_std": 0.003467347333494387,
      "test_LogLoss_mean": 0.2490610820269122,
      "test_LogLoss_std": 0.030309435992421623,
      "test_PR_AUC_mean": 0.8790562414156342,
      "test_PR_AUC_std": 0.0134244179117763,
      "test_Precision_mean": 0.8764117034467784,
      "test_Precision_std": 0.032449170049597756,
      "test_ROC_AUC_mean": 0.9535313948588285,
      "test_ROC_AUC_std": 0.004934235474589799,
      "test_Sensitivity_mean": 0.7959523809523715,
      "test_Sensitivity_std": 0.04512478777099808,
      "test_Specificity_mean": 0.9715634218289055,
      "test_Specificity_std": 0.010021350364350482,
      "val_Precision_mean": 0.8985128843327598,
      "val_Precision_std": 0.036897615622069134,
      "val_Sensitivity_mean": 0.7492857142857053,
      "val_Sensitivity_std": 0.03007945268809647,
      "val_Specificity_mean": 0.9784070796460148,
      "val_Specificity_std": 0.00983677404161241,
      "val_score_mean": 0.8159774698219295,
      "val_score_std": 0.012386962295055443,
      "val_thr_mean": 0.6227158659693082,
      "val_thr_std": 0.07410932498050164
    },
    {
      "criterion": "youden",
      "feature_set": "c110_d110_errors_snr",
      "model": "brf",
      "param_hash": "8a29145b4a25",
      "param_index": 23,
      "test_Brier_mean": 0.06253862336180506,
      "test_Brier_std": 0.003467347333494387,
      "test_LogLoss_mean": 0.2490610820269122,
      "test_LogLoss_std": 0.030309435992421623,
      "test_PR_AUC_mean": 0.8790562414156342,
      "test_PR_AUC_std": 0.0134244179117763,
      "test_Precision_mean": 0.7888463438970043,
      "test_Precision_std": 0.056558949279291684,
      "test_ROC_AUC_mean": 0.9535313948588285,
      "test_ROC_AUC_std": 0.004934235474589799,
      "test_Sensitivity_mean": 0.8580952380952279,
      "test_Sensitivity_std": 0.0344227097825159,
      "test_Specificity_mean": 0.9412389380530946,
      "test_Specificity_std": 0.021911893377953788,
      "val_Precision_mean": 0.7869162996800046,
      "val_Precision_std": 0.06962227101091456,
      "val_Sensitivity_mean": 0.801428571428562,
      "val_Sensitivity_std": 0.02628527766851897,
      "val_Specificity_mean": 0.9435988200589942,
      "val_Specificity_std": 0.02563072340981482,
      "val_score_mean": 0.745027391487556,
      "val_score_std": 0.017483799760263413,
      "val_thr_mean": 0.46836881017932186,
      "val_thr_std": 0.07449689199132742
    }
  ],
  "task_id": 647,
  "thr_grid_size": 600
}