{
  "feature_set": "c110_d110_errors_snr",
  "model": "bbag",
  "n_bootstrap": 50,
  "param_hash": "d849b896aa5b",
  "param_index": 0,
  "params": {
    "base_max_depth": 20,
    "base_max_features": "sqrt",
    "base_min_samples_leaf": 4,
    "base_min_samples_split": 4,
    "bootstrap": true,
    "max_features": 0.5,
    "max_samples": 1.0,
    "n_estimators": 800,
    "replacement": false,
    "sampling_strategy": "auto"
  },
  "runtime_s": 134.08800649642944,
  "summary_preview": [
    {
      "criterion": "f1",
      "feature_set": "c110_d110_errors_snr",
      "model": "bbag",
      "param_hash": "d849b896aa5b",
      "param_index": 0,
      "test_Brier_mean": 0.09579770535789743,
      "test_Brier_std": 0.0026350301809089836,
      "test_LogLoss_mean": 0.3345886868522204,
      "test_LogLoss_std": 0.007331398029066067,
      "test_PR_AUC_mean": 0.8108220492188029,
      "test_PR_AUC_std": 0.008055639217525695,
      "test_Precision_mean": 0.7410900407666386,
      "test_Precision_std": 0.05632467648054696,
      "test_ROC_AUC_mean": 0.9273753336142717,
      "test_ROC_AUC_std": 0.005558119199538688,
      "test_Sensitivity_mean": 0.7021428571428489,
      "test_Sensitivity_std": 0.06053514034222103,
      "test_Specificity_mean": 0.936519174041295,
      "test_Specificity_std": 0.023959082613883437,
      "val_Precision_mean": 0.730073364065109,
      "val_Precision_std": 0.05564420419962279,
      "val_Sensitivity_mean": 0.6935714285714204,
      "val_Sensitivity_std": 0.0476075058899083,
      "val_Specificity_mean": 0.9341002949852479,
      "val_Specificity_std": 0.021500952407805172,
      "val_score_mean": 0.707940927028763,
      "val_score_std": 0.012313459010674016,
      "val_thr_mean": 0.48904255534585794,
      "val_thr_std": 0.05325632614897547
    },
    {
      "criterion": "youden",
      "feature_set": "c110_d110_errors_snr",
      "model": "bbag",
      "param_hash": "d849b896aa5b",
      "param_index": 0,
      "test_Brier_mean": 0.09579770535789743,
      "test_Brier_std": 0.0026350301809089836,
      "test_LogLoss_mean": 0.3345886868522204,
      "test_LogLoss_std": 0.007331398029066067,
      "test_PR_AUC_mean": 0.8108220492188029,
      "test_PR_AUC_std": 0.008055639217525695,
      "test_Precision_mean": 0.6395648224394599,
      "test_Precision_std": 0.05180725216231034,
      "test_ROC_AUC_mean": 0.9273753336142717,
      "test_ROC_AUC_std": 0.005558119199538688,
      "test_Sensitivity_mean": 0.785238095238086,
      "test_Sensitivity_std": 0.029057255964861625,
      "test_Specificity_mean": 0.8877876106194664,
      "test_Specificity_std": 0.028331373910297646,
      "val_Precision_mean": 0.6324721820573967,
      "val_Precision_std": 0.04443578487521188,
      "val_Sensitivity_mean": 0.7666666666666576,
      "val_Sensitivity_std": 0.023687735165278823,
      "val_Specificity_mean": 0.8876106194690239,
      "val_Specificity_std": 0.025003709016552963,
      "val_score_mean": 0.6542772861356815,
      "val_score_std": 0.016530114223104905,
      "val_thr_mean": 0.4112476514614584,
      "val_thr_std": 0.029078432001790378
    }
  ],
  "task_id": 648,
  "thr_grid_size": 600
}