{
  "feature_set": "c110",
  "model": "rf",
  "n_bootstrap": 50,
  "param_hash": "136da55ab336",
  "param_index": 19,
  "params": {
    "bootstrap": true,
    "class_weight": "balanced",
    "max_depth": 20,
    "max_features": "0.3",
    "min_samples_leaf": 4,
    "min_samples_split": 4,
    "n_estimators": 1500
  },
  "runtime_s": 519.6139407157898,
  "summary_preview": [
    {
      "criterion": "f1",
      "feature_set": "c110",
      "model": "rf",
      "param_hash": "136da55ab336",
      "param_index": 19,
      "test_Brier_mean": 0.05272438962462167,
      "test_Brier_std": 0.0024801052013820536,
      "test_LogLoss_mean": 0.1954075379796434,
      "test_LogLoss_std": 0.0069114167198166265,
      "test_PR_AUC_mean": 0.905740400043743,
      "test_PR_AUC_std": 0.009047037788830505,
      "test_Precision_mean": 0.8815871028083856,
      "test_Precision_std": 0.04354838440701023,
      "test_ROC_AUC_mean": 0.9624125579435314,
      "test_ROC_AUC_std": 0.00404618464990691,
      "test_Sensitivity_mean": 0.7897619047618955,
      "test_Sensitivity_std": 0.048557921291140164,
      "test_Specificity_mean": 0.9726253687315605,
      "test_Specificity_std": 0.014015078400523044,
      "val_Precision_mean": 0.8980285281766072,
      "val_Precision_std": 0.042684556943249026,
      "val_Sensitivity_mean": 0.76404761904761,
      "val_Sensitivity_std": 0.03169750502330816,
      "val_Specificity_mean": 0.9776991150442449,
      "val_Specificity_std": 0.01107203601473999,
      "val_score_mean": 0.8242044324394125,
      "val_score_std": 0.012046802777060064,
      "val_thr_mean": 0.45530860084993713,
      "val_thr_std": 0.07465548184298858
    },
    {
      "criterion": "youden",
      "feature_set": "c110",
      "model": "rf",
      "param_hash": "136da55ab336",
      "param_index": 19,
      "test_Brier_mean": 0.05272438962462167,
      "test_Brier_std": 0.0024801052013820536,
      "test_LogLoss_mean": 0.1954075379796434,
      "test_LogLoss_std": 0.0069114167198166265,
      "test_PR_AUC_mean": 0.905740400043743,
      "test_PR_AUC_std": 0.009047037788830505,
      "test_Precision_mean": 0.8028657102496899,
      "test_Precision_std": 0.051908576603300796,
      "test_ROC_AUC_mean": 0.9624125579435314,
      "test_ROC_AUC_std": 0.00404618464990691,
      "test_Sensitivity_mean": 0.8633333333333231,
      "test_Sensitivity_std": 0.03601589521618742,
      "test_Specificity_mean": 0.945840707964599,
      "test_Specificity_std": 0.019592140697431794,
      "val_Precision_mean": 0.8048409599034203,
      "val_Precision_std": 0.045675700504926496,
      "val_Sensitivity_mean": 0.8128571428571333,
      "val_Sensitivity_std": 0.018480377832933305,
      "val_Specificity_mean": 0.9501474926253658,
      "val_Specificity_std": 0.015324986553702598,
      "val_score_mean": 0.7630046354824991,
      "val_score_std": 0.013947500881740722,
      "val_thr_mean": 0.32387431410130785,
      "val_thr_std": 0.05580663405203682
    }
  ],
  "task_id": 19,
  "thr_grid_size": 600
}