{
  "feature_set": "c110_snr",
  "model": "rf",
  "n_bootstrap": 50,
  "param_hash": "58d13dbea0f4",
  "param_index": 6,
  "params": {
    "bootstrap": true,
    "class_weight": "balanced",
    "max_depth": 20,
    "max_features": "0.3",
    "min_samples_leaf": 4,
    "min_samples_split": 4,
    "n_estimators": 2500
  },
  "runtime_s": 1740.896669626236,
  "summary_preview": [
    {
      "criterion": "f1",
      "feature_set": "c110_snr",
      "model": "rf",
      "param_hash": "58d13dbea0f4",
      "param_index": 6,
      "test_Brier_mean": 0.05321730511004992,
      "test_Brier_std": 0.0029030095630699537,
      "test_LogLoss_mean": 0.1993864049794879,
      "test_LogLoss_std": 0.007448129050405321,
      "test_PR_AUC_mean": 0.8989061159441125,
      "test_PR_AUC_std": 0.009302208606375767,
      "test_Precision_mean": 0.8808795352489192,
      "test_Precision_std": 0.04040873437808486,
      "test_ROC_AUC_mean": 0.9604754881303553,
      "test_ROC_AUC_std": 0.004250961421429724,
      "test_Sensitivity_mean": 0.7885714285714193,
      "test_Sensitivity_std": 0.044903112464514436,
      "test_Specificity_mean": 0.9726843657817079,
      "test_Specificity_std": 0.012653597918635724,
      "val_Precision_mean": 0.8912397363835037,
      "val_Precision_std": 0.04590035960719605,
      "val_Sensitivity_mean": 0.7669047619047528,
      "val_Sensitivity_std": 0.03342085552697183,
      "val_Specificity_mean": 0.9758702064896725,
      "val_Specificity_std": 0.012368005044511802,
      "val_score_mean": 0.8227960708143378,
      "val_score_std": 0.014141736803410628,
      "val_thr_mean": 0.4323254975359157,
      "val_thr_std": 0.08786039228975424
    },
    {
      "criterion": "youden",
      "feature_set": "c110_snr",
      "model": "rf",
      "param_hash": "58d13dbea0f4",
      "param_index": 6,
      "test_Brier_mean": 0.05321730511004992,
      "test_Brier_std": 0.0029030095630699537,
      "test_LogLoss_mean": 0.1993864049794879,
      "test_LogLoss_std": 0.007448129050405321,
      "test_PR_AUC_mean": 0.8989061159441125,
      "test_PR_AUC_std": 0.009302208606375767,
      "test_Precision_mean": 0.7899886625929692,
      "test_Precision_std": 0.06064031417276269,
      "test_ROC_AUC_mean": 0.9604754881303553,
      "test_ROC_AUC_std": 0.004250961421429724,
      "test_Sensitivity_mean": 0.8716666666666564,
      "test_Sensitivity_std": 0.03766843641373602,
      "test_Specificity_mean": 0.9404129793510296,
      "test_Specificity_std": 0.022599389258814807,
      "val_Precision_mean": 0.796192154873527,
      "val_Precision_std": 0.05243646404197529,
      "val_Sensitivity_mean": 0.8195238095237998,
      "val_Sensitivity_std": 0.021959200532746664,
      "val_Specificity_mean": 0.9466076696165163,
      "val_Specificity_std": 0.017661449295993087,
      "val_score_mean": 0.7661314791403161,
      "val_score_std": 0.012281768141619713,
      "val_thr_mean": 0.286514119588504,
      "val_thr_std": 0.059598907421904816
    }
  ],
  "task_id": 390,
  "thr_grid_size": 600
}