{
  "feature_set": "c110_d110_snr",
  "model": "bbag",
  "n_bootstrap": 50,
  "param_hash": "428dcc1f4cee",
  "param_index": 11,
  "params": {
    "base_max_depth": 20,
    "base_max_features": "0.3",
    "base_min_samples_leaf": 1,
    "base_min_samples_split": 8,
    "bootstrap": true,
    "max_features": 1.0,
    "max_samples": 0.9,
    "n_estimators": 500,
    "replacement": false,
    "sampling_strategy": "auto"
  },
  "runtime_s": 82.07291078567505,
  "summary_preview": [
    {
      "criterion": "f1",
      "feature_set": "c110_d110_snr",
      "model": "bbag",
      "param_hash": "428dcc1f4cee",
      "param_index": 11,
      "test_Brier_mean": 0.06142753176379816,
      "test_Brier_std": 0.0021762602909886444,
      "test_LogLoss_mean": 0.23582124354942002,
      "test_LogLoss_std": 0.006949381315041007,
      "test_PR_AUC_mean": 0.9010519967861825,
      "test_PR_AUC_std": 0.0046329368843058254,
      "test_Precision_mean": 0.8805830264356744,
      "test_Precision_std": 0.03427619032512356,
      "test_ROC_AUC_mean": 0.9627686472819217,
      "test_ROC_AUC_std": 0.002663911588963324,
      "test_Sensitivity_mean": 0.7976190476190382,
      "test_Sensitivity_std": 0.04993169474796946,
      "test_Specificity_mean": 0.972448377581118,
      "test_Specificity_std": 0.010089343987397635,
      "val_Precision_mean": 0.871441366405756,
      "val_Precision_std": 0.04587102191293448,
      "val_Sensitivity_mean": 0.7628571428571338,
      "val_Sensitivity_std": 0.02924378946966582,
      "val_Specificity_mean": 0.9711504424778732,
      "val_Specificity_std": 0.011997760926869109,
      "val_score_mean": 0.8119653692725379,
      "val_score_std": 0.007707374037711695,
      "val_thr_mean": 0.5477192586390435,
      "val_thr_std": 0.0771739113051036
    },
    {
      "criterion": "youden",
      "feature_set": "c110_d110_snr",
      "model": "bbag",
      "param_hash": "428dcc1f4cee",
      "param_index": 11,
      "test_Brier_mean": 0.06142753176379816,
      "test_Brier_std": 0.0021762602909886444,
      "test_LogLoss_mean": 0.23582124354942002,
      "test_LogLoss_std": 0.006949381315041007,
      "test_PR_AUC_mean": 0.9010519967861825,
      "test_PR_AUC_std": 0.0046329368843058254,
      "test_Precision_mean": 0.809164923997249,
      "test_Precision_std": 0.033775034081442876,
      "test_ROC_AUC_mean": 0.9627686472819217,
      "test_ROC_AUC_std": 0.002663911588963324,
      "test_Sensitivity_mean": 0.8695238095237993,
      "test_Sensitivity_std": 0.023189198025930734,
      "test_Specificity_mean": 0.9485545722713836,
      "test_Specificity_std": 0.012099019600455998,
      "val_Precision_mean": 0.7962571569810666,
      "val_Precision_std": 0.03029832551338433,
      "val_Sensitivity_mean": 0.8040476190476096,
      "val_Sensitivity_std": 0.01617167203901777,
      "val_Specificity_mean": 0.9484955752212361,
      "val_Specificity_std": 0.010763806818501316,
      "val_score_mean": 0.7525431942688456,
      "val_score_std": 0.008935652425997224,
      "val_thr_mean": 0.4249563159115157,
      "val_thr_std": 0.039290536951334824
    }
  ],
  "task_id": 563,
  "thr_grid_size": 600
}