{
  "feature_set": "c110_d110",
  "model": "bbag",
  "n_bootstrap": 50,
  "param_hash": "f93e8d521957",
  "param_index": 3,
  "params": {
    "base_max_depth": 10,
    "base_max_features": "sqrt",
    "base_min_samples_leaf": 2,
    "base_min_samples_split": 4,
    "bootstrap": true,
    "max_features": 0.5,
    "max_samples": 0.7,
    "n_estimators": 500,
    "replacement": false,
    "sampling_strategy": "auto"
  },
  "runtime_s": 59.350653409957886,
  "summary_preview": [
    {
      "criterion": "f1",
      "feature_set": "c110_d110",
      "model": "bbag",
      "param_hash": "f93e8d521957",
      "param_index": 3,
      "test_Brier_mean": 0.08957914912197226,
      "test_Brier_std": 0.0023088425238494805,
      "test_LogLoss_mean": 0.32228459720210745,
      "test_LogLoss_std": 0.006660017019794686,
      "test_PR_AUC_mean": 0.8478710506422529,
      "test_PR_AUC_std": 0.009155155442378063,
      "test_Precision_mean": 0.7973076947891135,
      "test_Precision_std": 0.02931775243703698,
      "test_ROC_AUC_mean": 0.9395891276864728,
      "test_ROC_AUC_std": 0.0048579753731208515,
      "test_Sensitivity_mean": 0.7207142857142772,
      "test_Sensitivity_std": 0.03137835756572648,
      "test_Specificity_mean": 0.9540412979351004,
      "test_Specificity_std": 0.010426578811891364,
      "val_Precision_mean": 0.7780351794828667,
      "val_Precision_std": 0.040321222993337645,
      "val_Sensitivity_mean": 0.7169047619047534,
      "val_Sensitivity_std": 0.028487282959037092,
      "val_Specificity_mean": 0.9483185840707936,
      "val_Specificity_std": 0.014106014186608628,
      "val_score_mean": 0.7448266553565019,
      "val_score_std": 0.010517298741202233,
      "val_thr_mean": 0.5040934473428472,
      "val_thr_std": 0.03514974579683243
    },
    {
      "criterion": "youden",
      "feature_set": "c110_d110",
      "model": "bbag",
      "param_hash": "f93e8d521957",
      "param_index": 3,
      "test_Brier_mean": 0.08957914912197226,
      "test_Brier_std": 0.0023088425238494805,
      "test_LogLoss_mean": 0.32228459720210745,
      "test_LogLoss_std": 0.006660017019794686,
      "test_PR_AUC_mean": 0.8478710506422529,
      "test_PR_AUC_std": 0.009155155442378063,
      "test_Precision_mean": 0.6870486011114971,
      "test_Precision_std": 0.05417650021355966,
      "test_ROC_AUC_mean": 0.9395891276864728,
      "test_ROC_AUC_std": 0.0048579753731208515,
      "test_Sensitivity_mean": 0.8271428571428473,
      "test_Sensitivity_std": 0.04026268505294563,
      "test_Specificity_mean": 0.9040707964601742,
      "test_Specificity_std": 0.02734437908310026,
      "val_Precision_mean": 0.6656590939086545,
      "val_Precision_std": 0.037515236433498314,
      "val_Sensitivity_mean": 0.7885714285714193,
      "val_Sensitivity_std": 0.01658664672141016,
      "val_Specificity_mean": 0.9007079646017673,
      "val_Specificity_std": 0.018229077323319746,
      "val_score_mean": 0.6892793931731864,
      "val_score_std": 0.013791084667295634,
      "val_thr_mean": 0.4165764568211893,
      "val_thr_std": 0.02820361525093377
    }
  ],
  "task_id": 171,
  "thr_grid_size": 600
}