{
  "feature_set": "c110_d110",
  "model": "bbag",
  "n_bootstrap": 50,
  "param_hash": "91254d3942c9",
  "param_index": 4,
  "params": {
    "base_max_depth": 20,
    "base_max_features": "sqrt",
    "base_min_samples_leaf": 1,
    "base_min_samples_split": 4,
    "bootstrap": true,
    "max_features": 0.5,
    "max_samples": 1.0,
    "n_estimators": 500,
    "replacement": true,
    "sampling_strategy": "auto"
  },
  "runtime_s": 66.01708436012268,
  "summary_preview": [
    {
      "criterion": "f1",
      "feature_set": "c110_d110",
      "model": "bbag",
      "param_hash": "91254d3942c9",
      "param_index": 4,
      "test_Brier_mean": 0.08056454600184487,
      "test_Brier_std": 0.0017534770962374985,
      "test_LogLoss_mean": 0.2927484172276841,
      "test_LogLoss_std": 0.005678494003842114,
      "test_PR_AUC_mean": 0.8681479448713452,
      "test_PR_AUC_std": 0.006535139230566046,
      "test_Precision_mean": 0.8283741862757513,
      "test_Precision_std": 0.0183801678598704,
      "test_ROC_AUC_mean": 0.947873999157185,
      "test_ROC_AUC_std": 0.004037541863084473,
      "test_Sensitivity_mean": 0.7261904761904675,
      "test_Sensitivity_std": 0.035835556982491905,
      "test_Specificity_mean": 0.9625368731563393,
      "test_Specificity_std": 0.005967046885169071,
      "val_Precision_mean": 0.8360144511494844,
      "val_Precision_std": 0.030412029906084496,
      "val_Sensitivity_mean": 0.726666666666658,
      "val_Sensitivity_std": 0.021906451956604667,
      "val_Specificity_mean": 0.964188790560469,
      "val_Specificity_std": 0.009665034091418005,
      "val_score_mean": 0.776759346598091,
      "val_score_std": 0.00912943495979059,
      "val_thr_mean": 0.5113053430528496,
      "val_thr_std": 0.02418534985795814
    },
    {
      "criterion": "youden",
      "feature_set": "c110_d110",
      "model": "bbag",
      "param_hash": "91254d3942c9",
      "param_index": 4,
      "test_Brier_mean": 0.08056454600184487,
      "test_Brier_std": 0.0017534770962374985,
      "test_LogLoss_mean": 0.2927484172276841,
      "test_LogLoss_std": 0.005678494003842114,
      "test_PR_AUC_mean": 0.8681479448713452,
      "test_PR_AUC_std": 0.006535139230566046,
      "test_Precision_mean": 0.7608698953146552,
      "test_Precision_std": 0.04031956363755878,
      "test_ROC_AUC_mean": 0.947873999157185,
      "test_ROC_AUC_std": 0.004037541863084473,
      "test_Sensitivity_mean": 0.8254761904761807,
      "test_Sensitivity_std": 0.034986924301001754,
      "test_Specificity_mean": 0.9346312684365753,
      "test_Specificity_std": 0.016259559410264655,
      "val_Precision_mean": 0.7203709350660518,
      "val_Precision_std": 0.04017725207487545,
      "val_Sensitivity_mean": 0.791428571428562,
      "val_Sensitivity_std": 0.018196484183802868,
      "val_Specificity_mean": 0.9228318584070769,
      "val_Specificity_std": 0.015556273740551085,
      "val_score_mean": 0.7142604298356389,
      "val_score_std": 0.010345952184915155,
      "val_thr_mean": 0.42662098736594706,
      "val_thr_std": 0.02553795982214677
    }
  ],
  "task_id": 172,
  "thr_grid_size": 600
}