{
  "feature_set": "c110",
  "model": "brf",
  "n_bootstrap": 50,
  "param_hash": "406f8ac913b7",
  "param_index": 1,
  "params": {
    "max_depth": 10,
    "max_features": "sqrt",
    "min_samples_leaf": 1,
    "min_samples_split": 4,
    "n_estimators": 800,
    "replacement": true,
    "sampling_strategy": "auto"
  },
  "runtime_s": 255.76686763763428,
  "summary_preview": [
    {
      "criterion": "f1",
      "feature_set": "c110",
      "model": "brf",
      "param_hash": "406f8ac913b7",
      "param_index": 1,
      "test_Brier_mean": 0.07277506612807999,
      "test_Brier_std": 0.0026454587447882197,
      "test_LogLoss_mean": 0.2682331910556169,
      "test_LogLoss_std": 0.007932047722077635,
      "test_PR_AUC_mean": 0.9000638679102451,
      "test_PR_AUC_std": 0.0063154154651955735,
      "test_Precision_mean": 0.872380324232678,
      "test_Precision_std": 0.034983562818070066,
      "test_ROC_AUC_mean": 0.9620122208175306,
      "test_ROC_AUC_std": 0.0032184576308320182,
      "test_Sensitivity_mean": 0.7702380952380861,
      "test_Sensitivity_std": 0.044754072676668734,
      "test_Specificity_mean": 0.9713274336283156,
      "test_Specificity_std": 0.010594690789790456,
      "val_Precision_mean": 0.8804391447461964,
      "val_Precision_std": 0.04604658514847505,
      "val_Sensitivity_mean": 0.754999999999991,
      "val_Sensitivity_std": 0.02785068409173796,
      "val_Specificity_mean": 0.9736873156342153,
      "val_Specificity_std": 0.01200589896544378,
      "val_score_mean": 0.8114610528775649,
      "val_score_std": 0.010770597080251932,
      "val_thr_mean": 0.5874444831264608,
      "val_thr_std": 0.057163151116562706
    },
    {
      "criterion": "youden",
      "feature_set": "c110",
      "model": "brf",
      "param_hash": "406f8ac913b7",
      "param_index": 1,
      "test_Brier_mean": 0.07277506612807999,
      "test_Brier_std": 0.0026454587447882197,
      "test_LogLoss_mean": 0.2682331910556169,
      "test_LogLoss_std": 0.007932047722077635,
      "test_PR_AUC_mean": 0.9000638679102451,
      "test_PR_AUC_std": 0.0063154154651955735,
      "test_Precision_mean": 0.7984173457218227,
      "test_Precision_std": 0.04869795545533773,
      "test_ROC_AUC_mean": 0.9620122208175306,
      "test_ROC_AUC_std": 0.0032184576308320182,
      "test_Sensitivity_mean": 0.8552380952380851,
      "test_Sensitivity_std": 0.03064623962792046,
      "test_Specificity_mean": 0.9450737463126815,
      "test_Specificity_std": 0.018386990082111674,
      "val_Precision_mean": 0.7898835052751936,
      "val_Precision_std": 0.0476149119175754,
      "val_Sensitivity_mean": 0.798571428571419,
      "val_Sensitivity_std": 0.015557274321128117,
      "val_Specificity_mean": 0.9461946902654839,
      "val_Specificity_std": 0.01723716374019896,
      "val_score_mean": 0.7447661188369029,
      "val_score_std": 0.012788715565283663,
      "val_thr_mean": 0.4784241396761495,
      "val_thr_std": 0.03899198173292848
    }
  ],
  "task_id": 49,
  "thr_grid_size": 600
}