{
  "feature_set": "c110_d110_errors_snr",
  "model": "rf",
  "n_bootstrap": 50,
  "param_hash": "557f79c76653",
  "param_index": 23,
  "params": {
    "bootstrap": true,
    "class_weight": "balanced",
    "max_depth": 20,
    "max_features": "0.5",
    "min_samples_leaf": 4,
    "min_samples_split": 4,
    "n_estimators": 800
  },
  "runtime_s": 1579.5005960464478,
  "summary_preview": [
    {
      "criterion": "f1",
      "feature_set": "c110_d110_errors_snr",
      "model": "rf",
      "param_hash": "557f79c76653",
      "param_index": 23,
      "test_Brier_mean": 0.05150911537710302,
      "test_Brier_std": 0.00218667261913045,
      "test_LogLoss_mean": 0.19693780646077122,
      "test_LogLoss_std": 0.0062818456007882415,
      "test_PR_AUC_mean": 0.8839712231167427,
      "test_PR_AUC_std": 0.008014770884690369,
      "test_Precision_mean": 0.8819434838844693,
      "test_Precision_std": 0.02603269843579654,
      "test_ROC_AUC_mean": 0.955527461722152,
      "test_ROC_AUC_std": 0.004373299284098668,
      "test_Sensitivity_mean": 0.7976190476190382,
      "test_Sensitivity_std": 0.04241484324265235,
      "test_Specificity_mean": 0.9731563421828879,
      "test_Specificity_std": 0.007449502540945487,
      "val_Precision_mean": 0.9020430356431807,
      "val_Precision_std": 0.032232624451114335,
      "val_Sensitivity_mean": 0.7530952380952292,
      "val_Sensitivity_std": 0.02643559647131298,
      "val_Specificity_mean": 0.9792920353982271,
      "val_Specificity_std": 0.008050758425389696,
      "val_score_mean": 0.820005767266431,
      "val_score_std": 0.011954719163479639,
      "val_thr_mean": 0.4704354841260379,
      "val_thr_std": 0.08794850632993137
    },
    {
      "criterion": "youden",
      "feature_set": "c110_d110_errors_snr",
      "model": "rf",
      "param_hash": "557f79c76653",
      "param_index": 23,
      "test_Brier_mean": 0.05150911537710302,
      "test_Brier_std": 0.00218667261913045,
      "test_LogLoss_mean": 0.19693780646077122,
      "test_LogLoss_std": 0.0062818456007882415,
      "test_PR_AUC_mean": 0.8839712231167427,
      "test_PR_AUC_std": 0.008014770884690369,
      "test_Precision_mean": 0.8223457546713476,
      "test_Precision_std": 0.043391742136598084,
      "test_ROC_AUC_mean": 0.955527461722152,
      "test_ROC_AUC_std": 0.004373299284098668,
      "test_Sensitivity_mean": 0.8545238095237994,
      "test_Sensitivity_std": 0.02734765795920303,
      "test_Specificity_mean": 0.9533333333333305,
      "test_Specificity_std": 0.014739506736823284,
      "val_Precision_mean": 0.8206184468055973,
      "val_Precision_std": 0.05557868386241912,
      "val_Sensitivity_mean": 0.7921428571428477,
      "val_Sensitivity_std": 0.02015288182703792,
      "val_Specificity_mean": 0.9556932153392301,
      "val_Specificity_std": 0.017552925040787266,
      "val_score_mean": 0.7478360724820778,
      "val_score_std": 0.013160858368200646,
      "val_thr_mean": 0.3325245192643673,
      "val_thr_std": 0.06391293089212026
    }
  ],
  "task_id": 599,
  "thr_grid_size": 600
}