{
  "feature_set": "c110_d110_snr",
  "model": "brf",
  "n_bootstrap": 50,
  "param_hash": "8a29145b4a25",
  "param_index": 23,
  "params": {
    "max_depth": 20,
    "max_features": "0.5",
    "min_samples_leaf": 2,
    "min_samples_split": 4,
    "n_estimators": 800,
    "replacement": false,
    "sampling_strategy": "auto"
  },
  "runtime_s": 735.4870285987854,
  "summary_preview": [
    {
      "criterion": "f1",
      "feature_set": "c110_d110_snr",
      "model": "brf",
      "param_hash": "8a29145b4a25",
      "param_index": 23,
      "test_Brier_mean": 0.06339310966560573,
      "test_Brier_std": 0.0034534051296211134,
      "test_LogLoss_mean": 0.25510399975140946,
      "test_LogLoss_std": 0.028232893646405213,
      "test_PR_AUC_mean": 0.8734176141818394,
      "test_PR_AUC_std": 0.013430771646616033,
      "test_Precision_mean": 0.8702793345301731,
      "test_Precision_std": 0.03140878090913178,
      "test_ROC_AUC_mean": 0.9522489113639555,
      "test_ROC_AUC_std": 0.004762365824487463,
      "test_Sensitivity_mean": 0.802619047619038,
      "test_Sensitivity_std": 0.03519134476612411,
      "test_Specificity_mean": 0.9698525073746284,
      "test_Specificity_std": 0.009199625921142289,
      "val_Precision_mean": 0.8847101881545741,
      "val_Precision_std": 0.03002599239290356,
      "val_Sensitivity_mean": 0.7554761904761815,
      "val_Sensitivity_std": 0.023835020362047127,
      "val_Specificity_mean": 0.9752212389380501,
      "val_Specificity_std": 0.0077245270879997075,
      "val_score_mean": 0.8142978290462772,
      "val_score_std": 0.01120397773048022,
      "val_thr_mean": 0.6085135390435373,
      "val_thr_std": 0.07062199958442456
    },
    {
      "criterion": "youden",
      "feature_set": "c110_d110_snr",
      "model": "brf",
      "param_hash": "8a29145b4a25",
      "param_index": 23,
      "test_Brier_mean": 0.06339310966560573,
      "test_Brier_std": 0.0034534051296211134,
      "test_LogLoss_mean": 0.25510399975140946,
      "test_LogLoss_std": 0.028232893646405213,
      "test_PR_AUC_mean": 0.8734176141818394,
      "test_PR_AUC_std": 0.013430771646616033,
      "test_Precision_mean": 0.7940980080624258,
      "test_Precision_std": 0.050193110126573535,
      "test_ROC_AUC_mean": 0.9522489113639555,
      "test_ROC_AUC_std": 0.004762365824487463,
      "test_Sensitivity_mean": 0.8542857142857042,
      "test_Sensitivity_std": 0.02705739020591986,
      "test_Specificity_mean": 0.9437758112094368,
      "test_Specificity_std": 0.018382353586225184,
      "val_Precision_mean": 0.7930560025459735,
      "val_Precision_std": 0.058305829692029305,
      "val_Sensitivity_mean": 0.7973809523809429,
      "val_Sensitivity_std": 0.02223797974344805,
      "val_Specificity_mean": 0.9467256637168113,
      "val_Specificity_std": 0.0200193845853773,
      "val_score_mean": 0.7441066160977542,
      "val_score_std": 0.015264524668217318,
      "val_thr_mean": 0.47545995996373747,
      "val_thr_std": 0.06652735715154645
    }
  ],
  "task_id": 551,
  "thr_grid_size": 600
}