{
  "feature_set": "c110_d110_errors",
  "model": "rf",
  "n_bootstrap": 50,
  "param_hash": "7d6e70e1e5a9",
  "param_index": 15,
  "params": {
    "bootstrap": true,
    "class_weight": "balanced",
    "max_depth": null,
    "max_features": "sqrt",
    "min_samples_leaf": 2,
    "min_samples_split": 8,
    "n_estimators": 2500
  },
  "runtime_s": 565.5414927005768,
  "summary_preview": [
    {
      "criterion": "f1",
      "feature_set": "c110_d110_errors",
      "model": "rf",
      "param_hash": "7d6e70e1e5a9",
      "param_index": 15,
      "test_Brier_mean": 0.054289876573950444,
      "test_Brier_std": 0.001492055489879533,
      "test_LogLoss_mean": 0.20151212437188373,
      "test_LogLoss_std": 0.004429720754239159,
      "test_PR_AUC_mean": 0.9121518606599569,
      "test_PR_AUC_std": 0.004968329044506942,
      "test_Precision_mean": 0.9045804916788817,
      "test_Precision_std": 0.02874694594706166,
      "test_ROC_AUC_mean": 0.9676590813316477,
      "test_ROC_AUC_std": 0.0022959364408612973,
      "test_Sensitivity_mean": 0.7654761904761814,
      "test_Sensitivity_std": 0.04895182981164654,
      "test_Specificity_mean": 0.9794690265486696,
      "test_Specificity_std": 0.008213879740794188,
      "val_Precision_mean": 0.9048456266847299,
      "val_Precision_std": 0.04215238427689711,
      "val_Sensitivity_mean": 0.7430952380952293,
      "val_Sensitivity_std": 0.0273264975893067,
      "val_Specificity_mean": 0.9798820058997021,
      "val_Specificity_std": 0.010722150551312776,
      "val_score_mean": 0.814742029486689,
      "val_score_std": 0.008656331799715169,
      "val_thr_mean": 0.45816038609283133,
      "val_thr_std": 0.06420944414225149
    },
    {
      "criterion": "youden",
      "feature_set": "c110_d110_errors",
      "model": "rf",
      "param_hash": "7d6e70e1e5a9",
      "param_index": 15,
      "test_Brier_mean": 0.054289876573950444,
      "test_Brier_std": 0.001492055489879533,
      "test_LogLoss_mean": 0.20151212437188373,
      "test_LogLoss_std": 0.004429720754239159,
      "test_PR_AUC_mean": 0.9121518606599569,
      "test_PR_AUC_std": 0.004968329044506942,
      "test_Precision_mean": 0.8315949800987861,
      "test_Precision_std": 0.03798588650501779,
      "test_ROC_AUC_mean": 0.9676590813316477,
      "test_ROC_AUC_std": 0.0022959364408612973,
      "test_Sensitivity_mean": 0.866190476190466,
      "test_Sensitivity_std": 0.02607759045181294,
      "test_Specificity_mean": 0.9557522123893777,
      "test_Specificity_std": 0.013498202594224106,
      "val_Precision_mean": 0.8046934405140002,
      "val_Precision_std": 0.031960872864593086,
      "val_Sensitivity_mean": 0.7990476190476096,
      "val_Sensitivity_std": 0.011443948191333726,
      "val_Specificity_mean": 0.9514454277286107,
      "val_Specificity_std": 0.010796752954189177,
      "val_score_mean": 0.7504930467762203,
      "val_score_std": 0.0076148834932958116,
      "val_thr_mean": 0.32268194974491476,
      "val_thr_std": 0.02975663547725837
    }
  ],
  "task_id": 303,
  "thr_grid_size": 600
}