{
  "feature_set": "c110_d110_snr",
  "model": "rf",
  "n_bootstrap": 50,
  "param_hash": "7d6e70e1e5a9",
  "param_index": 15,
  "params": {
    "bootstrap": true,
    "class_weight": "balanced",
    "max_depth": null,
    "max_features": "sqrt",
    "min_samples_leaf": 2,
    "min_samples_split": 8,
    "n_estimators": 2500
  },
  "runtime_s": 633.23796916008,
  "summary_preview": [
    {
      "criterion": "f1",
      "feature_set": "c110_d110_snr",
      "model": "rf",
      "param_hash": "7d6e70e1e5a9",
      "param_index": 15,
      "test_Brier_mean": 0.055713166409548674,
      "test_Brier_std": 0.001423732488427031,
      "test_LogLoss_mean": 0.20708915674539818,
      "test_LogLoss_std": 0.004241510861579409,
      "test_PR_AUC_mean": 0.9028163927537786,
      "test_PR_AUC_std": 0.0055491738616158665,
      "test_Precision_mean": 0.8900684051340794,
      "test_Precision_std": 0.03700935611980436,
      "test_ROC_AUC_mean": 0.9633115606124456,
      "test_ROC_AUC_std": 0.0029093189081572405,
      "test_Sensitivity_mean": 0.7859523809523716,
      "test_Sensitivity_std": 0.04189959880729059,
      "test_Specificity_mean": 0.9752212389380501,
      "test_Specificity_std": 0.0107438253552313,
      "val_Precision_mean": 0.8854209239829248,
      "val_Precision_std": 0.034430986097643945,
      "val_Sensitivity_mean": 0.7607142857142768,
      "val_Sensitivity_std": 0.02691699284242214,
      "val_Specificity_mean": 0.9750442477876077,
      "val_Specificity_std": 0.009178754547320313,
      "val_score_mean": 0.8173281584236787,
      "val_score_std": 0.00845214310569535,
      "val_thr_mean": 0.41146152201865843,
      "val_thr_std": 0.051161923060392814
    },
    {
      "criterion": "youden",
      "feature_set": "c110_d110_snr",
      "model": "rf",
      "param_hash": "7d6e70e1e5a9",
      "param_index": 15,
      "test_Brier_mean": 0.055713166409548674,
      "test_Brier_std": 0.001423732488427031,
      "test_LogLoss_mean": 0.20708915674539818,
      "test_LogLoss_std": 0.004241510861579409,
      "test_PR_AUC_mean": 0.9028163927537786,
      "test_PR_AUC_std": 0.0055491738616158665,
      "test_Precision_mean": 0.8112909966114492,
      "test_Precision_std": 0.03905546974756696,
      "test_ROC_AUC_mean": 0.9633115606124456,
      "test_ROC_AUC_std": 0.0029093189081572405,
      "test_Sensitivity_mean": 0.8671428571428469,
      "test_Sensitivity_std": 0.025607524115263222,
      "test_Specificity_mean": 0.9491445427728585,
      "test_Specificity_std": 0.01423534249015921,
      "val_Precision_mean": 0.8026003989253455,
      "val_Precision_std": 0.03534706790043801,
      "val_Sensitivity_mean": 0.8059523809523713,
      "val_Sensitivity_std": 0.014279639135838858,
      "val_Specificity_mean": 0.9502654867256608,
      "val_Specificity_std": 0.011919353054632419,
      "val_score_mean": 0.7562178676780323,
      "val_score_std": 0.009761383545857066,
      "val_thr_mean": 0.30138259934533934,
      "val_thr_std": 0.038493421152734325
    }
  ],
  "task_id": 495,
  "thr_grid_size": 600
}