{
  "feature_set": "c110_snr",
  "model": "bbag",
  "n_bootstrap": 50,
  "param_hash": "479020e468c4",
  "param_index": 12,
  "params": {
    "base_max_depth": null,
    "base_max_features": "0.3",
    "base_min_samples_leaf": 1,
    "base_min_samples_split": 8,
    "bootstrap": true,
    "max_features": 0.9,
    "max_samples": 0.7,
    "n_estimators": 800,
    "replacement": false,
    "sampling_strategy": "auto"
  },
  "runtime_s": 102.14647936820984,
  "summary_preview": [
    {
      "criterion": "f1",
      "feature_set": "c110_snr",
      "model": "bbag",
      "param_hash": "479020e468c4",
      "param_index": 12,
      "test_Brier_mean": 0.07586711369648519,
      "test_Brier_std": 0.002726835431902786,
      "test_LogLoss_mean": 0.281402184292777,
      "test_LogLoss_std": 0.007362388186412393,
      "test_PR_AUC_mean": 0.8775540802239845,
      "test_PR_AUC_std": 0.011595959550314876,
      "test_Precision_mean": 0.8433745597390743,
      "test_Precision_std": 0.017066888868379634,
      "test_ROC_AUC_mean": 0.9553845343447114,
      "test_ROC_AUC_std": 0.0054884025735458235,
      "test_Sensitivity_mean": 0.7757142857142766,
      "test_Sensitivity_std": 0.03471721237401436,
      "test_Specificity_mean": 0.9641297935103217,
      "test_Specificity_std": 0.005633636735631968,
      "val_Precision_mean": 0.8200919021492187,
      "val_Precision_std": 0.03268728384775239,
      "val_Sensitivity_mean": 0.7630952380952291,
      "val_Sensitivity_std": 0.027449000665933303,
      "val_Specificity_mean": 0.9579351032448349,
      "val_Specificity_std": 0.01033625927031881,
      "val_score_mean": 0.789624839440193,
      "val_score_std": 0.011969827793560098,
      "val_thr_mean": 0.4907131974918515,
      "val_thr_std": 0.03921373300622993
    },
    {
      "criterion": "youden",
      "feature_set": "c110_snr",
      "model": "bbag",
      "param_hash": "479020e468c4",
      "param_index": 12,
      "test_Brier_mean": 0.07586711369648519,
      "test_Brier_std": 0.002726835431902786,
      "test_LogLoss_mean": 0.281402184292777,
      "test_LogLoss_std": 0.007362388186412393,
      "test_PR_AUC_mean": 0.8775540802239845,
      "test_PR_AUC_std": 0.011595959550314876,
      "test_Precision_mean": 0.7873630382545485,
      "test_Precision_std": 0.04701091116469634,
      "test_ROC_AUC_mean": 0.9553845343447114,
      "test_ROC_AUC_std": 0.0054884025735458235,
      "test_Sensitivity_mean": 0.8449999999999901,
      "test_Sensitivity_std": 0.036751224549670274,
      "test_Specificity_mean": 0.9420648967551594,
      "test_Specificity_std": 0.018587462769512744,
      "val_Precision_mean": 0.745208847249194,
      "val_Precision_std": 0.042127222695741755,
      "val_Sensitivity_mean": 0.8092857142857046,
      "val_Sensitivity_std": 0.021171932572700204,
      "val_Specificity_mean": 0.9303244837758083,
      "val_Specificity_std": 0.016589652451797665,
      "val_score_mean": 0.7396101980615132,
      "val_score_std": 0.014422301783447092,
      "val_thr_mean": 0.421570924755545,
      "val_thr_std": 0.03221843272579455
    }
  ],
  "task_id": 468,
  "thr_grid_size": 600
}