{
  "feature_set": "c110_snr",
  "model": "bbag",
  "n_bootstrap": 50,
  "param_hash": "1336419b5077",
  "param_index": 17,
  "params": {
    "base_max_depth": 10,
    "base_max_features": "sqrt",
    "base_min_samples_leaf": 4,
    "base_min_samples_split": 2,
    "bootstrap": true,
    "max_features": 1.0,
    "max_samples": 0.9,
    "n_estimators": 500,
    "replacement": true,
    "sampling_strategy": "auto"
  },
  "runtime_s": 59.96316742897034,
  "summary_preview": [
    {
      "criterion": "f1",
      "feature_set": "c110_snr",
      "model": "bbag",
      "param_hash": "1336419b5077",
      "param_index": 17,
      "test_Brier_mean": 0.11153745616787968,
      "test_Brier_std": 0.0030429503180975726,
      "test_LogLoss_mean": 0.38112808822644484,
      "test_LogLoss_std": 0.007207754705615358,
      "test_PR_AUC_mean": 0.7832023227933415,
      "test_PR_AUC_std": 0.010668702592870274,
      "test_Precision_mean": 0.7202279742675437,
      "test_Precision_std": 0.061659272708712146,
      "test_ROC_AUC_mean": 0.9042576204523107,
      "test_ROC_AUC_std": 0.008907774720409274,
      "test_Sensitivity_mean": 0.7259523809523724,
      "test_Sensitivity_std": 0.04352479089936026,
      "test_Specificity_mean": 0.9272566371681389,
      "test_Specificity_std": 0.026036095573701623,
      "val_Precision_mean": 0.6907735234617733,
      "val_Precision_std": 0.03470224868945302,
      "val_Sensitivity_mean": 0.7002380952380869,
      "val_Sensitivity_std": 0.033559037337148594,
      "val_Specificity_mean": 0.9212979351032421,
      "val_Specificity_std": 0.015522904383020755,
      "val_score_mean": 0.6940866181164859,
      "val_score_std": 0.014117935292656725,
      "val_thr_mean": 0.4818671399521442,
      "val_thr_std": 0.032800822364093395
    },
    {
      "criterion": "youden",
      "feature_set": "c110_snr",
      "model": "bbag",
      "param_hash": "1336419b5077",
      "param_index": 17,
      "test_Brier_mean": 0.11153745616787968,
      "test_Brier_std": 0.0030429503180975726,
      "test_LogLoss_mean": 0.38112808822644484,
      "test_LogLoss_std": 0.007207754705615358,
      "test_PR_AUC_mean": 0.7832023227933415,
      "test_PR_AUC_std": 0.010668702592870274,
      "test_Precision_mean": 0.626249468431255,
      "test_Precision_std": 0.05961818967295843,
      "test_ROC_AUC_mean": 0.9042576204523107,
      "test_ROC_AUC_std": 0.008907774720409274,
      "test_Sensitivity_mean": 0.7661904761904671,
      "test_Sensitivity_std": 0.029037341456343926,
      "test_Specificity_mean": 0.8833628318584045,
      "test_Specificity_std": 0.031202429697322603,
      "val_Precision_mean": 0.6314243155506081,
      "val_Precision_std": 0.04086519427711904,
      "val_Sensitivity_mean": 0.7435714285714198,
      "val_Sensitivity_std": 0.029378974815828688,
      "val_Specificity_mean": 0.890737463126841,
      "val_Specificity_std": 0.021985681902308044,
      "val_score_mean": 0.6343088916982608,
      "val_score_std": 0.01785108982233843,
      "val_thr_mean": 0.44309742401298235,
      "val_thr_std": 0.02828830188577213
    }
  ],
  "task_id": 473,
  "thr_grid_size": 600
}