{
  "feature_set": "c110_d110",
  "model": "rf",
  "n_bootstrap": 50,
  "param_hash": "2afd1857be47",
  "param_index": 12,
  "params": {
    "bootstrap": true,
    "class_weight": null,
    "max_depth": 20,
    "max_features": "0.3",
    "min_samples_leaf": 4,
    "min_samples_split": 4,
    "n_estimators": 2500
  },
  "runtime_s": 2104.5102355480194,
  "summary_preview": [
    {
      "criterion": "f1",
      "feature_set": "c110_d110",
      "model": "rf",
      "param_hash": "2afd1857be47",
      "param_index": 12,
      "test_Brier_mean": 0.05166535291573686,
      "test_Brier_std": 0.002643054333283811,
      "test_LogLoss_mean": 0.1899275317867246,
      "test_LogLoss_std": 0.006828741762645441,
      "test_PR_AUC_mean": 0.893914911391226,
      "test_PR_AUC_std": 0.007397470908633915,
      "test_Precision_mean": 0.9062194621699631,
      "test_Precision_std": 0.023319951205198405,
      "test_ROC_AUC_mean": 0.9573212529849698,
      "test_ROC_AUC_std": 0.0035077166316732316,
      "test_Sensitivity_mean": 0.7814285714285621,
      "test_Sensitivity_std": 0.04446295139691972,
      "test_Specificity_mean": 0.9796460176991121,
      "test_Specificity_std": 0.006425600793079174,
      "val_Precision_mean": 0.9089506465619253,
      "val_Precision_std": 0.02757744665245812,
      "val_Sensitivity_mean": 0.7385714285714198,
      "val_Sensitivity_std": 0.021774021460243546,
      "val_Specificity_mean": 0.9813569321533894,
      "val_Specificity_std": 0.006648095673970502,
      "val_score_mean": 0.814344555356216,
      "val_score_std": 0.009449589038963029,
      "val_thr_mean": 0.4854552779520789,
      "val_thr_std": 0.06801772971310878
    },
    {
      "criterion": "youden",
      "feature_set": "c110_d110",
      "model": "rf",
      "param_hash": "2afd1857be47",
      "param_index": 12,
      "test_Brier_mean": 0.05166535291573686,
      "test_Brier_std": 0.002643054333283811,
      "test_LogLoss_mean": 0.1899275317867246,
      "test_LogLoss_std": 0.006828741762645441,
      "test_PR_AUC_mean": 0.893914911391226,
      "test_PR_AUC_std": 0.007397470908633915,
      "test_Precision_mean": 0.8413563051549728,
      "test_Precision_std": 0.04728205033866731,
      "test_ROC_AUC_mean": 0.9573212529849698,
      "test_ROC_AUC_std": 0.0035077166316732316,
      "test_Sensitivity_mean": 0.8411904761904663,
      "test_Sensitivity_std": 0.03457111132382969,
      "test_Specificity_mean": 0.9595870206489647,
      "test_Specificity_std": 0.015509284635126777,
      "val_Precision_mean": 0.8099163768091837,
      "val_Precision_std": 0.060158526634761185,
      "val_Sensitivity_mean": 0.7819047619047527,
      "val_Sensitivity_std": 0.025953071914197375,
      "val_Specificity_mean": 0.952802359882003,
      "val_Specificity_std": 0.019005431578221068,
      "val_score_mean": 0.7347071217867557,
      "val_score_std": 0.01614789750440332,
      "val_thr_mean": 0.3429234421413614,
      "val_thr_std": 0.06991207447300041
    }
  ],
  "task_id": 108,
  "thr_grid_size": 600
}