{
  "feature_set": "c110_d110_snr",
  "model": "brf",
  "n_bootstrap": 50,
  "param_hash": "39773404cc03",
  "param_index": 16,
  "params": {
    "max_depth": null,
    "max_features": "0.2",
    "min_samples_leaf": 1,
    "min_samples_split": 2,
    "n_estimators": 4000,
    "replacement": false,
    "sampling_strategy": "auto"
  },
  "runtime_s": 1772.2729489803314,
  "summary_preview": [
    {
      "criterion": "f1",
      "feature_set": "c110_d110_snr",
      "model": "brf",
      "param_hash": "39773404cc03",
      "param_index": 16,
      "test_Brier_mean": 0.0623925925679669,
      "test_Brier_std": 0.0026245736621498808,
      "test_LogLoss_mean": 0.2375011281736479,
      "test_LogLoss_std": 0.008738513763931775,
      "test_PR_AUC_mean": 0.8885364127490886,
      "test_PR_AUC_std": 0.007790792554368247,
      "test_Precision_mean": 0.8860572395159686,
      "test_Precision_std": 0.025189514902759804,
      "test_ROC_AUC_mean": 0.9576762888046073,
      "test_ROC_AUC_std": 0.003689026889420815,
      "test_Sensitivity_mean": 0.8023809523809429,
      "test_Sensitivity_std": 0.026236817381873046,
      "test_Specificity_mean": 0.9741592920353953,
      "test_Specificity_std": 0.00678348281765154,
      "val_Precision_mean": 0.8944474961878258,
      "val_Precision_std": 0.027679656898583975,
      "val_Sensitivity_mean": 0.7647619047618958,
      "val_Sensitivity_std": 0.019474088718774762,
      "val_Specificity_mean": 0.97734513274336,
      "val_Specificity_std": 0.006884307747715834,
      "val_score_mean": 0.8240296785089691,
      "val_score_std": 0.011008531552290434,
      "val_thr_mean": 0.6000194824707848,
      "val_thr_std": 0.046624083203808425
    },
    {
      "criterion": "youden",
      "feature_set": "c110_d110_snr",
      "model": "brf",
      "param_hash": "39773404cc03",
      "param_index": 16,
      "test_Brier_mean": 0.0623925925679669,
      "test_Brier_std": 0.0026245736621498808,
      "test_LogLoss_mean": 0.2375011281736479,
      "test_LogLoss_std": 0.008738513763931775,
      "test_PR_AUC_mean": 0.8885364127490886,
      "test_PR_AUC_std": 0.007790792554368247,
      "test_Precision_mean": 0.8126258861550752,
      "test_Precision_std": 0.06190501937453008,
      "test_ROC_AUC_mean": 0.9576762888046073,
      "test_ROC_AUC_std": 0.003689026889420815,
      "test_Sensitivity_mean": 0.8545238095237994,
      "test_Sensitivity_std": 0.03403825637339641,
      "test_Specificity_mean": 0.9489675516224161,
      "test_Specificity_std": 0.022905736421343262,
      "val_Precision_mean": 0.8180783569745816,
      "val_Precision_std": 0.06530881297637514,
      "val_Sensitivity_mean": 0.798571428571419,
      "val_Sensitivity_std": 0.0208067649553428,
      "val_Specificity_mean": 0.9539233038348054,
      "val_Specificity_std": 0.022122007424646276,
      "val_score_mean": 0.7524947324062246,
      "val_score_std": 0.009940390110813062,
      "val_thr_mean": 0.4886194323873122,
      "val_thr_std": 0.07538175441324638
    }
  ],
  "task_id": 544,
  "thr_grid_size": 600
}