{
  "feature_set": "c110_d110_errors",
  "model": "bbag",
  "n_bootstrap": 50,
  "param_hash": "91254d3942c9",
  "param_index": 4,
  "params": {
    "base_max_depth": 20,
    "base_max_features": "sqrt",
    "base_min_samples_leaf": 1,
    "base_min_samples_split": 4,
    "bootstrap": true,
    "max_features": 0.5,
    "max_samples": 1.0,
    "n_estimators": 500,
    "replacement": true,
    "sampling_strategy": "auto"
  },
  "runtime_s": 89.10507607460022,
  "summary_preview": [
    {
      "criterion": "f1",
      "feature_set": "c110_d110_errors",
      "model": "bbag",
      "param_hash": "91254d3942c9",
      "param_index": 4,
      "test_Brier_mean": 0.08379023517700018,
      "test_Brier_std": 0.002471287472974266,
      "test_LogLoss_mean": 0.29967724360016074,
      "test_LogLoss_std": 0.006795656811416657,
      "test_PR_AUC_mean": 0.8575842839252151,
      "test_PR_AUC_std": 0.010946342087136674,
      "test_Precision_mean": 0.8091240851752023,
      "test_Precision_std": 0.02897144092174085,
      "test_ROC_AUC_mean": 0.9505502879617924,
      "test_ROC_AUC_std": 0.00561983914510989,
      "test_Sensitivity_mean": 0.7080952380952297,
      "test_Sensitivity_std": 0.0442987221875488,
      "test_Specificity_mean": 0.9579351032448349,
      "test_Specificity_std": 0.011476064446291484,
      "val_Precision_mean": 0.8124920981333128,
      "val_Precision_std": 0.04511937537225073,
      "val_Sensitivity_mean": 0.6949999999999917,
      "val_Sensitivity_std": 0.035257034019737316,
      "val_Specificity_mean": 0.9590560471976372,
      "val_Specificity_std": 0.014906631420649725,
      "val_score_mean": 0.7472617135282303,
      "val_score_std": 0.011939036985069856,
      "val_thr_mean": 0.5143318552189318,
      "val_thr_std": 0.03576674493725226
    },
    {
      "criterion": "youden",
      "feature_set": "c110_d110_errors",
      "model": "bbag",
      "param_hash": "91254d3942c9",
      "param_index": 4,
      "test_Brier_mean": 0.08379023517700018,
      "test_Brier_std": 0.002471287472974266,
      "test_LogLoss_mean": 0.29967724360016074,
      "test_LogLoss_std": 0.006795656811416657,
      "test_PR_AUC_mean": 0.8575842839252151,
      "test_PR_AUC_std": 0.010946342087136674,
      "test_Precision_mean": 0.6989996503757855,
      "test_Precision_std": 0.04542911463550573,
      "test_ROC_AUC_mean": 0.9505502879617924,
      "test_ROC_AUC_std": 0.00561983914510989,
      "test_Sensitivity_mean": 0.833809523809514,
      "test_Sensitivity_std": 0.04447595948689606,
      "test_Specificity_mean": 0.9092035398230061,
      "test_Specificity_std": 0.02292154673826319,
      "val_Precision_mean": 0.6608119381741452,
      "val_Precision_std": 0.039246520207013295,
      "val_Sensitivity_mean": 0.7942857142857049,
      "val_Sensitivity_std": 0.022309399090893064,
      "val_Specificity_mean": 0.8975811209439502,
      "val_Specificity_std": 0.020236688486652468,
      "val_score_mean": 0.691866835229655,
      "val_score_std": 0.014558129658070748,
      "val_thr_mean": 0.4117486438534648,
      "val_thr_std": 0.02457181833644156
    }
  ],
  "task_id": 364,
  "thr_grid_size": 600
}