{
  "feature_set": "c110_d110_errors_snr",
  "model": "rf",
  "n_bootstrap": 50,
  "param_hash": "551bbcb96f06",
  "param_index": 22,
  "params": {
    "bootstrap": true,
    "class_weight": null,
    "max_depth": null,
    "max_features": "0.5",
    "min_samples_leaf": 4,
    "min_samples_split": 4,
    "n_estimators": 800
  },
  "runtime_s": 2389.728765964508,
  "summary_preview": [
    {
      "criterion": "f1",
      "feature_set": "c110_d110_errors_snr",
      "model": "rf",
      "param_hash": "551bbcb96f06",
      "param_index": 22,
      "test_Brier_mean": 0.05452454910096753,
      "test_Brier_std": 0.0021332058397753387,
      "test_LogLoss_mean": 0.2049451424795338,
      "test_LogLoss_std": 0.013004621705077915,
      "test_PR_AUC_mean": 0.8776235044068982,
      "test_PR_AUC_std": 0.008169100549342494,
      "test_Precision_mean": 0.9016080240299028,
      "test_Precision_std": 0.02993165560961332,
      "test_ROC_AUC_mean": 0.9461658940862481,
      "test_ROC_AUC_std": 0.004982537819007138,
      "test_Sensitivity_mean": 0.7621428571428481,
      "test_Sensitivity_std": 0.04418431498384734,
      "test_Specificity_mean": 0.9788790560471946,
      "test_Specificity_std": 0.008157474004256454,
      "val_Precision_mean": 0.9145839193217449,
      "val_Precision_std": 0.03578539920123925,
      "val_Sensitivity_mean": 0.7276190476190391,
      "val_Sensitivity_std": 0.029025386192765894,
      "val_Specificity_mean": 0.9825958702064866,
      "val_Specificity_std": 0.008824438091602138,
      "val_score_mean": 0.8093323316332597,
      "val_score_std": 0.010127906684718338,
      "val_thr_mean": 0.4981880314644267,
      "val_thr_std": 0.0955859869599044
    },
    {
      "criterion": "youden",
      "feature_set": "c110_d110_errors_snr",
      "model": "rf",
      "param_hash": "551bbcb96f06",
      "param_index": 22,
      "test_Brier_mean": 0.05452454910096753,
      "test_Brier_std": 0.0021332058397753387,
      "test_LogLoss_mean": 0.2049451424795338,
      "test_LogLoss_std": 0.013004621705077915,
      "test_PR_AUC_mean": 0.8776235044068982,
      "test_PR_AUC_std": 0.008169100549342494,
      "test_Precision_mean": 0.8251186979776115,
      "test_Precision_std": 0.062240798477823524,
      "test_ROC_AUC_mean": 0.9461658940862481,
      "test_ROC_AUC_std": 0.004982537819007138,
      "test_Sensitivity_mean": 0.8242857142857045,
      "test_Sensitivity_std": 0.033805485735940985,
      "test_Specificity_mean": 0.9546312684365753,
      "test_Specificity_std": 0.022130033462694872,
      "val_Precision_mean": 0.7966652103398454,
      "val_Precision_std": 0.07573466709264251,
      "val_Sensitivity_mean": 0.778333333333324,
      "val_Sensitivity_std": 0.03207845471903758,
      "val_Specificity_mean": 0.9477286135693187,
      "val_Specificity_std": 0.02631715992132927,
      "val_score_mean": 0.7260619469026427,
      "val_score_std": 0.015873521044691835,
      "val_thr_mean": 0.33546688646450773,
      "val_thr_std": 0.08825106488310144
    }
  ],
  "task_id": 598,
  "thr_grid_size": 600
}