{
  "feature_set": "c110",
  "model": "bbag",
  "n_bootstrap": 50,
  "param_hash": "b0056c8d90e7",
  "param_index": 6,
  "params": {
    "base_max_depth": 10,
    "base_max_features": "0.3",
    "base_min_samples_leaf": 4,
    "base_min_samples_split": 4,
    "bootstrap": true,
    "max_features": 0.9,
    "max_samples": 0.5,
    "n_estimators": 1200,
    "replacement": true,
    "sampling_strategy": "auto"
  },
  "runtime_s": 95.74011421203613,
  "summary_preview": [
    {
      "criterion": "f1",
      "feature_set": "c110",
      "model": "bbag",
      "param_hash": "b0056c8d90e7",
      "param_index": 6,
      "test_Brier_mean": 0.08163378593766024,
      "test_Brier_std": 0.0030558954100880316,
      "test_LogLoss_mean": 0.29876556432225665,
      "test_LogLoss_std": 0.008642504400109795,
      "test_PR_AUC_mean": 0.8774720676897574,
      "test_PR_AUC_std": 0.006694066747588479,
      "test_Precision_mean": 0.830092355081443,
      "test_Precision_std": 0.015951080718701625,
      "test_ROC_AUC_mean": 0.954818794774547,
      "test_ROC_AUC_std": 0.0037842909605593643,
      "test_Sensitivity_mean": 0.7838095238095145,
      "test_Sensitivity_std": 0.0453390005522488,
      "test_Specificity_mean": 0.9599999999999972,
      "test_Specificity_std": 0.006111425871144774,
      "val_Precision_mean": 0.794775422494041,
      "val_Precision_std": 0.03278545850283295,
      "val_Sensitivity_mean": 0.7630952380952291,
      "val_Sensitivity_std": 0.029579127773683454,
      "val_Specificity_mean": 0.9505014749262508,
      "val_Specificity_std": 0.010961294334055023,
      "val_score_mean": 0.7775250479245102,
      "val_score_std": 0.009982840671137451,
      "val_thr_mean": 0.5280197728861292,
      "val_thr_std": 0.04037815869174967
    },
    {
      "criterion": "youden",
      "feature_set": "c110",
      "model": "bbag",
      "param_hash": "b0056c8d90e7",
      "param_index": 6,
      "test_Brier_mean": 0.08163378593766024,
      "test_Brier_std": 0.0030558954100880316,
      "test_LogLoss_mean": 0.29876556432225665,
      "test_LogLoss_std": 0.008642504400109795,
      "test_PR_AUC_mean": 0.8774720676897574,
      "test_PR_AUC_std": 0.006694066747588479,
      "test_Precision_mean": 0.7811562748039264,
      "test_Precision_std": 0.04607858220590468,
      "test_ROC_AUC_mean": 0.954818794774547,
      "test_ROC_AUC_std": 0.0037842909605593643,
      "test_Sensitivity_mean": 0.8430952380952281,
      "test_Sensitivity_std": 0.024842742012883105,
      "test_Specificity_mean": 0.9401769911504396,
      "test_Specificity_std": 0.01834008824255802,
      "val_Precision_mean": 0.7250169264774307,
      "val_Precision_std": 0.03757947725278544,
      "val_Sensitivity_mean": 0.8066666666666572,
      "val_Sensitivity_std": 0.01743674233738254,
      "val_Specificity_mean": 0.9232448377581093,
      "val_Specificity_std": 0.015591963644644963,
      "val_score_mean": 0.7299115044247664,
      "val_score_std": 0.011513670166153846,
      "val_thr_mean": 0.4574443031972036,
      "val_thr_std": 0.034815545927428075
    }
  ],
  "task_id": 78,
  "thr_grid_size": 600
}