{
  "feature_set": "c110_snr",
  "model": "rf",
  "n_bootstrap": 50,
  "param_hash": "557f79c76653",
  "param_index": 23,
  "params": {
    "bootstrap": true,
    "class_weight": "balanced",
    "max_depth": 20,
    "max_features": "0.5",
    "min_samples_leaf": 4,
    "min_samples_split": 4,
    "n_estimators": 800
  },
  "runtime_s": 909.7285599708557,
  "summary_preview": [
    {
      "criterion": "f1",
      "feature_set": "c110_snr",
      "model": "rf",
      "param_hash": "557f79c76653",
      "param_index": 23,
      "test_Brier_mean": 0.05533203344546246,
      "test_Brier_std": 0.0030154319004851355,
      "test_LogLoss_mean": 0.20549908165697922,
      "test_LogLoss_std": 0.00794540602505199,
      "test_PR_AUC_mean": 0.885446458551221,
      "test_PR_AUC_std": 0.011298084379960032,
      "test_Precision_mean": 0.8792135083516857,
      "test_Precision_std": 0.03494914091689047,
      "test_ROC_AUC_mean": 0.9526352015732548,
      "test_ROC_AUC_std": 0.005013481764202658,
      "test_Sensitivity_mean": 0.772142857142848,
      "test_Sensitivity_std": 0.0524741859544936,
      "test_Specificity_mean": 0.972920353982298,
      "test_Specificity_std": 0.010935341959699574,
      "val_Precision_mean": 0.9053436356713902,
      "val_Precision_std": 0.049625990175461994,
      "val_Sensitivity_mean": 0.7547619047618959,
      "val_Sensitivity_std": 0.03825585673197911,
      "val_Specificity_mean": 0.9793510324483746,
      "val_Specificity_std": 0.012892590426277559,
      "val_score_mean": 0.821204889210434,
      "val_score_std": 0.014916597219783211,
      "val_thr_mean": 0.44870726328738497,
      "val_thr_std": 0.10181401859319582
    },
    {
      "criterion": "youden",
      "feature_set": "c110_snr",
      "model": "rf",
      "param_hash": "557f79c76653",
      "param_index": 23,
      "test_Brier_mean": 0.05533203344546246,
      "test_Brier_std": 0.0030154319004851355,
      "test_LogLoss_mean": 0.20549908165697922,
      "test_LogLoss_std": 0.00794540602505199,
      "test_PR_AUC_mean": 0.885446458551221,
      "test_PR_AUC_std": 0.011298084379960032,
      "test_Precision_mean": 0.7698196576439779,
      "test_Precision_std": 0.05510105477180371,
      "test_ROC_AUC_mean": 0.9526352015732548,
      "test_ROC_AUC_std": 0.005013481764202658,
      "test_Sensitivity_mean": 0.8554761904761803,
      "test_Sensitivity_std": 0.030328427318816308,
      "test_Specificity_mean": 0.9349852507374604,
      "test_Specificity_std": 0.02064432294659847,
      "val_Precision_mean": 0.7855109703737726,
      "val_Precision_std": 0.04635267198359964,
      "val_Sensitivity_mean": 0.8159523809523713,
      "val_Sensitivity_std": 0.019863770850037384,
      "val_Specificity_mean": 0.9436578171091417,
      "val_Specificity_std": 0.016367219962864225,
      "val_score_mean": 0.759610198061513,
      "val_score_std": 0.01353822067714571,
      "val_thr_mean": 0.27854017713381746,
      "val_thr_std": 0.04435420341119762
    }
  ],
  "task_id": 407,
  "thr_grid_size": 600
}