{
  "feature_set": "c110_d110_snr",
  "model": "rf",
  "n_bootstrap": 50,
  "param_hash": "551bbcb96f06",
  "param_index": 22,
  "params": {
    "bootstrap": true,
    "class_weight": null,
    "max_depth": null,
    "max_features": "0.5",
    "min_samples_leaf": 4,
    "min_samples_split": 4,
    "n_estimators": 800
  },
  "runtime_s": 2085.921704053879,
  "summary_preview": [
    {
      "criterion": "f1",
      "feature_set": "c110_d110_snr",
      "model": "rf",
      "param_hash": "551bbcb96f06",
      "param_index": 22,
      "test_Brier_mean": 0.05397149114521424,
      "test_Brier_std": 0.0029265941024419675,
      "test_LogLoss_mean": 0.20278303443878742,
      "test_LogLoss_std": 0.0150500941341312,
      "test_PR_AUC_mean": 0.8775558278357916,
      "test_PR_AUC_std": 0.01117165306372192,
      "test_Precision_mean": 0.9050382493698393,
      "test_Precision_std": 0.03205192124435358,
      "test_ROC_AUC_mean": 0.9472159011097063,
      "test_ROC_AUC_std": 0.0053388070430181265,
      "test_Sensitivity_mean": 0.7669047619047528,
      "test_Sensitivity_std": 0.04601840953772751,
      "test_Specificity_mean": 0.9795280235988172,
      "test_Specificity_std": 0.00884775130564986,
      "val_Precision_mean": 0.9077955731861779,
      "val_Precision_std": 0.036361220819167664,
      "val_Sensitivity_mean": 0.730714285714277,
      "val_Sensitivity_std": 0.02589170517862364,
      "val_Specificity_mean": 0.9810619469026518,
      "val_Specificity_std": 0.009039952149489973,
      "val_score_mean": 0.8086861955339743,
      "val_score_std": 0.010853905875802915,
      "val_thr_mean": 0.48920389026043337,
      "val_thr_std": 0.08806570008732731
    },
    {
      "criterion": "youden",
      "feature_set": "c110_d110_snr",
      "model": "rf",
      "param_hash": "551bbcb96f06",
      "param_index": 22,
      "test_Brier_mean": 0.05397149114521424,
      "test_Brier_std": 0.0029265941024419675,
      "test_LogLoss_mean": 0.20278303443878742,
      "test_LogLoss_std": 0.0150500941341312,
      "test_PR_AUC_mean": 0.8775558278357916,
      "test_PR_AUC_std": 0.01117165306372192,
      "test_Precision_mean": 0.8234838216141002,
      "test_Precision_std": 0.0610032549250512,
      "test_ROC_AUC_mean": 0.9472159011097063,
      "test_ROC_AUC_std": 0.0053388070430181265,
      "test_Sensitivity_mean": 0.8283333333333235,
      "test_Sensitivity_std": 0.033936136268143506,
      "test_Specificity_mean": 0.9540412979351004,
      "test_Specificity_std": 0.020901897013271515,
      "val_Precision_mean": 0.79829106505176,
      "val_Precision_std": 0.07081995965516126,
      "val_Sensitivity_mean": 0.7790476190476099,
      "val_Sensitivity_std": 0.030437901117274582,
      "val_Specificity_mean": 0.9485545722713836,
      "val_Specificity_std": 0.02453706467287723,
      "val_score_mean": 0.7276021913189933,
      "val_score_std": 0.014470126226254558,
      "val_thr_mean": 0.3242357794060763,
      "val_thr_std": 0.08834977575103149
    }
  ],
  "task_id": 502,
  "thr_grid_size": 600
}