{
  "feature_set": "c110_d110_errors",
  "model": "bbag",
  "n_bootstrap": 50,
  "param_hash": "a7b61653c68d",
  "param_index": 22,
  "params": {
    "base_max_depth": 20,
    "base_max_features": "0.3",
    "base_min_samples_leaf": 4,
    "base_min_samples_split": 2,
    "bootstrap": true,
    "max_features": 0.5,
    "max_samples": 0.9,
    "n_estimators": 200,
    "replacement": true,
    "sampling_strategy": "auto"
  },
  "runtime_s": 53.725186586380005,
  "summary_preview": [
    {
      "criterion": "f1",
      "feature_set": "c110_d110_errors",
      "model": "bbag",
      "param_hash": "a7b61653c68d",
      "param_index": 22,
      "test_Brier_mean": 0.07234731658273437,
      "test_Brier_std": 0.0028528156154792074,
      "test_LogLoss_mean": 0.26760685820744856,
      "test_LogLoss_std": 0.008697991845310022,
      "test_PR_AUC_mean": 0.8901875212490444,
      "test_PR_AUC_std": 0.008584621235319246,
      "test_Precision_mean": 0.8533639464928047,
      "test_Precision_std": 0.02365757578399103,
      "test_ROC_AUC_mean": 0.9628915578030623,
      "test_ROC_AUC_std": 0.0035830807615398704,
      "test_Sensitivity_mean": 0.7526190476190386,
      "test_Sensitivity_std": 0.04571572823282801,
      "test_Specificity_mean": 0.9675516224188762,
      "test_Specificity_std": 0.007701503111039599,
      "val_Precision_mean": 0.8521014617176335,
      "val_Precision_std": 0.04055297839659654,
      "val_Sensitivity_mean": 0.7388095238095151,
      "val_Sensitivity_std": 0.03167194545975031,
      "val_Specificity_mean": 0.9673746312684337,
      "val_Specificity_std": 0.011745255293090485,
      "val_score_mean": 0.7899713476859651,
      "val_score_std": 0.010161709593996841,
      "val_thr_mean": 0.5695892752230148,
      "val_thr_std": 0.05247178784453052
    },
    {
      "criterion": "youden",
      "feature_set": "c110_d110_errors",
      "model": "bbag",
      "param_hash": "a7b61653c68d",
      "param_index": 22,
      "test_Brier_mean": 0.07234731658273437,
      "test_Brier_std": 0.0028528156154792074,
      "test_LogLoss_mean": 0.26760685820744856,
      "test_LogLoss_std": 0.008697991845310022,
      "test_PR_AUC_mean": 0.8901875212490444,
      "test_PR_AUC_std": 0.008584621235319246,
      "test_Precision_mean": 0.7941232837223805,
      "test_Precision_std": 0.042872467980367056,
      "test_ROC_AUC_mean": 0.9628915578030623,
      "test_ROC_AUC_std": 0.0035830807615398704,
      "test_Sensitivity_mean": 0.8371428571428473,
      "test_Sensitivity_std": 0.039258832868101695,
      "test_Specificity_mean": 0.9449557522123865,
      "test_Specificity_std": 0.016650769731663375,
      "val_Precision_mean": 0.7612788393935133,
      "val_Precision_std": 0.04990862656391618,
      "val_Sensitivity_mean": 0.7885714285714193,
      "val_Sensitivity_std": 0.01743674233738249,
      "val_Specificity_mean": 0.9374041297935075,
      "val_Specificity_std": 0.01760142001641234,
      "val_score_mean": 0.7259755583649268,
      "val_score_std": 0.013109516994773746,
      "val_thr_mean": 0.4698527579756545,
      "val_thr_std": 0.044800966893869906
    }
  ],
  "task_id": 382,
  "thr_grid_size": 600
}