{
  "feature_set": "c110_snr",
  "model": "brf",
  "n_bootstrap": 50,
  "param_hash": "0121368305ab",
  "param_index": 6,
  "params": {
    "max_depth": 10,
    "max_features": "0.3",
    "min_samples_leaf": 4,
    "min_samples_split": 4,
    "n_estimators": 4000,
    "replacement": false,
    "sampling_strategy": "auto"
  },
  "runtime_s": 1562.260159254074,
  "summary_preview": [
    {
      "criterion": "f1",
      "feature_set": "c110_snr",
      "model": "brf",
      "param_hash": "0121368305ab",
      "param_index": 6,
      "test_Brier_mean": 0.06340738576625883,
      "test_Brier_std": 0.003694689494307792,
      "test_LogLoss_mean": 0.24033779961228055,
      "test_LogLoss_std": 0.010425247789532273,
      "test_PR_AUC_mean": 0.8951702636190401,
      "test_PR_AUC_std": 0.010497368865910562,
      "test_Precision_mean": 0.8883622876900152,
      "test_Precision_std": 0.04328492632028712,
      "test_ROC_AUC_mean": 0.9592878213232195,
      "test_ROC_AUC_std": 0.005100792344731624,
      "test_Sensitivity_mean": 0.7654761904761814,
      "test_Sensitivity_std": 0.05165422635539884,
      "test_Specificity_mean": 0.9751622418879026,
      "test_Specificity_std": 0.013044451206289418,
      "val_Precision_mean": 0.9113295870991225,
      "val_Precision_std": 0.04890222530114564,
      "val_Sensitivity_mean": 0.7435714285714198,
      "val_Sensitivity_std": 0.04090197929015582,
      "val_Specificity_mean": 0.9809439528023569,
      "val_Specificity_std": 0.012729157494960132,
      "val_score_mean": 0.8167369093028468,
      "val_score_std": 0.013313993180306365,
      "val_thr_mean": 0.6134573172993312,
      "val_thr_std": 0.08748857653330148
    },
    {
      "criterion": "youden",
      "feature_set": "c110_snr",
      "model": "brf",
      "param_hash": "0121368305ab",
      "param_index": 6,
      "test_Brier_mean": 0.06340738576625883,
      "test_Brier_std": 0.003694689494307792,
      "test_LogLoss_mean": 0.24033779961228055,
      "test_LogLoss_std": 0.010425247789532273,
      "test_PR_AUC_mean": 0.8951702636190401,
      "test_PR_AUC_std": 0.010497368865910562,
      "test_Precision_mean": 0.7779610513647117,
      "test_Precision_std": 0.04883863417775502,
      "test_ROC_AUC_mean": 0.9592878213232195,
      "test_ROC_AUC_std": 0.005100792344731624,
      "test_Sensitivity_mean": 0.8642857142857041,
      "test_Sensitivity_std": 0.03591617701010649,
      "test_Specificity_mean": 0.9375221238938025,
      "test_Specificity_std": 0.018365729864046183,
      "val_Precision_mean": 0.7765073861267904,
      "val_Precision_std": 0.04550944797528702,
      "val_Sensitivity_mean": 0.8152380952380857,
      "val_Sensitivity_std": 0.021409666641981018,
      "val_Specificity_mean": 0.9407669616519146,
      "val_Specificity_std": 0.0158668738202146,
      "val_score_mean": 0.7560050568900002,
      "val_score_std": 0.015534107596868789,
      "val_thr_mean": 0.41593414773020987,
      "val_thr_std": 0.05142995532859923
    }
  ],
  "task_id": 438,
  "thr_grid_size": 600
}