{
  "feature_set": "c110_d110",
  "model": "rf",
  "n_bootstrap": 50,
  "param_hash": "508de71c9f66",
  "param_index": 1,
  "params": {
    "bootstrap": true,
    "class_weight": null,
    "max_depth": 20,
    "max_features": "0.5",
    "min_samples_leaf": 1,
    "min_samples_split": 8,
    "n_estimators": 2500
  },
  "runtime_s": 3551.234617471695,
  "summary_preview": [
    {
      "criterion": "f1",
      "feature_set": "c110_d110",
      "model": "rf",
      "param_hash": "508de71c9f66",
      "param_index": 1,
      "test_Brier_mean": 0.05505799519142014,
      "test_Brier_std": 0.003547660069899963,
      "test_LogLoss_mean": 0.20026600037856881,
      "test_LogLoss_std": 0.010178518623977149,
      "test_PR_AUC_mean": 0.8841249942676259,
      "test_PR_AUC_std": 0.012108180773750265,
      "test_Precision_mean": 0.9138217965275045,
      "test_Precision_std": 0.023105061852781848,
      "test_ROC_AUC_mean": 0.9521590110970642,
      "test_ROC_AUC_std": 0.006038133967558365,
      "test_Sensitivity_mean": 0.7359523809523723,
      "test_Sensitivity_std": 0.04680363568952849,
      "test_Specificity_mean": 0.9826548672566342,
      "test_Specificity_std": 0.005351709352343026,
      "val_Precision_mean": 0.9191726217991192,
      "val_Precision_std": 0.03317554831718135,
      "val_Sensitivity_mean": 0.7140476190476106,
      "val_Sensitivity_std": 0.023625381216071193,
      "val_Specificity_mean": 0.984070796460174,
      "val_Specificity_std": 0.00727462136604803,
      "val_score_mean": 0.8030057850086851,
      "val_score_std": 0.013598508039468247,
      "val_thr_mean": 0.5577867121787099,
      "val_thr_std": 0.05740691278910261
    },
    {
      "criterion": "youden",
      "feature_set": "c110_d110",
      "model": "rf",
      "param_hash": "508de71c9f66",
      "param_index": 1,
      "test_Brier_mean": 0.05505799519142014,
      "test_Brier_std": 0.003547660069899963,
      "test_LogLoss_mean": 0.20026600037856881,
      "test_LogLoss_std": 0.010178518623977149,
      "test_PR_AUC_mean": 0.8841249942676259,
      "test_PR_AUC_std": 0.012108180773750265,
      "test_Precision_mean": 0.8512297855918851,
      "test_Precision_std": 0.05639063761322834,
      "test_ROC_AUC_mean": 0.9521590110970642,
      "test_ROC_AUC_std": 0.006038133967558365,
      "test_Sensitivity_mean": 0.8149999999999903,
      "test_Sensitivity_std": 0.038271730375312896,
      "test_Specificity_mean": 0.9632448377581092,
      "test_Specificity_std": 0.01763085587260909,
      "val_Precision_mean": 0.808355133058089,
      "val_Precision_std": 0.07026560674279528,
      "val_Sensitivity_mean": 0.7604761904761814,
      "val_Sensitivity_std": 0.024007919775538872,
      "val_Specificity_mean": 0.9530383480825929,
      "val_Specificity_std": 0.022233708956500016,
      "val_score_mean": 0.7135145385587746,
      "val_score_std": 0.013780070652155283,
      "val_thr_mean": 0.4122981286099738,
      "val_thr_std": 0.08525864733243167
    }
  ],
  "task_id": 97,
  "thr_grid_size": 600
}