{
  "feature_set": "c110_d110",
  "model": "brf",
  "n_bootstrap": 50,
  "param_hash": "39773404cc03",
  "param_index": 16,
  "params": {
    "max_depth": null,
    "max_features": "0.2",
    "min_samples_leaf": 1,
    "min_samples_split": 2,
    "n_estimators": 4000,
    "replacement": false,
    "sampling_strategy": "auto"
  },
  "runtime_s": 1409.2836754322052,
  "summary_preview": [
    {
      "criterion": "f1",
      "feature_set": "c110_d110",
      "model": "brf",
      "param_hash": "39773404cc03",
      "param_index": 16,
      "test_Brier_mean": 0.06381232513593381,
      "test_Brier_std": 0.0025296188840424516,
      "test_LogLoss_mean": 0.23774118619171525,
      "test_LogLoss_std": 0.008343091159116562,
      "test_PR_AUC_mean": 0.9020047236458824,
      "test_PR_AUC_std": 0.005876038066960053,
      "test_Precision_mean": 0.8938769479076365,
      "test_Precision_std": 0.0262642263591129,
      "test_ROC_AUC_mean": 0.9595933417614834,
      "test_ROC_AUC_std": 0.0032058769516052086,
      "test_Sensitivity_mean": 0.8049999999999905,
      "test_Sensitivity_std": 0.018140766722490813,
      "test_Specificity_mean": 0.976047197640115,
      "test_Specificity_std": 0.007067595547656673,
      "val_Precision_mean": 0.903790421087117,
      "val_Precision_std": 0.02190270206306692,
      "val_Sensitivity_mean": 0.7623809523809433,
      "val_Sensitivity_std": 0.01968091992039353,
      "val_Specificity_mean": 0.9797050147492595,
      "val_Specificity_std": 0.0054503484919425985,
      "val_score_mean": 0.8267070777357449,
      "val_score_std": 0.01097344957558235,
      "val_thr_mean": 0.6146334557595994,
      "val_thr_std": 0.042511653933228075
    },
    {
      "criterion": "youden",
      "feature_set": "c110_d110",
      "model": "brf",
      "param_hash": "39773404cc03",
      "param_index": 16,
      "test_Brier_mean": 0.06381232513593381,
      "test_Brier_std": 0.0025296188840424516,
      "test_LogLoss_mean": 0.23774118619171525,
      "test_LogLoss_std": 0.008343091159116562,
      "test_PR_AUC_mean": 0.9020047236458824,
      "test_PR_AUC_std": 0.005876038066960053,
      "test_Precision_mean": 0.8403802690846741,
      "test_Precision_std": 0.05598740569648511,
      "test_ROC_AUC_mean": 0.9595933417614834,
      "test_ROC_AUC_std": 0.0032058769516052086,
      "test_Sensitivity_mean": 0.8447619047618947,
      "test_Sensitivity_std": 0.03686673171384777,
      "test_Specificity_mean": 0.9584070796460148,
      "test_Specificity_std": 0.02046539833390313,
      "val_Precision_mean": 0.8387286323319653,
      "val_Precision_std": 0.0642622180158272,
      "val_Sensitivity_mean": 0.791428571428562,
      "val_Sensitivity_std": 0.02284742261734215,
      "val_Specificity_mean": 0.9603539823008821,
      "val_Specificity_std": 0.02127302464070327,
      "val_score_mean": 0.751782553729444,
      "val_score_std": 0.010605043734331153,
      "val_thr_mean": 0.5318264524207011,
      "val_thr_std": 0.07132359250337253
    }
  ],
  "task_id": 160,
  "thr_grid_size": 600
}