{
  "feature_set": "c110_errors",
  "model": "rf",
  "n_bootstrap": 50,
  "param_hash": "e2827663f47c",
  "param_index": 8,
  "params": {
    "bootstrap": true,
    "class_weight": null,
    "max_depth": null,
    "max_features": "0.3",
    "min_samples_leaf": 2,
    "min_samples_split": 8,
    "n_estimators": 2500
  },
  "runtime_s": 2168.9106407165527,
  "summary_preview": [
    {
      "criterion": "f1",
      "feature_set": "c110_errors",
      "model": "rf",
      "param_hash": "e2827663f47c",
      "param_index": 8,
      "test_Brier_mean": 0.0529313454793569,
      "test_Brier_std": 0.0027458908148662296,
      "test_LogLoss_mean": 0.19095631490379134,
      "test_LogLoss_std": 0.006983854035886292,
      "test_PR_AUC_mean": 0.9014079078226171,
      "test_PR_AUC_std": 0.009754585628212478,
      "test_Precision_mean": 0.9014564093098653,
      "test_Precision_std": 0.027151551872055032,
      "test_ROC_AUC_mean": 0.9624343306644192,
      "test_ROC_AUC_std": 0.003969386160229005,
      "test_Sensitivity_mean": 0.7542857142857053,
      "test_Sensitivity_std": 0.05963352376591682,
      "test_Specificity_mean": 0.9790560471976372,
      "test_Specificity_std": 0.007730272367401644,
      "val_Precision_mean": 0.9086959955684583,
      "val_Precision_std": 0.03476398284680059,
      "val_Sensitivity_mean": 0.7261904761904675,
      "val_Sensitivity_std": 0.033585744316549766,
      "val_Specificity_mean": 0.9813569321533894,
      "val_Specificity_std": 0.008352802684741555,
      "val_score_mean": 0.8059919825958478,
      "val_score_std": 0.013091610044820024,
      "val_thr_mean": 0.4779346408659386,
      "val_thr_std": 0.0762844209553999
    },
    {
      "criterion": "youden",
      "feature_set": "c110_errors",
      "model": "rf",
      "param_hash": "e2827663f47c",
      "param_index": 8,
      "test_Brier_mean": 0.0529313454793569,
      "test_Brier_std": 0.0027458908148662296,
      "test_LogLoss_mean": 0.19095631490379134,
      "test_LogLoss_std": 0.006983854035886292,
      "test_PR_AUC_mean": 0.9014079078226171,
      "test_PR_AUC_std": 0.009754585628212478,
      "test_Precision_mean": 0.8084816942877769,
      "test_Precision_std": 0.0740016498103491,
      "test_ROC_AUC_mean": 0.9624343306644192,
      "test_ROC_AUC_std": 0.003969386160229005,
      "test_Sensitivity_mean": 0.8507142857142757,
      "test_Sensitivity_std": 0.03931552010062909,
      "test_Specificity_mean": 0.9468436578171062,
      "test_Specificity_std": 0.02945327936939506,
      "val_Precision_mean": 0.7704854558478548,
      "val_Precision_std": 0.08209632149150552,
      "val_Sensitivity_mean": 0.7945238095238001,
      "val_Sensitivity_std": 0.036141756629438034,
      "val_Specificity_mean": 0.9371681415929176,
      "val_Specificity_std": 0.03278999900931652,
      "val_score_mean": 0.7316919511167176,
      "val_score_std": 0.016826068791978118,
      "val_thr_mean": 0.3193268762012648,
      "val_thr_std": 0.06658413533860842
    }
  ],
  "task_id": 200,
  "thr_grid_size": 600
}