{
  "feature_set": "c110",
  "model": "rf",
  "n_bootstrap": 50,
  "param_hash": "70c8fabffc12",
  "param_index": 21,
  "params": {
    "bootstrap": true,
    "class_weight": null,
    "max_depth": 30,
    "max_features": "0.2",
    "min_samples_leaf": 4,
    "min_samples_split": 4,
    "n_estimators": 1500
  },
  "runtime_s": 451.20344519615173,
  "summary_preview": [
    {
      "criterion": "f1",
      "feature_set": "c110",
      "model": "rf",
      "param_hash": "70c8fabffc12",
      "param_index": 21,
      "test_Brier_mean": 0.05488956603515284,
      "test_Brier_std": 0.0022524705296807427,
      "test_LogLoss_mean": 0.19703166289463778,
      "test_LogLoss_std": 0.006716827650245956,
      "test_PR_AUC_mean": 0.8979350495010059,
      "test_PR_AUC_std": 0.009238285462156054,
      "test_Precision_mean": 0.9041312799169172,
      "test_Precision_std": 0.023352166463045564,
      "test_ROC_AUC_mean": 0.9605815423514538,
      "test_ROC_AUC_std": 0.004577180152205519,
      "test_Sensitivity_mean": 0.76404761904761,
      "test_Sensitivity_std": 0.039862001067013125,
      "test_Specificity_mean": 0.9795870206489645,
      "test_Specificity_std": 0.006685387952819861,
      "val_Precision_mean": 0.9035340496350472,
      "val_Precision_std": 0.037973262134066335,
      "val_Sensitivity_mean": 0.7278571428571342,
      "val_Sensitivity_std": 0.026998533664417297,
      "val_Specificity_mean": 0.9801769911504395,
      "val_Specificity_std": 0.00932901414379882,
      "val_score_mean": 0.8052079940445144,
      "val_score_std": 0.01304509975773646,
      "val_thr_mean": 0.44764356380391723,
      "val_thr_std": 0.056294939410345066
    },
    {
      "criterion": "youden",
      "feature_set": "c110",
      "model": "rf",
      "param_hash": "70c8fabffc12",
      "param_index": 21,
      "test_Brier_mean": 0.05488956603515284,
      "test_Brier_std": 0.0022524705296807427,
      "test_LogLoss_mean": 0.19703166289463778,
      "test_LogLoss_std": 0.006716827650245956,
      "test_PR_AUC_mean": 0.8979350495010059,
      "test_PR_AUC_std": 0.009238285462156054,
      "test_Precision_mean": 0.8116375170783331,
      "test_Precision_std": 0.04787152621105337,
      "test_ROC_AUC_mean": 0.9605815423514538,
      "test_ROC_AUC_std": 0.004577180152205519,
      "test_Sensitivity_mean": 0.8464285714285614,
      "test_Sensitivity_std": 0.03437310022348212,
      "test_Specificity_mean": 0.9500294985250709,
      "test_Specificity_std": 0.0173178487992289,
      "val_Precision_mean": 0.7733908975633651,
      "val_Precision_std": 0.05306569259760019,
      "val_Sensitivity_mean": 0.7916666666666573,
      "val_Sensitivity_std": 0.028886543795004813,
      "val_Specificity_mean": 0.9408259587020621,
      "val_Specificity_std": 0.019832226787115673,
      "val_score_mean": 0.7324926253687194,
      "val_score_std": 0.01767908390923281,
      "val_thr_mean": 0.29663129749301126,
      "val_thr_std": 0.04869609267033466
    }
  ],
  "task_id": 21,
  "thr_grid_size": 600
}