{
  "feature_set": "c110_d110_snr",
  "model": "bbag",
  "n_bootstrap": 50,
  "param_hash": "3b90164009b1",
  "param_index": 16,
  "params": {
    "base_max_depth": 10,
    "base_max_features": "sqrt",
    "base_min_samples_leaf": 2,
    "base_min_samples_split": 2,
    "bootstrap": true,
    "max_features": 0.9,
    "max_samples": 0.9,
    "n_estimators": 800,
    "replacement": false,
    "sampling_strategy": "auto"
  },
  "runtime_s": 128.22667717933655,
  "summary_preview": [
    {
      "criterion": "f1",
      "feature_set": "c110_d110_snr",
      "model": "bbag",
      "param_hash": "3b90164009b1",
      "param_index": 16,
      "test_Brier_mean": 0.08735794698042616,
      "test_Brier_std": 0.002837429987150854,
      "test_LogLoss_mean": 0.31446187099797746,
      "test_LogLoss_std": 0.007988877268649433,
      "test_PR_AUC_mean": 0.844413271997004,
      "test_PR_AUC_std": 0.010573913552434104,
      "test_Precision_mean": 0.8085086772002126,
      "test_Precision_std": 0.03228575490706039,
      "test_ROC_AUC_mean": 0.9398286276162382,
      "test_ROC_AUC_std": 0.005537044989426827,
      "test_Sensitivity_mean": 0.7109523809523725,
      "test_Sensitivity_std": 0.03493977153305061,
      "test_Specificity_mean": 0.9575811209439499,
      "test_Specificity_std": 0.012413866770088683,
      "val_Precision_mean": 0.7973996498558046,
      "val_Precision_std": 0.04271966211948969,
      "val_Sensitivity_mean": 0.7123809523809439,
      "val_Sensitivity_std": 0.029784733712910707,
      "val_Specificity_mean": 0.954100294985248,
      "val_Specificity_std": 0.014317440006292878,
      "val_score_mean": 0.7509874977149091,
      "val_score_std": 0.011675673119920418,
      "val_thr_mean": 0.49931046196584666,
      "val_thr_std": 0.03280846555246406
    },
    {
      "criterion": "youden",
      "feature_set": "c110_d110_snr",
      "model": "bbag",
      "param_hash": "3b90164009b1",
      "param_index": 16,
      "test_Brier_mean": 0.08735794698042616,
      "test_Brier_std": 0.002837429987150854,
      "test_LogLoss_mean": 0.31446187099797746,
      "test_LogLoss_std": 0.007988877268649433,
      "test_PR_AUC_mean": 0.844413271997004,
      "test_PR_AUC_std": 0.010573913552434104,
      "test_Precision_mean": 0.6859761623797489,
      "test_Precision_std": 0.051879354042161256,
      "test_ROC_AUC_mean": 0.9398286276162382,
      "test_ROC_AUC_std": 0.005537044989426827,
      "test_Sensitivity_mean": 0.8111904761904666,
      "test_Sensitivity_std": 0.03639694187626682,
      "test_Specificity_mean": 0.9060176991150415,
      "test_Specificity_std": 0.023696519811843807,
      "val_Precision_mean": 0.6721861693478737,
      "val_Precision_std": 0.038472444087857646,
      "val_Sensitivity_mean": 0.7892857142857049,
      "val_Sensitivity_std": 0.016178824481666867,
      "val_Specificity_mean": 0.9034808259586994,
      "val_Specificity_std": 0.017669390889343297,
      "val_score_mean": 0.6927665402444043,
      "val_score_std": 0.012626731858309856,
      "val_thr_mean": 0.40456049011019196,
      "val_thr_std": 0.028198371983955386
    }
  ],
  "task_id": 568,
  "thr_grid_size": 600
}