{
  "feature_set": "c110_errors",
  "model": "brf",
  "n_bootstrap": 50,
  "param_hash": "d46ad37179de",
  "param_index": 18,
  "params": {
    "max_depth": 20,
    "max_features": "sqrt",
    "min_samples_leaf": 1,
    "min_samples_split": 4,
    "n_estimators": 800,
    "replacement": true,
    "sampling_strategy": "auto"
  },
  "runtime_s": 278.5940387248993,
  "summary_preview": [
    {
      "criterion": "f1",
      "feature_set": "c110_errors",
      "model": "brf",
      "param_hash": "d46ad37179de",
      "param_index": 18,
      "test_Brier_mean": 0.07887884457675495,
      "test_Brier_std": 0.0030188401967593276,
      "test_LogLoss_mean": 0.2841158933710176,
      "test_LogLoss_std": 0.0075954466917221315,
      "test_PR_AUC_mean": 0.889987300566474,
      "test_PR_AUC_std": 0.012184077101568862,
      "test_Precision_mean": 0.8648469822662177,
      "test_Precision_std": 0.031741046529879635,
      "test_ROC_AUC_mean": 0.9599178255372947,
      "test_ROC_AUC_std": 0.006007064681722515,
      "test_Sensitivity_mean": 0.7485714285714197,
      "test_Sensitivity_std": 0.06177192895192499,
      "test_Specificity_mean": 0.9702654867256608,
      "test_Specificity_std": 0.009987268870036583,
      "val_Precision_mean": 0.8530498554353388,
      "val_Precision_std": 0.04459215336634736,
      "val_Sensitivity_mean": 0.72357142857142,
      "val_Sensitivity_std": 0.03220443656777085,
      "val_Specificity_mean": 0.968141592920351,
      "val_Specificity_std": 0.0123293205548485,
      "val_score_mean": 0.7813488753869811,
      "val_score_std": 0.009959536292621907,
      "val_thr_mean": 0.5915702630541412,
      "val_thr_std": 0.04683868742858415
    },
    {
      "criterion": "youden",
      "feature_set": "c110_errors",
      "model": "brf",
      "param_hash": "d46ad37179de",
      "param_index": 18,
      "test_Brier_mean": 0.07887884457675495,
      "test_Brier_std": 0.0030188401967593276,
      "test_LogLoss_mean": 0.2841158933710176,
      "test_LogLoss_std": 0.0075954466917221315,
      "test_PR_AUC_mean": 0.889987300566474,
      "test_PR_AUC_std": 0.012184077101568862,
      "test_Precision_mean": 0.757905428260176,
      "test_Precision_std": 0.06012078595307333,
      "test_ROC_AUC_mean": 0.9599178255372947,
      "test_ROC_AUC_std": 0.006007064681722515,
      "test_Sensitivity_mean": 0.8638095238095136,
      "test_Sensitivity_std": 0.039090497683152314,
      "test_Specificity_mean": 0.9291445427728585,
      "test_Specificity_std": 0.025864192204630144,
      "val_Precision_mean": 0.7159114327179652,
      "val_Precision_std": 0.05987959674432225,
      "val_Sensitivity_mean": 0.7957142857142763,
      "val_Sensitivity_std": 0.030170662396648208,
      "val_Specificity_mean": 0.9191150442477849,
      "val_Specificity_std": 0.026438678085392308,
      "val_score_mean": 0.7148293299620612,
      "val_score_std": 0.01656198878459669,
      "val_thr_mean": 0.4720138600350111,
      "val_thr_std": 0.039748111785151745
    }
  ],
  "task_id": 258,
  "thr_grid_size": 600
}