{
  "feature_set": "c110_snr",
  "model": "bbag",
  "n_bootstrap": 50,
  "param_hash": "5fe73619adf5",
  "param_index": 8,
  "params": {
    "base_max_depth": 10,
    "base_max_features": "0.3",
    "base_min_samples_leaf": 2,
    "base_min_samples_split": 4,
    "bootstrap": true,
    "max_features": 0.5,
    "max_samples": 1.0,
    "n_estimators": 200,
    "replacement": true,
    "sampling_strategy": "auto"
  },
  "runtime_s": 41.96416258811951,
  "summary_preview": [
    {
      "criterion": "f1",
      "feature_set": "c110_snr",
      "model": "bbag",
      "param_hash": "5fe73619adf5",
      "param_index": 8,
      "test_Brier_mean": 0.08790493066270776,
      "test_Brier_std": 0.003180870889420143,
      "test_LogLoss_mean": 0.3159565945665296,
      "test_LogLoss_std": 0.008329374467443609,
      "test_PR_AUC_mean": 0.8394487601882595,
      "test_PR_AUC_std": 0.014185030310095227,
      "test_Precision_mean": 0.8133594746896406,
      "test_Precision_std": 0.02851022668829473,
      "test_ROC_AUC_mean": 0.938369855316758,
      "test_ROC_AUC_std": 0.007396789412075912,
      "test_Sensitivity_mean": 0.7297619047618962,
      "test_Sensitivity_std": 0.04665260790593551,
      "test_Specificity_mean": 0.9579351032448349,
      "test_Specificity_std": 0.010197887388677373,
      "val_Precision_mean": 0.7880169976865925,
      "val_Precision_std": 0.04346124328176482,
      "val_Sensitivity_mean": 0.7199999999999914,
      "val_Sensitivity_std": 0.038273997501226883,
      "val_Specificity_mean": 0.9508554572271357,
      "val_Specificity_std": 0.01459323893428351,
      "val_score_mean": 0.7506180183648895,
      "val_score_std": 0.014749064115838047,
      "val_thr_mean": 0.49308112677198723,
      "val_thr_std": 0.034848097993735
    },
    {
      "criterion": "youden",
      "feature_set": "c110_snr",
      "model": "bbag",
      "param_hash": "5fe73619adf5",
      "param_index": 8,
      "test_Brier_mean": 0.08790493066270776,
      "test_Brier_std": 0.003180870889420143,
      "test_LogLoss_mean": 0.3159565945665296,
      "test_LogLoss_std": 0.008329374467443609,
      "test_PR_AUC_mean": 0.8394487601882595,
      "test_PR_AUC_std": 0.014185030310095227,
      "test_Precision_mean": 0.6918758281291065,
      "test_Precision_std": 0.0672092341591849,
      "test_ROC_AUC_mean": 0.938369855316758,
      "test_ROC_AUC_std": 0.007396789412075912,
      "test_Sensitivity_mean": 0.8188095238095141,
      "test_Sensitivity_std": 0.03626000303212657,
      "test_Specificity_mean": 0.9060176991150415,
      "test_Specificity_std": 0.03175975870702623,
      "val_Precision_mean": 0.6726119511869606,
      "val_Precision_std": 0.04950000656879082,
      "val_Sensitivity_mean": 0.7926190476190382,
      "val_Sensitivity_std": 0.028669454452166176,
      "val_Specificity_mean": 0.902477876106192,
      "val_Specificity_std": 0.022782600618719093,
      "val_score_mean": 0.6950969237252302,
      "val_score_std": 0.021725477552436912,
      "val_thr_mean": 0.40934965793504885,
      "val_thr_std": 0.03235444386113852
    }
  ],
  "task_id": 464,
  "thr_grid_size": 600
}