{
  "feature_set": "c110_d110",
  "model": "bbag",
  "n_bootstrap": 50,
  "param_hash": "5fe73619adf5",
  "param_index": 8,
  "params": {
    "base_max_depth": 10,
    "base_max_features": "0.3",
    "base_min_samples_leaf": 2,
    "base_min_samples_split": 4,
    "bootstrap": true,
    "max_features": 0.5,
    "max_samples": 1.0,
    "n_estimators": 200,
    "replacement": true,
    "sampling_strategy": "auto"
  },
  "runtime_s": 41.54877471923828,
  "summary_preview": [
    {
      "criterion": "f1",
      "feature_set": "c110_d110",
      "model": "bbag",
      "param_hash": "5fe73619adf5",
      "param_index": 8,
      "test_Brier_mean": 0.07002505165048714,
      "test_Brier_std": 0.002141980879605688,
      "test_LogLoss_mean": 0.2639888275755778,
      "test_LogLoss_std": 0.006873797190280777,
      "test_PR_AUC_mean": 0.8895854183367524,
      "test_PR_AUC_std": 0.007784681073030339,
      "test_Precision_mean": 0.8648500214819669,
      "test_Precision_std": 0.03301226820340202,
      "test_ROC_AUC_mean": 0.9574223907852226,
      "test_ROC_AUC_std": 0.00364599904132523,
      "test_Sensitivity_mean": 0.7733333333333242,
      "test_Sensitivity_std": 0.054313242129594076,
      "test_Specificity_mean": 0.9692625368731533,
      "test_Specificity_std": 0.01042657881189138,
      "val_Precision_mean": 0.8644659786651723,
      "val_Precision_std": 0.049095305881932366,
      "val_Sensitivity_mean": 0.7435714285714198,
      "val_Sensitivity_std": 0.032731799907135976,
      "val_Specificity_mean": 0.9699705014749234,
      "val_Specificity_std": 0.013375158090464518,
      "val_score_mean": 0.7976026316893784,
      "val_score_std": 0.009869461439768707,
      "val_thr_mean": 0.5525956669304368,
      "val_thr_std": 0.07066992226877225
    },
    {
      "criterion": "youden",
      "feature_set": "c110_d110",
      "model": "bbag",
      "param_hash": "5fe73619adf5",
      "param_index": 8,
      "test_Brier_mean": 0.07002505165048714,
      "test_Brier_std": 0.002141980879605688,
      "test_LogLoss_mean": 0.2639888275755778,
      "test_LogLoss_std": 0.006873797190280777,
      "test_PR_AUC_mean": 0.8895854183367524,
      "test_PR_AUC_std": 0.007784681073030339,
      "test_Precision_mean": 0.7968203052204048,
      "test_Precision_std": 0.03772124261951111,
      "test_ROC_AUC_mean": 0.9574223907852226,
      "test_ROC_AUC_std": 0.00364599904132523,
      "test_Sensitivity_mean": 0.8504761904761804,
      "test_Sensitivity_std": 0.01880924702407934,
      "test_Specificity_mean": 0.9455457227138615,
      "test_Specificity_std": 0.013368783528588222,
      "val_Precision_mean": 0.7729022298632632,
      "val_Precision_std": 0.03387522324660203,
      "val_Sensitivity_mean": 0.795476190476181,
      "val_Sensitivity_std": 0.012656078200774756,
      "val_Specificity_mean": 0.9414749262536845,
      "val_Specificity_std": 0.012043115657895292,
      "val_score_mean": 0.7369511167298656,
      "val_score_std": 0.009147295051684864,
      "val_thr_mean": 0.44395266089376145,
      "val_thr_std": 0.025557416683529694
    }
  ],
  "task_id": 176,
  "thr_grid_size": 600
}