{
  "feature_set": "c110",
  "model": "rf",
  "n_bootstrap": 50,
  "param_hash": "77d725949d24",
  "param_index": 11,
  "params": {
    "bootstrap": true,
    "class_weight": "balanced",
    "max_depth": 10,
    "max_features": "sqrt",
    "min_samples_leaf": 2,
    "min_samples_split": 8,
    "n_estimators": 800
  },
  "runtime_s": 194.51712775230408,
  "summary_preview": [
    {
      "criterion": "f1",
      "feature_set": "c110",
      "model": "rf",
      "param_hash": "77d725949d24",
      "param_index": 11,
      "test_Brier_mean": 0.05765305664165386,
      "test_Brier_std": 0.001582342628181032,
      "test_LogLoss_mean": 0.21331274201330908,
      "test_LogLoss_std": 0.0048171086512570115,
      "test_PR_AUC_mean": 0.9044462919805203,
      "test_PR_AUC_std": 0.006721098809750585,
      "test_Precision_mean": 0.8783798209570515,
      "test_Precision_std": 0.03722881662955071,
      "test_ROC_AUC_mean": 0.9640181205225453,
      "test_ROC_AUC_std": 0.0030814881099824934,
      "test_Sensitivity_mean": 0.774285714285705,
      "test_Sensitivity_std": 0.05208414895932178,
      "test_Specificity_mean": 0.9725663716814129,
      "test_Specificity_std": 0.011153375699844937,
      "val_Precision_mean": 0.879635119197798,
      "val_Precision_std": 0.049815367074793435,
      "val_Sensitivity_mean": 0.7585714285714196,
      "val_Sensitivity_std": 0.03280506005763088,
      "val_Specificity_mean": 0.9731563421828879,
      "val_Specificity_std": 0.013019377754551496,
      "val_score_mean": 0.8127542617060954,
      "val_score_std": 0.009752629260352344,
      "val_thr_mean": 0.41357683709602766,
      "val_thr_std": 0.06581691539823918
    },
    {
      "criterion": "youden",
      "feature_set": "c110",
      "model": "rf",
      "param_hash": "77d725949d24",
      "param_index": 11,
      "test_Brier_mean": 0.05765305664165386,
      "test_Brier_std": 0.001582342628181032,
      "test_LogLoss_mean": 0.21331274201330908,
      "test_LogLoss_std": 0.0048171086512570115,
      "test_PR_AUC_mean": 0.9044462919805203,
      "test_PR_AUC_std": 0.006721098809750585,
      "test_Precision_mean": 0.8100947421188377,
      "test_Precision_std": 0.03746229621437596,
      "test_ROC_AUC_mean": 0.9640181205225453,
      "test_ROC_AUC_std": 0.0030814881099824934,
      "test_Sensitivity_mean": 0.8604761904761803,
      "test_Sensitivity_std": 0.026241226560524716,
      "test_Specificity_mean": 0.949203539823006,
      "test_Specificity_std": 0.013409634305641174,
      "val_Precision_mean": 0.7935964870413166,
      "val_Precision_std": 0.03560685090613653,
      "val_Sensitivity_mean": 0.8057142857142762,
      "val_Sensitivity_std": 0.013269666124578893,
      "val_Specificity_mean": 0.9474336283185812,
      "val_Specificity_std": 0.012539121641794892,
      "val_score_mean": 0.7531479140328574,
      "val_score_std": 0.010328161002752918,
      "val_thr_mean": 0.303542385981196,
      "val_thr_std": 0.030149888225456285
    }
  ],
  "task_id": 11,
  "thr_grid_size": 600
}