{
  "feature_set": "c110",
  "model": "brf",
  "n_bootstrap": 50,
  "param_hash": "97f9c5e2caa7",
  "param_index": 10,
  "params": {
    "max_depth": 20,
    "max_features": "0.5",
    "min_samples_leaf": 2,
    "min_samples_split": 4,
    "n_estimators": 2500,
    "replacement": false,
    "sampling_strategy": "auto"
  },
  "runtime_s": 1020.649078130722,
  "summary_preview": [
    {
      "criterion": "f1",
      "feature_set": "c110",
      "model": "brf",
      "param_hash": "97f9c5e2caa7",
      "param_index": 10,
      "test_Brier_mean": 0.06572679816438139,
      "test_Brier_std": 0.0046261616545792555,
      "test_LogLoss_mean": 0.23922156677000184,
      "test_LogLoss_std": 0.013028892652915429,
      "test_PR_AUC_mean": 0.8994433720129855,
      "test_PR_AUC_std": 0.01379570669480676,
      "test_Precision_mean": 0.8698467331665423,
      "test_Precision_std": 0.045493479266943596,
      "test_ROC_AUC_mean": 0.9581166596432084,
      "test_ROC_AUC_std": 0.007546585630614247,
      "test_Sensitivity_mean": 0.7823809523809432,
      "test_Sensitivity_std": 0.06372628485749808,
      "test_Specificity_mean": 0.9696165191740385,
      "test_Specificity_std": 0.0144174339608563,
      "val_Precision_mean": 0.9019847643654667,
      "val_Precision_std": 0.04827456759998265,
      "val_Sensitivity_mean": 0.7526190476190386,
      "val_Sensitivity_std": 0.04404006711717071,
      "val_Specificity_mean": 0.9785840707964573,
      "val_Specificity_std": 0.012667624435954497,
      "val_score_mean": 0.8182234614805782,
      "val_score_std": 0.014621466948534664,
      "val_thr_mean": 0.6231456820414979,
      "val_thr_std": 0.09981434130225955
    },
    {
      "criterion": "youden",
      "feature_set": "c110",
      "model": "brf",
      "param_hash": "97f9c5e2caa7",
      "param_index": 10,
      "test_Brier_mean": 0.06572679816438139,
      "test_Brier_std": 0.0046261616545792555,
      "test_LogLoss_mean": 0.23922156677000184,
      "test_LogLoss_std": 0.013028892652915429,
      "test_PR_AUC_mean": 0.8994433720129855,
      "test_PR_AUC_std": 0.01379570669480676,
      "test_Precision_mean": 0.786491057636075,
      "test_Precision_std": 0.053485588925404615,
      "test_ROC_AUC_mean": 0.9581166596432084,
      "test_ROC_AUC_std": 0.007546585630614247,
      "test_Sensitivity_mean": 0.8595238095237994,
      "test_Sensitivity_std": 0.035511246628947016,
      "test_Specificity_mean": 0.9406489675516195,
      "test_Specificity_std": 0.01974454918367087,
      "val_Precision_mean": 0.7958986915354062,
      "val_Precision_std": 0.05925841330349281,
      "val_Sensitivity_mean": 0.8114285714285618,
      "val_Sensitivity_std": 0.022090520926706582,
      "val_Specificity_mean": 0.9467256637168113,
      "val_Specificity_std": 0.019894808349989357,
      "val_score_mean": 0.7581542351453732,
      "val_score_std": 0.01633110110291479,
      "val_thr_mean": 0.46623694008373595,
      "val_thr_std": 0.0579042502192235
    }
  ],
  "task_id": 58,
  "thr_grid_size": 600
}