{
  "feature_set": "c110",
  "model": "bbag",
  "n_bootstrap": 50,
  "param_hash": "45b09d797f91",
  "param_index": 7,
  "params": {
    "base_max_depth": 10,
    "base_max_features": "0.3",
    "base_min_samples_leaf": 4,
    "base_min_samples_split": 8,
    "bootstrap": true,
    "max_features": 0.9,
    "max_samples": 0.7,
    "n_estimators": 200,
    "replacement": false,
    "sampling_strategy": "auto"
  },
  "runtime_s": 33.91108465194702,
  "summary_preview": [
    {
      "criterion": "f1",
      "feature_set": "c110",
      "model": "bbag",
      "param_hash": "45b09d797f91",
      "param_index": 7,
      "test_Brier_mean": 0.07457987467429113,
      "test_Brier_std": 0.00285276509488917,
      "test_LogLoss_mean": 0.2778039658588869,
      "test_LogLoss_std": 0.008939513159795073,
      "test_PR_AUC_mean": 0.8825972979277179,
      "test_PR_AUC_std": 0.0067517435795493,
      "test_Precision_mean": 0.8397137294916007,
      "test_Precision_std": 0.02190420068538501,
      "test_ROC_AUC_mean": 0.9567509481668773,
      "test_ROC_AUC_std": 0.004068135389157893,
      "test_Sensitivity_mean": 0.7904761904761811,
      "test_Sensitivity_std": 0.03922640338323353,
      "test_Specificity_mean": 0.9622418879056017,
      "test_Specificity_std": 0.007655247418704123,
      "val_Precision_mean": 0.8089093695382494,
      "val_Precision_std": 0.034546745942502816,
      "val_Sensitivity_mean": 0.7647619047618958,
      "val_Sensitivity_std": 0.02921608336257435,
      "val_Specificity_mean": 0.9545132743362802,
      "val_Specificity_std": 0.011182633842679722,
      "val_score_mean": 0.7850569432017105,
      "val_score_std": 0.008597432886532055,
      "val_thr_mean": 0.5153929527881358,
      "val_thr_std": 0.0453034684482566
    },
    {
      "criterion": "youden",
      "feature_set": "c110",
      "model": "bbag",
      "param_hash": "45b09d797f91",
      "param_index": 7,
      "test_Brier_mean": 0.07457987467429113,
      "test_Brier_std": 0.00285276509488917,
      "test_LogLoss_mean": 0.2778039658588869,
      "test_LogLoss_std": 0.008939513159795073,
      "test_PR_AUC_mean": 0.8825972979277179,
      "test_PR_AUC_std": 0.0067517435795493,
      "test_Precision_mean": 0.7842769704116237,
      "test_Precision_std": 0.04459110676672774,
      "test_ROC_AUC_mean": 0.9567509481668773,
      "test_ROC_AUC_std": 0.004068135389157893,
      "test_Sensitivity_mean": 0.8490476190476091,
      "test_Sensitivity_std": 0.026395083801477513,
      "test_Specificity_mean": 0.940943952802357,
      "test_Specificity_std": 0.01746163395597623,
      "val_Precision_mean": 0.7317004029745752,
      "val_Precision_std": 0.038027004446599594,
      "val_Sensitivity_mean": 0.8095238095238,
      "val_Sensitivity_std": 0.013816391844618848,
      "val_Specificity_mean": 0.9255457227138615,
      "val_Specificity_std": 0.015305390488262412,
      "val_score_mean": 0.7350695322376615,
      "val_score_std": 0.010478965370477631,
      "val_thr_mean": 0.43452216587969444,
      "val_thr_std": 0.03588270304871115
    }
  ],
  "task_id": 79,
  "thr_grid_size": 600
}