{
  "feature_set": "c110",
  "model": "bbag",
  "n_bootstrap": 50,
  "param_hash": "5fe73619adf5",
  "param_index": 8,
  "params": {
    "base_max_depth": 10,
    "base_max_features": "0.3",
    "base_min_samples_leaf": 2,
    "base_min_samples_split": 4,
    "bootstrap": true,
    "max_features": 0.5,
    "max_samples": 1.0,
    "n_estimators": 200,
    "replacement": true,
    "sampling_strategy": "auto"
  },
  "runtime_s": 36.60071849822998,
  "summary_preview": [
    {
      "criterion": "f1",
      "feature_set": "c110",
      "model": "bbag",
      "param_hash": "5fe73619adf5",
      "param_index": 8,
      "test_Brier_mean": 0.08192517583660676,
      "test_Brier_std": 0.002915118639505218,
      "test_LogLoss_mean": 0.3012736290953229,
      "test_LogLoss_std": 0.008928537055912872,
      "test_PR_AUC_mean": 0.8673559579689207,
      "test_PR_AUC_std": 0.009336859242386183,
      "test_Precision_mean": 0.8268027429794437,
      "test_Precision_std": 0.025368870726727968,
      "test_ROC_AUC_mean": 0.9490925691810648,
      "test_ROC_AUC_std": 0.004614781587987657,
      "test_Sensitivity_mean": 0.7685714285714195,
      "test_Sensitivity_std": 0.03377124538912589,
      "test_Specificity_mean": 0.9597050147492596,
      "test_Specificity_std": 0.009010831559324223,
      "val_Precision_mean": 0.7997475905889492,
      "val_Precision_std": 0.03867246038309642,
      "val_Sensitivity_mean": 0.7504761904761815,
      "val_Sensitivity_std": 0.025562305072184623,
      "val_Specificity_mean": 0.9526253687315606,
      "val_Specificity_std": 0.013251373124021314,
      "val_score_mean": 0.7732594486573562,
      "val_score_std": 0.014765688335337868,
      "val_thr_mean": 0.49564172086302777,
      "val_thr_std": 0.02924677619110545
    },
    {
      "criterion": "youden",
      "feature_set": "c110",
      "model": "bbag",
      "param_hash": "5fe73619adf5",
      "param_index": 8,
      "test_Brier_mean": 0.08192517583660676,
      "test_Brier_std": 0.002915118639505218,
      "test_LogLoss_mean": 0.3012736290953229,
      "test_LogLoss_std": 0.008928537055912872,
      "test_PR_AUC_mean": 0.8673559579689207,
      "test_PR_AUC_std": 0.009336859242386183,
      "test_Precision_mean": 0.7740242460449716,
      "test_Precision_std": 0.052587574207663884,
      "test_ROC_AUC_mean": 0.9490925691810648,
      "test_ROC_AUC_std": 0.004614781587987657,
      "test_Sensitivity_mean": 0.8249999999999902,
      "test_Sensitivity_std": 0.03211089725935201,
      "test_Specificity_mean": 0.9385250737463099,
      "test_Specificity_std": 0.020733591656726835,
      "val_Precision_mean": 0.7225896296874944,
      "val_Precision_std": 0.04827646901884265,
      "val_Sensitivity_mean": 0.7935714285714193,
      "val_Sensitivity_std": 0.021727480092721067,
      "val_Specificity_mean": 0.9230088495575194,
      "val_Specificity_std": 0.01936870660645825,
      "val_score_mean": 0.7165802781289385,
      "val_score_std": 0.014875563123761098,
      "val_thr_mean": 0.43824349000017543,
      "val_thr_std": 0.033078328857388525
    }
  ],
  "task_id": 80,
  "thr_grid_size": 600
}