{
  "feature_set": "c110_snr",
  "model": "rf",
  "n_bootstrap": 50,
  "param_hash": "77d725949d24",
  "param_index": 11,
  "params": {
    "bootstrap": true,
    "class_weight": "balanced",
    "max_depth": 10,
    "max_features": "sqrt",
    "min_samples_leaf": 2,
    "min_samples_split": 8,
    "n_estimators": 800
  },
  "runtime_s": 237.24014520645142,
  "summary_preview": [
    {
      "criterion": "f1",
      "feature_set": "c110_snr",
      "model": "rf",
      "param_hash": "77d725949d24",
      "param_index": 11,
      "test_Brier_mean": 0.06330676664895134,
      "test_Brier_std": 0.0016581007198299572,
      "test_LogLoss_mean": 0.23223482524015762,
      "test_LogLoss_std": 0.004730768542274683,
      "test_PR_AUC_mean": 0.8861529620335448,
      "test_PR_AUC_std": 0.008885919979851,
      "test_Precision_mean": 0.8420975399567837,
      "test_Precision_std": 0.02344067830258114,
      "test_ROC_AUC_mean": 0.9593868520859671,
      "test_ROC_AUC_std": 0.0037829550163905774,
      "test_Sensitivity_mean": 0.802619047619038,
      "test_Sensitivity_std": 0.048167997192511795,
      "test_Specificity_mean": 0.9623008849557493,
      "test_Specificity_std": 0.00806838559286142,
      "val_Precision_mean": 0.8304748419405986,
      "val_Precision_std": 0.03454519876482773,
      "val_Sensitivity_mean": 0.7785714285714194,
      "val_Sensitivity_std": 0.03190759020288012,
      "val_Specificity_mean": 0.9599410029498496,
      "val_Specificity_std": 0.010306666084305041,
      "val_score_mean": 0.8024775392617473,
      "val_score_std": 0.010144220588284774,
      "val_thr_mean": 0.335779599027302,
      "val_thr_std": 0.04466988229225196
    },
    {
      "criterion": "youden",
      "feature_set": "c110_snr",
      "model": "rf",
      "param_hash": "77d725949d24",
      "param_index": 11,
      "test_Brier_mean": 0.06330676664895134,
      "test_Brier_std": 0.0016581007198299572,
      "test_LogLoss_mean": 0.23223482524015762,
      "test_LogLoss_std": 0.004730768542274683,
      "test_PR_AUC_mean": 0.8861529620335448,
      "test_PR_AUC_std": 0.008885919979851,
      "test_Precision_mean": 0.7931255049348102,
      "test_Precision_std": 0.03359349949753485,
      "test_ROC_AUC_mean": 0.9593868520859671,
      "test_ROC_AUC_std": 0.0037829550163905774,
      "test_Sensitivity_mean": 0.8576190476190375,
      "test_Sensitivity_std": 0.026993176706158153,
      "test_Specificity_mean": 0.9439528023598791,
      "test_Specificity_std": 0.01219900111768235,
      "val_Precision_mean": 0.7695161888576836,
      "val_Precision_std": 0.03768488397696281,
      "val_Sensitivity_mean": 0.8159523809523713,
      "val_Sensitivity_std": 0.013219439280822143,
      "val_Specificity_mean": 0.9387020648967522,
      "val_Specificity_std": 0.013710841300972729,
      "val_score_mean": 0.7546544458491237,
      "val_score_std": 0.012158244879196636,
      "val_thr_mean": 0.2784956843095556,
      "val_thr_std": 0.02253056272350984
    }
  ],
  "task_id": 395,
  "thr_grid_size": 600
}