{
  "feature_set": "c110_snr",
  "model": "bbag",
  "n_bootstrap": 50,
  "param_hash": "3cf7bee03f20",
  "param_index": 23,
  "params": {
    "base_max_depth": 20,
    "base_max_features": "sqrt",
    "base_min_samples_leaf": 4,
    "base_min_samples_split": 4,
    "bootstrap": true,
    "max_features": 0.9,
    "max_samples": 0.7,
    "n_estimators": 200,
    "replacement": false,
    "sampling_strategy": "auto"
  },
  "runtime_s": 39.12109041213989,
  "summary_preview": [
    {
      "criterion": "f1",
      "feature_set": "c110_snr",
      "model": "bbag",
      "param_hash": "3cf7bee03f20",
      "param_index": 23,
      "test_Brier_mean": 0.11186444584567189,
      "test_Brier_std": 0.003157795355196355,
      "test_LogLoss_mean": 0.38117332060390025,
      "test_LogLoss_std": 0.007681531067193293,
      "test_PR_AUC_mean": 0.772705285485983,
      "test_PR_AUC_std": 0.014756312240549845,
      "test_Precision_mean": 0.7081063468588863,
      "test_Precision_std": 0.06692125968325704,
      "test_ROC_AUC_mean": 0.8988274336283186,
      "test_ROC_AUC_std": 0.009322893202040328,
      "test_Sensitivity_mean": 0.7061904761904678,
      "test_Sensitivity_std": 0.05774504531722555,
      "test_Specificity_mean": 0.9241887905604692,
      "test_Specificity_std": 0.028452028912583742,
      "val_Precision_mean": 0.6838034472037503,
      "val_Precision_std": 0.045282739402892874,
      "val_Sensitivity_mean": 0.6909523809523728,
      "val_Sensitivity_std": 0.0500450997489777,
      "val_Specificity_mean": 0.9188200589970473,
      "val_Specificity_std": 0.02105553628355218,
      "val_score_mean": 0.684390284643906,
      "val_score_std": 0.015179997300892032,
      "val_thr_mean": 0.4827522469253062,
      "val_thr_std": 0.04013839546570887
    },
    {
      "criterion": "youden",
      "feature_set": "c110_snr",
      "model": "bbag",
      "param_hash": "3cf7bee03f20",
      "param_index": 23,
      "test_Brier_mean": 0.11186444584567189,
      "test_Brier_std": 0.003157795355196355,
      "test_LogLoss_mean": 0.38117332060390025,
      "test_LogLoss_std": 0.007681531067193293,
      "test_PR_AUC_mean": 0.772705285485983,
      "test_PR_AUC_std": 0.014756312240549845,
      "test_Precision_mean": 0.6223532962181291,
      "test_Precision_std": 0.05753314876301542,
      "test_ROC_AUC_mean": 0.8988274336283186,
      "test_ROC_AUC_std": 0.009322893202040328,
      "test_Sensitivity_mean": 0.7561904761904672,
      "test_Sensitivity_std": 0.027657892993545385,
      "test_Specificity_mean": 0.8831858407079619,
      "test_Specificity_std": 0.030586173302358202,
      "val_Precision_mean": 0.6198776791175932,
      "val_Precision_std": 0.042011741380220236,
      "val_Sensitivity_mean": 0.7402380952380865,
      "val_Sensitivity_std": 0.02770491160230535,
      "val_Specificity_mean": 0.8857227138643041,
      "val_Specificity_std": 0.023529562449709628,
      "val_score_mean": 0.6259608091023906,
      "val_score_std": 0.020681695583342895,
      "val_thr_mean": 0.4419930459688925,
      "val_thr_std": 0.0241987713684903
    }
  ],
  "task_id": 479,
  "thr_grid_size": 600
}