{
  "feature_set": "c110_d110_errors",
  "model": "brf",
  "n_bootstrap": 50,
  "param_hash": "492e7573718e",
  "param_index": 15,
  "params": {
    "max_depth": null,
    "max_features": "0.2",
    "min_samples_leaf": 2,
    "min_samples_split": 2,
    "n_estimators": 4000,
    "replacement": false,
    "sampling_strategy": "auto"
  },
  "runtime_s": 1551.5047204494476,
  "summary_preview": [
    {
      "criterion": "f1",
      "feature_set": "c110_d110_errors",
      "model": "brf",
      "param_hash": "492e7573718e",
      "param_index": 15,
      "test_Brier_mean": 0.06133600606417896,
      "test_Brier_std": 0.002444540994878331,
      "test_LogLoss_mean": 0.23045356406588144,
      "test_LogLoss_std": 0.0073095969276244024,
      "test_PR_AUC_mean": 0.9067748842470352,
      "test_PR_AUC_std": 0.005790221268326454,
      "test_Precision_mean": 0.8920699358893514,
      "test_Precision_std": 0.025464580890862967,
      "test_ROC_AUC_mean": 0.9637343728051693,
      "test_ROC_AUC_std": 0.0024254264091174193,
      "test_Sensitivity_mean": 0.8011904761904667,
      "test_Sensitivity_std": 0.04011947657171875,
      "test_Specificity_mean": 0.9756342182890826,
      "test_Specificity_std": 0.007146802863713405,
      "val_Precision_mean": 0.9024417082853207,
      "val_Precision_std": 0.031746314257690346,
      "val_Sensitivity_mean": 0.756904761904753,
      "val_Sensitivity_std": 0.02679205734203669,
      "val_Specificity_mean": 0.9792920353982271,
      "val_Specificity_std": 0.007827070051117494,
      "val_score_mean": 0.8224266416202833,
      "val_score_std": 0.012428594313972453,
      "val_thr_mean": 0.6302625264329439,
      "val_thr_std": 0.05911657432841926
    },
    {
      "criterion": "youden",
      "feature_set": "c110_d110_errors",
      "model": "brf",
      "param_hash": "492e7573718e",
      "param_index": 15,
      "test_Brier_mean": 0.06133600606417896,
      "test_Brier_std": 0.002444540994878331,
      "test_LogLoss_mean": 0.23045356406588144,
      "test_LogLoss_std": 0.0073095969276244024,
      "test_PR_AUC_mean": 0.9067748842470352,
      "test_PR_AUC_std": 0.005790221268326454,
      "test_Precision_mean": 0.8273892643576137,
      "test_Precision_std": 0.049309393715581094,
      "test_ROC_AUC_mean": 0.9637343728051693,
      "test_ROC_AUC_std": 0.0024254264091174193,
      "test_Sensitivity_mean": 0.8533333333333232,
      "test_Sensitivity_std": 0.03405099985253652,
      "test_Specificity_mean": 0.9544542772861329,
      "test_Specificity_std": 0.017488766694026298,
      "val_Precision_mean": 0.8159235582322298,
      "val_Precision_std": 0.05646401225775507,
      "val_Sensitivity_mean": 0.7949999999999906,
      "val_Sensitivity_std": 0.01755741327435966,
      "val_Specificity_mean": 0.954100294985248,
      "val_Specificity_std": 0.018048445918023816,
      "val_score_mean": 0.7491002949852384,
      "val_score_std": 0.00981174071491164,
      "val_thr_mean": 0.5147363114913748,
      "val_thr_std": 0.06939914598852294
    }
  ],
  "task_id": 351,
  "thr_grid_size": 600
}