{
  "feature_set": "c110_d110_snr",
  "model": "bbag",
  "n_bootstrap": 50,
  "param_hash": "5fe73619adf5",
  "param_index": 8,
  "params": {
    "base_max_depth": 10,
    "base_max_features": "0.3",
    "base_min_samples_leaf": 2,
    "base_min_samples_split": 4,
    "bootstrap": true,
    "max_features": 0.5,
    "max_samples": 1.0,
    "n_estimators": 200,
    "replacement": true,
    "sampling_strategy": "auto"
  },
  "runtime_s": 54.4358651638031,
  "summary_preview": [
    {
      "criterion": "f1",
      "feature_set": "c110_d110_snr",
      "model": "bbag",
      "param_hash": "5fe73619adf5",
      "param_index": 8,
      "test_Brier_mean": 0.0707263705412297,
      "test_Brier_std": 0.0025327062019090745,
      "test_LogLoss_mean": 0.26588775242540996,
      "test_LogLoss_std": 0.007744159237196919,
      "test_PR_AUC_mean": 0.8864330462386897,
      "test_PR_AUC_std": 0.008107941380653976,
      "test_Precision_mean": 0.844162090290698,
      "test_Precision_std": 0.0279500218450105,
      "test_ROC_AUC_mean": 0.9578374771737603,
      "test_ROC_AUC_std": 0.0036022815420131337,
      "test_Sensitivity_mean": 0.7888095238095144,
      "test_Sensitivity_std": 0.04568534980719056,
      "test_Specificity_mean": 0.9634218289085517,
      "test_Specificity_std": 0.008899583683920253,
      "val_Precision_mean": 0.833410245901577,
      "val_Precision_std": 0.0377665548923099,
      "val_Sensitivity_mean": 0.7626190476190386,
      "val_Sensitivity_std": 0.02880231459325778,
      "val_Specificity_mean": 0.9614749262536845,
      "val_Specificity_std": 0.010767105968587532,
      "val_score_mean": 0.7951928159521828,
      "val_score_std": 0.008473762407553822,
      "val_thr_mean": 0.5026420925265824,
      "val_thr_std": 0.04870064668811515
    },
    {
      "criterion": "youden",
      "feature_set": "c110_d110_snr",
      "model": "bbag",
      "param_hash": "5fe73619adf5",
      "param_index": 8,
      "test_Brier_mean": 0.0707263705412297,
      "test_Brier_std": 0.0025327062019090745,
      "test_LogLoss_mean": 0.26588775242540996,
      "test_LogLoss_std": 0.007744159237196919,
      "test_PR_AUC_mean": 0.8864330462386897,
      "test_PR_AUC_std": 0.008107941380653976,
      "test_Precision_mean": 0.7918916333210726,
      "test_Precision_std": 0.04893724443656854,
      "test_ROC_AUC_mean": 0.9578374771737603,
      "test_ROC_AUC_std": 0.0036022815420131337,
      "test_Sensitivity_mean": 0.8435714285714185,
      "test_Sensitivity_std": 0.03367261044736945,
      "test_Specificity_mean": 0.9435988200589942,
      "test_Specificity_std": 0.01900206748728785,
      "val_Precision_mean": 0.7685436897155694,
      "val_Precision_std": 0.044652648935389484,
      "val_Sensitivity_mean": 0.7973809523809429,
      "val_Sensitivity_std": 0.016042382779964906,
      "val_Specificity_mean": 0.9393510324483748,
      "val_Specificity_std": 0.016952527692231933,
      "val_score_mean": 0.7367319848293177,
      "val_score_std": 0.009388048043976159,
      "val_thr_mean": 0.43334109170995894,
      "val_thr_std": 0.04122244018625029
    }
  ],
  "task_id": 560,
  "thr_grid_size": 600
}