{
  "feature_set": "c110_errors",
  "model": "brf",
  "n_bootstrap": 50,
  "param_hash": "45c6b76660fe",
  "param_index": 8,
  "params": {
    "max_depth": null,
    "max_features": "0.3",
    "min_samples_leaf": 1,
    "min_samples_split": 2,
    "n_estimators": 1500,
    "replacement": false,
    "sampling_strategy": "auto"
  },
  "runtime_s": 658.8065195083618,
  "summary_preview": [
    {
      "criterion": "f1",
      "feature_set": "c110_errors",
      "model": "brf",
      "param_hash": "45c6b76660fe",
      "param_index": 8,
      "test_Brier_mean": 0.06353822344102969,
      "test_Brier_std": 0.002819908592656642,
      "test_LogLoss_mean": 0.23556714239582582,
      "test_LogLoss_std": 0.00811959404907537,
      "test_PR_AUC_mean": 0.9084251426201868,
      "test_PR_AUC_std": 0.009191497308739752,
      "test_Precision_mean": 0.8744216087526503,
      "test_Precision_std": 0.03772625004224302,
      "test_ROC_AUC_mean": 0.964515732546706,
      "test_ROC_AUC_std": 0.0041807554295919536,
      "test_Sensitivity_mean": 0.7878571428571335,
      "test_Sensitivity_std": 0.06754463185086602,
      "test_Specificity_mean": 0.9708554572271357,
      "test_Specificity_std": 0.012352919565389668,
      "val_Precision_mean": 0.8915416313569251,
      "val_Precision_std": 0.05376903500208585,
      "val_Sensitivity_mean": 0.7561904761904672,
      "val_Sensitivity_std": 0.040334457160702795,
      "val_Specificity_mean": 0.9758702064896725,
      "val_Specificity_std": 0.014361157103949532,
      "val_score_mean": 0.8159398278935839,
      "val_score_std": 0.013831369739432766,
      "val_thr_mean": 0.5989217139677242,
      "val_thr_std": 0.08511467074953998
    },
    {
      "criterion": "youden",
      "feature_set": "c110_errors",
      "model": "brf",
      "param_hash": "45c6b76660fe",
      "param_index": 8,
      "test_Brier_mean": 0.06353822344102969,
      "test_Brier_std": 0.002819908592656642,
      "test_LogLoss_mean": 0.23556714239582582,
      "test_LogLoss_std": 0.00811959404907537,
      "test_PR_AUC_mean": 0.9084251426201868,
      "test_PR_AUC_std": 0.009191497308739752,
      "test_Precision_mean": 0.8037538017337558,
      "test_Precision_std": 0.037473493862874865,
      "test_ROC_AUC_mean": 0.964515732546706,
      "test_ROC_AUC_std": 0.0041807554295919536,
      "test_Sensitivity_mean": 0.8769047619047515,
      "test_Sensitivity_std": 0.036125747700308575,
      "test_Specificity_mean": 0.9460766961651889,
      "test_Specificity_std": 0.014002401722880246,
      "val_Precision_mean": 0.7907928508788065,
      "val_Precision_std": 0.050939289452571264,
      "val_Sensitivity_mean": 0.8095238095238,
      "val_Sensitivity_std": 0.02281702017856902,
      "val_Specificity_mean": 0.945604719764009,
      "val_Specificity_std": 0.017376711607070872,
      "val_score_mean": 0.7551285292878088,
      "val_score_std": 0.01641005792542832,
      "val_thr_mean": 0.4679651196438509,
      "val_thr_std": 0.055937345537897865
    }
  ],
  "task_id": 248,
  "thr_grid_size": 600
}