{
  "feature_set": "c110",
  "model": "rf",
  "n_bootstrap": 50,
  "param_hash": "2afd1857be47",
  "param_index": 12,
  "params": {
    "bootstrap": true,
    "class_weight": null,
    "max_depth": 20,
    "max_features": "0.3",
    "min_samples_leaf": 4,
    "min_samples_split": 4,
    "n_estimators": 2500
  },
  "runtime_s": 1008.5791304111481,
  "summary_preview": [
    {
      "criterion": "f1",
      "feature_set": "c110",
      "model": "rf",
      "param_hash": "2afd1857be47",
      "param_index": 12,
      "test_Brier_mean": 0.05403664744258679,
      "test_Brier_std": 0.002663482415330619,
      "test_LogLoss_mean": 0.19396676272159447,
      "test_LogLoss_std": 0.007509436851969891,
      "test_PR_AUC_mean": 0.8978795513333024,
      "test_PR_AUC_std": 0.010053646540154343,
      "test_Precision_mean": 0.8973032156841296,
      "test_Precision_std": 0.02733226136610039,
      "test_ROC_AUC_mean": 0.9602809383340357,
      "test_ROC_AUC_std": 0.005074358564420499,
      "test_Sensitivity_mean": 0.7666666666666576,
      "test_Sensitivity_std": 0.05604509201797242,
      "test_Specificity_mean": 0.9777581120943925,
      "test_Specificity_std": 0.00793343691010731,
      "val_Precision_mean": 0.9027950780406039,
      "val_Precision_std": 0.0427589716074026,
      "val_Sensitivity_mean": 0.7311904761904675,
      "val_Sensitivity_std": 0.03254392902517949,
      "val_Specificity_mean": 0.9797640117994071,
      "val_Specificity_std": 0.010373987976848936,
      "val_score_mean": 0.8065986008063956,
      "val_score_std": 0.015924686323725703,
      "val_thr_mean": 0.45668320110257293,
      "val_thr_std": 0.0799338503352273
    },
    {
      "criterion": "youden",
      "feature_set": "c110",
      "model": "rf",
      "param_hash": "2afd1857be47",
      "param_index": 12,
      "test_Brier_mean": 0.05403664744258679,
      "test_Brier_std": 0.002663482415330619,
      "test_LogLoss_mean": 0.19396676272159447,
      "test_LogLoss_std": 0.007509436851969891,
      "test_PR_AUC_mean": 0.8978795513333024,
      "test_PR_AUC_std": 0.010053646540154343,
      "test_Precision_mean": 0.803292747977596,
      "test_Precision_std": 0.06251700531056249,
      "test_ROC_AUC_mean": 0.9602809383340357,
      "test_ROC_AUC_std": 0.005074358564420499,
      "test_Sensitivity_mean": 0.8457142857142758,
      "test_Sensitivity_std": 0.03885300764977813,
      "test_Specificity_mean": 0.9463126843657789,
      "test_Specificity_std": 0.023957303672232373,
      "val_Precision_mean": 0.7724959217488541,
      "val_Precision_std": 0.06849731441501908,
      "val_Sensitivity_mean": 0.7933333333333239,
      "val_Sensitivity_std": 0.03105872439662965,
      "val_Specificity_mean": 0.9394100294985221,
      "val_Specificity_std": 0.025551407120258298,
      "val_score_mean": 0.732743362831846,
      "val_score_std": 0.019258709989329215,
      "val_thr_mean": 0.3044697775398181,
      "val_thr_std": 0.059388343406843895
    }
  ],
  "task_id": 12,
  "thr_grid_size": 600
}