{
  "feature_set": "c110_snr",
  "model": "brf",
  "n_bootstrap": 50,
  "param_hash": "3ea42a330d0c",
  "param_index": 9,
  "params": {
    "max_depth": 20,
    "max_features": "0.2",
    "min_samples_leaf": 2,
    "min_samples_split": 2,
    "n_estimators": 800,
    "replacement": false,
    "sampling_strategy": "auto"
  },
  "runtime_s": 365.5807366371155,
  "summary_preview": [
    {
      "criterion": "f1",
      "feature_set": "c110_snr",
      "model": "brf",
      "param_hash": "3ea42a330d0c",
      "param_index": 9,
      "test_Brier_mean": 0.06467437833549472,
      "test_Brier_std": 0.0033972097021776337,
      "test_LogLoss_mean": 0.24440252948099667,
      "test_LogLoss_std": 0.009443189692879878,
      "test_PR_AUC_mean": 0.8951934463358221,
      "test_PR_AUC_std": 0.012165263674116824,
      "test_Precision_mean": 0.8767600408260248,
      "test_Precision_std": 0.0393284134846381,
      "test_ROC_AUC_mean": 0.9608972468043265,
      "test_ROC_AUC_std": 0.005668304325016581,
      "test_Sensitivity_mean": 0.7845238095238003,
      "test_Sensitivity_std": 0.04942224859428649,
      "test_Specificity_mean": 0.9717994100294957,
      "test_Specificity_std": 0.011741474769333625,
      "val_Precision_mean": 0.8867946879930794,
      "val_Precision_std": 0.05145313559217094,
      "val_Sensitivity_mean": 0.75904761904761,
      "val_Sensitivity_std": 0.03240766633728544,
      "val_Specificity_mean": 0.9748672566371652,
      "val_Specificity_std": 0.013302600695793526,
      "val_score_mean": 0.8161319125934827,
      "val_score_std": 0.012979534783279656,
      "val_thr_mean": 0.5733603673632954,
      "val_thr_std": 0.07824895708988355
    },
    {
      "criterion": "youden",
      "feature_set": "c110_snr",
      "model": "brf",
      "param_hash": "3ea42a330d0c",
      "param_index": 9,
      "test_Brier_mean": 0.06467437833549472,
      "test_Brier_std": 0.0033972097021776337,
      "test_LogLoss_mean": 0.24440252948099667,
      "test_LogLoss_std": 0.009443189692879878,
      "test_PR_AUC_mean": 0.8951934463358221,
      "test_PR_AUC_std": 0.012165263674116824,
      "test_Precision_mean": 0.7832408947059671,
      "test_Precision_std": 0.050511324489871084,
      "test_ROC_AUC_mean": 0.9608972468043265,
      "test_ROC_AUC_std": 0.005668304325016581,
      "test_Sensitivity_mean": 0.8692857142857039,
      "test_Sensitivity_std": 0.03249056078817957,
      "test_Specificity_mean": 0.9389380530973424,
      "test_Specificity_std": 0.01986658165414772,
      "val_Precision_mean": 0.7854361961308798,
      "val_Precision_std": 0.041623727138919715,
      "val_Sensitivity_mean": 0.813571428571419,
      "val_Sensitivity_std": 0.018096069235681637,
      "val_Specificity_mean": 0.9440117994100267,
      "val_Specificity_std": 0.015557757698468807,
      "val_score_mean": 0.7575832279814456,
      "val_score_std": 0.016017239952828798,
      "val_thr_mean": 0.43030761722094596,
      "val_thr_std": 0.045312995216861995
    }
  ],
  "task_id": 441,
  "thr_grid_size": 600
}