{
  "feature_set": "c110_d110_snr",
  "model": "brf",
  "n_bootstrap": 50,
  "param_hash": "0121368305ab",
  "param_index": 6,
  "params": {
    "max_depth": 10,
    "max_features": "0.3",
    "min_samples_leaf": 4,
    "min_samples_split": 4,
    "n_estimators": 4000,
    "replacement": false,
    "sampling_strategy": "auto"
  },
  "runtime_s": 2027.763564825058,
  "summary_preview": [
    {
      "criterion": "f1",
      "feature_set": "c110_d110_snr",
      "model": "brf",
      "param_hash": "0121368305ab",
      "param_index": 6,
      "test_Brier_mean": 0.059928525608322486,
      "test_Brier_std": 0.0023112923944607388,
      "test_LogLoss_mean": 0.2313413110887326,
      "test_LogLoss_std": 0.007121257111478572,
      "test_PR_AUC_mean": 0.890803719617621,
      "test_PR_AUC_std": 0.006621259470750518,
      "test_Precision_mean": 0.8883560353142503,
      "test_Precision_std": 0.024398494475991572,
      "test_ROC_AUC_mean": 0.9586774827925271,
      "test_ROC_AUC_std": 0.003528653984468756,
      "test_Sensitivity_mean": 0.8099999999999905,
      "test_Sensitivity_std": 0.03575151930196125,
      "test_Specificity_mean": 0.9744542772861327,
      "test_Specificity_std": 0.006862864071015315,
      "val_Precision_mean": 0.9033070350740963,
      "val_Precision_std": 0.02685945327031109,
      "val_Sensitivity_mean": 0.7597619047618958,
      "val_Sensitivity_std": 0.026964230741120598,
      "val_Specificity_mean": 0.9795280235988172,
      "val_Specificity_std": 0.006673956067973248,
      "val_score_mean": 0.8246265038949881,
      "val_score_std": 0.013017157851911952,
      "val_thr_mean": 0.6147080707949552,
      "val_thr_std": 0.07222283997767107
    },
    {
      "criterion": "youden",
      "feature_set": "c110_d110_snr",
      "model": "brf",
      "param_hash": "0121368305ab",
      "param_index": 6,
      "test_Brier_mean": 0.059928525608322486,
      "test_Brier_std": 0.0023112923944607388,
      "test_LogLoss_mean": 0.2313413110887326,
      "test_LogLoss_std": 0.007121257111478572,
      "test_PR_AUC_mean": 0.890803719617621,
      "test_PR_AUC_std": 0.006621259470750518,
      "test_Precision_mean": 0.8170726922438107,
      "test_Precision_std": 0.06617571577489802,
      "test_ROC_AUC_mean": 0.9586774827925271,
      "test_ROC_AUC_std": 0.003528653984468756,
      "test_Sensitivity_mean": 0.8557142857142757,
      "test_Sensitivity_std": 0.031692942327336084,
      "test_Specificity_mean": 0.9501474926253658,
      "test_Specificity_std": 0.02366082096692752,
      "val_Precision_mean": 0.8246941082085697,
      "val_Precision_std": 0.07332666792094543,
      "val_Sensitivity_mean": 0.7976190476190382,
      "val_Sensitivity_std": 0.024171208169305704,
      "val_Specificity_mean": 0.9554572271386402,
      "val_Specificity_std": 0.0239369105294076,
      "val_score_mean": 0.7530762747576784,
      "val_score_std": 0.01099566021612356,
      "val_thr_mean": 0.4928908560124177,
      "val_thr_std": 0.090885863482171
    }
  ],
  "task_id": 534,
  "thr_grid_size": 600
}