{
  "feature_set": "c110_errors",
  "model": "bbag",
  "n_bootstrap": 50,
  "param_hash": "3b90164009b1",
  "param_index": 16,
  "params": {
    "base_max_depth": 10,
    "base_max_features": "sqrt",
    "base_min_samples_leaf": 2,
    "base_min_samples_split": 2,
    "bootstrap": true,
    "max_features": 0.9,
    "max_samples": 0.9,
    "n_estimators": 800,
    "replacement": false,
    "sampling_strategy": "auto"
  },
  "runtime_s": 106.64634013175964,
  "summary_preview": [
    {
      "criterion": "f1",
      "feature_set": "c110_errors",
      "model": "bbag",
      "param_hash": "3b90164009b1",
      "param_index": 16,
      "test_Brier_mean": 0.10273886446406606,
      "test_Brier_std": 0.002531646054589955,
      "test_LogLoss_mean": 0.35827364686695573,
      "test_LogLoss_std": 0.00690174738526238,
      "test_PR_AUC_mean": 0.8101349573355882,
      "test_PR_AUC_std": 0.013181622617815665,
      "test_Precision_mean": 0.7749253631769932,
      "test_Precision_std": 0.0515080520231987,
      "test_ROC_AUC_mean": 0.9290412979351033,
      "test_ROC_AUC_std": 0.006771170703628349,
      "test_Sensitivity_mean": 0.6649999999999922,
      "test_Sensitivity_std": 0.07065543683151669,
      "test_Specificity_mean": 0.9497935103244809,
      "test_Specificity_std": 0.022673838328406908,
      "val_Precision_mean": 0.7379749026393072,
      "val_Precision_std": 0.06142729597106124,
      "val_Sensitivity_mean": 0.6419047619047543,
      "val_Sensitivity_std": 0.04760932845421085,
      "val_Specificity_mean": 0.9407669616519145,
      "val_Specificity_std": 0.023792474942044017,
      "val_score_mean": 0.6826716731519425,
      "val_score_std": 0.01320500582292783,
      "val_thr_mean": 0.5168460778586845,
      "val_thr_std": 0.03928822733315047
    },
    {
      "criterion": "youden",
      "feature_set": "c110_errors",
      "model": "bbag",
      "param_hash": "3b90164009b1",
      "param_index": 16,
      "test_Brier_mean": 0.10273886446406606,
      "test_Brier_std": 0.002531646054589955,
      "test_LogLoss_mean": 0.35827364686695573,
      "test_LogLoss_std": 0.00690174738526238,
      "test_PR_AUC_mean": 0.8101349573355882,
      "test_PR_AUC_std": 0.013181622617815665,
      "test_Precision_mean": 0.5971822939637067,
      "test_Precision_std": 0.06179297251330395,
      "test_ROC_AUC_mean": 0.9290412979351033,
      "test_ROC_AUC_std": 0.006771170703628349,
      "test_Sensitivity_mean": 0.8430952380952281,
      "test_Sensitivity_std": 0.03524062318566085,
      "test_Specificity_mean": 0.8545132743362807,
      "test_Specificity_std": 0.04045705150607968,
      "val_Precision_mean": 0.5678091852192868,
      "val_Precision_std": 0.04819341168703814,
      "val_Sensitivity_mean": 0.7769047619047527,
      "val_Sensitivity_std": 0.03987070709530572,
      "val_Specificity_mean": 0.8497345132743337,
      "val_Specificity_std": 0.03717191591291519,
      "val_score_mean": 0.6266392751790865,
      "val_score_std": 0.018826223758903485,
      "val_thr_mean": 0.40057765811389634,
      "val_thr_std": 0.02968471323369609
    }
  ],
  "task_id": 280,
  "thr_grid_size": 600
}