{
  "feature_set": "c110",
  "model": "brf",
  "n_bootstrap": 50,
  "param_hash": "39773404cc03",
  "param_index": 16,
  "params": {
    "max_depth": null,
    "max_features": "0.2",
    "min_samples_leaf": 1,
    "min_samples_split": 2,
    "n_estimators": 4000,
    "replacement": false,
    "sampling_strategy": "auto"
  },
  "runtime_s": 1306.7148854732513,
  "summary_preview": [
    {
      "criterion": "f1",
      "feature_set": "c110",
      "model": "brf",
      "param_hash": "39773404cc03",
      "param_index": 16,
      "test_Brier_mean": 0.06579327623226951,
      "test_Brier_std": 0.0031966886878965033,
      "test_LogLoss_mean": 0.2428288802866877,
      "test_LogLoss_std": 0.009648803162520375,
      "test_PR_AUC_mean": 0.9054489464625071,
      "test_PR_AUC_std": 0.007094163851937839,
      "test_Precision_mean": 0.8800254823637184,
      "test_Precision_std": 0.034791140931508584,
      "test_ROC_AUC_mean": 0.9629660064615817,
      "test_ROC_AUC_std": 0.003242666982545267,
      "test_Sensitivity_mean": 0.7780952380952288,
      "test_Sensitivity_std": 0.0590486378795447,
      "test_Specificity_mean": 0.9728613569321505,
      "test_Specificity_std": 0.010727283658961511,
      "val_Precision_mean": 0.9032448996610107,
      "val_Precision_std": 0.04585028142178611,
      "val_Sensitivity_mean": 0.759999999999991,
      "val_Sensitivity_std": 0.035295569445095744,
      "val_Specificity_mean": 0.9788790560471946,
      "val_Specificity_std": 0.011653422333732977,
      "val_score_mean": 0.823694405759229,
      "val_score_std": 0.011160021702003493,
      "val_thr_mean": 0.602225383973289,
      "val_thr_std": 0.07741627441707244
    },
    {
      "criterion": "youden",
      "feature_set": "c110",
      "model": "brf",
      "param_hash": "39773404cc03",
      "param_index": 16,
      "test_Brier_mean": 0.06579327623226951,
      "test_Brier_std": 0.0031966886878965033,
      "test_LogLoss_mean": 0.2428288802866877,
      "test_LogLoss_std": 0.009648803162520375,
      "test_PR_AUC_mean": 0.9054489464625071,
      "test_PR_AUC_std": 0.007094163851937839,
      "test_Precision_mean": 0.8002479646159993,
      "test_Precision_std": 0.04385770618349534,
      "test_ROC_AUC_mean": 0.9629660064615817,
      "test_ROC_AUC_std": 0.003242666982545267,
      "test_Sensitivity_mean": 0.8647619047618944,
      "test_Sensitivity_std": 0.03365112981233059,
      "test_Specificity_mean": 0.9453687315634189,
      "test_Specificity_std": 0.015927196711022582,
      "val_Precision_mean": 0.8062832068104364,
      "val_Precision_std": 0.045544258662495216,
      "val_Sensitivity_mean": 0.8121428571428475,
      "val_Sensitivity_std": 0.021007360060985945,
      "val_Specificity_mean": 0.9506194690265458,
      "val_Specificity_std": 0.015273449657739436,
      "val_score_mean": 0.7627623261693934,
      "val_score_std": 0.015038177824098184,
      "val_thr_mean": 0.4685040651085143,
      "val_thr_std": 0.04885516301323326
    }
  ],
  "task_id": 64,
  "thr_grid_size": 600
}