{
  "feature_set": "c110_errors",
  "model": "et",
  "n_bootstrap": 50,
  "param_hash": "4581ab621f30",
  "param_index": 6,
  "params": {
    "bootstrap": false,
    "max_depth": 20,
    "max_features": "0.5",
    "max_samples": 1.0,
    "min_samples_leaf": 2,
    "min_samples_split": 8,
    "n_estimators": 1500
  },
  "runtime_s": 278.80282163619995,
  "summary_preview": [
    {
      "criterion": "f1",
      "feature_set": "c110_errors",
      "model": "et",
      "param_hash": "4581ab621f30",
      "param_index": 6,
      "test_Brier_mean": 0.046872914073759854,
      "test_Brier_std": 0.0015663815098705476,
      "test_LogLoss_mean": 0.17579118381229356,
      "test_LogLoss_std": 0.003814963754594395,
      "test_PR_AUC_mean": 0.9184285370449936,
      "test_PR_AUC_std": 0.004531832234477211,
      "test_Precision_mean": 0.9153485750750611,
      "test_Precision_std": 0.02405216568636237,
      "test_ROC_AUC_mean": 0.9702170248630425,
      "test_ROC_AUC_std": 0.0019837353087031316,
      "test_Sensitivity_mean": 0.7942857142857049,
      "test_Sensitivity_std": 0.03575799075088783,
      "test_Specificity_mean": 0.9815339233038318,
      "test_Specificity_std": 0.006631245727238218,
      "val_Precision_mean": 0.9148253283006145,
      "val_Precision_std": 0.0294949175264449,
      "val_Sensitivity_mean": 0.7545238095238005,
      "val_Sensitivity_std": 0.018299509393852866,
      "val_Specificity_mean": 0.9822418879056017,
      "val_Specificity_std": 0.007407428125544632,
      "val_score_mean": 0.8263878135613382,
      "val_score_std": 0.0071182153860622445,
      "val_thr_mean": 0.49427277750096676,
      "val_thr_std": 0.057670262580445456
    },
    {
      "criterion": "youden",
      "feature_set": "c110_errors",
      "model": "et",
      "param_hash": "4581ab621f30",
      "param_index": 6,
      "test_Brier_mean": 0.046872914073759854,
      "test_Brier_std": 0.0015663815098705476,
      "test_LogLoss_mean": 0.17579118381229356,
      "test_LogLoss_std": 0.003814963754594395,
      "test_PR_AUC_mean": 0.9184285370449936,
      "test_PR_AUC_std": 0.004531832234477211,
      "test_Precision_mean": 0.8384386514909005,
      "test_Precision_std": 0.0349917384917234,
      "test_ROC_AUC_mean": 0.9702170248630425,
      "test_ROC_AUC_std": 0.0019837353087031316,
      "test_Sensitivity_mean": 0.8776190476190372,
      "test_Sensitivity_std": 0.026130773900229373,
      "test_Specificity_mean": 0.9574041297935074,
      "test_Specificity_std": 0.012867221057485133,
      "val_Precision_mean": 0.8080136207647146,
      "val_Precision_std": 0.04338992338877231,
      "val_Sensitivity_mean": 0.8088095238095143,
      "val_Sensitivity_std": 0.015098746346549532,
      "val_Specificity_mean": 0.9513864306784632,
      "val_Specificity_std": 0.01621449899727726,
      "val_score_mean": 0.7601959544879775,
      "val_score_std": 0.010439252259778176,
      "val_thr_mean": 0.31588720522050245,
      "val_thr_std": 0.04780191211023923
    }
  ],
  "task_id": 222,
  "thr_grid_size": 600
}