{
  "feature_set": "c110_d110_errors",
  "model": "bbag",
  "n_bootstrap": 50,
  "param_hash": "d8ae138be48a",
  "param_index": 2,
  "params": {
    "base_max_depth": 20,
    "base_max_features": "sqrt",
    "base_min_samples_leaf": 2,
    "base_min_samples_split": 2,
    "bootstrap": true,
    "max_features": 0.9,
    "max_samples": 0.5,
    "n_estimators": 800,
    "replacement": false,
    "sampling_strategy": "auto"
  },
  "runtime_s": 106.07384777069092,
  "summary_preview": [
    {
      "criterion": "f1",
      "feature_set": "c110_d110_errors",
      "model": "bbag",
      "param_hash": "d8ae138be48a",
      "param_index": 2,
      "test_Brier_mean": 0.0883021677052684,
      "test_Brier_std": 0.0025731985768609,
      "test_LogLoss_mean": 0.31306548481063073,
      "test_LogLoss_std": 0.007527145392120555,
      "test_PR_AUC_mean": 0.851729112938635,
      "test_PR_AUC_std": 0.011164855699461832,
      "test_Precision_mean": 0.7994797294906496,
      "test_Precision_std": 0.03751976263266178,
      "test_ROC_AUC_mean": 0.9477303694339092,
      "test_ROC_AUC_std": 0.005038870011360149,
      "test_Sensitivity_mean": 0.7061904761904678,
      "test_Sensitivity_std": 0.04237663903973834,
      "test_Specificity_mean": 0.9551622418879028,
      "test_Specificity_std": 0.014438973197650024,
      "val_Precision_mean": 0.8005022311273292,
      "val_Precision_std": 0.052250806123624406,
      "val_Sensitivity_mean": 0.6964285714285632,
      "val_Sensitivity_std": 0.037588496777721234,
      "val_Specificity_mean": 0.9553982300884927,
      "val_Specificity_std": 0.017885161877388624,
      "val_score_mean": 0.7425154560471253,
      "val_score_std": 0.015618077368378353,
      "val_thr_mean": 0.539084477264127,
      "val_thr_std": 0.04071618730214625
    },
    {
      "criterion": "youden",
      "feature_set": "c110_d110_errors",
      "model": "bbag",
      "param_hash": "d8ae138be48a",
      "param_index": 2,
      "test_Brier_mean": 0.0883021677052684,
      "test_Brier_std": 0.0025731985768609,
      "test_LogLoss_mean": 0.31306548481063073,
      "test_LogLoss_std": 0.007527145392120555,
      "test_PR_AUC_mean": 0.851729112938635,
      "test_PR_AUC_std": 0.011164855699461832,
      "test_Precision_mean": 0.6839095217769678,
      "test_Precision_std": 0.05299859729652647,
      "test_ROC_AUC_mean": 0.9477303694339092,
      "test_ROC_AUC_std": 0.005038870011360149,
      "test_Sensitivity_mean": 0.8219047619047523,
      "test_Sensitivity_std": 0.04401838916690228,
      "test_Specificity_mean": 0.9034808259586994,
      "test_Specificity_std": 0.02564042157414488,
      "val_Precision_mean": 0.6595244287598693,
      "val_Precision_std": 0.05088838072765609,
      "val_Sensitivity_mean": 0.7897619047618955,
      "val_Sensitivity_std": 0.023145502494313512,
      "val_Specificity_mean": 0.8969321533923277,
      "val_Specificity_std": 0.022759204407456657,
      "val_score_mean": 0.6866940581542231,
      "val_score_std": 0.012562552461471787,
      "val_thr_mean": 0.43104298222700893,
      "val_thr_std": 0.03207342292107692
    }
  ],
  "task_id": 362,
  "thr_grid_size": 600
}