{
  "feature_set": "c110_d110_errors_snr",
  "model": "brf",
  "n_bootstrap": 50,
  "param_hash": "39773404cc03",
  "param_index": 16,
  "params": {
    "max_depth": null,
    "max_features": "0.2",
    "min_samples_leaf": 1,
    "min_samples_split": 2,
    "n_estimators": 4000,
    "replacement": false,
    "sampling_strategy": "auto"
  },
  "runtime_s": 2104.270661830902,
  "summary_preview": [
    {
      "criterion": "f1",
      "feature_set": "c110_d110_errors_snr",
      "model": "brf",
      "param_hash": "39773404cc03",
      "param_index": 16,
      "test_Brier_mean": 0.062066997257683214,
      "test_Brier_std": 0.0027261732993989363,
      "test_LogLoss_mean": 0.2367484690423591,
      "test_LogLoss_std": 0.008732601441809923,
      "test_PR_AUC_mean": 0.8943977977955206,
      "test_PR_AUC_std": 0.00642036869480176,
      "test_Precision_mean": 0.8833195963648286,
      "test_Precision_std": 0.023151296944388652,
      "test_ROC_AUC_mean": 0.959712389380531,
      "test_ROC_AUC_std": 0.0035587496444985595,
      "test_Sensitivity_mean": 0.8073809523809429,
      "test_Sensitivity_std": 0.024490976917857468,
      "test_Specificity_mean": 0.9733923303834778,
      "test_Specificity_std": 0.006235976752693551,
      "val_Precision_mean": 0.8963605094648088,
      "val_Precision_std": 0.0284691095275662,
      "val_Sensitivity_mean": 0.7654761904761814,
      "val_Sensitivity_std": 0.017550822653528957,
      "val_Specificity_mean": 0.9777581120943925,
      "val_Specificity_std": 0.007472352369159671,
      "val_score_mean": 0.82527836036326,
      "val_score_std": 0.01052468038272704,
      "val_thr_mean": 0.603031385642738,
      "val_thr_std": 0.04743377155834822
    },
    {
      "criterion": "youden",
      "feature_set": "c110_d110_errors_snr",
      "model": "brf",
      "param_hash": "39773404cc03",
      "param_index": 16,
      "test_Brier_mean": 0.062066997257683214,
      "test_Brier_std": 0.0027261732993989363,
      "test_LogLoss_mean": 0.2367484690423591,
      "test_LogLoss_std": 0.008732601441809923,
      "test_PR_AUC_mean": 0.8943977977955206,
      "test_PR_AUC_std": 0.00642036869480176,
      "test_Precision_mean": 0.8145403189153778,
      "test_Precision_std": 0.05420801134671349,
      "test_ROC_AUC_mean": 0.959712389380531,
      "test_ROC_AUC_std": 0.0035587496444985595,
      "test_Sensitivity_mean": 0.8623809523809421,
      "test_Sensitivity_std": 0.029862318459384602,
      "test_Specificity_mean": 0.949675516224186,
      "test_Specificity_std": 0.019498102022292296,
      "val_Precision_mean": 0.81772158277337,
      "val_Precision_std": 0.05551776759024787,
      "val_Sensitivity_mean": 0.8038095238095143,
      "val_Sensitivity_std": 0.02140966664198105,
      "val_Specificity_mean": 0.954100294985248,
      "val_Specificity_std": 0.018028756555238466,
      "val_score_mean": 0.7579098187947622,
      "val_score_std": 0.00980817633330559,
      "val_thr_mean": 0.488476427378965,
      "val_thr_std": 0.06758452166446212
    }
  ],
  "task_id": 640,
  "thr_grid_size": 600
}