{
  "feature_set": "c110_d110",
  "model": "brf",
  "n_bootstrap": 50,
  "param_hash": "398f707beed4",
  "param_index": 4,
  "params": {
    "max_depth": 20,
    "max_features": "sqrt",
    "min_samples_leaf": 4,
    "min_samples_split": 2,
    "n_estimators": 2500,
    "replacement": true,
    "sampling_strategy": "auto"
  },
  "runtime_s": 841.5167903900146,
  "summary_preview": [
    {
      "criterion": "f1",
      "feature_set": "c110_d110",
      "model": "brf",
      "param_hash": "398f707beed4",
      "param_index": 4,
      "test_Brier_mean": 0.07082159021734268,
      "test_Brier_std": 0.0027964643827017737,
      "test_LogLoss_mean": 0.26031687614172855,
      "test_LogLoss_std": 0.008381234314897979,
      "test_PR_AUC_mean": 0.9018399192758886,
      "test_PR_AUC_std": 0.005218736453134572,
      "test_Precision_mean": 0.872411017850006,
      "test_Precision_std": 0.032116772572736506,
      "test_ROC_AUC_mean": 0.962865571007164,
      "test_ROC_AUC_std": 0.003252089833806497,
      "test_Sensitivity_mean": 0.7988095238095144,
      "test_Sensitivity_std": 0.03924483251433398,
      "test_Specificity_mean": 0.9704424778761033,
      "test_Specificity_std": 0.009318538629262655,
      "val_Precision_mean": 0.8656817053543762,
      "val_Precision_std": 0.03801538845731004,
      "val_Sensitivity_mean": 0.7688095238095147,
      "val_Sensitivity_std": 0.024420015854325273,
      "val_Specificity_mean": 0.9697935103244808,
      "val_Specificity_std": 0.00996448311357015,
      "val_score_mean": 0.8133293889391016,
      "val_score_std": 0.00835805700843481,
      "val_thr_mean": 0.5888844592203939,
      "val_thr_std": 0.047927076100181105
    },
    {
      "criterion": "youden",
      "feature_set": "c110_d110",
      "model": "brf",
      "param_hash": "398f707beed4",
      "param_index": 4,
      "test_Brier_mean": 0.07082159021734268,
      "test_Brier_std": 0.0027964643827017737,
      "test_LogLoss_mean": 0.26031687614172855,
      "test_LogLoss_std": 0.008381234314897979,
      "test_PR_AUC_mean": 0.9018399192758886,
      "test_PR_AUC_std": 0.005218736453134572,
      "test_Precision_mean": 0.835676479151778,
      "test_Precision_std": 0.02817552419975326,
      "test_ROC_AUC_mean": 0.962865571007164,
      "test_ROC_AUC_std": 0.003252089833806497,
      "test_Sensitivity_mean": 0.8392857142857043,
      "test_Sensitivity_std": 0.021545679352584654,
      "test_Specificity_mean": 0.9587020648967522,
      "test_Specificity_std": 0.009290100162262371,
      "val_Precision_mean": 0.8176397604067942,
      "val_Precision_std": 0.027195533511343465,
      "val_Sensitivity_mean": 0.7938095238095144,
      "val_Sensitivity_std": 0.010044097319886551,
      "val_Specificity_mean": 0.9558112094395251,
      "val_Specificity_std": 0.00854304326299563,
      "val_score_mean": 0.7496207332490396,
      "val_score_std": 0.008928856034558614,
      "val_thr_mean": 0.5254307483000767,
      "val_thr_std": 0.028627619029565548
    }
  ],
  "task_id": 148,
  "thr_grid_size": 600
}