{
  "feature_set": "c110_d110_snr",
  "model": "bbag",
  "n_bootstrap": 50,
  "param_hash": "479020e468c4",
  "param_index": 12,
  "params": {
    "base_max_depth": null,
    "base_max_features": "0.3",
    "base_min_samples_leaf": 1,
    "base_min_samples_split": 8,
    "bootstrap": true,
    "max_features": 0.9,
    "max_samples": 0.7,
    "n_estimators": 800,
    "replacement": false,
    "sampling_strategy": "auto"
  },
  "runtime_s": 121.8792154788971,
  "summary_preview": [
    {
      "criterion": "f1",
      "feature_set": "c110_d110_snr",
      "model": "bbag",
      "param_hash": "479020e468c4",
      "param_index": 12,
      "test_Brier_mean": 0.06575215213430181,
      "test_Brier_std": 0.0026276921715314033,
      "test_LogLoss_mean": 0.24973711297885726,
      "test_LogLoss_std": 0.007517124786071398,
      "test_PR_AUC_mean": 0.8987648360670403,
      "test_PR_AUC_std": 0.007469171962298294,
      "test_Precision_mean": 0.8745408608587806,
      "test_Precision_std": 0.03384662059980703,
      "test_ROC_AUC_mean": 0.9620171372383761,
      "test_ROC_AUC_std": 0.0036122663528748433,
      "test_Sensitivity_mean": 0.7935714285714193,
      "test_Sensitivity_std": 0.04359915371680993,
      "test_Specificity_mean": 0.9710914454277257,
      "test_Specificity_std": 0.009828827467080116,
      "val_Precision_mean": 0.866257154147758,
      "val_Precision_std": 0.042452992413023825,
      "val_Sensitivity_mean": 0.7619047619047528,
      "val_Sensitivity_std": 0.03098786931681695,
      "val_Specificity_mean": 0.9699705014749234,
      "val_Specificity_std": 0.011489673777425427,
      "val_score_mean": 0.8092284481843355,
      "val_score_std": 0.00830484342817235,
      "val_thr_mean": 0.547658865768344,
      "val_thr_std": 0.06812780068062374
    },
    {
      "criterion": "youden",
      "feature_set": "c110_d110_snr",
      "model": "bbag",
      "param_hash": "479020e468c4",
      "param_index": 12,
      "test_Brier_mean": 0.06575215213430181,
      "test_Brier_std": 0.0026276921715314033,
      "test_LogLoss_mean": 0.24973711297885726,
      "test_LogLoss_std": 0.007517124786071398,
      "test_PR_AUC_mean": 0.8987648360670403,
      "test_PR_AUC_std": 0.007469171962298294,
      "test_Precision_mean": 0.8173052519884272,
      "test_Precision_std": 0.03686461876658283,
      "test_ROC_AUC_mean": 0.9620171372383761,
      "test_ROC_AUC_std": 0.0036122663528748433,
      "test_Sensitivity_mean": 0.8545238095237994,
      "test_Sensitivity_std": 0.026488061115274526,
      "test_Specificity_mean": 0.9518584070796432,
      "test_Specificity_std": 0.013530265502591083,
      "val_Precision_mean": 0.7972599471770124,
      "val_Precision_std": 0.035389736922755786,
      "val_Sensitivity_mean": 0.7999999999999905,
      "val_Sensitivity_std": 0.01595379510144004,
      "val_Specificity_mean": 0.9489085545722685,
      "val_Specificity_std": 0.01259211871220688,
      "val_score_mean": 0.7489085545722591,
      "val_score_std": 0.0089106168244024,
      "val_thr_mean": 0.4507619865450353,
      "val_thr_std": 0.03883465566284236
    }
  ],
  "task_id": 564,
  "thr_grid_size": 600
}