{
  "feature_set": "c110_snr",
  "model": "rf",
  "n_bootstrap": 50,
  "param_hash": "551bbcb96f06",
  "param_index": 22,
  "params": {
    "bootstrap": true,
    "class_weight": null,
    "max_depth": null,
    "max_features": "0.5",
    "min_samples_leaf": 4,
    "min_samples_split": 4,
    "n_estimators": 800
  },
  "runtime_s": 1316.5363442897797,
  "summary_preview": [
    {
      "criterion": "f1",
      "feature_set": "c110_snr",
      "model": "rf",
      "param_hash": "551bbcb96f06",
      "param_index": 22,
      "test_Brier_mean": 0.05731483760119316,
      "test_Brier_std": 0.0030145297362993693,
      "test_LogLoss_mean": 0.20674075121882107,
      "test_LogLoss_std": 0.00914642334467297,
      "test_PR_AUC_mean": 0.8785507405847942,
      "test_PR_AUC_std": 0.01236241630326325,
      "test_Precision_mean": 0.8938855379137043,
      "test_Precision_std": 0.03891897285489092,
      "test_ROC_AUC_mean": 0.9496116027531957,
      "test_ROC_AUC_std": 0.0068643925940890605,
      "test_Sensitivity_mean": 0.7257142857142772,
      "test_Sensitivity_std": 0.058368774065611924,
      "test_Specificity_mean": 0.9777581120943922,
      "test_Specificity_std": 0.011574676409486428,
      "val_Precision_mean": 0.9111055451814392,
      "val_Precision_std": 0.055838232580558776,
      "val_Sensitivity_mean": 0.7078571428571345,
      "val_Sensitivity_std": 0.04236093804610355,
      "val_Specificity_mean": 0.9814749262536843,
      "val_Specificity_std": 0.014464041305001452,
      "val_score_mean": 0.7940615152972427,
      "val_score_std": 0.012481376753597903,
      "val_thr_mean": 0.48899649967766967,
      "val_thr_std": 0.10711389281628153
    },
    {
      "criterion": "youden",
      "feature_set": "c110_snr",
      "model": "rf",
      "param_hash": "551bbcb96f06",
      "param_index": 22,
      "test_Brier_mean": 0.05731483760119316,
      "test_Brier_std": 0.0030145297362993693,
      "test_LogLoss_mean": 0.20674075121882107,
      "test_LogLoss_std": 0.00914642334467297,
      "test_PR_AUC_mean": 0.8785507405847942,
      "test_PR_AUC_std": 0.01236241630326325,
      "test_Precision_mean": 0.7801947438748794,
      "test_Precision_std": 0.07110311908362942,
      "test_ROC_AUC_mean": 0.9496116027531957,
      "test_ROC_AUC_std": 0.0068643925940890605,
      "test_Sensitivity_mean": 0.833809523809514,
      "test_Sensitivity_std": 0.0438867785477255,
      "test_Specificity_mean": 0.9385840707964573,
      "test_Specificity_std": 0.028746602336856508,
      "val_Precision_mean": 0.75028817488151,
      "val_Precision_std": 0.07617795966797082,
      "val_Sensitivity_mean": 0.7919047619047526,
      "val_Sensitivity_std": 0.042226216470308345,
      "val_Specificity_mean": 0.9310324483775783,
      "val_Specificity_std": 0.029140503902901092,
      "val_score_mean": 0.7229372102823308,
      "val_score_std": 0.024689693978728132,
      "val_thr_mean": 0.27270026987647406,
      "val_thr_std": 0.07405982979961986
    }
  ],
  "task_id": 406,
  "thr_grid_size": 600
}