{
  "feature_set": "c110_d110",
  "model": "et",
  "n_bootstrap": 50,
  "param_hash": "d57d101abdb4",
  "param_index": 0,
  "params": {
    "bootstrap": false,
    "max_depth": null,
    "max_features": "0.3",
    "max_samples": 1.0,
    "min_samples_leaf": 4,
    "min_samples_split": 8,
    "n_estimators": 2500
  },
  "runtime_s": 419.7043662071228,
  "summary_preview": [
    {
      "criterion": "f1",
      "feature_set": "c110_d110",
      "model": "et",
      "param_hash": "d57d101abdb4",
      "param_index": 0,
      "test_Brier_mean": 0.04819074020593156,
      "test_Brier_std": 0.0011572212090959504,
      "test_LogLoss_mean": 0.18098869639988466,
      "test_LogLoss_std": 0.003423015057757913,
      "test_PR_AUC_mean": 0.9098577082686441,
      "test_PR_AUC_std": 0.003398304567480044,
      "test_Precision_mean": 0.9184754627029806,
      "test_Precision_std": 0.017790478343376874,
      "test_ROC_AUC_mean": 0.9651920915858969,
      "test_ROC_AUC_std": 0.0022060008281579173,
      "test_Sensitivity_mean": 0.7942857142857049,
      "test_Sensitivity_std": 0.02856332894587317,
      "test_Specificity_mean": 0.9823598820058967,
      "test_Specificity_std": 0.004785898106433029,
      "val_Precision_mean": 0.9151631813912128,
      "val_Precision_std": 0.03172711929910935,
      "val_Sensitivity_mean": 0.751904761904753,
      "val_Sensitivity_std": 0.02286260867592634,
      "val_Specificity_mean": 0.9823008849557493,
      "val_Specificity_std": 0.007678410096202497,
      "val_score_mean": 0.8247444457561143,
      "val_score_std": 0.007167328718374263,
      "val_thr_mean": 0.47915227239579217,
      "val_thr_std": 0.060552495732652686
    },
    {
      "criterion": "youden",
      "feature_set": "c110_d110",
      "model": "et",
      "param_hash": "d57d101abdb4",
      "param_index": 0,
      "test_Brier_mean": 0.04819074020593156,
      "test_Brier_std": 0.0011572212090959504,
      "test_LogLoss_mean": 0.18098869639988466,
      "test_LogLoss_std": 0.003423015057757913,
      "test_PR_AUC_mean": 0.9098577082686441,
      "test_PR_AUC_std": 0.003398304567480044,
      "test_Precision_mean": 0.8207082431528597,
      "test_Precision_std": 0.04843167612857248,
      "test_ROC_AUC_mean": 0.9651920915858969,
      "test_ROC_AUC_std": 0.0022060008281579173,
      "test_Sensitivity_mean": 0.8826190476190371,
      "test_Sensitivity_std": 0.02331979337816919,
      "test_Specificity_mean": 0.9509734513274307,
      "test_Specificity_std": 0.016865673752700587,
      "val_Precision_mean": 0.7958297577166984,
      "val_Precision_std": 0.042998525024180737,
      "val_Sensitivity_mean": 0.8111904761904666,
      "val_Sensitivity_std": 0.01968826656289831,
      "val_Specificity_mean": 0.9474336283185812,
      "val_Specificity_std": 0.014847544440743527,
      "val_score_mean": 0.7586241045090477,
      "val_score_std": 0.010014774635036984,
      "val_thr_mean": 0.27974860339189667,
      "val_thr_std": 0.05464458482996922
    }
  ],
  "task_id": 120,
  "thr_grid_size": 600
}