{
  "feature_set": "c110_snr",
  "model": "brf",
  "n_bootstrap": 50,
  "param_hash": "398f707beed4",
  "param_index": 4,
  "params": {
    "max_depth": 20,
    "max_features": "sqrt",
    "min_samples_leaf": 4,
    "min_samples_split": 2,
    "n_estimators": 2500,
    "replacement": true,
    "sampling_strategy": "auto"
  },
  "runtime_s": 852.416455745697,
  "summary_preview": [
    {
      "criterion": "f1",
      "feature_set": "c110_snr",
      "model": "brf",
      "param_hash": "398f707beed4",
      "param_index": 4,
      "test_Brier_mean": 0.08293879469372965,
      "test_Brier_std": 0.0028880740037925128,
      "test_LogLoss_mean": 0.3000691539636842,
      "test_LogLoss_std": 0.007712116330474372,
      "test_PR_AUC_mean": 0.8728787642553448,
      "test_PR_AUC_std": 0.010648134588220285,
      "test_Precision_mean": 0.8531986901218152,
      "test_Precision_std": 0.022955212400764903,
      "test_ROC_AUC_mean": 0.9531415929203539,
      "test_ROC_AUC_std": 0.004666514075179691,
      "test_Sensitivity_mean": 0.7402380952380865,
      "test_Sensitivity_std": 0.06049690500208832,
      "test_Specificity_mean": 0.9679646017699086,
      "test_Specificity_std": 0.007632247124099616,
      "val_Precision_mean": 0.8474533960081387,
      "val_Precision_std": 0.04720308018089847,
      "val_Sensitivity_mean": 0.7297619047618962,
      "val_Sensitivity_std": 0.04215835121170199,
      "val_Specificity_mean": 0.9661946902654839,
      "val_Specificity_std": 0.013566572945758151,
      "val_score_mean": 0.7818748681739877,
      "val_score_std": 0.009240928429050572,
      "val_thr_mean": 0.5666961786946498,
      "val_thr_std": 0.05643641150480655
    },
    {
      "criterion": "youden",
      "feature_set": "c110_snr",
      "model": "brf",
      "param_hash": "398f707beed4",
      "param_index": 4,
      "test_Brier_mean": 0.08293879469372965,
      "test_Brier_std": 0.0028880740037925128,
      "test_LogLoss_mean": 0.3000691539636842,
      "test_LogLoss_std": 0.007712116330474372,
      "test_PR_AUC_mean": 0.8728787642553448,
      "test_PR_AUC_std": 0.010648134588220285,
      "test_Precision_mean": 0.7520389246826713,
      "test_Precision_std": 0.058586993672761344,
      "test_ROC_AUC_mean": 0.9531415929203539,
      "test_ROC_AUC_std": 0.004666514075179691,
      "test_Sensitivity_mean": 0.8435714285714185,
      "test_Sensitivity_std": 0.03126755141343059,
      "test_Specificity_mean": 0.9289675516224161,
      "test_Specificity_std": 0.024404115527314776,
      "val_Precision_mean": 0.7154223051785575,
      "val_Precision_std": 0.04369648617755427,
      "val_Sensitivity_mean": 0.8090476190476095,
      "val_Sensitivity_std": 0.020260234846034383,
      "val_Specificity_mean": 0.9189970501474899,
      "val_Specificity_std": 0.01855351513342468,
      "val_score_mean": 0.7280446691950994,
      "val_score_std": 0.01720900570782056,
      "val_thr_mean": 0.454240561707768,
      "val_thr_std": 0.02661452456236462
    }
  ],
  "task_id": 436,
  "thr_grid_size": 600
}