{
  "feature_set": "c110_d110",
  "model": "et",
  "n_bootstrap": 50,
  "param_hash": "404679983e99",
  "param_index": 11,
  "params": {
    "bootstrap": false,
    "max_depth": null,
    "max_features": "0.2",
    "max_samples": 0.5,
    "min_samples_leaf": 2,
    "min_samples_split": 2,
    "n_estimators": 800
  },
  "runtime_s": 132.4499773979187,
  "summary_preview": [
    {
      "criterion": "f1",
      "feature_set": "c110_d110",
      "model": "et",
      "param_hash": "404679983e99",
      "param_index": 11,
      "test_Brier_mean": 0.04909052347548994,
      "test_Brier_std": 0.001636067385818823,
      "test_LogLoss_mean": 0.18496690698921128,
      "test_LogLoss_std": 0.0047809391099280065,
      "test_PR_AUC_mean": 0.9105160832325819,
      "test_PR_AUC_std": 0.004761115975889923,
      "test_Precision_mean": 0.9195824410836747,
      "test_Precision_std": 0.01781579982001514,
      "test_ROC_AUC_mean": 0.9651123753336143,
      "test_ROC_AUC_std": 0.003159323408472915,
      "test_Sensitivity_mean": 0.798571428571419,
      "test_Sensitivity_std": 0.02554872375267171,
      "test_Specificity_mean": 0.9825368731563393,
      "test_Specificity_std": 0.004761718294757841,
      "val_Precision_mean": 0.9098428137899576,
      "val_Precision_std": 0.031091343938603255,
      "val_Sensitivity_mean": 0.7538095238095148,
      "val_Sensitivity_std": 0.018698204254264727,
      "val_Specificity_mean": 0.9811209439527994,
      "val_Specificity_std": 0.007538366548671837,
      "val_score_mean": 0.8238900098196905,
      "val_score_std": 0.008629684337461432,
      "val_thr_mean": 0.4755289746800225,
      "val_thr_std": 0.05334235085968783
    },
    {
      "criterion": "youden",
      "feature_set": "c110_d110",
      "model": "et",
      "param_hash": "404679983e99",
      "param_index": 11,
      "test_Brier_mean": 0.04909052347548994,
      "test_Brier_std": 0.001636067385818823,
      "test_LogLoss_mean": 0.18496690698921128,
      "test_LogLoss_std": 0.0047809391099280065,
      "test_PR_AUC_mean": 0.9105160832325819,
      "test_PR_AUC_std": 0.004761115975889923,
      "test_Precision_mean": 0.8342756249041358,
      "test_Precision_std": 0.04275418361173688,
      "test_ROC_AUC_mean": 0.9651123753336143,
      "test_ROC_AUC_std": 0.003159323408472915,
      "test_Sensitivity_mean": 0.8759523809523705,
      "test_Sensitivity_std": 0.02453817028837682,
      "test_Specificity_mean": 0.9559292035398201,
      "test_Specificity_std": 0.014542039562068235,
      "val_Precision_mean": 0.8046761087962573,
      "val_Precision_std": 0.0437204833526932,
      "val_Sensitivity_mean": 0.8057142857142762,
      "val_Sensitivity_std": 0.019307028498392113,
      "val_Specificity_mean": 0.9505604719763983,
      "val_Specificity_std": 0.014749984932041195,
      "val_score_mean": 0.7562747576906744,
      "val_score_std": 0.011649863217237273,
      "val_thr_mean": 0.30754277068924396,
      "val_thr_std": 0.05439508961116349
    }
  ],
  "task_id": 131,
  "thr_grid_size": 600
}