{
  "feature_set": "c110_d110",
  "model": "et",
  "n_bootstrap": 50,
  "param_hash": "2ebe753d91e2",
  "param_index": 3,
  "params": {
    "bootstrap": true,
    "max_depth": null,
    "max_features": "0.5",
    "max_samples": 0.5,
    "min_samples_leaf": 2,
    "min_samples_split": 4,
    "n_estimators": 4000
  },
  "runtime_s": 797.4017014503479,
  "summary_preview": [
    {
      "criterion": "f1",
      "feature_set": "c110_d110",
      "model": "et",
      "param_hash": "2ebe753d91e2",
      "param_index": 3,
      "test_Brier_mean": 0.04963118254908729,
      "test_Brier_std": 0.0016126047212096527,
      "test_LogLoss_mean": 0.18537468841179838,
      "test_LogLoss_std": 0.004778058618981741,
      "test_PR_AUC_mean": 0.9060750209359181,
      "test_PR_AUC_std": 0.0040277498658341125,
      "test_Precision_mean": 0.9191490296141764,
      "test_Precision_std": 0.018260153210479392,
      "test_ROC_AUC_mean": 0.9634464110127827,
      "test_ROC_AUC_std": 0.0024272831217044943,
      "test_Sensitivity_mean": 0.7940476190476096,
      "test_Sensitivity_std": 0.02797089150237813,
      "test_Specificity_mean": 0.9825368731563393,
      "test_Specificity_std": 0.0048357314075957985,
      "val_Precision_mean": 0.9134444128832842,
      "val_Precision_std": 0.029494267339624132,
      "val_Sensitivity_mean": 0.7521428571428482,
      "val_Sensitivity_std": 0.01842551886586678,
      "val_Specificity_mean": 0.9820058997050118,
      "val_Specificity_std": 0.007132874369916028,
      "val_score_mean": 0.824412270517051,
      "val_score_std": 0.008512070079271707,
      "val_thr_mean": 0.4805241143042641,
      "val_thr_std": 0.05393870487909213
    },
    {
      "criterion": "youden",
      "feature_set": "c110_d110",
      "model": "et",
      "param_hash": "2ebe753d91e2",
      "param_index": 3,
      "test_Brier_mean": 0.04963118254908729,
      "test_Brier_std": 0.0016126047212096527,
      "test_LogLoss_mean": 0.18537468841179838,
      "test_LogLoss_std": 0.004778058618981741,
      "test_PR_AUC_mean": 0.9060750209359181,
      "test_PR_AUC_std": 0.0040277498658341125,
      "test_Precision_mean": 0.8469803229322883,
      "test_Precision_std": 0.042895829068776196,
      "test_ROC_AUC_mean": 0.9634464110127827,
      "test_ROC_AUC_std": 0.0024272831217044943,
      "test_Sensitivity_mean": 0.8602380952380851,
      "test_Sensitivity_std": 0.02378643195077502,
      "test_Specificity_mean": 0.9605309734513245,
      "test_Specificity_std": 0.014264379361401971,
      "val_Precision_mean": 0.8175944419491976,
      "val_Precision_std": 0.04384918960875653,
      "val_Sensitivity_mean": 0.7930952380952287,
      "val_Sensitivity_std": 0.015751274310909124,
      "val_Specificity_mean": 0.9552212389380501,
      "val_Specificity_std": 0.014582039209737089,
      "val_score_mean": 0.7483164770332789,
      "val_score_std": 0.006879618539224224,
      "val_thr_mean": 0.329363351985452,
      "val_thr_std": 0.05375569775905502
    }
  ],
  "task_id": 123,
  "thr_grid_size": 600
}