{
  "feature_set": "c110",
  "model": "bbag",
  "n_bootstrap": 50,
  "param_hash": "53769ab18e2e",
  "param_index": 13,
  "params": {
    "base_max_depth": 20,
    "base_max_features": "0.3",
    "base_min_samples_leaf": 1,
    "base_min_samples_split": 2,
    "bootstrap": true,
    "max_features": 0.9,
    "max_samples": 0.5,
    "n_estimators": 500,
    "replacement": false,
    "sampling_strategy": "auto"
  },
  "runtime_s": 53.65127491950989,
  "summary_preview": [
    {
      "criterion": "f1",
      "feature_set": "c110",
      "model": "bbag",
      "param_hash": "53769ab18e2e",
      "param_index": 13,
      "test_Brier_mean": 0.0738741818373123,
      "test_Brier_std": 0.0029171088749650248,
      "test_LogLoss_mean": 0.2740393172678665,
      "test_LogLoss_std": 0.009310791384389496,
      "test_PR_AUC_mean": 0.8895300347269393,
      "test_PR_AUC_std": 0.0069846120726858125,
      "test_Precision_mean": 0.8576676625546336,
      "test_Precision_std": 0.02069340369510429,
      "test_ROC_AUC_mean": 0.9590184716954628,
      "test_ROC_AUC_std": 0.0034220757311364896,
      "test_Sensitivity_mean": 0.7830952380952289,
      "test_Sensitivity_std": 0.027453215160149137,
      "test_Specificity_mean": 0.9675516224188762,
      "test_Specificity_std": 0.006390961183355667,
      "val_Precision_mean": 0.8450331265441049,
      "val_Precision_std": 0.0254750076071473,
      "val_Sensitivity_mean": 0.7628571428571338,
      "val_Sensitivity_std": 0.01936685829317902,
      "val_Specificity_mean": 0.9650147492625339,
      "val_Specificity_std": 0.007395911743959845,
      "val_score_mean": 0.8013236821557205,
      "val_score_std": 0.008124841762575294,
      "val_thr_mean": 0.5386814223763107,
      "val_thr_std": 0.038539810313198225
    },
    {
      "criterion": "youden",
      "feature_set": "c110",
      "model": "bbag",
      "param_hash": "53769ab18e2e",
      "param_index": 13,
      "test_Brier_mean": 0.0738741818373123,
      "test_Brier_std": 0.0029171088749650248,
      "test_LogLoss_mean": 0.2740393172678665,
      "test_LogLoss_std": 0.009310791384389496,
      "test_PR_AUC_mean": 0.8895300347269393,
      "test_PR_AUC_std": 0.0069846120726858125,
      "test_Precision_mean": 0.8034904387440933,
      "test_Precision_std": 0.036596739713168534,
      "test_ROC_AUC_mean": 0.9590184716954628,
      "test_ROC_AUC_std": 0.0034220757311364896,
      "test_Sensitivity_mean": 0.8428571428571329,
      "test_Sensitivity_std": 0.030612244897958815,
      "test_Specificity_mean": 0.9480825958702036,
      "test_Specificity_std": 0.013365993701773002,
      "val_Precision_mean": 0.7674745052720909,
      "val_Precision_std": 0.043576262692546254,
      "val_Sensitivity_mean": 0.8030952380952285,
      "val_Sensitivity_std": 0.020008848521558535,
      "val_Specificity_mean": 0.9386430678466049,
      "val_Specificity_std": 0.015677265265687464,
      "val_score_mean": 0.7417383059418334,
      "val_score_std": 0.01339511197216643,
      "val_thr_mean": 0.4560918408676771,
      "val_thr_std": 0.034463331826820556
    }
  ],
  "task_id": 85,
  "thr_grid_size": 600
}