{
  "feature_set": "c110",
  "model": "et",
  "n_bootstrap": 50,
  "param_hash": "404679983e99",
  "param_index": 11,
  "params": {
    "bootstrap": false,
    "max_depth": null,
    "max_features": "0.2",
    "max_samples": 0.5,
    "min_samples_leaf": 2,
    "min_samples_split": 2,
    "n_estimators": 800
  },
  "runtime_s": 143.34020805358887,
  "summary_preview": [
    {
      "criterion": "f1",
      "feature_set": "c110",
      "model": "et",
      "param_hash": "404679983e99",
      "param_index": 11,
      "test_Brier_mean": 0.05369391086418748,
      "test_Brier_std": 0.0015121004967650026,
      "test_LogLoss_mean": 0.19832368028833453,
      "test_LogLoss_std": 0.00447976685460947,
      "test_PR_AUC_mean": 0.9073720449563877,
      "test_PR_AUC_std": 0.005716565673036263,
      "test_Precision_mean": 0.9015277576774904,
      "test_Precision_std": 0.02279053742820561,
      "test_ROC_AUC_mean": 0.964408624806855,
      "test_ROC_AUC_std": 0.003058425682407965,
      "test_Sensitivity_mean": 0.7902380952380859,
      "test_Sensitivity_std": 0.032258278173410065,
      "test_Specificity_mean": 0.9783480825958673,
      "test_Specificity_std": 0.006267790268642507,
      "val_Precision_mean": 0.8935341414592617,
      "val_Precision_std": 0.0304267579244321,
      "val_Sensitivity_mean": 0.7576190476190386,
      "val_Sensitivity_std": 0.02278657717611432,
      "val_Specificity_mean": 0.9772271386430649,
      "val_Specificity_std": 0.008106811399181471,
      "val_score_mean": 0.8192732126006813,
      "val_score_std": 0.009863466992044448,
      "val_thr_mean": 0.42397018751490584,
      "val_thr_std": 0.046813616982209545
    },
    {
      "criterion": "youden",
      "feature_set": "c110",
      "model": "et",
      "param_hash": "404679983e99",
      "param_index": 11,
      "test_Brier_mean": 0.05369391086418748,
      "test_Brier_std": 0.0015121004967650026,
      "test_LogLoss_mean": 0.19832368028833453,
      "test_LogLoss_std": 0.00447976685460947,
      "test_PR_AUC_mean": 0.9073720449563877,
      "test_PR_AUC_std": 0.005716565673036263,
      "test_Precision_mean": 0.8274684220740748,
      "test_Precision_std": 0.042361820156902916,
      "test_ROC_AUC_mean": 0.964408624806855,
      "test_ROC_AUC_std": 0.003058425682407965,
      "test_Sensitivity_mean": 0.8728571428571326,
      "test_Sensitivity_std": 0.018542875061821555,
      "test_Specificity_mean": 0.9540412979351004,
      "test_Specificity_std": 0.014390803935765811,
      "val_Precision_mean": 0.7855106908210803,
      "val_Precision_std": 0.042923086956466606,
      "val_Sensitivity_mean": 0.8149999999999903,
      "val_Sensitivity_std": 0.014867097534703473,
      "val_Specificity_mean": 0.9439528023598791,
      "val_Specificity_std": 0.01453703186739174,
      "val_score_mean": 0.7589528023598695,
      "val_score_std": 0.011708286045065082,
      "val_thr_mean": 0.2934167424874791,
      "val_thr_std": 0.037648334076342896
    }
  ],
  "task_id": 35,
  "thr_grid_size": 600
}