{
  "feature_set": "c110_snr",
  "model": "brf",
  "n_bootstrap": 50,
  "param_hash": "d46ad37179de",
  "param_index": 18,
  "params": {
    "max_depth": 20,
    "max_features": "sqrt",
    "min_samples_leaf": 1,
    "min_samples_split": 4,
    "n_estimators": 800,
    "replacement": true,
    "sampling_strategy": "auto"
  },
  "runtime_s": 271.5450756549835,
  "summary_preview": [
    {
      "criterion": "f1",
      "feature_set": "c110_snr",
      "model": "brf",
      "param_hash": "d46ad37179de",
      "param_index": 18,
      "test_Brier_mean": 0.08127628664204094,
      "test_Brier_std": 0.0027423397783495258,
      "test_LogLoss_mean": 0.2950416179246076,
      "test_LogLoss_std": 0.006706333405531886,
      "test_PR_AUC_mean": 0.8735102851048563,
      "test_PR_AUC_std": 0.011950224447809042,
      "test_Precision_mean": 0.8521854138073589,
      "test_Precision_std": 0.03011631325399372,
      "test_ROC_AUC_mean": 0.9532606405394016,
      "test_ROC_AUC_std": 0.005998378050993231,
      "test_Sensitivity_mean": 0.7592857142857053,
      "test_Sensitivity_std": 0.054117452733479864,
      "test_Specificity_mean": 0.9666666666666637,
      "test_Specificity_std": 0.009923229531661689,
      "val_Precision_mean": 0.8477859780236777,
      "val_Precision_std": 0.04680981672980954,
      "val_Sensitivity_mean": 0.7452380952380864,
      "val_Sensitivity_std": 0.037337582313095044,
      "val_Specificity_mean": 0.9657227138643039,
      "val_Specificity_std": 0.01310963448689281,
      "val_score_mean": 0.7912503556798149,
      "val_score_std": 0.011252302520206698,
      "val_thr_mean": 0.5535022336776642,
      "val_thr_std": 0.05291101906217769
    },
    {
      "criterion": "youden",
      "feature_set": "c110_snr",
      "model": "brf",
      "param_hash": "d46ad37179de",
      "param_index": 18,
      "test_Brier_mean": 0.08127628664204094,
      "test_Brier_std": 0.0027423397783495258,
      "test_LogLoss_mean": 0.2950416179246076,
      "test_LogLoss_std": 0.006706333405531886,
      "test_PR_AUC_mean": 0.8735102851048563,
      "test_PR_AUC_std": 0.011950224447809042,
      "test_Precision_mean": 0.7569909279822186,
      "test_Precision_std": 0.049519104137154005,
      "test_ROC_AUC_mean": 0.9532606405394016,
      "test_ROC_AUC_std": 0.005998378050993231,
      "test_Sensitivity_mean": 0.8454761904761804,
      "test_Sensitivity_std": 0.03231203006278979,
      "test_Specificity_mean": 0.9312684365781684,
      "test_Specificity_std": 0.020273599102275417,
      "val_Precision_mean": 0.7332573416370647,
      "val_Precision_std": 0.04738677810754325,
      "val_Sensitivity_mean": 0.8140476190476095,
      "val_Sensitivity_std": 0.021226506532477638,
      "val_Specificity_mean": 0.925250737463124,
      "val_Specificity_std": 0.019224774622029945,
      "val_score_mean": 0.7392983565107335,
      "val_score_std": 0.01921738398085932,
      "val_thr_mean": 0.45147326909330976,
      "val_thr_std": 0.028890661351495196
    }
  ],
  "task_id": 450,
  "thr_grid_size": 600
}