{
  "feature_set": "c110_d110_snr",
  "model": "brf",
  "n_bootstrap": 50,
  "param_hash": "46f99e841907",
  "param_index": 7,
  "params": {
    "max_depth": 30,
    "max_features": "sqrt",
    "min_samples_leaf": 2,
    "min_samples_split": 8,
    "n_estimators": 1500,
    "replacement": true,
    "sampling_strategy": "auto"
  },
  "runtime_s": 549.8731184005737,
  "summary_preview": [
    {
      "criterion": "f1",
      "feature_set": "c110_d110_snr",
      "model": "brf",
      "param_hash": "46f99e841907",
      "param_index": 7,
      "test_Brier_mean": 0.07239950595163448,
      "test_Brier_std": 0.0025010737487336818,
      "test_LogLoss_mean": 0.26673065142741753,
      "test_LogLoss_std": 0.007343420555579744,
      "test_PR_AUC_mean": 0.8958404685791109,
      "test_PR_AUC_std": 0.006743601232880842,
      "test_Precision_mean": 0.8600568663462043,
      "test_Precision_std": 0.029410837683212683,
      "test_ROC_AUC_mean": 0.9611715128529288,
      "test_ROC_AUC_std": 0.0030397603649647024,
      "test_Sensitivity_mean": 0.7999999999999905,
      "test_Sensitivity_std": 0.03702643036917851,
      "test_Specificity_mean": 0.9672566371681387,
      "test_Specificity_std": 0.00864142294749677,
      "val_Precision_mean": 0.8532117439340448,
      "val_Precision_std": 0.03389458668433078,
      "val_Sensitivity_mean": 0.7673809523809433,
      "val_Sensitivity_std": 0.025134420426854584,
      "val_Specificity_mean": 0.9667256637168112,
      "val_Specificity_std": 0.009348030458823249,
      "val_score_mean": 0.8070850676618093,
      "val_score_std": 0.00853987811909051,
      "val_thr_mean": 0.5705463166123433,
      "val_thr_std": 0.0493141236372436
    },
    {
      "criterion": "youden",
      "feature_set": "c110_d110_snr",
      "model": "brf",
      "param_hash": "46f99e841907",
      "param_index": 7,
      "test_Brier_mean": 0.07239950595163448,
      "test_Brier_std": 0.0025010737487336818,
      "test_LogLoss_mean": 0.26673065142741753,
      "test_LogLoss_std": 0.007343420555579744,
      "test_PR_AUC_mean": 0.8958404685791109,
      "test_PR_AUC_std": 0.006743601232880842,
      "test_Precision_mean": 0.8108822529800644,
      "test_Precision_std": 0.03352346747142708,
      "test_ROC_AUC_mean": 0.9611715128529288,
      "test_ROC_AUC_std": 0.0030397603649647024,
      "test_Sensitivity_mean": 0.8488095238095137,
      "test_Sensitivity_std": 0.024907854618837804,
      "test_Specificity_mean": 0.9503244837758084,
      "test_Specificity_std": 0.01162290475572132,
      "val_Precision_mean": 0.7994337268535321,
      "val_Precision_std": 0.03295835181711955,
      "val_Sensitivity_mean": 0.8011904761904667,
      "val_Sensitivity_std": 0.012555121649858218,
      "val_Specificity_mean": 0.949675516224186,
      "val_Specificity_std": 0.010783586578809562,
      "val_score_mean": 0.7508659924146527,
      "val_score_std": 0.009427098810457312,
      "val_thr_mean": 0.5020356579484325,
      "val_thr_std": 0.032564709507324346
    }
  ],
  "task_id": 535,
  "thr_grid_size": 600
}