{
  "feature_set": "c110_errors",
  "model": "rf",
  "n_bootstrap": 50,
  "param_hash": "bdb980b4c5bd",
  "param_index": 0,
  "params": {
    "bootstrap": true,
    "class_weight": null,
    "max_depth": null,
    "max_features": "sqrt",
    "min_samples_leaf": 2,
    "min_samples_split": 2,
    "n_estimators": 1500
  },
  "runtime_s": 379.12116718292236,
  "summary_preview": [
    {
      "criterion": "f1",
      "feature_set": "c110_errors",
      "model": "rf",
      "param_hash": "bdb980b4c5bd",
      "param_index": 0,
      "test_Brier_mean": 0.06179370873438504,
      "test_Brier_std": 0.0019608055188752084,
      "test_LogLoss_mean": 0.21929140391937074,
      "test_LogLoss_std": 0.005048364446007208,
      "test_PR_AUC_mean": 0.8909741165888551,
      "test_PR_AUC_std": 0.00954823374760177,
      "test_Precision_mean": 0.8837839422803927,
      "test_Precision_std": 0.023631425128070826,
      "test_ROC_AUC_mean": 0.959614412136536,
      "test_ROC_AUC_std": 0.004307190986677593,
      "test_Sensitivity_mean": 0.7152380952380868,
      "test_Sensitivity_std": 0.03517079171349772,
      "test_Specificity_mean": 0.976401179941,
      "test_Specificity_std": 0.0061357858316733885,
      "val_Precision_mean": 0.8712800366442495,
      "val_Precision_std": 0.0353649310525096,
      "val_Sensitivity_mean": 0.7071428571428489,
      "val_Sensitivity_std": 0.021512092926315275,
      "val_Specificity_mean": 0.9736283185840677,
      "val_Specificity_std": 0.008603527206905826,
      "val_score_mean": 0.7798736453644873,
      "val_score_std": 0.011189172147887966,
      "val_thr_mean": 0.43528854711114656,
      "val_thr_std": 0.03435565564214763
    },
    {
      "criterion": "youden",
      "feature_set": "c110_errors",
      "model": "rf",
      "param_hash": "bdb980b4c5bd",
      "param_index": 0,
      "test_Brier_mean": 0.06179370873438504,
      "test_Brier_std": 0.0019608055188752084,
      "test_LogLoss_mean": 0.21929140391937074,
      "test_LogLoss_std": 0.005048364446007208,
      "test_PR_AUC_mean": 0.8909741165888551,
      "test_PR_AUC_std": 0.00954823374760177,
      "test_Precision_mean": 0.8193668289225898,
      "test_Precision_std": 0.050697586092786684,
      "test_ROC_AUC_mean": 0.959614412136536,
      "test_ROC_AUC_std": 0.004307190986677593,
      "test_Sensitivity_mean": 0.8095238095238,
      "test_Sensitivity_std": 0.0561996994621024,
      "test_Specificity_mean": 0.9540412979351004,
      "test_Specificity_std": 0.018912607144608812,
      "val_Precision_mean": 0.7577450219082854,
      "val_Precision_std": 0.07403745830923046,
      "val_Sensitivity_mean": 0.7583333333333243,
      "val_Sensitivity_std": 0.029481183373060355,
      "val_Specificity_mean": 0.9367551622418852,
      "val_Specificity_std": 0.026885402256298766,
      "val_score_mean": 0.6950884955752095,
      "val_score_std": 0.011975499015019667,
      "val_thr_mean": 0.33633285860259826,
      "val_thr_std": 0.056745510067905555
    }
  ],
  "task_id": 192,
  "thr_grid_size": 600
}