{
  "feature_set": "c110_snr",
  "model": "bbag",
  "n_bootstrap": 50,
  "param_hash": "2722f92a279a",
  "param_index": 19,
  "params": {
    "base_max_depth": 10,
    "base_max_features": "0.5",
    "base_min_samples_leaf": 1,
    "base_min_samples_split": 4,
    "bootstrap": true,
    "max_features": 0.9,
    "max_samples": 0.9,
    "n_estimators": 1200,
    "replacement": false,
    "sampling_strategy": "auto"
  },
  "runtime_s": 163.49997472763062,
  "summary_preview": [
    {
      "criterion": "f1",
      "feature_set": "c110_snr",
      "model": "bbag",
      "param_hash": "2722f92a279a",
      "param_index": 19,
      "test_Brier_mean": 0.06456712455059205,
      "test_Brier_std": 0.00290396087285201,
      "test_LogLoss_mean": 0.24910324199044498,
      "test_LogLoss_std": 0.009134598734114954,
      "test_PR_AUC_mean": 0.8986209041513813,
      "test_PR_AUC_std": 0.006592737161078298,
      "test_Precision_mean": 0.856230117579732,
      "test_Precision_std": 0.02564922215001213,
      "test_ROC_AUC_mean": 0.9634653743503301,
      "test_ROC_AUC_std": 0.002947050666580236,
      "test_Sensitivity_mean": 0.8123809523809428,
      "test_Sensitivity_std": 0.03904607833126147,
      "test_Specificity_mean": 0.9657817109144514,
      "test_Specificity_std": 0.008343442845858945,
      "val_Precision_mean": 0.8422652176805648,
      "val_Precision_std": 0.032165956277826306,
      "val_Sensitivity_mean": 0.7790476190476098,
      "val_Sensitivity_std": 0.02558492458379763,
      "val_Specificity_mean": 0.9633038348082568,
      "val_Specificity_std": 0.009519706443044786,
      "val_score_mean": 0.8085260990788928,
      "val_score_std": 0.008766661952117696,
      "val_thr_mean": 0.47983263807688575,
      "val_thr_std": 0.055712231264386174
    },
    {
      "criterion": "youden",
      "feature_set": "c110_snr",
      "model": "bbag",
      "param_hash": "2722f92a279a",
      "param_index": 19,
      "test_Brier_mean": 0.06456712455059205,
      "test_Brier_std": 0.00290396087285201,
      "test_LogLoss_mean": 0.24910324199044498,
      "test_LogLoss_std": 0.009134598734114954,
      "test_PR_AUC_mean": 0.8986209041513813,
      "test_PR_AUC_std": 0.006592737161078298,
      "test_Precision_mean": 0.8166383449375254,
      "test_Precision_std": 0.03499690737951855,
      "test_ROC_AUC_mean": 0.9634653743503301,
      "test_ROC_AUC_std": 0.002947050666580236,
      "test_Sensitivity_mean": 0.8657142857142754,
      "test_Sensitivity_std": 0.024999421530629538,
      "test_Specificity_mean": 0.9511504424778733,
      "test_Specificity_std": 0.01283958880238821,
      "val_Precision_mean": 0.7902488810298229,
      "val_Precision_std": 0.030189087948266333,
      "val_Sensitivity_mean": 0.8107142857142762,
      "val_Sensitivity_std": 0.0163566191000605,
      "val_Specificity_mean": 0.9461946902654839,
      "val_Specificity_std": 0.010636846229605357,
      "val_score_mean": 0.75690897597976,
      "val_score_std": 0.012255504211565954,
      "val_thr_mean": 0.4037216765616944,
      "val_thr_std": 0.02856346727693677
    }
  ],
  "task_id": 475,
  "thr_grid_size": 600
}