{
  "feature_set": "c110",
  "model": "et",
  "n_bootstrap": 50,
  "param_hash": "ceef262f88a3",
  "param_index": 16,
  "params": {
    "bootstrap": false,
    "max_depth": 20,
    "max_features": "0.2",
    "max_samples": 1.0,
    "min_samples_leaf": 1,
    "min_samples_split": 4,
    "n_estimators": 2500
  },
  "runtime_s": 441.2364709377289,
  "summary_preview": [
    {
      "criterion": "f1",
      "feature_set": "c110",
      "model": "et",
      "param_hash": "ceef262f88a3",
      "param_index": 16,
      "test_Brier_mean": 0.052854959418365495,
      "test_Brier_std": 0.0012404952975249353,
      "test_LogLoss_mean": 0.19622437606495446,
      "test_LogLoss_std": 0.0038118355209279474,
      "test_PR_AUC_mean": 0.9087114463536653,
      "test_PR_AUC_std": 0.0041551659803323706,
      "test_Precision_mean": 0.9068515442484592,
      "test_Precision_std": 0.019642545677272,
      "test_ROC_AUC_mean": 0.9647619047619048,
      "test_ROC_AUC_std": 0.0026525706139321026,
      "test_Sensitivity_mean": 0.7999999999999905,
      "test_Sensitivity_std": 0.031081066126695315,
      "test_Specificity_mean": 0.9794100294985221,
      "test_Specificity_std": 0.0055424298904634475,
      "val_Precision_mean": 0.8961132906093315,
      "val_Precision_std": 0.025090081904714057,
      "val_Sensitivity_mean": 0.7576190476190386,
      "val_Sensitivity_std": 0.02147980054945142,
      "val_Specificity_mean": 0.9779351032448348,
      "val_Specificity_std": 0.006722473359497424,
      "val_score_mean": 0.8204929809716287,
      "val_score_std": 0.007319425052609305,
      "val_thr_mean": 0.4346665142379619,
      "val_thr_std": 0.0434083529478431
    },
    {
      "criterion": "youden",
      "feature_set": "c110",
      "model": "et",
      "param_hash": "ceef262f88a3",
      "param_index": 16,
      "test_Brier_mean": 0.052854959418365495,
      "test_Brier_std": 0.0012404952975249353,
      "test_LogLoss_mean": 0.19622437606495446,
      "test_LogLoss_std": 0.0038118355209279474,
      "test_PR_AUC_mean": 0.9087114463536653,
      "test_PR_AUC_std": 0.0041551659803323706,
      "test_Precision_mean": 0.8365013449317458,
      "test_Precision_std": 0.03962976595774624,
      "test_ROC_AUC_mean": 0.9647619047619048,
      "test_ROC_AUC_std": 0.0026525706139321026,
      "test_Sensitivity_mean": 0.8714285714285611,
      "test_Sensitivity_std": 0.012726725805353367,
      "test_Specificity_mean": 0.9571091445427701,
      "test_Specificity_std": 0.013059689738459362,
      "val_Precision_mean": 0.7874717591562201,
      "val_Precision_std": 0.038375083443339966,
      "val_Sensitivity_mean": 0.8121428571428475,
      "val_Sensitivity_std": 0.013016593957926688,
      "val_Specificity_mean": 0.9449557522123865,
      "val_Specificity_std": 0.013387367516569333,
      "val_score_mean": 0.7570986093552341,
      "val_score_std": 0.010674977735886387,
      "val_thr_mean": 0.31326540833896427,
      "val_thr_std": 0.03415429708748794
    }
  ],
  "task_id": 40,
  "thr_grid_size": 600
}