{
  "feature_set": "c110_d110",
  "model": "bbag",
  "n_bootstrap": 50,
  "param_hash": "d8ae138be48a",
  "param_index": 2,
  "params": {
    "base_max_depth": 20,
    "base_max_features": "sqrt",
    "base_min_samples_leaf": 2,
    "base_min_samples_split": 2,
    "bootstrap": true,
    "max_features": 0.9,
    "max_samples": 0.5,
    "n_estimators": 800,
    "replacement": false,
    "sampling_strategy": "auto"
  },
  "runtime_s": 80.00826597213745,
  "summary_preview": [
    {
      "criterion": "f1",
      "feature_set": "c110_d110",
      "model": "bbag",
      "param_hash": "d8ae138be48a",
      "param_index": 2,
      "test_Brier_mean": 0.08336096720356613,
      "test_Brier_std": 0.0019754294542284737,
      "test_LogLoss_mean": 0.3006489297798274,
      "test_LogLoss_std": 0.00609322996227971,
      "test_PR_AUC_mean": 0.8663715670483376,
      "test_PR_AUC_std": 0.007417359722871381,
      "test_Precision_mean": 0.8235712478778765,
      "test_Precision_std": 0.02352066715470421,
      "test_ROC_AUC_mean": 0.9475112375333614,
      "test_ROC_AUC_std": 0.004086914664622443,
      "test_Sensitivity_mean": 0.7288095238095151,
      "test_Sensitivity_std": 0.038353262479723926,
      "test_Specificity_mean": 0.960943952802357,
      "test_Specificity_std": 0.008140039759055773,
      "val_Precision_mean": 0.8191970077549722,
      "val_Precision_std": 0.037278110281237994,
      "val_Sensitivity_mean": 0.726666666666658,
      "val_Sensitivity_std": 0.02731273455766598,
      "val_Specificity_mean": 0.9594690265486696,
      "val_Specificity_std": 0.012123213411576777,
      "val_score_mean": 0.7689592762239282,
      "val_score_std": 0.009312809180203321,
      "val_thr_mean": 0.53804281500361,
      "val_thr_std": 0.0328318982303561
    },
    {
      "criterion": "youden",
      "feature_set": "c110_d110",
      "model": "bbag",
      "param_hash": "d8ae138be48a",
      "param_index": 2,
      "test_Brier_mean": 0.08336096720356613,
      "test_Brier_std": 0.0019754294542284737,
      "test_LogLoss_mean": 0.3006489297798274,
      "test_LogLoss_std": 0.00609322996227971,
      "test_PR_AUC_mean": 0.8663715670483376,
      "test_PR_AUC_std": 0.007417359722871381,
      "test_Precision_mean": 0.7504830658081388,
      "test_Precision_std": 0.04120483010980594,
      "test_ROC_AUC_mean": 0.9475112375333614,
      "test_ROC_AUC_std": 0.004086914664622443,
      "test_Sensitivity_mean": 0.8271428571428474,
      "test_Sensitivity_std": 0.025022549874488844,
      "test_Specificity_mean": 0.9307374631268408,
      "test_Specificity_std": 0.016784931087698508,
      "val_Precision_mean": 0.7102176415392271,
      "val_Precision_std": 0.03240101067382265,
      "val_Sensitivity_mean": 0.7899999999999906,
      "val_Sensitivity_std": 0.01516564408816851,
      "val_Specificity_mean": 0.9194100294985224,
      "val_Specificity_std": 0.013673877971277133,
      "val_score_mean": 0.709410029498513,
      "val_score_std": 0.011081025656468211,
      "val_thr_mean": 0.44460642409969,
      "val_thr_std": 0.02552953182501029
    }
  ],
  "task_id": 170,
  "thr_grid_size": 600
}