{
  "feature_set": "c110_d110",
  "model": "et",
  "n_bootstrap": 50,
  "param_hash": "23103a58c1c4",
  "param_index": 13,
  "params": {
    "bootstrap": false,
    "max_depth": 20,
    "max_features": "0.5",
    "max_samples": 0.8,
    "min_samples_leaf": 1,
    "min_samples_split": 2,
    "n_estimators": 1500
  },
  "runtime_s": 290.9548716545105,
  "summary_preview": [
    {
      "criterion": "f1",
      "feature_set": "c110_d110",
      "model": "et",
      "param_hash": "23103a58c1c4",
      "param_index": 13,
      "test_Brier_mean": 0.04700631969993867,
      "test_Brier_std": 0.0016702025187435544,
      "test_LogLoss_mean": 0.17896521832458365,
      "test_LogLoss_std": 0.005342364987624533,
      "test_PR_AUC_mean": 0.909348187052158,
      "test_PR_AUC_std": 0.0055031616422546465,
      "test_Precision_mean": 0.9298109010650363,
      "test_Precision_std": 0.019075984613466268,
      "test_ROC_AUC_mean": 0.9630299199325748,
      "test_ROC_AUC_std": 0.0030559564739548214,
      "test_Sensitivity_mean": 0.7947619047618953,
      "test_Sensitivity_std": 0.03539376745395487,
      "test_Specificity_mean": 0.9849557522123864,
      "test_Specificity_std": 0.005100597739953742,
      "val_Precision_mean": 0.9307010706216693,
      "val_Precision_std": 0.023584508904496777,
      "val_Sensitivity_mean": 0.7523809523809435,
      "val_Sensitivity_std": 0.01767398783233527,
      "val_Specificity_mean": 0.9858997050147462,
      "val_Specificity_std": 0.0055360180073699946,
      "val_score_mean": 0.8316700068424993,
      "val_score_std": 0.00766614661297019,
      "val_thr_mean": 0.5283609225173186,
      "val_thr_std": 0.060873930389475854
    },
    {
      "criterion": "youden",
      "feature_set": "c110_d110",
      "model": "et",
      "param_hash": "23103a58c1c4",
      "param_index": 13,
      "test_Brier_mean": 0.04700631969993867,
      "test_Brier_std": 0.0016702025187435544,
      "test_LogLoss_mean": 0.17896521832458365,
      "test_LogLoss_std": 0.005342364987624533,
      "test_PR_AUC_mean": 0.909348187052158,
      "test_PR_AUC_std": 0.0055031616422546465,
      "test_Precision_mean": 0.8441081309379048,
      "test_Precision_std": 0.06549146645991165,
      "test_ROC_AUC_mean": 0.9630299199325748,
      "test_ROC_AUC_std": 0.0030559564739548214,
      "test_Sensitivity_mean": 0.8652380952380849,
      "test_Sensitivity_std": 0.038364572679165584,
      "test_Specificity_mean": 0.9580530973451299,
      "test_Specificity_std": 0.022812824134244035,
      "val_Precision_mean": 0.814192186102605,
      "val_Precision_std": 0.07442735438257765,
      "val_Sensitivity_mean": 0.803571428571419,
      "val_Sensitivity_std": 0.030446452023755,
      "val_Specificity_mean": 0.9517404129793482,
      "val_Specificity_std": 0.024829164030527227,
      "val_score_mean": 0.7553118415507671,
      "val_score_std": 0.012373994730178094,
      "val_thr_mean": 0.35356641389929216,
      "val_thr_std": 0.09731710816935493
    }
  ],
  "task_id": 133,
  "thr_grid_size": 600
}