{
  "feature_set": "c110_errors",
  "model": "rf",
  "n_bootstrap": 50,
  "param_hash": "7d6e70e1e5a9",
  "param_index": 15,
  "params": {
    "bootstrap": true,
    "class_weight": "balanced",
    "max_depth": null,
    "max_features": "sqrt",
    "min_samples_leaf": 2,
    "min_samples_split": 8,
    "n_estimators": 2500
  },
  "runtime_s": 562.8730900287628,
  "summary_preview": [
    {
      "criterion": "f1",
      "feature_set": "c110_errors",
      "model": "rf",
      "param_hash": "7d6e70e1e5a9",
      "param_index": 15,
      "test_Brier_mean": 0.06081269870392214,
      "test_Brier_std": 0.0019031066723575285,
      "test_LogLoss_mean": 0.22205509220299544,
      "test_LogLoss_std": 0.004891378941597666,
      "test_PR_AUC_mean": 0.89971976801938,
      "test_PR_AUC_std": 0.00943833497664903,
      "test_Precision_mean": 0.8591067806048491,
      "test_Precision_std": 0.031205292374461926,
      "test_ROC_AUC_mean": 0.9651833122629583,
      "test_ROC_AUC_std": 0.004272292236657677,
      "test_Sensitivity_mean": 0.7776190476190383,
      "test_Sensitivity_std": 0.06043711385698233,
      "test_Specificity_mean": 0.9676106194690236,
      "test_Specificity_std": 0.010568678330673329,
      "val_Precision_mean": 0.852446479412962,
      "val_Precision_std": 0.049938066006282596,
      "val_Sensitivity_mean": 0.7502380952380864,
      "val_Sensitivity_std": 0.03643506551108104,
      "val_Specificity_mean": 0.9665486725663688,
      "val_Specificity_std": 0.014135819245067446,
      "val_score_mean": 0.7959626386188154,
      "val_score_std": 0.009157073931466312,
      "val_thr_mean": 0.39294959849185573,
      "val_thr_std": 0.058397496026390015
    },
    {
      "criterion": "youden",
      "feature_set": "c110_errors",
      "model": "rf",
      "param_hash": "7d6e70e1e5a9",
      "param_index": 15,
      "test_Brier_mean": 0.06081269870392214,
      "test_Brier_std": 0.0019031066723575285,
      "test_LogLoss_mean": 0.22205509220299544,
      "test_LogLoss_std": 0.004891378941597666,
      "test_PR_AUC_mean": 0.89971976801938,
      "test_PR_AUC_std": 0.00943833497664903,
      "test_Precision_mean": 0.7800068998011731,
      "test_Precision_std": 0.04724869846703594,
      "test_ROC_AUC_mean": 0.9651833122629583,
      "test_ROC_AUC_std": 0.004272292236657677,
      "test_Sensitivity_mean": 0.8785714285714181,
      "test_Sensitivity_std": 0.0326247042402222,
      "test_Specificity_mean": 0.937227138643065,
      "test_Specificity_std": 0.018713909552428087,
      "val_Precision_mean": 0.7343969184327981,
      "val_Precision_std": 0.05136669326035388,
      "val_Sensitivity_mean": 0.8130952380952284,
      "val_Sensitivity_std": 0.02272175036715518,
      "val_Specificity_mean": 0.9254277286135665,
      "val_Specificity_std": 0.020858947660555006,
      "val_score_mean": 0.7385229667087949,
      "val_score_std": 0.014659940709376231,
      "val_thr_mean": 0.2879690936125273,
      "val_thr_std": 0.02966250267045433
    }
  ],
  "task_id": 207,
  "thr_grid_size": 600
}