{
  "feature_set": "c110_d110",
  "model": "et",
  "n_bootstrap": 50,
  "param_hash": "fd9ef44c080b",
  "param_index": 17,
  "params": {
    "bootstrap": true,
    "max_depth": 10,
    "max_features": "sqrt",
    "max_samples": 1.0,
    "min_samples_leaf": 4,
    "min_samples_split": 2,
    "n_estimators": 1500
  },
  "runtime_s": 599.1931929588318,
  "summary_preview": [
    {
      "criterion": "f1",
      "feature_set": "c110_d110",
      "model": "et",
      "param_hash": "fd9ef44c080b",
      "param_index": 17,
      "test_Brier_mean": 0.06861178826045648,
      "test_Brier_std": 0.0014596424073311295,
      "test_LogLoss_mean": 0.24154197974522856,
      "test_LogLoss_std": 0.004039686714311373,
      "test_PR_AUC_mean": 0.8727735666199183,
      "test_PR_AUC_std": 0.007997431663432086,
      "test_Precision_mean": 0.8357693197051895,
      "test_Precision_std": 0.029620466262535648,
      "test_ROC_AUC_mean": 0.9514489394577891,
      "test_ROC_AUC_std": 0.004179552159072927,
      "test_Sensitivity_mean": 0.7323809523809437,
      "test_Sensitivity_std": 0.048296924344164674,
      "test_Specificity_mean": 0.9636578171091417,
      "test_Specificity_std": 0.010483480357667876,
      "val_Precision_mean": 0.824266270023263,
      "val_Precision_std": 0.048467077130775395,
      "val_Sensitivity_mean": 0.7226190476190391,
      "val_Sensitivity_std": 0.03665350690859188,
      "val_Specificity_mean": 0.9604129793510296,
      "val_Specificity_std": 0.016190934664816144,
      "val_score_mean": 0.7679131389999244,
      "val_score_std": 0.009115498859001035,
      "val_thr_mean": 0.3419080806536245,
      "val_thr_std": 0.047402104657804256
    },
    {
      "criterion": "youden",
      "feature_set": "c110_d110",
      "model": "et",
      "param_hash": "fd9ef44c080b",
      "param_index": 17,
      "test_Brier_mean": 0.06861178826045648,
      "test_Brier_std": 0.0014596424073311295,
      "test_LogLoss_mean": 0.24154197974522856,
      "test_LogLoss_std": 0.004039686714311373,
      "test_PR_AUC_mean": 0.8727735666199183,
      "test_PR_AUC_std": 0.007997431663432086,
      "test_Precision_mean": 0.7604214789020933,
      "test_Precision_std": 0.03642932263385075,
      "test_ROC_AUC_mean": 0.9514489394577891,
      "test_ROC_AUC_std": 0.004179552159072927,
      "test_Sensitivity_mean": 0.8304761904761807,
      "test_Sensitivity_std": 0.023263913710967858,
      "test_Specificity_mean": 0.9343952802359854,
      "test_Specificity_std": 0.013675436336769809,
      "val_Precision_mean": 0.7171407533422753,
      "val_Precision_std": 0.028566753601280182,
      "val_Sensitivity_mean": 0.7942857142857049,
      "val_Sensitivity_std": 0.01403241588077282,
      "val_Specificity_mean": 0.9218289085545694,
      "val_Specificity_std": 0.01126427846997355,
      "val_score_mean": 0.7161146228402744,
      "val_score_std": 0.007932298199392845,
      "val_thr_mean": 0.24365480987527824,
      "val_thr_std": 0.0247177447341917
    }
  ],
  "task_id": 137,
  "thr_grid_size": 600
}