{
  "feature_set": "c110_d110",
  "model": "et",
  "n_bootstrap": 50,
  "param_hash": "843535797216",
  "param_index": 21,
  "params": {
    "bootstrap": true,
    "max_depth": 30,
    "max_features": "0.5",
    "max_samples": 0.8,
    "min_samples_leaf": 4,
    "min_samples_split": 8,
    "n_estimators": 4000
  },
  "runtime_s": 767.6342761516571,
  "summary_preview": [
    {
      "criterion": "f1",
      "feature_set": "c110_d110",
      "model": "et",
      "param_hash": "843535797216",
      "param_index": 21,
      "test_Brier_mean": 0.04916411612458819,
      "test_Brier_std": 0.0013214661210263524,
      "test_LogLoss_mean": 0.183599580658586,
      "test_LogLoss_std": 0.003653024914394557,
      "test_PR_AUC_mean": 0.907037335128177,
      "test_PR_AUC_std": 0.004650451061839319,
      "test_Precision_mean": 0.9129170198066714,
      "test_Precision_std": 0.020972731075965517,
      "test_ROC_AUC_mean": 0.9643208315774687,
      "test_ROC_AUC_std": 0.0025176818604386746,
      "test_Sensitivity_mean": 0.7947619047618953,
      "test_Sensitivity_std": 0.027586690606791024,
      "test_Specificity_mean": 0.9810029498525045,
      "test_Specificity_std": 0.005595682316965092,
      "val_Precision_mean": 0.9088589955351801,
      "val_Precision_std": 0.035970330879193754,
      "val_Sensitivity_mean": 0.7535714285714197,
      "val_Sensitivity_std": 0.021679504734662916,
      "val_Specificity_mean": 0.9807669616519145,
      "val_Specificity_std": 0.008763655073952567,
      "val_score_mean": 0.8231107289624668,
      "val_score_std": 0.008998618284029047,
      "val_thr_mean": 0.47147729038408526,
      "val_thr_std": 0.06198530235856881
    },
    {
      "criterion": "youden",
      "feature_set": "c110_d110",
      "model": "et",
      "param_hash": "843535797216",
      "param_index": 21,
      "test_Brier_mean": 0.04916411612458819,
      "test_Brier_std": 0.0013214661210263524,
      "test_LogLoss_mean": 0.183599580658586,
      "test_LogLoss_std": 0.003653024914394557,
      "test_PR_AUC_mean": 0.907037335128177,
      "test_PR_AUC_std": 0.004650451061839319,
      "test_Precision_mean": 0.8176169354170149,
      "test_Precision_std": 0.058869583964677986,
      "test_ROC_AUC_mean": 0.9643208315774687,
      "test_ROC_AUC_std": 0.0025176818604386746,
      "test_Sensitivity_mean": 0.877380952380942,
      "test_Sensitivity_std": 0.030541301013720632,
      "test_Specificity_mean": 0.9496165191740384,
      "test_Specificity_std": 0.02057435542574009,
      "val_Precision_mean": 0.7902647607193846,
      "val_Precision_std": 0.05426976773695966,
      "val_Sensitivity_mean": 0.8102380952380857,
      "val_Sensitivity_std": 0.023245257304125053,
      "val_Specificity_mean": 0.9450737463126815,
      "val_Specificity_std": 0.01919963282914726,
      "val_score_mean": 0.7553118415507671,
      "val_score_std": 0.008295717766273594,
      "val_thr_mean": 0.2850132925196084,
      "val_thr_std": 0.07090783695629249
    }
  ],
  "task_id": 141,
  "thr_grid_size": 600
}