{
  "feature_set": "c110",
  "model": "brf",
  "n_bootstrap": 50,
  "param_hash": "90cb8109e6a5",
  "param_index": 14,
  "params": {
    "max_depth": 30,
    "max_features": "0.3",
    "min_samples_leaf": 1,
    "min_samples_split": 4,
    "n_estimators": 800,
    "replacement": false,
    "sampling_strategy": "auto"
  },
  "runtime_s": 317.407253742218,
  "summary_preview": [
    {
      "criterion": "f1",
      "feature_set": "c110",
      "model": "brf",
      "param_hash": "90cb8109e6a5",
      "param_index": 14,
      "test_Brier_mean": 0.0663714555547347,
      "test_Brier_std": 0.0033257413515952144,
      "test_LogLoss_mean": 0.24220429990046477,
      "test_LogLoss_std": 0.009462986909494668,
      "test_PR_AUC_mean": 0.9029680128653916,
      "test_PR_AUC_std": 0.010383464844912031,
      "test_Precision_mean": 0.8728122678491181,
      "test_Precision_std": 0.03970299352857977,
      "test_ROC_AUC_mean": 0.9613060120803483,
      "test_ROC_AUC_std": 0.005043106566066563,
      "test_Sensitivity_mean": 0.7890476190476098,
      "test_Sensitivity_std": 0.052640930944633665,
      "test_Specificity_mean": 0.9705604719763983,
      "test_Specificity_std": 0.012235195053340878,
      "val_Precision_mean": 0.90174037048961,
      "val_Precision_std": 0.04794089843128272,
      "val_Sensitivity_mean": 0.761904761904753,
      "val_Sensitivity_std": 0.0346872075754607,
      "val_Specificity_mean": 0.9784070796460148,
      "val_Specificity_std": 0.012248975799183805,
      "val_score_mean": 0.8241173770377209,
      "val_score_std": 0.011361502596947327,
      "val_thr_mean": 0.602844191708403,
      "val_thr_std": 0.07601683586906763
    },
    {
      "criterion": "youden",
      "feature_set": "c110",
      "model": "brf",
      "param_hash": "90cb8109e6a5",
      "param_index": 14,
      "test_Brier_mean": 0.0663714555547347,
      "test_Brier_std": 0.0033257413515952144,
      "test_LogLoss_mean": 0.24220429990046477,
      "test_LogLoss_std": 0.009462986909494668,
      "test_PR_AUC_mean": 0.9029680128653916,
      "test_PR_AUC_std": 0.010383464844912031,
      "test_Precision_mean": 0.7905036545345225,
      "test_Precision_std": 0.0482598635218557,
      "test_ROC_AUC_mean": 0.9613060120803483,
      "test_ROC_AUC_std": 0.005043106566066563,
      "test_Sensitivity_mean": 0.8626190476190374,
      "test_Sensitivity_std": 0.030537512710429756,
      "test_Specificity_mean": 0.9420648967551594,
      "test_Specificity_std": 0.017515147694044508,
      "val_Precision_mean": 0.7966430205486524,
      "val_Precision_std": 0.054355128043852986,
      "val_Sensitivity_mean": 0.8138095238095141,
      "val_Sensitivity_std": 0.019354907129872975,
      "val_Specificity_mean": 0.9470796460176963,
      "val_Specificity_std": 0.018227128856372087,
      "val_score_mean": 0.7608891698272104,
      "val_score_std": 0.01349506019248601,
      "val_thr_mean": 0.4711137173066222,
      "val_thr_std": 0.05273394305575123
    }
  ],
  "task_id": 62,
  "thr_grid_size": 600
}