{
  "feature_set": "c110_d110",
  "model": "et",
  "n_bootstrap": 50,
  "param_hash": "7c3c51fca71f",
  "param_index": 18,
  "params": {
    "bootstrap": false,
    "max_depth": 30,
    "max_features": "0.5",
    "max_samples": null,
    "min_samples_leaf": 4,
    "min_samples_split": 2,
    "n_estimators": 1500
  },
  "runtime_s": 277.84153389930725,
  "summary_preview": [
    {
      "criterion": "f1",
      "feature_set": "c110_d110",
      "model": "et",
      "param_hash": "7c3c51fca71f",
      "param_index": 18,
      "test_Brier_mean": 0.04684879040351366,
      "test_Brier_std": 0.0014025149249281869,
      "test_LogLoss_mean": 0.17740970352341587,
      "test_LogLoss_std": 0.00433286140685201,
      "test_PR_AUC_mean": 0.9083690308613793,
      "test_PR_AUC_std": 0.004882529194639512,
      "test_Precision_mean": 0.9207411329080023,
      "test_Precision_std": 0.01686084045004513,
      "test_ROC_AUC_mean": 0.9637694900969237,
      "test_ROC_AUC_std": 0.0030277296404133225,
      "test_Sensitivity_mean": 0.7995238095238001,
      "test_Sensitivity_std": 0.02949197317951714,
      "test_Specificity_mean": 0.9827728613569292,
      "test_Specificity_std": 0.004591601676148716,
      "val_Precision_mean": 0.9203840352354447,
      "val_Precision_std": 0.030929621447997675,
      "val_Sensitivity_mean": 0.7559523809523719,
      "val_Sensitivity_std": 0.018976117010562198,
      "val_Specificity_mean": 0.9834218289085516,
      "val_Specificity_std": 0.007488495479889849,
      "val_score_mean": 0.8294622556883481,
      "val_score_std": 0.007542420549676542,
      "val_thr_mean": 0.49490353023999467,
      "val_thr_std": 0.06087013200254052
    },
    {
      "criterion": "youden",
      "feature_set": "c110_d110",
      "model": "et",
      "param_hash": "7c3c51fca71f",
      "param_index": 18,
      "test_Brier_mean": 0.04684879040351366,
      "test_Brier_std": 0.0014025149249281869,
      "test_LogLoss_mean": 0.17740970352341587,
      "test_LogLoss_std": 0.00433286140685201,
      "test_PR_AUC_mean": 0.9083690308613793,
      "test_PR_AUC_std": 0.004882529194639512,
      "test_Precision_mean": 0.8194449525860686,
      "test_Precision_std": 0.050334484048803134,
      "test_ROC_AUC_mean": 0.9637694900969237,
      "test_ROC_AUC_std": 0.0030277296404133225,
      "test_Sensitivity_mean": 0.8807142857142753,
      "test_Sensitivity_std": 0.027579350513753896,
      "test_Specificity_mean": 0.9505604719763983,
      "test_Specificity_std": 0.01708192861910229,
      "val_Precision_mean": 0.7982199070593213,
      "val_Precision_std": 0.05399621299012709,
      "val_Sensitivity_mean": 0.8133333333333238,
      "val_Sensitivity_std": 0.023862913900394817,
      "val_Specificity_mean": 0.9474926253687288,
      "val_Specificity_std": 0.0185035806153393,
      "val_score_mean": 0.7608259587020524,
      "val_score_std": 0.01160405052113797,
      "val_thr_mean": 0.2809599888173411,
      "val_thr_std": 0.06935945678876541
    }
  ],
  "task_id": 138,
  "thr_grid_size": 600
}