{
  "feature_set": "c110_d110_snr",
  "model": "bbag",
  "n_bootstrap": 50,
  "param_hash": "4d6c70e4ab49",
  "param_index": 15,
  "params": {
    "base_max_depth": 20,
    "base_max_features": "0.5",
    "base_min_samples_leaf": 2,
    "base_min_samples_split": 2,
    "bootstrap": true,
    "max_features": 0.7,
    "max_samples": 0.5,
    "n_estimators": 500,
    "replacement": true,
    "sampling_strategy": "auto"
  },
  "runtime_s": 77.30998754501343,
  "summary_preview": [
    {
      "criterion": "f1",
      "feature_set": "c110_d110_snr",
      "model": "bbag",
      "param_hash": "4d6c70e4ab49",
      "param_index": 15,
      "test_Brier_mean": 0.07222651607776694,
      "test_Brier_std": 0.0034216001168368994,
      "test_LogLoss_mean": 0.2688946362271627,
      "test_LogLoss_std": 0.00961718485804382,
      "test_PR_AUC_mean": 0.8923960678190067,
      "test_PR_AUC_std": 0.0066813003797961835,
      "test_Precision_mean": 0.8602752919304276,
      "test_Precision_std": 0.03773320408666999,
      "test_ROC_AUC_mean": 0.9602012220817531,
      "test_ROC_AUC_std": 0.0033133990536532744,
      "test_Sensitivity_mean": 0.7876190476190383,
      "test_Sensitivity_std": 0.05743970515149846,
      "test_Specificity_mean": 0.9673156342182861,
      "test_Specificity_std": 0.011538257428568023,
      "val_Precision_mean": 0.8547014413146603,
      "val_Precision_std": 0.05237925324636554,
      "val_Sensitivity_mean": 0.7583333333333243,
      "val_Sensitivity_std": 0.03751147108862672,
      "val_Specificity_mean": 0.9666666666666637,
      "val_Specificity_std": 0.014405111365475893,
      "val_score_mean": 0.8013076484350379,
      "val_score_std": 0.007602500063405154,
      "val_thr_mean": 0.5818305472613085,
      "val_thr_std": 0.07205022012257138
    },
    {
      "criterion": "youden",
      "feature_set": "c110_d110_snr",
      "model": "bbag",
      "param_hash": "4d6c70e4ab49",
      "param_index": 15,
      "test_Brier_mean": 0.07222651607776694,
      "test_Brier_std": 0.0034216001168368994,
      "test_LogLoss_mean": 0.2688946362271627,
      "test_LogLoss_std": 0.00961718485804382,
      "test_PR_AUC_mean": 0.8923960678190067,
      "test_PR_AUC_std": 0.0066813003797961835,
      "test_Precision_mean": 0.8088351159229237,
      "test_Precision_std": 0.0337526823245139,
      "test_ROC_AUC_mean": 0.9602012220817531,
      "test_ROC_AUC_std": 0.0033133990536532744,
      "test_Sensitivity_mean": 0.8483333333333234,
      "test_Sensitivity_std": 0.02253770345865007,
      "test_Specificity_mean": 0.949675516224186,
      "test_Specificity_std": 0.012464119765567046,
      "val_Precision_mean": 0.7846371604414415,
      "val_Precision_std": 0.034957612679297645,
      "val_Sensitivity_mean": 0.7976190476190382,
      "val_Sensitivity_std": 0.014024168794617767,
      "val_Specificity_mean": 0.9450737463126815,
      "val_Specificity_std": 0.012959770915303924,
      "val_score_mean": 0.7426927939317197,
      "val_score_std": 0.00858260604895544,
      "val_thr_mean": 0.4862454120359329,
      "val_thr_std": 0.04246083445976227
    }
  ],
  "task_id": 567,
  "thr_grid_size": 600
}