{
  "feature_set": "c110_d110_errors",
  "model": "brf",
  "n_bootstrap": 50,
  "param_hash": "ab6f95159890",
  "param_index": 12,
  "params": {
    "max_depth": 10,
    "max_features": "0.3",
    "min_samples_leaf": 4,
    "min_samples_split": 8,
    "n_estimators": 4000,
    "replacement": false,
    "sampling_strategy": "auto"
  },
  "runtime_s": 1851.1735310554504,
  "summary_preview": [
    {
      "criterion": "f1",
      "feature_set": "c110_d110_errors",
      "model": "brf",
      "param_hash": "ab6f95159890",
      "param_index": 12,
      "test_Brier_mean": 0.06016342423212505,
      "test_Brier_std": 0.0023424920820183056,
      "test_LogLoss_mean": 0.22951025495926988,
      "test_LogLoss_std": 0.007014655071561733,
      "test_PR_AUC_mean": 0.9002948987536915,
      "test_PR_AUC_std": 0.00630085223267308,
      "test_Precision_mean": 0.8843431134583538,
      "test_Precision_std": 0.022330880393699515,
      "test_ROC_AUC_mean": 0.9619700800674252,
      "test_ROC_AUC_std": 0.0037849647403050174,
      "test_Sensitivity_mean": 0.8145238095237999,
      "test_Sensitivity_std": 0.03765307658745165,
      "test_Specificity_mean": 0.9733333333333305,
      "test_Specificity_std": 0.006389849615179057,
      "val_Precision_mean": 0.896849472103383,
      "val_Precision_std": 0.02638359171762085,
      "val_Sensitivity_mean": 0.7592857142857053,
      "val_Sensitivity_std": 0.024679208926390514,
      "val_Specificity_mean": 0.9780530973451298,
      "val_Specificity_std": 0.006423112982134865,
      "val_score_mean": 0.8216999256583505,
      "val_score_std": 0.01097129702111104,
      "val_thr_mean": 0.6240308142968977,
      "val_thr_std": 0.062186542142351496
    },
    {
      "criterion": "youden",
      "feature_set": "c110_d110_errors",
      "model": "brf",
      "param_hash": "ab6f95159890",
      "param_index": 12,
      "test_Brier_mean": 0.06016342423212505,
      "test_Brier_std": 0.0023424920820183056,
      "test_LogLoss_mean": 0.22951025495926988,
      "test_LogLoss_std": 0.007014655071561733,
      "test_PR_AUC_mean": 0.9002948987536915,
      "test_PR_AUC_std": 0.00630085223267308,
      "test_Precision_mean": 0.8293729319309119,
      "test_Precision_std": 0.04942462564563056,
      "test_ROC_AUC_mean": 0.9619700800674252,
      "test_ROC_AUC_std": 0.0037849647403050174,
      "test_Sensitivity_mean": 0.8583333333333232,
      "test_Sensitivity_std": 0.02797089150237809,
      "test_Specificity_mean": 0.9549852507374602,
      "test_Specificity_std": 0.016906898352535733,
      "val_Precision_mean": 0.8288762162877229,
      "val_Precision_std": 0.054010264034153724,
      "val_Sensitivity_mean": 0.793571428571419,
      "val_Sensitivity_std": 0.021727480092721085,
      "val_Specificity_mean": 0.9580530973451299,
      "val_Specificity_std": 0.016995735974789344,
      "val_score_mean": 0.7516245259165489,
      "val_score_std": 0.012158680818118836,
      "val_thr_mean": 0.5171394027828315,
      "val_thr_std": 0.07081109346134927
    }
  ],
  "task_id": 348,
  "thr_grid_size": 600
}