{
  "feature_set": "c110_errors",
  "model": "et",
  "n_bootstrap": 50,
  "param_hash": "5f51dcecd0b8",
  "param_index": 14,
  "params": {
    "bootstrap": false,
    "max_depth": 20,
    "max_features": "0.2",
    "max_samples": null,
    "min_samples_leaf": 4,
    "min_samples_split": 2,
    "n_estimators": 2500
  },
  "runtime_s": 402.47714376449585,
  "summary_preview": [
    {
      "criterion": "f1",
      "feature_set": "c110_errors",
      "model": "et",
      "param_hash": "5f51dcecd0b8",
      "param_index": 14,
      "test_Brier_mean": 0.05517423059278559,
      "test_Brier_std": 0.001394156613225053,
      "test_LogLoss_mean": 0.2002504608825074,
      "test_LogLoss_std": 0.004123873504694319,
      "test_PR_AUC_mean": 0.9100484771908758,
      "test_PR_AUC_std": 0.004921158326604715,
      "test_Precision_mean": 0.8716671089916253,
      "test_Precision_std": 0.023640591378097812,
      "test_ROC_AUC_mean": 0.9694016013485041,
      "test_ROC_AUC_std": 0.002066957520910301,
      "test_Sensitivity_mean": 0.791428571428562,
      "test_Sensitivity_std": 0.043905227784335046,
      "test_Specificity_mean": 0.9707374631268406,
      "test_Specificity_std": 0.007674708765499998,
      "val_Precision_mean": 0.8568953172044169,
      "val_Precision_std": 0.03237875974999689,
      "val_Sensitivity_mean": 0.7611904761904671,
      "val_Sensitivity_std": 0.023615585266146148,
      "val_Specificity_mean": 0.9679646017699086,
      "val_Specificity_std": 0.009683390550430195,
      "val_score_mean": 0.8053556874436844,
      "val_score_std": 0.008234584682591944,
      "val_thr_mean": 0.3877900605476912,
      "val_thr_std": 0.0515527820456705
    },
    {
      "criterion": "youden",
      "feature_set": "c110_errors",
      "model": "et",
      "param_hash": "5f51dcecd0b8",
      "param_index": 14,
      "test_Brier_mean": 0.05517423059278559,
      "test_Brier_std": 0.001394156613225053,
      "test_LogLoss_mean": 0.2002504608825074,
      "test_LogLoss_std": 0.004123873504694319,
      "test_PR_AUC_mean": 0.9100484771908758,
      "test_PR_AUC_std": 0.004921158326604715,
      "test_Precision_mean": 0.8097674296414229,
      "test_Precision_std": 0.030273890625949807,
      "test_ROC_AUC_mean": 0.9694016013485041,
      "test_ROC_AUC_std": 0.002066957520910301,
      "test_Sensitivity_mean": 0.8911904761904657,
      "test_Sensitivity_std": 0.024291763571374313,
      "test_Specificity_mean": 0.9475516224188761,
      "test_Specificity_std": 0.011713157752904529,
      "val_Precision_mean": 0.7575209805170402,
      "val_Precision_std": 0.03535180970530341,
      "val_Sensitivity_mean": 0.8121428571428475,
      "val_Sensitivity_std": 0.014882652964053712,
      "val_Specificity_mean": 0.9348672566371653,
      "val_Specificity_std": 0.013377149518096203,
      "val_score_mean": 0.7470101137800128,
      "val_score_std": 0.011623170767865239,
      "val_thr_mean": 0.2642043863802247,
      "val_thr_std": 0.028581041436880193
    }
  ],
  "task_id": 230,
  "thr_grid_size": 600
}