{
  "feature_set": "c110_d110",
  "model": "et",
  "n_bootstrap": 50,
  "param_hash": "510fde728fa2",
  "param_index": 5,
  "params": {
    "bootstrap": false,
    "max_depth": 30,
    "max_features": "0.5",
    "max_samples": 1.0,
    "min_samples_leaf": 2,
    "min_samples_split": 2,
    "n_estimators": 2500
  },
  "runtime_s": 469.7365415096283,
  "summary_preview": [
    {
      "criterion": "f1",
      "feature_set": "c110_d110",
      "model": "et",
      "param_hash": "510fde728fa2",
      "param_index": 5,
      "test_Brier_mean": 0.04649238045280191,
      "test_Brier_std": 0.001300179662082912,
      "test_LogLoss_mean": 0.17747345807355408,
      "test_LogLoss_std": 0.004279923940974255,
      "test_PR_AUC_mean": 0.9107982526868662,
      "test_PR_AUC_std": 0.004328608281248432,
      "test_Precision_mean": 0.9264847411437758,
      "test_Precision_std": 0.013638305199405613,
      "test_ROC_AUC_mean": 0.9637255934822306,
      "test_ROC_AUC_std": 0.002429398069024385,
      "test_Sensitivity_mean": 0.800476190476181,
      "test_Sensitivity_std": 0.03397616987529157,
      "test_Specificity_mean": 0.9841297935103215,
      "test_Specificity_std": 0.0038108847499490335,
      "val_Precision_mean": 0.9267938473195022,
      "val_Precision_std": 0.022563741369256138,
      "val_Sensitivity_mean": 0.7573809523809435,
      "val_Sensitivity_std": 0.01876768297854985,
      "val_Specificity_mean": 0.9849557522123864,
      "val_Specificity_std": 0.005371912677615655,
      "val_score_mean": 0.8331174587858164,
      "val_score_std": 0.006488440148646347,
      "val_thr_mean": 0.5200715235710313,
      "val_thr_std": 0.05829793587237689
    },
    {
      "criterion": "youden",
      "feature_set": "c110_d110",
      "model": "et",
      "param_hash": "510fde728fa2",
      "param_index": 5,
      "test_Brier_mean": 0.04649238045280191,
      "test_Brier_std": 0.001300179662082912,
      "test_LogLoss_mean": 0.17747345807355408,
      "test_LogLoss_std": 0.004279923940974255,
      "test_PR_AUC_mean": 0.9107982526868662,
      "test_PR_AUC_std": 0.004328608281248432,
      "test_Precision_mean": 0.8387304410633735,
      "test_Precision_std": 0.0745905412500413,
      "test_ROC_AUC_mean": 0.9637255934822306,
      "test_ROC_AUC_std": 0.002429398069024385,
      "test_Sensitivity_mean": 0.866190476190466,
      "test_Sensitivity_std": 0.037070148865065496,
      "test_Specificity_mean": 0.9557522123893776,
      "test_Specificity_std": 0.02598413823761981,
      "val_Precision_mean": 0.8149742765815888,
      "val_Precision_std": 0.08323336541297996,
      "val_Sensitivity_mean": 0.805476190476181,
      "val_Sensitivity_std": 0.03311831944671501,
      "val_Specificity_mean": 0.9510324483775783,
      "val_Specificity_std": 0.028945511607373513,
      "val_score_mean": 0.7565086388537591,
      "val_score_std": 0.010877196059453491,
      "val_thr_mean": 0.3472211132098007,
      "val_thr_std": 0.10447784789771854
    }
  ],
  "task_id": 125,
  "thr_grid_size": 600
}