{
  "feature_set": "c110_snr",
  "model": "bbag",
  "n_bootstrap": 50,
  "param_hash": "015dc37e99e6",
  "param_index": 20,
  "params": {
    "base_max_depth": 20,
    "base_max_features": "0.5",
    "base_min_samples_leaf": 4,
    "base_min_samples_split": 4,
    "bootstrap": true,
    "max_features": 0.7,
    "max_samples": 1.0,
    "n_estimators": 800,
    "replacement": true,
    "sampling_strategy": "auto"
  },
  "runtime_s": 112.32843804359436,
  "summary_preview": [
    {
      "criterion": "f1",
      "feature_set": "c110_snr",
      "model": "bbag",
      "param_hash": "015dc37e99e6",
      "param_index": 20,
      "test_Brier_mean": 0.07314788624114024,
      "test_Brier_std": 0.0027023435499668918,
      "test_LogLoss_mean": 0.2727216661397966,
      "test_LogLoss_std": 0.008020061376556916,
      "test_PR_AUC_mean": 0.8824184001697639,
      "test_PR_AUC_std": 0.008614761141356361,
      "test_Precision_mean": 0.8388555052126742,
      "test_Precision_std": 0.02212901299312505,
      "test_ROC_AUC_mean": 0.958220255653884,
      "test_ROC_AUC_std": 0.00408391076894937,
      "test_Sensitivity_mean": 0.7871428571428478,
      "test_Sensitivity_std": 0.042730078346977694,
      "test_Specificity_mean": 0.9621828908554544,
      "test_Specificity_std": 0.007740373701722939,
      "val_Precision_mean": 0.8131200999389583,
      "val_Precision_std": 0.032409100192958215,
      "val_Sensitivity_mean": 0.7654761904761814,
      "val_Sensitivity_std": 0.032020697931568885,
      "val_Specificity_mean": 0.9557522123893776,
      "val_Specificity_std": 0.010677504811900475,
      "val_score_mean": 0.7874350845090958,
      "val_score_std": 0.010899444706020707,
      "val_thr_mean": 0.4905630771936282,
      "val_thr_std": 0.04785989962550686
    },
    {
      "criterion": "youden",
      "feature_set": "c110_snr",
      "model": "bbag",
      "param_hash": "015dc37e99e6",
      "param_index": 20,
      "test_Brier_mean": 0.07314788624114024,
      "test_Brier_std": 0.0027023435499668918,
      "test_LogLoss_mean": 0.2727216661397966,
      "test_LogLoss_std": 0.008020061376556916,
      "test_PR_AUC_mean": 0.8824184001697639,
      "test_PR_AUC_std": 0.008614761141356361,
      "test_Precision_mean": 0.788370061489766,
      "test_Precision_std": 0.03638303762742439,
      "test_ROC_AUC_mean": 0.958220255653884,
      "test_ROC_AUC_std": 0.00408391076894937,
      "test_Sensitivity_mean": 0.8554761904761803,
      "test_Sensitivity_std": 0.026783419618803588,
      "test_Specificity_mean": 0.9423008849557494,
      "test_Specificity_std": 0.014003923530089205,
      "val_Precision_mean": 0.7381407941912091,
      "val_Precision_std": 0.03725289820589109,
      "val_Sensitivity_mean": 0.813571428571419,
      "val_Sensitivity_std": 0.01588293340967405,
      "val_Specificity_mean": 0.9276696165191712,
      "val_Specificity_std": 0.014685794453673788,
      "val_score_mean": 0.7412410450905902,
      "val_score_std": 0.014530642153103021,
      "val_thr_mean": 0.41411447774873994,
      "val_thr_std": 0.02783047088494264
    }
  ],
  "task_id": 476,
  "thr_grid_size": 600
}