{
  "feature_set": "c110",
  "model": "rf",
  "n_bootstrap": 50,
  "param_hash": "c9f085089650",
  "param_index": 7,
  "params": {
    "bootstrap": true,
    "class_weight": "balanced",
    "max_depth": 10,
    "max_features": "0.3",
    "min_samples_leaf": 1,
    "min_samples_split": 4,
    "n_estimators": 1500
  },
  "runtime_s": 520.2755732536316,
  "summary_preview": [
    {
      "criterion": "f1",
      "feature_set": "c110",
      "model": "rf",
      "param_hash": "c9f085089650",
      "param_index": 7,
      "test_Brier_mean": 0.05210937043534579,
      "test_Brier_std": 0.0016497890848814023,
      "test_LogLoss_mean": 0.19276474989478787,
      "test_LogLoss_std": 0.004662419056613422,
      "test_PR_AUC_mean": 0.9078258240840534,
      "test_PR_AUC_std": 0.005709991443012111,
      "test_Precision_mean": 0.8786883206764354,
      "test_Precision_std": 0.04212802140417886,
      "test_ROC_AUC_mean": 0.9619202135131338,
      "test_ROC_AUC_std": 0.003164700407385388,
      "test_Sensitivity_mean": 0.7947619047618953,
      "test_Sensitivity_std": 0.052449376636311246,
      "test_Specificity_mean": 0.9717404129793481,
      "test_Specificity_std": 0.01290759550165645,
      "val_Precision_mean": 0.898607975260428,
      "val_Precision_std": 0.045060871716088725,
      "val_Sensitivity_mean": 0.7747619047618955,
      "val_Sensitivity_std": 0.030024593864916523,
      "val_Specificity_mean": 0.9774631268436549,
      "val_Specificity_std": 0.011870833138762332,
      "val_score_mean": 0.8306416509809594,
      "val_score_std": 0.01251296689049527,
      "val_thr_mean": 0.39080355089958635,
      "val_thr_std": 0.08049962187314333
    },
    {
      "criterion": "youden",
      "feature_set": "c110",
      "model": "rf",
      "param_hash": "c9f085089650",
      "param_index": 7,
      "test_Brier_mean": 0.05210937043534579,
      "test_Brier_std": 0.0016497890848814023,
      "test_LogLoss_mean": 0.19276474989478787,
      "test_LogLoss_std": 0.004662419056613422,
      "test_PR_AUC_mean": 0.9078258240840534,
      "test_PR_AUC_std": 0.005709991443012111,
      "test_Precision_mean": 0.8000574385697341,
      "test_Precision_std": 0.03423535492745472,
      "test_ROC_AUC_mean": 0.9619202135131338,
      "test_ROC_AUC_std": 0.003164700407385388,
      "test_Sensitivity_mean": 0.8752380952380848,
      "test_Sensitivity_std": 0.026591592225431063,
      "test_Specificity_mean": 0.9450737463126815,
      "test_Specificity_std": 0.013109634486892795,
      "val_Precision_mean": 0.8126041110058791,
      "val_Precision_std": 0.03459716645543958,
      "val_Sensitivity_mean": 0.8204761904761808,
      "val_Sensitivity_std": 0.012916216017719246,
      "val_Specificity_mean": 0.9525663716814131,
      "val_Specificity_std": 0.011114937393567314,
      "val_score_mean": 0.7730425621575938,
      "val_score_std": 0.009671692333437901,
      "val_thr_mean": 0.26108303289084317,
      "val_thr_std": 0.034358868523731746
    }
  ],
  "task_id": 7,
  "thr_grid_size": 600
}