{
  "feature_set": "c110_d110_snr",
  "model": "rf",
  "n_bootstrap": 50,
  "param_hash": "77d725949d24",
  "param_index": 11,
  "params": {
    "bootstrap": true,
    "class_weight": "balanced",
    "max_depth": 10,
    "max_features": "sqrt",
    "min_samples_leaf": 2,
    "min_samples_split": 8,
    "n_estimators": 800
  },
  "runtime_s": 200.8916139602661,
  "summary_preview": [
    {
      "criterion": "f1",
      "feature_set": "c110_d110_snr",
      "model": "rf",
      "param_hash": "77d725949d24",
      "param_index": 11,
      "test_Brier_mean": 0.05608382744395147,
      "test_Brier_std": 0.0013144343147864295,
      "test_LogLoss_mean": 0.20927060747309445,
      "test_LogLoss_std": 0.0040653212576141975,
      "test_PR_AUC_mean": 0.902156718550974,
      "test_PR_AUC_std": 0.005085352446311079,
      "test_Precision_mean": 0.8743588666523536,
      "test_Precision_std": 0.037931182988699574,
      "test_ROC_AUC_mean": 0.9631710914454277,
      "test_ROC_AUC_std": 0.0028796687027771643,
      "test_Sensitivity_mean": 0.7992857142857048,
      "test_Sensitivity_std": 0.05247418595449362,
      "test_Specificity_mean": 0.9706194690265457,
      "test_Specificity_std": 0.011228117982894806,
      "val_Precision_mean": 0.8726353831415513,
      "val_Precision_std": 0.04155435557816021,
      "val_Sensitivity_mean": 0.7678571428571337,
      "val_Sensitivity_std": 0.030255862031729534,
      "val_Specificity_mean": 0.9713864306784632,
      "val_Specificity_std": 0.01105743090046515,
      "val_score_mean": 0.8154396070055359,
      "val_score_std": 0.006410763998904974,
      "val_thr_mean": 0.3910723067065562,
      "val_thr_std": 0.06732040440248313
    },
    {
      "criterion": "youden",
      "feature_set": "c110_d110_snr",
      "model": "rf",
      "param_hash": "77d725949d24",
      "param_index": 11,
      "test_Brier_mean": 0.05608382744395147,
      "test_Brier_std": 0.0013144343147864295,
      "test_LogLoss_mean": 0.20927060747309445,
      "test_LogLoss_std": 0.0040653212576141975,
      "test_PR_AUC_mean": 0.902156718550974,
      "test_PR_AUC_std": 0.005085352446311079,
      "test_Precision_mean": 0.8212929799753325,
      "test_Precision_std": 0.03494583319433325,
      "test_ROC_AUC_mean": 0.9631710914454277,
      "test_ROC_AUC_std": 0.0028796687027771643,
      "test_Sensitivity_mean": 0.8595238095237994,
      "test_Sensitivity_std": 0.025110243299716346,
      "test_Specificity_mean": 0.9529793510324456,
      "test_Specificity_std": 0.012773722634218372,
      "val_Precision_mean": 0.8138409007638662,
      "val_Precision_std": 0.03062558943154384,
      "val_Sensitivity_mean": 0.7992857142857048,
      "val_Sensitivity_std": 0.012954227988123696,
      "val_Specificity_mean": 0.9542182890855428,
      "val_Specificity_std": 0.010664857284539817,
      "val_score_mean": 0.7535040033712477,
      "val_score_std": 0.008125968706240931,
      "val_thr_mean": 0.3102204879664774,
      "val_thr_std": 0.02868654333089017
    }
  ],
  "task_id": 491,
  "thr_grid_size": 600
}