{
  "feature_set": "c110_snr",
  "model": "brf",
  "n_bootstrap": 50,
  "param_hash": "46f99e841907",
  "param_index": 7,
  "params": {
    "max_depth": 30,
    "max_features": "sqrt",
    "min_samples_leaf": 2,
    "min_samples_split": 8,
    "n_estimators": 1500,
    "replacement": true,
    "sampling_strategy": "auto"
  },
  "runtime_s": 513.0664694309235,
  "summary_preview": [
    {
      "criterion": "f1",
      "feature_set": "c110_snr",
      "model": "brf",
      "param_hash": "46f99e841907",
      "param_index": 7,
      "test_Brier_mean": 0.08151934024561014,
      "test_Brier_std": 0.003220676627133052,
      "test_LogLoss_mean": 0.29595032921224723,
      "test_LogLoss_std": 0.00869777071218997,
      "test_PR_AUC_mean": 0.8724609145751469,
      "test_PR_AUC_std": 0.013021153761704462,
      "test_Precision_mean": 0.844643110214099,
      "test_Precision_std": 0.03659458782389649,
      "test_ROC_AUC_mean": 0.9527974434611604,
      "test_ROC_AUC_std": 0.005826443228918066,
      "test_Sensitivity_mean": 0.7580952380952292,
      "test_Sensitivity_std": 0.06190289299713007,
      "test_Specificity_mean": 0.9644247787610589,
      "test_Specificity_std": 0.01208800640590921,
      "val_Precision_mean": 0.8386333516888836,
      "val_Precision_std": 0.05380711581397135,
      "val_Sensitivity_mean": 0.7466666666666577,
      "val_Sensitivity_std": 0.04557315435222865,
      "val_Specificity_mean": 0.9627728613569292,
      "val_Specificity_std": 0.016012265129748328,
      "val_score_mean": 0.7871483091744428,
      "val_score_std": 0.010848112908127266,
      "val_thr_mean": 0.5465192962874633,
      "val_thr_std": 0.06141420950851237
    },
    {
      "criterion": "youden",
      "feature_set": "c110_snr",
      "model": "brf",
      "param_hash": "46f99e841907",
      "param_index": 7,
      "test_Brier_mean": 0.08151934024561014,
      "test_Brier_std": 0.003220676627133052,
      "test_LogLoss_mean": 0.29595032921224723,
      "test_LogLoss_std": 0.00869777071218997,
      "test_PR_AUC_mean": 0.8724609145751469,
      "test_PR_AUC_std": 0.013021153761704462,
      "test_Precision_mean": 0.7615164088834606,
      "test_Precision_std": 0.05109447708169248,
      "test_ROC_AUC_mean": 0.9527974434611604,
      "test_ROC_AUC_std": 0.005826443228918066,
      "test_Sensitivity_mean": 0.8473809523809424,
      "test_Sensitivity_std": 0.03286231843295734,
      "test_Specificity_mean": 0.9326843657817081,
      "test_Specificity_std": 0.020872990337663384,
      "val_Precision_mean": 0.7267405741918838,
      "val_Precision_std": 0.041292395809764806,
      "val_Sensitivity_mean": 0.8123809523809428,
      "val_Sensitivity_std": 0.024710831682926485,
      "val_Specificity_mean": 0.9231858407079617,
      "val_Specificity_std": 0.01733373584392527,
      "val_score_mean": 0.7355667930889047,
      "val_score_std": 0.020497061458977246,
      "val_thr_mean": 0.45231373299414374,
      "val_thr_std": 0.029072582471990266
    }
  ],
  "task_id": 439,
  "thr_grid_size": 600
}