{
  "feature_set": "c110",
  "model": "brf",
  "n_bootstrap": 50,
  "param_hash": "11adde929458",
  "param_index": 13,
  "params": {
    "max_depth": 30,
    "max_features": "sqrt",
    "min_samples_leaf": 4,
    "min_samples_split": 2,
    "n_estimators": 4000,
    "replacement": false,
    "sampling_strategy": "auto"
  },
  "runtime_s": 1650.3832776546478,
  "summary_preview": [
    {
      "criterion": "f1",
      "feature_set": "c110",
      "model": "brf",
      "param_hash": "11adde929458",
      "param_index": 13,
      "test_Brier_mean": 0.07111438765934404,
      "test_Brier_std": 0.0026114104970100306,
      "test_LogLoss_mean": 0.2626981101927665,
      "test_LogLoss_std": 0.007737099166695857,
      "test_PR_AUC_mean": 0.8998071656789844,
      "test_PR_AUC_std": 0.006922786899869627,
      "test_Precision_mean": 0.8667188189149949,
      "test_Precision_std": 0.02834566887736762,
      "test_ROC_AUC_mean": 0.9629561736198905,
      "test_ROC_AUC_std": 0.003240195333990325,
      "test_Sensitivity_mean": 0.7828571428571336,
      "test_Sensitivity_std": 0.04541548770197095,
      "test_Specificity_mean": 0.9696165191740385,
      "test_Specificity_std": 0.008723237060465405,
      "val_Precision_mean": 0.8593334097203411,
      "val_Precision_std": 0.03842833993943454,
      "val_Sensitivity_mean": 0.7571428571428481,
      "val_Sensitivity_std": 0.026565475088117546,
      "val_Specificity_mean": 0.968613569321531,
      "val_Specificity_std": 0.010352568079416124,
      "val_score_mean": 0.803897848195909,
      "val_score_std": 0.010719209394970567,
      "val_thr_mean": 0.5642318023756525,
      "val_thr_std": 0.05343636777644267
    },
    {
      "criterion": "youden",
      "feature_set": "c110",
      "model": "brf",
      "param_hash": "11adde929458",
      "param_index": 13,
      "test_Brier_mean": 0.07111438765934404,
      "test_Brier_std": 0.0026114104970100306,
      "test_LogLoss_mean": 0.2626981101927665,
      "test_LogLoss_std": 0.007737099166695857,
      "test_PR_AUC_mean": 0.8998071656789844,
      "test_PR_AUC_std": 0.006922786899869627,
      "test_Precision_mean": 0.801189838213887,
      "test_Precision_std": 0.049956868146700285,
      "test_ROC_AUC_mean": 0.9629561736198905,
      "test_ROC_AUC_std": 0.003240195333990325,
      "test_Sensitivity_mean": 0.8540476190476088,
      "test_Sensitivity_std": 0.03533242568099057,
      "test_Specificity_mean": 0.945958702064894,
      "test_Specificity_std": 0.01845014250278685,
      "val_Precision_mean": 0.772128100079685,
      "val_Precision_std": 0.05737746027159692,
      "val_Sensitivity_mean": 0.802619047619038,
      "val_Sensitivity_std": 0.019991494790174386,
      "val_Specificity_mean": 0.9395280235988172,
      "val_Specificity_std": 0.02032608747258341,
      "val_score_mean": 0.7421470712178554,
      "val_score_std": 0.010679291077468359,
      "val_thr_mean": 0.4659898474408405,
      "val_thr_std": 0.04953905720719399
    }
  ],
  "task_id": 61,
  "thr_grid_size": 600
}