{
  "feature_set": "c110_errors",
  "model": "brf",
  "n_bootstrap": 50,
  "param_hash": "a4699d913725",
  "param_index": 20,
  "params": {
    "max_depth": null,
    "max_features": "sqrt",
    "min_samples_leaf": 4,
    "min_samples_split": 4,
    "n_estimators": 4000,
    "replacement": false,
    "sampling_strategy": "auto"
  },
  "runtime_s": 1381.1219255924225,
  "summary_preview": [
    {
      "criterion": "f1",
      "feature_set": "c110_errors",
      "model": "brf",
      "param_hash": "a4699d913725",
      "param_index": 20,
      "test_Brier_mean": 0.07626174770544275,
      "test_Brier_std": 0.002935156551281606,
      "test_LogLoss_mean": 0.27750192182836564,
      "test_LogLoss_std": 0.007791088970326433,
      "test_PR_AUC_mean": 0.8888930188829467,
      "test_PR_AUC_std": 0.011152260157578751,
      "test_Precision_mean": 0.8590509512331174,
      "test_Precision_std": 0.028528976038448655,
      "test_ROC_AUC_mean": 0.9611012782694199,
      "test_ROC_AUC_std": 0.004678675349293123,
      "test_Sensitivity_mean": 0.7452380952380864,
      "test_Sensitivity_std": 0.04537980974192577,
      "test_Specificity_mean": 0.969203539823006,
      "test_Specificity_std": 0.008473539807876464,
      "val_Precision_mean": 0.8442195094199644,
      "val_Precision_std": 0.044018376091930045,
      "val_Sensitivity_mean": 0.7185714285714201,
      "val_Sensitivity_std": 0.027185362180527688,
      "val_Specificity_mean": 0.9663126843657789,
      "val_Specificity_std": 0.011770628916383447,
      "val_score_mean": 0.7750576290041279,
      "val_score_std": 0.013331630019965873,
      "val_thr_mean": 0.5838660190628561,
      "val_thr_std": 0.04043128297148002
    },
    {
      "criterion": "youden",
      "feature_set": "c110_errors",
      "model": "brf",
      "param_hash": "a4699d913725",
      "param_index": 20,
      "test_Brier_mean": 0.07626174770544275,
      "test_Brier_std": 0.002935156551281606,
      "test_LogLoss_mean": 0.27750192182836564,
      "test_LogLoss_std": 0.007791088970326433,
      "test_PR_AUC_mean": 0.8888930188829467,
      "test_PR_AUC_std": 0.011152260157578751,
      "test_Precision_mean": 0.7568070191089649,
      "test_Precision_std": 0.05840400652354288,
      "test_ROC_AUC_mean": 0.9611012782694199,
      "test_ROC_AUC_std": 0.004678675349293123,
      "test_Sensitivity_mean": 0.8628571428571327,
      "test_Sensitivity_std": 0.03939122093007686,
      "test_Specificity_mean": 0.9290265486725636,
      "test_Specificity_std": 0.024876680996561498,
      "val_Precision_mean": 0.705541659875596,
      "val_Precision_std": 0.059326895056741484,
      "val_Sensitivity_mean": 0.7952380952380858,
      "val_Sensitivity_std": 0.029554672103711835,
      "val_Specificity_mean": 0.9151032448377553,
      "val_Specificity_std": 0.026527192160994563,
      "val_score_mean": 0.7103413400758412,
      "val_score_std": 0.015996886629225947,
      "val_thr_mean": 0.4623104552163659,
      "val_thr_std": 0.04526648474156964
    }
  ],
  "task_id": 260,
  "thr_grid_size": 600
}