{
  "feature_set": "c110_d110_errors_snr",
  "model": "rf",
  "n_bootstrap": 50,
  "param_hash": "136da55ab336",
  "param_index": 19,
  "params": {
    "bootstrap": true,
    "class_weight": "balanced",
    "max_depth": 20,
    "max_features": "0.3",
    "min_samples_leaf": 4,
    "min_samples_split": 4,
    "n_estimators": 1500
  },
  "runtime_s": 1786.7563879489899,
  "summary_preview": [
    {
      "criterion": "f1",
      "feature_set": "c110_d110_errors_snr",
      "model": "rf",
      "param_hash": "136da55ab336",
      "param_index": 19,
      "test_Brier_mean": 0.05037245669652628,
      "test_Brier_std": 0.0018239821406890336,
      "test_LogLoss_mean": 0.1929880856990653,
      "test_LogLoss_std": 0.005663899005497696,
      "test_PR_AUC_mean": 0.8929486555763276,
      "test_PR_AUC_std": 0.007430654787263223,
      "test_Precision_mean": 0.8872855708725076,
      "test_Precision_std": 0.025059054489108907,
      "test_ROC_AUC_mean": 0.9579505548532097,
      "test_ROC_AUC_std": 0.003651460915147165,
      "test_Sensitivity_mean": 0.8111904761904666,
      "test_Sensitivity_std": 0.022691179548915134,
      "test_Specificity_mean": 0.9742182890855428,
      "test_Specificity_std": 0.0070214634053978155,
      "val_Precision_mean": 0.9029221765950862,
      "val_Precision_std": 0.027087457926266354,
      "val_Sensitivity_mean": 0.767142857142848,
      "val_Sensitivity_std": 0.01651674903697798,
      "val_Specificity_mean": 0.9792920353982271,
      "val_Specificity_std": 0.006885597402800633,
      "val_score_mean": 0.829084412035634,
      "val_score_std": 0.010199134462032904,
      "val_thr_mean": 0.4548398218191712,
      "val_thr_std": 0.05216550194469807
    },
    {
      "criterion": "youden",
      "feature_set": "c110_d110_errors_snr",
      "model": "rf",
      "param_hash": "136da55ab336",
      "param_index": 19,
      "test_Brier_mean": 0.05037245669652628,
      "test_Brier_std": 0.0018239821406890336,
      "test_LogLoss_mean": 0.1929880856990653,
      "test_LogLoss_std": 0.005663899005497696,
      "test_PR_AUC_mean": 0.8929486555763276,
      "test_PR_AUC_std": 0.007430654787263223,
      "test_Precision_mean": 0.8219679232965352,
      "test_Precision_std": 0.06400309507544487,
      "test_ROC_AUC_mean": 0.9579505548532097,
      "test_ROC_AUC_std": 0.003651460915147165,
      "test_Sensitivity_mean": 0.8564285714285613,
      "test_Sensitivity_std": 0.03955023295084095,
      "test_Specificity_mean": 0.9516224188790531,
      "test_Specificity_std": 0.023387167173217982,
      "val_Precision_mean": 0.8208900062081645,
      "val_Precision_std": 0.07445340377443523,
      "val_Sensitivity_mean": 0.8019047619047524,
      "val_Sensitivity_std": 0.025539665527337305,
      "val_Specificity_mean": 0.9539233038348054,
      "val_Specificity_std": 0.025015354105613386,
      "val_score_mean": 0.7558280657395577,
      "val_score_std": 0.009487745223702687,
      "val_thr_mean": 0.33769384355797255,
      "val_thr_std": 0.08917168172460069
    }
  ],
  "task_id": 595,
  "thr_grid_size": 600
}