{
  "feature_set": "c110_d110_snr",
  "model": "rf",
  "n_bootstrap": 50,
  "param_hash": "508de71c9f66",
  "param_index": 1,
  "params": {
    "bootstrap": true,
    "class_weight": null,
    "max_depth": 20,
    "max_features": "0.5",
    "min_samples_leaf": 1,
    "min_samples_split": 8,
    "n_estimators": 2500
  },
  "runtime_s": 7153.948496580124,
  "summary_preview": [
    {
      "criterion": "f1",
      "feature_set": "c110_d110_snr",
      "model": "rf",
      "param_hash": "508de71c9f66",
      "param_index": 1,
      "test_Brier_mean": 0.05915882775690096,
      "test_Brier_std": 0.00384355667819486,
      "test_LogLoss_mean": 0.21775040417664912,
      "test_LogLoss_std": 0.012119292044241345,
      "test_PR_AUC_mean": 0.8637297678463917,
      "test_PR_AUC_std": 0.01192026606766825,
      "test_Precision_mean": 0.8918739200041211,
      "test_Precision_std": 0.03611672934231868,
      "test_ROC_AUC_mean": 0.9411989043404972,
      "test_ROC_AUC_std": 0.006957229828615931,
      "test_Sensitivity_mean": 0.7221428571428485,
      "test_Sensitivity_std": 0.0495601692421094,
      "test_Specificity_mean": 0.9776401179940973,
      "test_Specificity_std": 0.00968485756411897,
      "val_Precision_mean": 0.9008116153166879,
      "val_Precision_std": 0.034929424686852076,
      "val_Sensitivity_mean": 0.7080952380952297,
      "val_Sensitivity_std": 0.029675774300934668,
      "val_Specificity_mean": 0.9801769911504395,
      "val_Specificity_std": 0.00804082616216976,
      "val_score_mean": 0.7918425835645754,
      "val_score_std": 0.01350136034463456,
      "val_thr_mean": 0.5394376480127865,
      "val_thr_std": 0.08079134490113168
    },
    {
      "criterion": "youden",
      "feature_set": "c110_d110_snr",
      "model": "rf",
      "param_hash": "508de71c9f66",
      "param_index": 1,
      "test_Brier_mean": 0.05915882775690096,
      "test_Brier_std": 0.00384355667819486,
      "test_LogLoss_mean": 0.21775040417664912,
      "test_LogLoss_std": 0.012119292044241345,
      "test_PR_AUC_mean": 0.8637297678463917,
      "test_PR_AUC_std": 0.01192026606766825,
      "test_Precision_mean": 0.7693763194567863,
      "test_Precision_std": 0.07520436863345374,
      "test_ROC_AUC_mean": 0.9411989043404972,
      "test_ROC_AUC_std": 0.006957229828615931,
      "test_Sensitivity_mean": 0.8214285714285617,
      "test_Sensitivity_std": 0.040816326530611756,
      "test_Specificity_mean": 0.9355752212389352,
      "test_Specificity_std": 0.030355149734589613,
      "val_Precision_mean": 0.7437987125650953,
      "val_Precision_std": 0.08339068427165532,
      "val_Sensitivity_mean": 0.7776190476190383,
      "val_Sensitivity_std": 0.03284030779537734,
      "val_Specificity_mean": 0.9292625368731535,
      "val_Specificity_std": 0.03366246799330245,
      "val_score_mean": 0.7068815844921921,
      "val_score_std": 0.016002731804020027,
      "val_thr_mean": 0.32227024653857433,
      "val_thr_std": 0.10071776589651972
    }
  ],
  "task_id": 481,
  "thr_grid_size": 600
}