{
  "feature_set": "c110",
  "model": "brf",
  "n_bootstrap": 50,
  "param_hash": "4fb00555df7e",
  "param_index": 2,
  "params": {
    "max_depth": 20,
    "max_features": "0.2",
    "min_samples_leaf": 1,
    "min_samples_split": 4,
    "n_estimators": 1500,
    "replacement": true,
    "sampling_strategy": "auto"
  },
  "runtime_s": 466.14207005500793,
  "summary_preview": [
    {
      "criterion": "f1",
      "feature_set": "c110",
      "model": "brf",
      "param_hash": "4fb00555df7e",
      "param_index": 2,
      "test_Brier_mean": 0.07043242653622,
      "test_Brier_std": 0.0034556995721898723,
      "test_LogLoss_mean": 0.2553978584225253,
      "test_LogLoss_std": 0.009397865275032403,
      "test_PR_AUC_mean": 0.9011565953160808,
      "test_PR_AUC_std": 0.01007794589521551,
      "test_Precision_mean": 0.8915584190474393,
      "test_Precision_std": 0.03002313175721754,
      "test_ROC_AUC_mean": 0.9611521983424639,
      "test_ROC_AUC_std": 0.005230632993898022,
      "test_Sensitivity_mean": 0.7566666666666577,
      "test_Sensitivity_std": 0.04608561127979323,
      "test_Specificity_mean": 0.9766961651917374,
      "test_Specificity_std": 0.008517228373960262,
      "val_Precision_mean": 0.91876077232342,
      "val_Precision_std": 0.040159798773173265,
      "val_Sensitivity_mean": 0.743809523809515,
      "val_Sensitivity_std": 0.028583573706332296,
      "val_Specificity_mean": 0.9830678466076667,
      "val_Specificity_std": 0.009716344784287961,
      "val_score_mean": 0.8209077509134325,
      "val_score_std": 0.013131160402715567,
      "val_thr_mean": 0.6431814825783416,
      "val_thr_std": 0.054274342826908545
    },
    {
      "criterion": "youden",
      "feature_set": "c110",
      "model": "brf",
      "param_hash": "4fb00555df7e",
      "param_index": 2,
      "test_Brier_mean": 0.07043242653622,
      "test_Brier_std": 0.0034556995721898723,
      "test_LogLoss_mean": 0.2553978584225253,
      "test_LogLoss_std": 0.009397865275032403,
      "test_PR_AUC_mean": 0.9011565953160808,
      "test_PR_AUC_std": 0.01007794589521551,
      "test_Precision_mean": 0.7815679791430244,
      "test_Precision_std": 0.04738276720270176,
      "test_ROC_AUC_mean": 0.9611521983424639,
      "test_ROC_AUC_std": 0.005230632993898022,
      "test_Sensitivity_mean": 0.8640476190476087,
      "test_Sensitivity_std": 0.032096482400981556,
      "test_Specificity_mean": 0.9388790560471948,
      "test_Specificity_std": 0.01767943842332938,
      "val_Precision_mean": 0.7835030349328581,
      "val_Precision_std": 0.05187660031018251,
      "val_Sensitivity_mean": 0.8104761904761808,
      "val_Sensitivity_std": 0.022022332049304014,
      "val_Specificity_mean": 0.9431268436578142,
      "val_Specificity_std": 0.018047265162017323,
      "val_score_mean": 0.7536030341339952,
      "val_score_std": 0.016833978615858166,
      "val_thr_mean": 0.47557236010309273,
      "val_thr_std": 0.04778060113336915
    }
  ],
  "task_id": 50,
  "thr_grid_size": 600
}