{
  "feature_set": "c110",
  "model": "et",
  "n_bootstrap": 50,
  "param_hash": "8af79b22dbff",
  "param_index": 7,
  "params": {
    "bootstrap": false,
    "max_depth": null,
    "max_features": "0.3",
    "max_samples": 0.5,
    "min_samples_leaf": 4,
    "min_samples_split": 2,
    "n_estimators": 1500
  },
  "runtime_s": 245.04943537712097,
  "summary_preview": [
    {
      "criterion": "f1",
      "feature_set": "c110",
      "model": "et",
      "param_hash": "8af79b22dbff",
      "param_index": 7,
      "test_Brier_mean": 0.05183799581917184,
      "test_Brier_std": 0.0015497296791082602,
      "test_LogLoss_mean": 0.19141593861695683,
      "test_LogLoss_std": 0.003932411397530712,
      "test_PR_AUC_mean": 0.9081863300871441,
      "test_PR_AUC_std": 0.0050929083458519115,
      "test_Precision_mean": 0.8943340552489475,
      "test_Precision_std": 0.02435531352363574,
      "test_ROC_AUC_mean": 0.9657781991852787,
      "test_ROC_AUC_std": 0.0024603313908238065,
      "test_Sensitivity_mean": 0.798571428571419,
      "test_Sensitivity_std": 0.033485699249629464,
      "test_Specificity_mean": 0.976283185840705,
      "test_Specificity_std": 0.0070504887916946705,
      "val_Precision_mean": 0.8843986958315031,
      "val_Precision_std": 0.03226745647977348,
      "val_Sensitivity_mean": 0.7678571428571338,
      "val_Sensitivity_std": 0.023839873756591877,
      "val_Specificity_mean": 0.9746312684365752,
      "val_Specificity_std": 0.00895924636555805,
      "val_score_mean": 0.8211682849208036,
      "val_score_std": 0.0077572114181059994,
      "val_thr_mean": 0.41489257981114913,
      "val_thr_std": 0.05765624330595784
    },
    {
      "criterion": "youden",
      "feature_set": "c110",
      "model": "et",
      "param_hash": "8af79b22dbff",
      "param_index": 7,
      "test_Brier_mean": 0.05183799581917184,
      "test_Brier_std": 0.0015497296791082602,
      "test_LogLoss_mean": 0.19141593861695683,
      "test_LogLoss_std": 0.003932411397530712,
      "test_PR_AUC_mean": 0.9081863300871441,
      "test_PR_AUC_std": 0.0050929083458519115,
      "test_Precision_mean": 0.8339725509596938,
      "test_Precision_std": 0.0325728073854334,
      "test_ROC_AUC_mean": 0.9657781991852787,
      "test_ROC_AUC_std": 0.0024603313908238065,
      "test_Sensitivity_mean": 0.8711904761904659,
      "test_Sensitivity_std": 0.013539380433670008,
      "test_Specificity_mean": 0.956519174041295,
      "test_Specificity_std": 0.010937290523856088,
      "val_Precision_mean": 0.8042397970185858,
      "val_Precision_std": 0.030708574546828512,
      "val_Sensitivity_mean": 0.8121428571428475,
      "val_Sensitivity_std": 0.010000809814958527,
      "val_Specificity_mean": 0.9505604719763983,
      "val_Specificity_std": 0.010434580726872035,
      "val_score_mean": 0.7627033291192459,
      "val_score_std": 0.007193275186050958,
      "val_thr_mean": 0.2880133344904646,
      "val_thr_std": 0.03599502905800861
    }
  ],
  "task_id": 31,
  "thr_grid_size": 600
}