{
  "feature_set": "c110_errors",
  "model": "bbag",
  "n_bootstrap": 50,
  "param_hash": "1336419b5077",
  "param_index": 17,
  "params": {
    "base_max_depth": 10,
    "base_max_features": "sqrt",
    "base_min_samples_leaf": 4,
    "base_min_samples_split": 2,
    "bootstrap": true,
    "max_features": 1.0,
    "max_samples": 0.9,
    "n_estimators": 500,
    "replacement": true,
    "sampling_strategy": "auto"
  },
  "runtime_s": 60.546536445617676,
  "summary_preview": [
    {
      "criterion": "f1",
      "feature_set": "c110_errors",
      "model": "bbag",
      "param_hash": "1336419b5077",
      "param_index": 17,
      "test_Brier_mean": 0.10807681075780338,
      "test_Brier_std": 0.0031903742734299533,
      "test_LogLoss_mean": 0.3713686556658716,
      "test_LogLoss_std": 0.007979567880020036,
      "test_PR_AUC_mean": 0.7997198836558613,
      "test_PR_AUC_std": 0.011493382990392932,
      "test_Precision_mean": 0.7440710224847297,
      "test_Precision_std": 0.06163726275433262,
      "test_ROC_AUC_mean": 0.924621435594887,
      "test_ROC_AUC_std": 0.006949958996696433,
      "test_Sensitivity_mean": 0.7045238095238011,
      "test_Sensitivity_std": 0.0719807776902154,
      "test_Specificity_mean": 0.9365781710914426,
      "test_Specificity_std": 0.026673796610331247,
      "val_Precision_mean": 0.6941156442940685,
      "val_Precision_std": 0.05604191819780289,
      "val_Sensitivity_mean": 0.6630952380952303,
      "val_Sensitivity_std": 0.053739882004506044,
      "val_Specificity_mean": 0.9247787610619441,
      "val_Specificity_std": 0.024217185862949103,
      "val_score_mean": 0.674177905245825,
      "val_score_std": 0.013020601054375913,
      "val_thr_mean": 0.5168868012152471,
      "val_thr_std": 0.045729105212867605
    },
    {
      "criterion": "youden",
      "feature_set": "c110_errors",
      "model": "bbag",
      "param_hash": "1336419b5077",
      "param_index": 17,
      "test_Brier_mean": 0.10807681075780338,
      "test_Brier_std": 0.0031903742734299533,
      "test_LogLoss_mean": 0.3713686556658716,
      "test_LogLoss_std": 0.007979567880020036,
      "test_PR_AUC_mean": 0.7997198836558613,
      "test_PR_AUC_std": 0.011493382990392932,
      "test_Precision_mean": 0.6102496596753718,
      "test_Precision_std": 0.06627038436170052,
      "test_ROC_AUC_mean": 0.924621435594887,
      "test_ROC_AUC_std": 0.006949958996696433,
      "test_Sensitivity_mean": 0.8190476190476094,
      "test_Sensitivity_std": 0.038706825431091545,
      "test_Specificity_mean": 0.8653687315634193,
      "test_Specificity_std": 0.04180124512350446,
      "val_Precision_mean": 0.5768832499430988,
      "val_Precision_std": 0.050971727527033446,
      "val_Sensitivity_mean": 0.7607142857142768,
      "val_Sensitivity_std": 0.0447540726766687,
      "val_Specificity_mean": 0.8576991150442451,
      "val_Specificity_std": 0.03873539606432504,
      "val_score_mean": 0.6184134007585219,
      "val_score_std": 0.02181323846933649,
      "val_thr_mean": 0.4317144786304571,
      "val_thr_std": 0.03289280972363365
    }
  ],
  "task_id": 281,
  "thr_grid_size": 600
}