{
  "feature_set": "c110",
  "model": "bbag",
  "n_bootstrap": 50,
  "param_hash": "f93e8d521957",
  "param_index": 3,
  "params": {
    "base_max_depth": 10,
    "base_max_features": "sqrt",
    "base_min_samples_leaf": 2,
    "base_min_samples_split": 4,
    "bootstrap": true,
    "max_features": 0.5,
    "max_samples": 0.7,
    "n_estimators": 500,
    "replacement": false,
    "sampling_strategy": "auto"
  },
  "runtime_s": 53.14371371269226,
  "summary_preview": [
    {
      "criterion": "f1",
      "feature_set": "c110",
      "model": "bbag",
      "param_hash": "f93e8d521957",
      "param_index": 3,
      "test_Brier_mean": 0.10383206044159186,
      "test_Brier_std": 0.0023633020009320932,
      "test_LogLoss_mean": 0.3649163028512659,
      "test_LogLoss_std": 0.007105773793390972,
      "test_PR_AUC_mean": 0.820156279117812,
      "test_PR_AUC_std": 0.009683984953964987,
      "test_Precision_mean": 0.7540970688900934,
      "test_Precision_std": 0.05676655321684984,
      "test_ROC_AUC_mean": 0.9269138924006181,
      "test_ROC_AUC_std": 0.004953827424338474,
      "test_Sensitivity_mean": 0.7328571428571341,
      "test_Sensitivity_std": 0.05527394031502487,
      "test_Specificity_mean": 0.9381710914454249,
      "test_Specificity_std": 0.024973221487132383,
      "val_Precision_mean": 0.7130265533380734,
      "val_Precision_std": 0.040114550335775455,
      "val_Sensitivity_mean": 0.7083333333333249,
      "val_Sensitivity_std": 0.04215835121170202,
      "val_Specificity_mean": 0.9278466076696137,
      "val_Specificity_std": 0.018572648193889714,
      "val_score_mean": 0.7084906221044827,
      "val_score_std": 0.010740498994879966,
      "val_thr_mean": 0.47950713573678383,
      "val_thr_std": 0.03403668803025118
    },
    {
      "criterion": "youden",
      "feature_set": "c110",
      "model": "bbag",
      "param_hash": "f93e8d521957",
      "param_index": 3,
      "test_Brier_mean": 0.10383206044159186,
      "test_Brier_std": 0.0023633020009320932,
      "test_LogLoss_mean": 0.3649163028512659,
      "test_LogLoss_std": 0.007105773793390972,
      "test_PR_AUC_mean": 0.820156279117812,
      "test_PR_AUC_std": 0.009683984953964987,
      "test_Precision_mean": 0.6242312270698329,
      "test_Precision_std": 0.05474850877376063,
      "test_ROC_AUC_mean": 0.9269138924006181,
      "test_ROC_AUC_std": 0.004953827424338474,
      "test_Sensitivity_mean": 0.8209523809523712,
      "test_Sensitivity_std": 0.025787607375543732,
      "test_Specificity_mean": 0.8745722713864281,
      "test_Specificity_std": 0.030278297571877128,
      "val_Precision_mean": 0.6190340968863375,
      "val_Precision_std": 0.036087761543510344,
      "val_Sensitivity_mean": 0.7816666666666573,
      "val_Sensitivity_std": 0.02388350992566954,
      "val_Specificity_mean": 0.8794100294985224,
      "val_Specificity_std": 0.02088107123142591,
      "val_score_mean": 0.6610766961651798,
      "val_score_std": 0.016597756006873906,
      "val_thr_mean": 0.411104897647444,
      "val_thr_std": 0.023734487999121
    }
  ],
  "task_id": 75,
  "thr_grid_size": 600
}