{
  "feature_set": "c110_d110_errors",
  "model": "bbag",
  "n_bootstrap": 50,
  "param_hash": "3b90164009b1",
  "param_index": 16,
  "params": {
    "base_max_depth": 10,
    "base_max_features": "sqrt",
    "base_min_samples_leaf": 2,
    "base_min_samples_split": 2,
    "bootstrap": true,
    "max_features": 0.9,
    "max_samples": 0.9,
    "n_estimators": 800,
    "replacement": false,
    "sampling_strategy": "auto"
  },
  "runtime_s": 135.32741403579712,
  "summary_preview": [
    {
      "criterion": "f1",
      "feature_set": "c110_d110_errors",
      "model": "bbag",
      "param_hash": "3b90164009b1",
      "param_index": 16,
      "test_Brier_mean": 0.08413929165627886,
      "test_Brier_std": 0.002438157103717346,
      "test_LogLoss_mean": 0.30491619850807367,
      "test_LogLoss_std": 0.00745872358355567,
      "test_PR_AUC_mean": 0.8581155903520385,
      "test_PR_AUC_std": 0.008836583748849653,
      "test_Precision_mean": 0.8054312277673665,
      "test_Precision_std": 0.02434531816785322,
      "test_ROC_AUC_mean": 0.9510977665402445,
      "test_ROC_AUC_std": 0.0042700946433589255,
      "test_Sensitivity_mean": 0.717619047619039,
      "test_Sensitivity_std": 0.03863502417817478,
      "test_Specificity_mean": 0.9565781710914426,
      "test_Specificity_std": 0.009367008168191995,
      "val_Precision_mean": 0.8060346390755343,
      "val_Precision_std": 0.04695451325723839,
      "val_Sensitivity_mean": 0.7057142857142773,
      "val_Sensitivity_std": 0.03227172453913002,
      "val_Specificity_mean": 0.9566961651917376,
      "val_Specificity_std": 0.015568597712702298,
      "val_score_mean": 0.7507811870992183,
      "val_score_std": 0.014608006381952586,
      "val_thr_mean": 0.5138051593049017,
      "val_thr_std": 0.03613195995938749
    },
    {
      "criterion": "youden",
      "feature_set": "c110_d110_errors",
      "model": "bbag",
      "param_hash": "3b90164009b1",
      "param_index": 16,
      "test_Brier_mean": 0.08413929165627886,
      "test_Brier_std": 0.002438157103717346,
      "test_LogLoss_mean": 0.30491619850807367,
      "test_LogLoss_std": 0.00745872358355567,
      "test_PR_AUC_mean": 0.8581155903520385,
      "test_PR_AUC_std": 0.008836583748849653,
      "test_Precision_mean": 0.6917171183234803,
      "test_Precision_std": 0.0462882635454348,
      "test_ROC_AUC_mean": 0.9510977665402445,
      "test_ROC_AUC_std": 0.0042700946433589255,
      "test_Sensitivity_mean": 0.8411904761904663,
      "test_Sensitivity_std": 0.03927135526968024,
      "test_Specificity_mean": 0.9051917404129766,
      "test_Specificity_std": 0.022911627814553175,
      "val_Precision_mean": 0.6581805332486397,
      "val_Precision_std": 0.0330701926103714,
      "val_Sensitivity_mean": 0.7957142857142763,
      "val_Sensitivity_std": 0.01689760863724366,
      "val_Specificity_mean": 0.8966371681415901,
      "val_Specificity_std": 0.016611796031696432,
      "val_score_mean": 0.6923514538558665,
      "val_score_std": 0.011128693627430667,
      "val_thr_mean": 0.40462057207944246,
      "val_thr_std": 0.023341254713325345
    }
  ],
  "task_id": 376,
  "thr_grid_size": 600
}