{
  "feature_set": "c110_d110_snr",
  "model": "brf",
  "n_bootstrap": 50,
  "param_hash": "4fb00555df7e",
  "param_index": 2,
  "params": {
    "max_depth": 20,
    "max_features": "0.2",
    "min_samples_leaf": 1,
    "min_samples_split": 4,
    "n_estimators": 1500,
    "replacement": true,
    "sampling_strategy": "auto"
  },
  "runtime_s": 701.7002260684967,
  "summary_preview": [
    {
      "criterion": "f1",
      "feature_set": "c110_d110_snr",
      "model": "brf",
      "param_hash": "4fb00555df7e",
      "param_index": 2,
      "test_Brier_mean": 0.06604923311539956,
      "test_Brier_std": 0.002559665259747402,
      "test_LogLoss_mean": 0.24889542820481061,
      "test_LogLoss_std": 0.008026214848776844,
      "test_PR_AUC_mean": 0.8893772496441005,
      "test_PR_AUC_std": 0.0060343766446011825,
      "test_Precision_mean": 0.8840172555025048,
      "test_Precision_std": 0.023518711382927143,
      "test_ROC_AUC_mean": 0.9573827082455401,
      "test_ROC_AUC_std": 0.0029412119923377346,
      "test_Sensitivity_mean": 0.8097619047618951,
      "test_Sensitivity_std": 0.021171932572700197,
      "test_Specificity_mean": 0.9734513274336254,
      "test_Specificity_std": 0.006363113725470518,
      "val_Precision_mean": 0.8938844527293395,
      "val_Precision_std": 0.026967090825743997,
      "val_Sensitivity_mean": 0.7673809523809433,
      "val_Sensitivity_std": 0.01971762575988585,
      "val_Specificity_mean": 0.9771681415929174,
      "val_Specificity_std": 0.006816127921498676,
      "val_score_mean": 0.8253705894656439,
      "val_score_std": 0.012865112370550293,
      "val_thr_mean": 0.6087330895720906,
      "val_thr_std": 0.04676295847360025
    },
    {
      "criterion": "youden",
      "feature_set": "c110_d110_snr",
      "model": "brf",
      "param_hash": "4fb00555df7e",
      "param_index": 2,
      "test_Brier_mean": 0.06604923311539956,
      "test_Brier_std": 0.002559665259747402,
      "test_LogLoss_mean": 0.24889542820481061,
      "test_LogLoss_std": 0.008026214848776844,
      "test_PR_AUC_mean": 0.8893772496441005,
      "test_PR_AUC_std": 0.0060343766446011825,
      "test_Precision_mean": 0.8209159029934167,
      "test_Precision_std": 0.0593736430388003,
      "test_ROC_AUC_mean": 0.9573827082455401,
      "test_ROC_AUC_std": 0.0029412119923377346,
      "test_Sensitivity_mean": 0.8533333333333232,
      "test_Sensitivity_std": 0.03158323987865704,
      "test_Specificity_mean": 0.9519174041297905,
      "test_Specificity_std": 0.021406920366015568,
      "val_Precision_mean": 0.8279005682398431,
      "val_Precision_std": 0.05528845748786637,
      "val_Sensitivity_mean": 0.7973809523809429,
      "val_Sensitivity_std": 0.018076879337138897,
      "val_Specificity_mean": 0.9575811209439499,
      "val_Specificity_std": 0.017240563199400216,
      "val_score_mean": 0.754962073324893,
      "val_score_std": 0.010970731712182524,
      "val_thr_mean": 0.5151171718542498,
      "val_thr_std": 0.06266627608048157
    }
  ],
  "task_id": 530,
  "thr_grid_size": 600
}