{
  "feature_set": "c110_d110_snr",
  "model": "brf",
  "n_bootstrap": 50,
  "param_hash": "a4c66b67ae89",
  "param_index": 22,
  "params": {
    "max_depth": 10,
    "max_features": "0.2",
    "min_samples_leaf": 2,
    "min_samples_split": 4,
    "n_estimators": 4000,
    "replacement": true,
    "sampling_strategy": "auto"
  },
  "runtime_s": 1507.0645096302032,
  "summary_preview": [
    {
      "criterion": "f1",
      "feature_set": "c110_d110_snr",
      "model": "brf",
      "param_hash": "a4c66b67ae89",
      "param_index": 22,
      "test_Brier_mean": 0.06232854498871753,
      "test_Brier_std": 0.002511976228658035,
      "test_LogLoss_mean": 0.2387170027626248,
      "test_LogLoss_std": 0.008684641068145817,
      "test_PR_AUC_mean": 0.8919271585560119,
      "test_PR_AUC_std": 0.006979788051429846,
      "test_Precision_mean": 0.8839268901837246,
      "test_Precision_std": 0.026544996291172157,
      "test_ROC_AUC_mean": 0.959314510464953,
      "test_ROC_AUC_std": 0.0035221354226242286,
      "test_Sensitivity_mean": 0.8107142857142762,
      "test_Sensitivity_std": 0.020863680521063202,
      "test_Specificity_mean": 0.9733333333333305,
      "test_Specificity_std": 0.007442586191911123,
      "val_Precision_mean": 0.892006614364891,
      "val_Precision_std": 0.029889925191626764,
      "val_Sensitivity_mean": 0.7676190476190385,
      "val_Sensitivity_std": 0.01882154466973708,
      "val_Specificity_mean": 0.9766371681415901,
      "val_Specificity_std": 0.0077208478655533125,
      "val_score_mean": 0.8246207677478685,
      "val_score_std": 0.012074321934585299,
      "val_thr_mean": 0.6077504371651195,
      "val_thr_std": 0.04879030200854422
    },
    {
      "criterion": "youden",
      "feature_set": "c110_d110_snr",
      "model": "brf",
      "param_hash": "a4c66b67ae89",
      "param_index": 22,
      "test_Brier_mean": 0.06232854498871753,
      "test_Brier_std": 0.002511976228658035,
      "test_LogLoss_mean": 0.2387170027626248,
      "test_LogLoss_std": 0.008684641068145817,
      "test_PR_AUC_mean": 0.8919271585560119,
      "test_PR_AUC_std": 0.006979788051429846,
      "test_Precision_mean": 0.8378035658884708,
      "test_Precision_std": 0.048660357202254666,
      "test_ROC_AUC_mean": 0.959314510464953,
      "test_ROC_AUC_std": 0.0035221354226242286,
      "test_Sensitivity_mean": 0.8421428571428471,
      "test_Sensitivity_std": 0.029240822213865057,
      "test_Specificity_mean": 0.9583480825958673,
      "test_Specificity_std": 0.016273533358730125,
      "val_Precision_mean": 0.8424188735805255,
      "val_Precision_std": 0.04912419429643916,
      "val_Sensitivity_mean": 0.791428571428562,
      "val_Sensitivity_std": 0.016704801575249728,
      "val_Specificity_mean": 0.9623008849557493,
      "val_Specificity_std": 0.014467110389215958,
      "val_score_mean": 0.7537294563843113,
      "val_score_std": 0.008992909741720236,
      "val_thr_mean": 0.5343771085724701,
      "val_thr_std": 0.06606749960272146
    }
  ],
  "task_id": 550,
  "thr_grid_size": 600
}