{
  "feature_set": "c110_d110_errors_snr",
  "model": "brf",
  "n_bootstrap": 50,
  "param_hash": "3ea42a330d0c",
  "param_index": 9,
  "params": {
    "max_depth": 20,
    "max_features": "0.2",
    "min_samples_leaf": 2,
    "min_samples_split": 2,
    "n_estimators": 800,
    "replacement": false,
    "sampling_strategy": "auto"
  },
  "runtime_s": 415.5365312099457,
  "summary_preview": [
    {
      "criterion": "f1",
      "feature_set": "c110_d110_errors_snr",
      "model": "brf",
      "param_hash": "3ea42a330d0c",
      "param_index": 9,
      "test_Brier_mean": 0.060431900972679635,
      "test_Brier_std": 0.0027591110148064758,
      "test_LogLoss_mean": 0.23137917574258474,
      "test_LogLoss_std": 0.008857983009896948,
      "test_PR_AUC_mean": 0.8974700432669189,
      "test_PR_AUC_std": 0.005525153477320344,
      "test_Precision_mean": 0.8868377092123128,
      "test_Precision_std": 0.025356365366156465,
      "test_ROC_AUC_mean": 0.9611904761904762,
      "test_ROC_AUC_std": 0.002661265012459236,
      "test_Sensitivity_mean": 0.8130952380952284,
      "test_Sensitivity_std": 0.0250237057305476,
      "test_Specificity_mean": 0.9739823008849529,
      "test_Specificity_std": 0.007118918624427972,
      "val_Precision_mean": 0.8922183422081349,
      "val_Precision_std": 0.031812173349639615,
      "val_Sensitivity_mean": 0.7647619047618958,
      "val_Sensitivity_std": 0.023263913710967855,
      "val_Specificity_mean": 0.9766961651917374,
      "val_Specificity_std": 0.008391195849869302,
      "val_score_mean": 0.8228804771237531,
      "val_score_std": 0.01273345419188629,
      "val_thr_mean": 0.6021689669351293,
      "val_thr_std": 0.047626444538857414
    },
    {
      "criterion": "youden",
      "feature_set": "c110_d110_errors_snr",
      "model": "brf",
      "param_hash": "3ea42a330d0c",
      "param_index": 9,
      "test_Brier_mean": 0.060431900972679635,
      "test_Brier_std": 0.0027591110148064758,
      "test_LogLoss_mean": 0.23137917574258474,
      "test_LogLoss_std": 0.008857983009896948,
      "test_PR_AUC_mean": 0.8974700432669189,
      "test_PR_AUC_std": 0.005525153477320344,
      "test_Precision_mean": 0.8270718915692128,
      "test_Precision_std": 0.05228559874569813,
      "test_ROC_AUC_mean": 0.9611904761904762,
      "test_ROC_AUC_std": 0.002661265012459236,
      "test_Sensitivity_mean": 0.8552380952380851,
      "test_Sensitivity_std": 0.032478986111785076,
      "test_Specificity_mean": 0.9541592920353953,
      "test_Specificity_std": 0.018495997200012996,
      "val_Precision_mean": 0.8241649301683155,
      "val_Precision_std": 0.05998260618432584,
      "val_Sensitivity_mean": 0.7973809523809429,
      "val_Sensitivity_std": 0.017753994283476536,
      "val_Specificity_mean": 0.9562241887905576,
      "val_Specificity_std": 0.01917621767469884,
      "val_score_mean": 0.7536051411715005,
      "val_score_std": 0.009623779388936658,
      "val_thr_mean": 0.502006033134334,
      "val_thr_std": 0.07423634783161553
    }
  ],
  "task_id": 633,
  "thr_grid_size": 600
}