{
  "feature_set": "c110",
  "model": "et",
  "n_bootstrap": 50,
  "param_hash": "23103a58c1c4",
  "param_index": 13,
  "params": {
    "bootstrap": false,
    "max_depth": 20,
    "max_features": "0.5",
    "max_samples": 0.8,
    "min_samples_leaf": 1,
    "min_samples_split": 2,
    "n_estimators": 1500
  },
  "runtime_s": 251.59437823295593,
  "summary_preview": [
    {
      "criterion": "f1",
      "feature_set": "c110",
      "model": "et",
      "param_hash": "23103a58c1c4",
      "param_index": 13,
      "test_Brier_mean": 0.04821223706516552,
      "test_Brier_std": 0.001589130852044002,
      "test_LogLoss_mean": 0.18288523473614604,
      "test_LogLoss_std": 0.004769503704700433,
      "test_PR_AUC_mean": 0.911297935005498,
      "test_PR_AUC_std": 0.00533098889215155,
      "test_Precision_mean": 0.9070572466382479,
      "test_Precision_std": 0.02541564187418382,
      "test_ROC_AUC_mean": 0.9642218008147212,
      "test_ROC_AUC_std": 0.0026597697091048844,
      "test_Sensitivity_mean": 0.8111904761904666,
      "test_Sensitivity_std": 0.0489967137495779,
      "test_Specificity_mean": 0.9789970501474897,
      "test_Specificity_std": 0.007265827918163401,
      "val_Precision_mean": 0.9016484328049679,
      "val_Precision_std": 0.0353690356820056,
      "val_Sensitivity_mean": 0.7702380952380861,
      "val_Sensitivity_std": 0.03063585635144831,
      "val_Specificity_mean": 0.9785840707964572,
      "val_Specificity_std": 0.009093227884466811,
      "val_score_mean": 0.8296083052692867,
      "val_score_std": 0.009407878321420914,
      "val_thr_mean": 0.47248291163404005,
      "val_thr_std": 0.08098122347347479
    },
    {
      "criterion": "youden",
      "feature_set": "c110",
      "model": "et",
      "param_hash": "23103a58c1c4",
      "param_index": 13,
      "test_Brier_mean": 0.04821223706516552,
      "test_Brier_std": 0.001589130852044002,
      "test_LogLoss_mean": 0.18288523473614604,
      "test_LogLoss_std": 0.004769503704700433,
      "test_PR_AUC_mean": 0.911297935005498,
      "test_PR_AUC_std": 0.00533098889215155,
      "test_Precision_mean": 0.8522286629110087,
      "test_Precision_std": 0.03006233695015879,
      "test_ROC_AUC_mean": 0.9642218008147212,
      "test_ROC_AUC_std": 0.0026597697091048844,
      "test_Sensitivity_mean": 0.867380952380942,
      "test_Sensitivity_std": 0.010758735138730944,
      "test_Specificity_mean": 0.9623598820058967,
      "test_Specificity_std": 0.009127340157222637,
      "val_Precision_mean": 0.8262316457225147,
      "val_Precision_std": 0.03257225059399404,
      "val_Sensitivity_mean": 0.8111904761904666,
      "val_Sensitivity_std": 0.010758735138730996,
      "val_Specificity_mean": 0.9572861356932124,
      "val_Specificity_std": 0.010240115565871018,
      "val_score_mean": 0.7684766118836791,
      "val_score_std": 0.010592029333019334,
      "val_thr_mean": 0.34472076529558315,
      "val_thr_std": 0.03910828335944895
    }
  ],
  "task_id": 37,
  "thr_grid_size": 600
}