{
  "feature_set": "c110_snr",
  "model": "rf",
  "n_bootstrap": 50,
  "param_hash": "e2827663f47c",
  "param_index": 8,
  "params": {
    "bootstrap": true,
    "class_weight": null,
    "max_depth": null,
    "max_features": "0.3",
    "min_samples_leaf": 2,
    "min_samples_split": 8,
    "n_estimators": 2500
  },
  "runtime_s": 2770.9067335128784,
  "summary_preview": [
    {
      "criterion": "f1",
      "feature_set": "c110_snr",
      "model": "rf",
      "param_hash": "e2827663f47c",
      "param_index": 8,
      "test_Brier_mean": 0.05725322369078605,
      "test_Brier_std": 0.0021407405247790695,
      "test_LogLoss_mean": 0.2075492347969998,
      "test_LogLoss_std": 0.007163607670506739,
      "test_PR_AUC_mean": 0.8805550640259647,
      "test_PR_AUC_std": 0.010689198803084533,
      "test_Precision_mean": 0.8970677108104522,
      "test_Precision_std": 0.03555991008263477,
      "test_ROC_AUC_mean": 0.951369574378424,
      "test_ROC_AUC_std": 0.006096533089616742,
      "test_Sensitivity_mean": 0.7302380952380867,
      "test_Sensitivity_std": 0.05704812766759312,
      "test_Specificity_mean": 0.9784070796460148,
      "test_Specificity_std": 0.010415502203641203,
      "val_Precision_mean": 0.908393731288503,
      "val_Precision_std": 0.05650736711504234,
      "val_Sensitivity_mean": 0.7128571428571344,
      "val_Sensitivity_std": 0.042185099043759645,
      "val_Specificity_mean": 0.9807079646017669,
      "val_Specificity_std": 0.014877654408570353,
      "val_score_mean": 0.7960844642024373,
      "val_score_std": 0.01198913205390652,
      "val_thr_mean": 0.484235372131284,
      "val_thr_std": 0.09859431277243731
    },
    {
      "criterion": "youden",
      "feature_set": "c110_snr",
      "model": "rf",
      "param_hash": "e2827663f47c",
      "param_index": 8,
      "test_Brier_mean": 0.05725322369078605,
      "test_Brier_std": 0.0021407405247790695,
      "test_LogLoss_mean": 0.2075492347969998,
      "test_LogLoss_std": 0.007163607670506739,
      "test_PR_AUC_mean": 0.8805550640259647,
      "test_PR_AUC_std": 0.010689198803084533,
      "test_Precision_mean": 0.7653138018208664,
      "test_Precision_std": 0.07295678836937768,
      "test_ROC_AUC_mean": 0.951369574378424,
      "test_ROC_AUC_std": 0.006096533089616742,
      "test_Sensitivity_mean": 0.8421428571428471,
      "test_Sensitivity_std": 0.043011411150929144,
      "test_Specificity_mean": 0.9325663716814131,
      "test_Specificity_std": 0.028927161772399474,
      "val_Precision_mean": 0.7345426268365152,
      "val_Precision_std": 0.0742728633560954,
      "val_Sensitivity_mean": 0.8045238095238,
      "val_Sensitivity_std": 0.03811117863771443,
      "val_Specificity_mean": 0.9241297935103217,
      "val_Specificity_std": 0.03111597197424778,
      "val_score_mean": 0.7286536030341216,
      "val_score_std": 0.02079482928614135,
      "val_thr_mean": 0.27407695406404037,
      "val_thr_std": 0.0693387427452643
    }
  ],
  "task_id": 392,
  "thr_grid_size": 600
}