{
  "feature_set": "c110_errors",
  "model": "rf",
  "n_bootstrap": 50,
  "param_hash": "93530ef68b1b",
  "param_index": 14,
  "params": {
    "bootstrap": true,
    "class_weight": "balanced",
    "max_depth": null,
    "max_features": "0.2",
    "min_samples_leaf": 2,
    "min_samples_split": 2,
    "n_estimators": 1500
  },
  "runtime_s": 697.6629207134247,
  "summary_preview": [
    {
      "criterion": "f1",
      "feature_set": "c110_errors",
      "model": "rf",
      "param_hash": "93530ef68b1b",
      "param_index": 14,
      "test_Brier_mean": 0.05082379933511877,
      "test_Brier_std": 0.002031324949832481,
      "test_LogLoss_mean": 0.1886296496693933,
      "test_LogLoss_std": 0.005765616321592027,
      "test_PR_AUC_mean": 0.916608824547144,
      "test_PR_AUC_std": 0.0060659274603951365,
      "test_Precision_mean": 0.8971091371582157,
      "test_Precision_std": 0.027615230797205653,
      "test_ROC_AUC_mean": 0.9676949009692373,
      "test_ROC_AUC_std": 0.0023764478381839496,
      "test_Sensitivity_mean": 0.778333333333324,
      "test_Sensitivity_std": 0.05241241655941641,
      "test_Specificity_mean": 0.97734513274336,
      "test_Specificity_std": 0.008521188954678356,
      "val_Precision_mean": 0.9115038947649484,
      "val_Precision_std": 0.042117842583497316,
      "val_Sensitivity_mean": 0.756904761904753,
      "val_Sensitivity_std": 0.029465482055990044,
      "val_Specificity_mean": 0.9810619469026518,
      "val_Specificity_std": 0.010426578811891404,
      "val_score_mean": 0.8257340209437701,
      "val_score_std": 0.01211740934142914,
      "val_thr_mean": 0.43511404911522145,
      "val_thr_std": 0.06510043499781187
    },
    {
      "criterion": "youden",
      "feature_set": "c110_errors",
      "model": "rf",
      "param_hash": "93530ef68b1b",
      "param_index": 14,
      "test_Brier_mean": 0.05082379933511877,
      "test_Brier_std": 0.002031324949832481,
      "test_LogLoss_mean": 0.1886296496693933,
      "test_LogLoss_std": 0.005765616321592027,
      "test_PR_AUC_mean": 0.916608824547144,
      "test_PR_AUC_std": 0.0060659274603951365,
      "test_Precision_mean": 0.8198419658786628,
      "test_Precision_std": 0.03864315688824699,
      "test_ROC_AUC_mean": 0.9676949009692373,
      "test_ROC_AUC_std": 0.0023764478381839496,
      "test_Sensitivity_mean": 0.8828571428571323,
      "test_Sensitivity_std": 0.03728797248243172,
      "test_Specificity_mean": 0.9510324483775783,
      "test_Specificity_std": 0.013419033567712266,
      "val_Precision_mean": 0.8052742580559479,
      "val_Precision_std": 0.04806221071520006,
      "val_Sensitivity_mean": 0.8119047619047522,
      "val_Sensitivity_std": 0.017673987832335293,
      "val_Specificity_mean": 0.9502654867256608,
      "val_Specificity_std": 0.015426162500467421,
      "val_score_mean": 0.7621702486304132,
      "val_score_std": 0.011824650589889234,
      "val_thr_mean": 0.286726199137157,
      "val_thr_std": 0.051495595867532995
    }
  ],
  "task_id": 206,
  "thr_grid_size": 600
}