{
  "feature_set": "c110_errors",
  "model": "rf",
  "n_bootstrap": 50,
  "param_hash": "136da55ab336",
  "param_index": 19,
  "params": {
    "bootstrap": true,
    "class_weight": "balanced",
    "max_depth": 20,
    "max_features": "0.3",
    "min_samples_leaf": 4,
    "min_samples_split": 4,
    "n_estimators": 1500
  },
  "runtime_s": 884.7120506763458,
  "summary_preview": [
    {
      "criterion": "f1",
      "feature_set": "c110_errors",
      "model": "rf",
      "param_hash": "136da55ab336",
      "param_index": 19,
      "test_Brier_mean": 0.051463166178974416,
      "test_Brier_std": 0.002503672663837925,
      "test_LogLoss_mean": 0.191834477443442,
      "test_LogLoss_std": 0.006705363303541251,
      "test_PR_AUC_mean": 0.9101135213218713,
      "test_PR_AUC_std": 0.009068826976614318,
      "test_Precision_mean": 0.8930348928122388,
      "test_Precision_std": 0.027258950935049073,
      "test_ROC_AUC_mean": 0.9648363534204242,
      "test_ROC_AUC_std": 0.0035205864833229763,
      "test_Sensitivity_mean": 0.777142857142848,
      "test_Sensitivity_std": 0.04275714497308262,
      "test_Specificity_mean": 0.9765191740412951,
      "test_Specificity_std": 0.007927838864765158,
      "val_Precision_mean": 0.9144293673801458,
      "val_Precision_std": 0.036181523155477166,
      "val_Sensitivity_mean": 0.7502380952380864,
      "val_Sensitivity_std": 0.03284471110291448,
      "val_Specificity_mean": 0.9820058997050118,
      "val_Specificity_std": 0.009352018972259624,
      "val_score_mean": 0.8230080820058323,
      "val_score_std": 0.013325921689028577,
      "val_thr_mean": 0.4795154533671404,
      "val_thr_std": 0.07107069985018007
    },
    {
      "criterion": "youden",
      "feature_set": "c110_errors",
      "model": "rf",
      "param_hash": "136da55ab336",
      "param_index": 19,
      "test_Brier_mean": 0.051463166178974416,
      "test_Brier_std": 0.002503672663837925,
      "test_LogLoss_mean": 0.191834477443442,
      "test_LogLoss_std": 0.006705363303541251,
      "test_PR_AUC_mean": 0.9101135213218713,
      "test_PR_AUC_std": 0.009068826976614318,
      "test_Precision_mean": 0.7972820030534483,
      "test_Precision_std": 0.050669646885279813,
      "test_ROC_AUC_mean": 0.9648363534204242,
      "test_ROC_AUC_std": 0.0035205864833229763,
      "test_Sensitivity_mean": 0.8771428571428467,
      "test_Sensitivity_std": 0.03706078495748592,
      "test_Specificity_mean": 0.9431268436578142,
      "test_Specificity_std": 0.019191769264316535,
      "val_Precision_mean": 0.7895082299958943,
      "val_Precision_std": 0.05546200949736922,
      "val_Sensitivity_mean": 0.8142857142857046,
      "val_Sensitivity_std": 0.021779334140927815,
      "val_Specificity_mean": 0.9446017699115017,
      "val_Specificity_std": 0.019323176745301835,
      "val_score_mean": 0.7588874841972063,
      "val_score_std": 0.014267904164812476,
      "val_thr_mean": 0.3064242767666258,
      "val_thr_std": 0.0555623709954277
    }
  ],
  "task_id": 211,
  "thr_grid_size": 600
}