{
  "feature_set": "c110_d110_errors",
  "model": "rf",
  "n_bootstrap": 50,
  "param_hash": "6cf4d44e3e25",
  "param_index": 5,
  "params": {
    "bootstrap": true,
    "class_weight": null,
    "max_depth": 20,
    "max_features": "sqrt",
    "min_samples_leaf": 1,
    "min_samples_split": 8,
    "n_estimators": 800
  },
  "runtime_s": 267.82270312309265,
  "summary_preview": [
    {
      "criterion": "f1",
      "feature_set": "c110_d110_errors",
      "model": "rf",
      "param_hash": "6cf4d44e3e25",
      "param_index": 5,
      "test_Brier_mean": 0.05530873322197985,
      "test_Brier_std": 0.002069816026696942,
      "test_LogLoss_mean": 0.20059924766077206,
      "test_LogLoss_std": 0.005735681337437092,
      "test_PR_AUC_mean": 0.9011083995665884,
      "test_PR_AUC_std": 0.006288768760146976,
      "test_Precision_mean": 0.9089143745334224,
      "test_Precision_std": 0.024561028728180705,
      "test_ROC_AUC_mean": 0.9624097485601911,
      "test_ROC_AUC_std": 0.0030561811346972935,
      "test_Sensitivity_mean": 0.7697619047618955,
      "test_Sensitivity_std": 0.05493012991580227,
      "test_Specificity_mean": 0.980471976401177,
      "test_Specificity_std": 0.006895905960713925,
      "val_Precision_mean": 0.8975342281365812,
      "val_Precision_std": 0.04638791646393355,
      "val_Sensitivity_mean": 0.7304761904761818,
      "val_Sensitivity_std": 0.03581618117302863,
      "val_Specificity_mean": 0.9783480825958673,
      "val_Specificity_std": 0.011763384894516405,
      "val_score_mean": 0.8035676376785608,
      "val_score_std": 0.010671542324602318,
      "val_thr_mean": 0.46504535370660777,
      "val_thr_std": 0.054456453775903
    },
    {
      "criterion": "youden",
      "feature_set": "c110_d110_errors",
      "model": "rf",
      "param_hash": "6cf4d44e3e25",
      "param_index": 5,
      "test_Brier_mean": 0.05530873322197985,
      "test_Brier_std": 0.002069816026696942,
      "test_LogLoss_mean": 0.20059924766077206,
      "test_LogLoss_std": 0.005735681337437092,
      "test_PR_AUC_mean": 0.9011083995665884,
      "test_PR_AUC_std": 0.006288768760146976,
      "test_Precision_mean": 0.835020327332018,
      "test_Precision_std": 0.05377506803135313,
      "test_ROC_AUC_mean": 0.9624097485601911,
      "test_ROC_AUC_std": 0.0030561811346972935,
      "test_Sensitivity_mean": 0.8442857142857043,
      "test_Sensitivity_std": 0.03171118917226265,
      "test_Specificity_mean": 0.9571681415929174,
      "test_Specificity_std": 0.019082269740282022,
      "val_Precision_mean": 0.7798004124424822,
      "val_Precision_std": 0.06351386122369303,
      "val_Sensitivity_mean": 0.7897619047618955,
      "val_Sensitivity_std": 0.025065281050256696,
      "val_Specificity_mean": 0.9425368731563394,
      "val_Specificity_std": 0.023098667135045263,
      "val_score_mean": 0.7322987779182347,
      "val_score_std": 0.017003838891937195,
      "val_thr_mean": 0.3545283038214586,
      "val_thr_std": 0.0518187335401634
    }
  ],
  "task_id": 293,
  "thr_grid_size": 600
}