{
  "feature_set": "c110_d110",
  "model": "rf",
  "n_bootstrap": 50,
  "param_hash": "c9076e29837d",
  "param_index": 2,
  "params": {
    "bootstrap": true,
    "class_weight": null,
    "max_depth": 20,
    "max_features": "0.2",
    "min_samples_leaf": 1,
    "min_samples_split": 4,
    "n_estimators": 1500
  },
  "runtime_s": 896.3841495513916,
  "summary_preview": [
    {
      "criterion": "f1",
      "feature_set": "c110_d110",
      "model": "rf",
      "param_hash": "c9076e29837d",
      "param_index": 2,
      "test_Brier_mean": 0.05235681018220651,
      "test_Brier_std": 0.002122506974526355,
      "test_LogLoss_mean": 0.19315890726828167,
      "test_LogLoss_std": 0.005669802718886174,
      "test_PR_AUC_mean": 0.8939401838841045,
      "test_PR_AUC_std": 0.006202653638164227,
      "test_Precision_mean": 0.920782154000632,
      "test_Precision_std": 0.014905430852198769,
      "test_ROC_AUC_mean": 0.9565177693496278,
      "test_ROC_AUC_std": 0.003142315891879654,
      "test_Sensitivity_mean": 0.7597619047618958,
      "test_Sensitivity_std": 0.04205118974676989,
      "test_Specificity_mean": 0.9836578171091417,
      "test_Specificity_std": 0.003962575199223803,
      "val_Precision_mean": 0.9301497758198767,
      "val_Precision_std": 0.02122114783809116,
      "val_Sensitivity_mean": 0.7254761904761818,
      "val_Sensitivity_std": 0.020181565134789005,
      "val_Specificity_mean": 0.9863126843657787,
      "val_Specificity_std": 0.004721268798705724,
      "val_score_mean": 0.814724434113622,
      "val_score_std": 0.00845343852670532,
      "val_thr_mean": 0.5350879495002655,
      "val_thr_std": 0.05284500118912328
    },
    {
      "criterion": "youden",
      "feature_set": "c110_d110",
      "model": "rf",
      "param_hash": "c9076e29837d",
      "param_index": 2,
      "test_Brier_mean": 0.05235681018220651,
      "test_Brier_std": 0.002122506974526355,
      "test_LogLoss_mean": 0.19315890726828167,
      "test_LogLoss_std": 0.005669802718886174,
      "test_PR_AUC_mean": 0.8939401838841045,
      "test_PR_AUC_std": 0.006202653638164227,
      "test_Precision_mean": 0.8516292503096663,
      "test_Precision_std": 0.0542471198579488,
      "test_ROC_AUC_mean": 0.9565177693496278,
      "test_ROC_AUC_std": 0.003142315891879654,
      "test_Sensitivity_mean": 0.8361904761904663,
      "test_Sensitivity_std": 0.03406119120304735,
      "test_Specificity_mean": 0.9624778761061918,
      "test_Specificity_std": 0.017262694802517787,
      "val_Precision_mean": 0.8121801965049831,
      "val_Precision_std": 0.07163532480367911,
      "val_Sensitivity_mean": 0.776190476190467,
      "val_Sensitivity_std": 0.026565475088117557,
      "val_Specificity_mean": 0.9530973451327405,
      "val_Specificity_std": 0.022820295940265092,
      "val_score_mean": 0.7292878213232075,
      "val_score_std": 0.014937843903124711,
      "val_thr_mean": 0.38278669377626207,
      "val_thr_std": 0.07843018072303648
    }
  ],
  "task_id": 98,
  "thr_grid_size": 600
}