{
  "feature_set": "c110_d110",
  "model": "brf",
  "n_bootstrap": 50,
  "param_hash": "bf0c4fdf0ae8",
  "param_index": 19,
  "params": {
    "max_depth": null,
    "max_features": "0.2",
    "min_samples_leaf": 2,
    "min_samples_split": 8,
    "n_estimators": 2500,
    "replacement": false,
    "sampling_strategy": "auto"
  },
  "runtime_s": 870.7358908653259,
  "summary_preview": [
    {
      "criterion": "f1",
      "feature_set": "c110_d110",
      "model": "brf",
      "param_hash": "bf0c4fdf0ae8",
      "param_index": 19,
      "test_Brier_mean": 0.06318536857326497,
      "test_Brier_std": 0.0025510886085663136,
      "test_LogLoss_mean": 0.23563552745912053,
      "test_LogLoss_std": 0.008592135776166635,
      "test_PR_AUC_mean": 0.9026066038490339,
      "test_PR_AUC_std": 0.005092652264934215,
      "test_Precision_mean": 0.8912231780962111,
      "test_Precision_std": 0.02595403253011274,
      "test_ROC_AUC_mean": 0.9612312122489114,
      "test_ROC_AUC_std": 0.0028452525152601973,
      "test_Sensitivity_mean": 0.8042857142857048,
      "test_Sensitivity_std": 0.027014598165530018,
      "test_Specificity_mean": 0.9753982300884927,
      "test_Specificity_std": 0.006888691589926282,
      "val_Precision_mean": 0.90151721809923,
      "val_Precision_std": 0.026676531526389456,
      "val_Sensitivity_mean": 0.7597619047618958,
      "val_Sensitivity_std": 0.019641200566244844,
      "val_Specificity_mean": 0.9791740412979322,
      "val_Specificity_std": 0.006539560136415543,
      "val_score_mean": 0.8241229342565753,
      "val_score_std": 0.011784673528897286,
      "val_thr_mean": 0.6286396003497895,
      "val_thr_std": 0.04801837201322271
    },
    {
      "criterion": "youden",
      "feature_set": "c110_d110",
      "model": "brf",
      "param_hash": "bf0c4fdf0ae8",
      "param_index": 19,
      "test_Brier_mean": 0.06318536857326497,
      "test_Brier_std": 0.0025510886085663136,
      "test_LogLoss_mean": 0.23563552745912053,
      "test_LogLoss_std": 0.008592135776166635,
      "test_PR_AUC_mean": 0.9026066038490339,
      "test_PR_AUC_std": 0.005092652264934215,
      "test_Precision_mean": 0.8419899495672769,
      "test_Precision_std": 0.05692313831520083,
      "test_ROC_AUC_mean": 0.9612312122489114,
      "test_ROC_AUC_std": 0.0028452525152601973,
      "test_Sensitivity_mean": 0.8447619047618947,
      "test_Sensitivity_std": 0.030796873318136204,
      "test_Specificity_mean": 0.9589970501474897,
      "test_Specificity_std": 0.020035699871349573,
      "val_Precision_mean": 0.8402699939050359,
      "val_Precision_std": 0.061268521350859306,
      "val_Sensitivity_mean": 0.7890476190476098,
      "val_Sensitivity_std": 0.01998425962118126,
      "val_Specificity_mean": 0.9611209439527993,
      "val_Specificity_std": 0.019690961619770204,
      "val_score_mean": 0.7501685630004091,
      "val_score_std": 0.008264611755182678,
      "val_thr_mean": 0.539187768757453,
      "val_thr_std": 0.07646530482182644
    }
  ],
  "task_id": 163,
  "thr_grid_size": 600
}