{
  "feature_set": "c110_snr",
  "model": "rf",
  "n_bootstrap": 50,
  "param_hash": "508de71c9f66",
  "param_index": 1,
  "params": {
    "bootstrap": true,
    "class_weight": null,
    "max_depth": 20,
    "max_features": "0.5",
    "min_samples_leaf": 1,
    "min_samples_split": 8,
    "n_estimators": 2500
  },
  "runtime_s": 4658.365794420242,
  "summary_preview": [
    {
      "criterion": "f1",
      "feature_set": "c110_snr",
      "model": "rf",
      "param_hash": "508de71c9f66",
      "param_index": 1,
      "test_Brier_mean": 0.060671266306344646,
      "test_Brier_std": 0.003618210182815674,
      "test_LogLoss_mean": 0.2168338052121005,
      "test_LogLoss_std": 0.010713660643136946,
      "test_PR_AUC_mean": 0.8643271426986228,
      "test_PR_AUC_std": 0.014786424278931417,
      "test_Precision_mean": 0.8992616083882714,
      "test_Precision_std": 0.026586999115203864,
      "test_ROC_AUC_mean": 0.9439830032307909,
      "test_ROC_AUC_std": 0.007103815053876057,
      "test_Sensitivity_mean": 0.7011904761904678,
      "test_Sensitivity_std": 0.046961568950625525,
      "test_Specificity_mean": 0.9801769911504395,
      "test_Specificity_std": 0.006717187979830163,
      "val_Precision_mean": 0.9148582206890626,
      "val_Precision_std": 0.042570299780492364,
      "val_Sensitivity_mean": 0.6890476190476109,
      "val_Sensitivity_std": 0.026958866966577077,
      "val_Specificity_mean": 0.9834808259586991,
      "val_Specificity_std": 0.00936624979810063,
      "val_score_mean": 0.7848995874096367,
      "val_score_std": 0.01293630337314353,
      "val_thr_mean": 0.5421878720093194,
      "val_thr_std": 0.08121453619127941
    },
    {
      "criterion": "youden",
      "feature_set": "c110_snr",
      "model": "rf",
      "param_hash": "508de71c9f66",
      "param_index": 1,
      "test_Brier_mean": 0.060671266306344646,
      "test_Brier_std": 0.003618210182815674,
      "test_LogLoss_mean": 0.2168338052121005,
      "test_LogLoss_std": 0.010713660643136946,
      "test_PR_AUC_mean": 0.8643271426986228,
      "test_PR_AUC_std": 0.014786424278931417,
      "test_Precision_mean": 0.7405693405869149,
      "test_Precision_std": 0.08137777594136089,
      "test_ROC_AUC_mean": 0.9439830032307909,
      "test_ROC_AUC_std": 0.007103815053876057,
      "test_Sensitivity_mean": 0.8249999999999902,
      "test_Sensitivity_std": 0.04918760157816122,
      "test_Specificity_mean": 0.9238938053097318,
      "test_Specificity_std": 0.033410998133863876,
      "val_Precision_mean": 0.7157746555842753,
      "val_Precision_std": 0.08027411516285465,
      "val_Sensitivity_mean": 0.7869047619047527,
      "val_Sensitivity_std": 0.04202091530818262,
      "val_Specificity_mean": 0.9178761061946875,
      "val_Specificity_std": 0.03483365721433178,
      "val_score_mean": 0.7047808680994402,
      "val_score_std": 0.02390365676773165,
      "val_thr_mean": 0.28677142547302364,
      "val_thr_std": 0.07810787117721044
    }
  ],
  "task_id": 385,
  "thr_grid_size": 600
}