{
  "feature_set": "c110",
  "model": "brf",
  "n_bootstrap": 50,
  "param_hash": "ab6f95159890",
  "param_index": 12,
  "params": {
    "max_depth": 10,
    "max_features": "0.3",
    "min_samples_leaf": 4,
    "min_samples_split": 8,
    "n_estimators": 4000,
    "replacement": false,
    "sampling_strategy": "auto"
  },
  "runtime_s": 1463.9265360832214,
  "summary_preview": [
    {
      "criterion": "f1",
      "feature_set": "c110",
      "model": "brf",
      "param_hash": "ab6f95159890",
      "param_index": 12,
      "test_Brier_mean": 0.062488337204968436,
      "test_Brier_std": 0.0031821365945787494,
      "test_LogLoss_mean": 0.23415229864168274,
      "test_LogLoss_std": 0.008944076796888712,
      "test_PR_AUC_mean": 0.9074727546029584,
      "test_PR_AUC_std": 0.008350638302617794,
      "test_Precision_mean": 0.8915913207396984,
      "test_Precision_std": 0.032840539604313566,
      "test_ROC_AUC_mean": 0.9637589549093974,
      "test_ROC_AUC_std": 0.004023400751852883,
      "test_Sensitivity_mean": 0.7780952380952288,
      "test_Sensitivity_std": 0.0541959601051681,
      "test_Specificity_mean": 0.9758702064896725,
      "test_Specificity_std": 0.010090751982937072,
      "val_Precision_mean": 0.9141409281237759,
      "val_Precision_std": 0.04603108507423078,
      "val_Sensitivity_mean": 0.7461904761904674,
      "val_Sensitivity_std": 0.03851505796966611,
      "val_Specificity_mean": 0.9816519174041268,
      "val_Specificity_std": 0.011788719496360449,
      "val_score_mean": 0.8197339905121432,
      "val_score_std": 0.012881402231134417,
      "val_thr_mean": 0.6345514720142444,
      "val_thr_std": 0.08453190903717793
    },
    {
      "criterion": "youden",
      "feature_set": "c110",
      "model": "brf",
      "param_hash": "ab6f95159890",
      "param_index": 12,
      "test_Brier_mean": 0.062488337204968436,
      "test_Brier_std": 0.0031821365945787494,
      "test_LogLoss_mean": 0.23415229864168274,
      "test_LogLoss_std": 0.008944076796888712,
      "test_PR_AUC_mean": 0.9074727546029584,
      "test_PR_AUC_std": 0.008350638302617794,
      "test_Precision_mean": 0.7922384189609609,
      "test_Precision_std": 0.048170891016546445,
      "test_ROC_AUC_mean": 0.9637589549093974,
      "test_ROC_AUC_std": 0.004023400751852883,
      "test_Sensitivity_mean": 0.8702380952380849,
      "test_Sensitivity_std": 0.03073012074760616,
      "test_Specificity_mean": 0.9421238938053069,
      "test_Specificity_std": 0.017947111714833045,
      "val_Precision_mean": 0.785103264621723,
      "val_Precision_std": 0.05165019073720533,
      "val_Sensitivity_mean": 0.8114285714285618,
      "val_Sensitivity_std": 0.01929504027711928,
      "val_Specificity_mean": 0.9435988200589942,
      "val_Specificity_std": 0.018316834666270335,
      "val_score_mean": 0.755027391487556,
      "val_score_std": 0.014894261578181906,
      "val_thr_mean": 0.4502594104881998,
      "val_thr_std": 0.05256818133522439
    }
  ],
  "task_id": 60,
  "thr_grid_size": 600
}