{
  "feature_set": "c110",
  "model": "et",
  "n_bootstrap": 50,
  "param_hash": "15e6bdb0d4fc",
  "param_index": 9,
  "params": {
    "bootstrap": false,
    "max_depth": 30,
    "max_features": "sqrt",
    "max_samples": 1.0,
    "min_samples_leaf": 2,
    "min_samples_split": 2,
    "n_estimators": 4000
  },
  "runtime_s": 1002.3709528446198,
  "summary_preview": [
    {
      "criterion": "f1",
      "feature_set": "c110",
      "model": "et",
      "param_hash": "15e6bdb0d4fc",
      "param_index": 9,
      "test_Brier_mean": 0.06304695260760375,
      "test_Brier_std": 0.0011290728848341901,
      "test_LogLoss_mean": 0.22599981056448243,
      "test_LogLoss_std": 0.0026282273018395264,
      "test_PR_AUC_mean": 0.8944016383617762,
      "test_PR_AUC_std": 0.005245495328769166,
      "test_Precision_mean": 0.8730077766267564,
      "test_Precision_std": 0.021513955717551998,
      "test_ROC_AUC_mean": 0.9599634780165753,
      "test_ROC_AUC_std": 0.0026591820283111156,
      "test_Sensitivity_mean": 0.7754761904761813,
      "test_Sensitivity_std": 0.043426330436783754,
      "test_Specificity_mean": 0.9717404129793481,
      "test_Specificity_std": 0.006718509714554934,
      "val_Precision_mean": 0.8486779421550374,
      "val_Precision_std": 0.037945156961593195,
      "val_Sensitivity_mean": 0.7471428571428482,
      "val_Sensitivity_std": 0.028514682877733913,
      "val_Specificity_mean": 0.9662536873156313,
      "val_Specificity_std": 0.010975380181495742,
      "val_score_mean": 0.7934592039284483,
      "val_score_std": 0.009487362853062798,
      "val_thr_mean": 0.371710316077412,
      "val_thr_std": 0.039649885204458446
    },
    {
      "criterion": "youden",
      "feature_set": "c110",
      "model": "et",
      "param_hash": "15e6bdb0d4fc",
      "param_index": 9,
      "test_Brier_mean": 0.06304695260760375,
      "test_Brier_std": 0.0011290728848341901,
      "test_LogLoss_mean": 0.22599981056448243,
      "test_LogLoss_std": 0.0026282273018395264,
      "test_PR_AUC_mean": 0.8944016383617762,
      "test_PR_AUC_std": 0.005245495328769166,
      "test_Precision_mean": 0.7756406588366076,
      "test_Precision_std": 0.04429826970637202,
      "test_ROC_AUC_mean": 0.9599634780165753,
      "test_ROC_AUC_std": 0.0026591820283111156,
      "test_Sensitivity_mean": 0.8602380952380851,
      "test_Sensitivity_std": 0.020802594287819103,
      "test_Specificity_mean": 0.9371681415929176,
      "test_Specificity_std": 0.01719270302471578,
      "val_Precision_mean": 0.7231000064910461,
      "val_Precision_std": 0.036474452953461675,
      "val_Sensitivity_mean": 0.8176190476190379,
      "val_Sensitivity_std": 0.016739394284849187,
      "val_Specificity_mean": 0.921533923303832,
      "val_Specificity_std": 0.01492282444974777,
      "val_score_mean": 0.7391529709228699,
      "val_score_std": 0.010989292149143527,
      "val_thr_mean": 0.26657481871317995,
      "val_thr_std": 0.025008908904949004
    }
  ],
  "task_id": 33,
  "thr_grid_size": 600
}