{
  "feature_set": "c110_d110_errors_snr",
  "model": "rf",
  "n_bootstrap": 50,
  "param_hash": "77d725949d24",
  "param_index": 11,
  "params": {
    "bootstrap": true,
    "class_weight": "balanced",
    "max_depth": 10,
    "max_features": "sqrt",
    "min_samples_leaf": 2,
    "min_samples_split": 8,
    "n_estimators": 800
  },
  "runtime_s": 197.7968451976776,
  "summary_preview": [
    {
      "criterion": "f1",
      "feature_set": "c110_d110_errors_snr",
      "model": "rf",
      "param_hash": "77d725949d24",
      "param_index": 11,
      "test_Brier_mean": 0.05725912729763791,
      "test_Brier_std": 0.001757126819854631,
      "test_LogLoss_mean": 0.2121673086814049,
      "test_LogLoss_std": 0.0049488720141846465,
      "test_PR_AUC_mean": 0.9046310991607183,
      "test_PR_AUC_std": 0.008223559182859158,
      "test_Precision_mean": 0.8840141263678787,
      "test_Precision_std": 0.04487644290751064,
      "test_ROC_AUC_mean": 0.9654193004635482,
      "test_ROC_AUC_std": 0.00403864148202431,
      "test_Sensitivity_mean": 0.7654761904761814,
      "test_Sensitivity_std": 0.04775551388468982,
      "test_Specificity_mean": 0.9740412979351004,
      "test_Specificity_std": 0.012823534812223246,
      "val_Precision_mean": 0.8826910572764339,
      "val_Precision_std": 0.053860841860703834,
      "val_Sensitivity_mean": 0.7490476190476102,
      "val_Sensitivity_std": 0.029636763143934274,
      "val_Specificity_mean": 0.9741002949852477,
      "val_Specificity_std": 0.014169447324452696,
      "val_score_mean": 0.8085020430671459,
      "val_score_std": 0.011120900650015104,
      "val_thr_mean": 0.4183450064127029,
      "val_thr_std": 0.0657306508018672
    },
    {
      "criterion": "youden",
      "feature_set": "c110_d110_errors_snr",
      "model": "rf",
      "param_hash": "77d725949d24",
      "param_index": 11,
      "test_Brier_mean": 0.05725912729763791,
      "test_Brier_std": 0.001757126819854631,
      "test_LogLoss_mean": 0.2121673086814049,
      "test_LogLoss_std": 0.0049488720141846465,
      "test_PR_AUC_mean": 0.9046310991607183,
      "test_PR_AUC_std": 0.008223559182859158,
      "test_Precision_mean": 0.8140749904141968,
      "test_Precision_std": 0.03065483862758818,
      "test_ROC_AUC_mean": 0.9654193004635482,
      "test_ROC_AUC_std": 0.00403864148202431,
      "test_Sensitivity_mean": 0.8559523809523708,
      "test_Sensitivity_std": 0.03156583536270468,
      "test_Specificity_mean": 0.9509734513274307,
      "test_Specificity_std": 0.010873456820753444,
      "val_Precision_mean": 0.7895052211352358,
      "val_Precision_std": 0.03316404062562219,
      "val_Sensitivity_mean": 0.7980952380952285,
      "val_Sensitivity_std": 0.012016001178677238,
      "val_Specificity_mean": 0.9467256637168113,
      "val_Specificity_std": 0.011171829977045016,
      "val_score_mean": 0.7448209018120399,
      "val_score_std": 0.007844044848871894,
      "val_thr_mean": 0.30736065716860783,
      "val_thr_std": 0.029916479149739873
    }
  ],
  "task_id": 587,
  "thr_grid_size": 600
}