{
  "feature_set": "c110_snr",
  "model": "rf",
  "n_bootstrap": 50,
  "param_hash": "7d6e70e1e5a9",
  "param_index": 15,
  "params": {
    "bootstrap": true,
    "class_weight": "balanced",
    "max_depth": null,
    "max_features": "sqrt",
    "min_samples_leaf": 2,
    "min_samples_split": 8,
    "n_estimators": 2500
  },
  "runtime_s": 671.6406848430634,
  "summary_preview": [
    {
      "criterion": "f1",
      "feature_set": "c110_snr",
      "model": "rf",
      "param_hash": "7d6e70e1e5a9",
      "param_index": 15,
      "test_Brier_mean": 0.0630883263041396,
      "test_Brier_std": 0.001571925769511355,
      "test_LogLoss_mean": 0.23113386494581242,
      "test_LogLoss_std": 0.00448900497503024,
      "test_PR_AUC_mean": 0.8856907002891845,
      "test_PR_AUC_std": 0.00818280323710567,
      "test_Precision_mean": 0.833885233381521,
      "test_Precision_std": 0.028507691226872935,
      "test_ROC_AUC_mean": 0.9596586599241467,
      "test_ROC_AUC_std": 0.0036597058369183177,
      "test_Sensitivity_mean": 0.8154761904761808,
      "test_Sensitivity_std": 0.040406817586791086,
      "test_Specificity_mean": 0.9592330383480797,
      "test_Specificity_std": 0.00962231224394901,
      "val_Precision_mean": 0.8259585854463221,
      "val_Precision_std": 0.0279398909117794,
      "val_Sensitivity_mean": 0.7940476190476096,
      "val_Sensitivity_std": 0.024438958951020016,
      "val_Specificity_mean": 0.9581120943952773,
      "val_Specificity_std": 0.008595060284185017,
      "val_score_mean": 0.8089740016680526,
      "val_score_std": 0.010058288902984706,
      "val_thr_mean": 0.3167370143422003,
      "val_thr_std": 0.04250385820266751
    },
    {
      "criterion": "youden",
      "feature_set": "c110_snr",
      "model": "rf",
      "param_hash": "7d6e70e1e5a9",
      "param_index": 15,
      "test_Brier_mean": 0.0630883263041396,
      "test_Brier_std": 0.001571925769511355,
      "test_LogLoss_mean": 0.23113386494581242,
      "test_LogLoss_std": 0.00448900497503024,
      "test_PR_AUC_mean": 0.8856907002891845,
      "test_PR_AUC_std": 0.00818280323710567,
      "test_Precision_mean": 0.7899427989691398,
      "test_Precision_std": 0.034148896079155465,
      "test_ROC_AUC_mean": 0.9596586599241467,
      "test_ROC_AUC_std": 0.0036597058369183177,
      "test_Sensitivity_mean": 0.862142857142847,
      "test_Sensitivity_std": 0.026136307619166466,
      "test_Specificity_mean": 0.9425368731563394,
      "test_Specificity_std": 0.012631544863602321,
      "val_Precision_mean": 0.7768251808299937,
      "val_Precision_std": 0.034948954190032,
      "val_Sensitivity_mean": 0.8214285714285617,
      "val_Sensitivity_std": 0.014024168794617736,
      "val_Specificity_mean": 0.9408849557522097,
      "val_Specificity_std": 0.012542944911781253,
      "val_score_mean": 0.7623135271807712,
      "val_score_std": 0.011667571841542214,
      "val_thr_mean": 0.2689839576592554,
      "val_thr_std": 0.024707730369222677
    }
  ],
  "task_id": 399,
  "thr_grid_size": 600
}