{
  "feature_set": "c110_d110_errors_snr",
  "model": "rf",
  "n_bootstrap": 50,
  "param_hash": "044085776d9d",
  "param_index": 10,
  "params": {
    "bootstrap": true,
    "class_weight": null,
    "max_depth": 20,
    "max_features": "sqrt",
    "min_samples_leaf": 2,
    "min_samples_split": 4,
    "n_estimators": 4000
  },
  "runtime_s": 1198.9605596065521,
  "summary_preview": [
    {
      "criterion": "f1",
      "feature_set": "c110_d110_errors_snr",
      "model": "rf",
      "param_hash": "044085776d9d",
      "param_index": 10,
      "test_Brier_mean": 0.05677948433972,
      "test_Brier_std": 0.0018266488027133185,
      "test_LogLoss_mean": 0.20684744438540456,
      "test_LogLoss_std": 0.004667130403622988,
      "test_PR_AUC_mean": 0.8984928849060634,
      "test_PR_AUC_std": 0.007322544626756217,
      "test_Precision_mean": 0.895336852397251,
      "test_Precision_std": 0.025410336575382372,
      "test_ROC_AUC_mean": 0.9620887765135554,
      "test_ROC_AUC_std": 0.003084331269420285,
      "test_Sensitivity_mean": 0.7723809523809432,
      "test_Sensitivity_std": 0.0465526860161236,
      "test_Specificity_mean": 0.9772271386430649,
      "test_Specificity_std": 0.0071026856057902574,
      "val_Precision_mean": 0.8814369984370525,
      "val_Precision_std": 0.047651055174953556,
      "val_Sensitivity_mean": 0.7349999999999913,
      "val_Sensitivity_std": 0.03458783982152978,
      "val_Specificity_mean": 0.9744542772861329,
      "val_Specificity_std": 0.011987691714206786,
      "val_score_mean": 0.7996844225096033,
      "val_score_std": 0.00857454107352116,
      "val_thr_mean": 0.42512934789318263,
      "val_thr_std": 0.05887572026050784
    },
    {
      "criterion": "youden",
      "feature_set": "c110_d110_errors_snr",
      "model": "rf",
      "param_hash": "044085776d9d",
      "param_index": 10,
      "test_Brier_mean": 0.05677948433972,
      "test_Brier_std": 0.0018266488027133185,
      "test_LogLoss_mean": 0.20684744438540456,
      "test_LogLoss_std": 0.004667130403622988,
      "test_PR_AUC_mean": 0.8984928849060634,
      "test_PR_AUC_std": 0.007322544626756217,
      "test_Precision_mean": 0.8331676536338856,
      "test_Precision_std": 0.046654278933987554,
      "test_ROC_AUC_mean": 0.9620887765135554,
      "test_ROC_AUC_std": 0.003084331269420285,
      "test_Sensitivity_mean": 0.844047619047609,
      "test_Sensitivity_std": 0.024081296358003657,
      "test_Specificity_mean": 0.9570501474926225,
      "test_Specificity_std": 0.016191702415738057,
      "val_Precision_mean": 0.7742885891605653,
      "val_Precision_std": 0.053184725087186316,
      "val_Sensitivity_mean": 0.7926190476190382,
      "val_Sensitivity_std": 0.018331092968257166,
      "val_Specificity_mean": 0.941179941002947,
      "val_Specificity_std": 0.019939389210862177,
      "val_score_mean": 0.7337989886219851,
      "val_score_std": 0.012560677858731436,
      "val_thr_mean": 0.3198216595204144,
      "val_thr_std": 0.039924409625761145
    }
  ],
  "task_id": 586,
  "thr_grid_size": 600
}