{
  "feature_set": "c110",
  "model": "et",
  "n_bootstrap": 50,
  "param_hash": "201045713c41",
  "param_index": 1,
  "params": {
    "bootstrap": true,
    "max_depth": 20,
    "max_features": "0.3",
    "max_samples": null,
    "min_samples_leaf": 2,
    "min_samples_split": 4,
    "n_estimators": 800
  },
  "runtime_s": 198.258535861969,
  "summary_preview": [
    {
      "criterion": "f1",
      "feature_set": "c110",
      "model": "et",
      "param_hash": "201045713c41",
      "param_index": 1,
      "test_Brier_mean": 0.05325093465152058,
      "test_Brier_std": 0.0015748368229694368,
      "test_LogLoss_mean": 0.19683158624112448,
      "test_LogLoss_std": 0.0044949311876573165,
      "test_PR_AUC_mean": 0.9065547260426371,
      "test_PR_AUC_std": 0.004957481821522991,
      "test_Precision_mean": 0.9036100501542941,
      "test_Precision_std": 0.01747984538576507,
      "test_ROC_AUC_mean": 0.9642864166315493,
      "test_ROC_AUC_std": 0.0025217420370212025,
      "test_Sensitivity_mean": 0.7785714285714194,
      "test_Sensitivity_std": 0.023687735165278837,
      "test_Specificity_mean": 0.9792920353982271,
      "test_Specificity_std": 0.00451869900944296,
      "val_Precision_mean": 0.900369840695809,
      "val_Precision_std": 0.02300316516325429,
      "val_Sensitivity_mean": 0.7495238095238007,
      "val_Sensitivity_std": 0.01594654172752502,
      "val_Specificity_mean": 0.9792330383480796,
      "val_Specificity_std": 0.005958409993133966,
      "val_score_mean": 0.8176809437683259,
      "val_score_std": 0.007743352545708086,
      "val_thr_mean": 0.4529838214134513,
      "val_thr_std": 0.03763586412556795
    },
    {
      "criterion": "youden",
      "feature_set": "c110",
      "model": "et",
      "param_hash": "201045713c41",
      "param_index": 1,
      "test_Brier_mean": 0.05325093465152058,
      "test_Brier_std": 0.0015748368229694368,
      "test_LogLoss_mean": 0.19683158624112448,
      "test_LogLoss_std": 0.0044949311876573165,
      "test_PR_AUC_mean": 0.9065547260426371,
      "test_PR_AUC_std": 0.004957481821522991,
      "test_Precision_mean": 0.8269612917242878,
      "test_Precision_std": 0.03280025515774299,
      "test_ROC_AUC_mean": 0.9642864166315493,
      "test_ROC_AUC_std": 0.0025217420370212025,
      "test_Sensitivity_mean": 0.8714285714285611,
      "test_Sensitivity_std": 0.013816391844618789,
      "test_Specificity_mean": 0.9543362831858379,
      "test_Specificity_std": 0.011105347006041157,
      "val_Precision_mean": 0.7884652791482619,
      "val_Precision_std": 0.035225927073866264,
      "val_Sensitivity_mean": 0.8099999999999905,
      "val_Sensitivity_std": 0.011011166024652045,
      "val_Specificity_mean": 0.9455457227138615,
      "val_Specificity_std": 0.012187495440152706,
      "val_score_mean": 0.7555457227138518,
      "val_score_std": 0.009587995440937884,
      "val_thr_mean": 0.2986044980380098,
      "val_thr_std": 0.031220919539368456
    }
  ],
  "task_id": 25,
  "thr_grid_size": 600
}