{
  "feature_set": "c110",
  "model": "et",
  "n_bootstrap": 50,
  "param_hash": "8f8ce9681b3c",
  "param_index": 19,
  "params": {
    "bootstrap": true,
    "max_depth": 30,
    "max_features": "sqrt",
    "max_samples": 0.8,
    "min_samples_leaf": 2,
    "min_samples_split": 4,
    "n_estimators": 4000
  },
  "runtime_s": 1607.3659336566925,
  "summary_preview": [
    {
      "criterion": "f1",
      "feature_set": "c110",
      "model": "et",
      "param_hash": "8f8ce9681b3c",
      "param_index": 19,
      "test_Brier_mean": 0.06773287889325412,
      "test_Brier_std": 0.0013915815954349921,
      "test_LogLoss_mean": 0.23926174563554856,
      "test_LogLoss_std": 0.004255070984640931,
      "test_PR_AUC_mean": 0.8796144867156334,
      "test_PR_AUC_std": 0.006595570518747157,
      "test_Precision_mean": 0.8463435277933524,
      "test_Precision_std": 0.019579741142086302,
      "test_ROC_AUC_mean": 0.9541403286978509,
      "test_ROC_AUC_std": 0.003058075929138755,
      "test_Sensitivity_mean": 0.7926190476190382,
      "test_Sensitivity_std": 0.022055141477301234,
      "test_Specificity_mean": 0.964188790560469,
      "test_Specificity_std": 0.00568541036333152,
      "val_Precision_mean": 0.8042465301509089,
      "val_Precision_std": 0.026101377761239282,
      "val_Sensitivity_mean": 0.754999999999991,
      "val_Sensitivity_std": 0.02111721757601154,
      "val_Specificity_mean": 0.954100294985248,
      "val_Specificity_std": 0.00843152060709632,
      "val_score_mean": 0.7782882961920348,
      "val_score_std": 0.01086125762535774,
      "val_thr_mean": 0.3330657583823781,
      "val_thr_std": 0.02133394568794745
    },
    {
      "criterion": "youden",
      "feature_set": "c110",
      "model": "et",
      "param_hash": "8f8ce9681b3c",
      "param_index": 19,
      "test_Brier_mean": 0.06773287889325412,
      "test_Brier_std": 0.0013915815954349921,
      "test_LogLoss_mean": 0.23926174563554856,
      "test_LogLoss_std": 0.004255070984640931,
      "test_PR_AUC_mean": 0.8796144867156334,
      "test_PR_AUC_std": 0.006595570518747157,
      "test_Precision_mean": 0.7731658683252957,
      "test_Precision_std": 0.07025343728840229,
      "test_ROC_AUC_mean": 0.9541403286978509,
      "test_ROC_AUC_std": 0.003058075929138755,
      "test_Sensitivity_mean": 0.8357142857142759,
      "test_Sensitivity_std": 0.02945664638722544,
      "test_Specificity_mean": 0.9361651917404101,
      "test_Specificity_std": 0.02843023761691995,
      "val_Precision_mean": 0.7237069477133261,
      "val_Precision_std": 0.0595881411945591,
      "val_Sensitivity_mean": 0.7995238095238001,
      "val_Sensitivity_std": 0.025151675574606746,
      "val_Specificity_mean": 0.9219469026548645,
      "val_Specificity_std": 0.02460969294461102,
      "val_score_mean": 0.7214707121786645,
      "val_score_std": 0.010543483407787248,
      "val_thr_mean": 0.2738848936454692,
      "val_thr_std": 0.04117746125583972
    }
  ],
  "task_id": 43,
  "thr_grid_size": 600
}