{
  "feature_set": "c110_d110",
  "model": "et",
  "n_bootstrap": 50,
  "param_hash": "201045713c41",
  "param_index": 1,
  "params": {
    "bootstrap": true,
    "max_depth": 20,
    "max_features": "0.3",
    "max_samples": null,
    "min_samples_leaf": 2,
    "min_samples_split": 4,
    "n_estimators": 800
  },
  "runtime_s": 158.74590349197388,
  "summary_preview": [
    {
      "criterion": "f1",
      "feature_set": "c110_d110",
      "model": "et",
      "param_hash": "201045713c41",
      "param_index": 1,
      "test_Brier_mean": 0.04947456130928927,
      "test_Brier_std": 0.0012785514321875192,
      "test_LogLoss_mean": 0.1854974560640777,
      "test_LogLoss_std": 0.0037472467465213904,
      "test_PR_AUC_mean": 0.9081944405839942,
      "test_PR_AUC_std": 0.0048326371952944844,
      "test_Precision_mean": 0.9195830410288204,
      "test_Precision_std": 0.017412065567438198,
      "test_ROC_AUC_mean": 0.9643917685068127,
      "test_ROC_AUC_std": 0.0025884077710227487,
      "test_Sensitivity_mean": 0.7888095238095144,
      "test_Sensitivity_std": 0.03179953783770501,
      "test_Specificity_mean": 0.9827728613569292,
      "test_Specificity_std": 0.004552761512370677,
      "val_Precision_mean": 0.9181672861970529,
      "val_Precision_std": 0.030965601400880095,
      "val_Sensitivity_mean": 0.7526190476190386,
      "val_Sensitivity_std": 0.021684840571498495,
      "val_Specificity_mean": 0.9830088495575191,
      "val_Specificity_std": 0.0074091061022623925,
      "val_score_mean": 0.8265156116971112,
      "val_score_std": 0.010306650912514858,
      "val_thr_mean": 0.48391735937611896,
      "val_thr_std": 0.05719447081137737
    },
    {
      "criterion": "youden",
      "feature_set": "c110_d110",
      "model": "et",
      "param_hash": "201045713c41",
      "param_index": 1,
      "test_Brier_mean": 0.04947456130928927,
      "test_Brier_std": 0.0012785514321875192,
      "test_LogLoss_mean": 0.1854974560640777,
      "test_LogLoss_std": 0.0037472467465213904,
      "test_PR_AUC_mean": 0.9081944405839942,
      "test_PR_AUC_std": 0.0048326371952944844,
      "test_Precision_mean": 0.8544942396400824,
      "test_Precision_std": 0.05059694141320276,
      "test_ROC_AUC_mean": 0.9643917685068127,
      "test_ROC_AUC_std": 0.0025884077710227487,
      "test_Sensitivity_mean": 0.8557142857142757,
      "test_Sensitivity_std": 0.032592773142564174,
      "test_Specificity_mean": 0.9625368731563393,
      "test_Specificity_std": 0.01647536266525457,
      "val_Precision_mean": 0.824611353456127,
      "val_Precision_std": 0.051098354062443944,
      "val_Sensitivity_mean": 0.7949999999999906,
      "val_Sensitivity_std": 0.018044850822722308,
      "val_Specificity_mean": 0.95687315634218,
      "val_Specificity_std": 0.016352457309710147,
      "val_score_mean": 0.7518731563421706,
      "val_score_std": 0.007273322521938534,
      "val_thr_mean": 0.34217065161657123,
      "val_thr_std": 0.0685684141131884
    }
  ],
  "task_id": 121,
  "thr_grid_size": 600
}