{
  "feature_set": "c110_snr",
  "model": "rf",
  "n_bootstrap": 50,
  "param_hash": "3bf84fe8cddf",
  "param_index": 13,
  "params": {
    "bootstrap": true,
    "class_weight": "balanced",
    "max_depth": 20,
    "max_features": "0.2",
    "min_samples_leaf": 4,
    "min_samples_split": 2,
    "n_estimators": 2500
  },
  "runtime_s": 1215.492352962494,
  "summary_preview": [
    {
      "criterion": "f1",
      "feature_set": "c110_snr",
      "model": "rf",
      "param_hash": "3bf84fe8cddf",
      "param_index": 13,
      "test_Brier_mean": 0.05369516454113763,
      "test_Brier_std": 0.002423172326548223,
      "test_LogLoss_mean": 0.2017752884382386,
      "test_LogLoss_std": 0.00704777021087822,
      "test_PR_AUC_mean": 0.9017306205949955,
      "test_PR_AUC_std": 0.009141311277164704,
      "test_Precision_mean": 0.876027348606201,
      "test_Precision_std": 0.04374551313686403,
      "test_ROC_AUC_mean": 0.9625783115606125,
      "test_ROC_AUC_std": 0.003562100861752926,
      "test_Sensitivity_mean": 0.7945238095238001,
      "test_Sensitivity_std": 0.04862934579292241,
      "test_Specificity_mean": 0.9709734513274307,
      "test_Specificity_std": 0.013646838027927577,
      "val_Precision_mean": 0.8857336056320064,
      "val_Precision_std": 0.05691118333791831,
      "val_Sensitivity_mean": 0.7669047619047528,
      "val_Sensitivity_std": 0.03584282021068165,
      "val_Specificity_mean": 0.9740412979351004,
      "val_Specificity_std": 0.015041355497323806,
      "val_score_mean": 0.8197019443066712,
      "val_score_std": 0.01159110945234269,
      "val_thr_mean": 0.4192805852021595,
      "val_thr_std": 0.09104311568338139
    },
    {
      "criterion": "youden",
      "feature_set": "c110_snr",
      "model": "rf",
      "param_hash": "3bf84fe8cddf",
      "param_index": 13,
      "test_Brier_mean": 0.05369516454113763,
      "test_Brier_std": 0.002423172326548223,
      "test_LogLoss_mean": 0.2017752884382386,
      "test_LogLoss_std": 0.00704777021087822,
      "test_PR_AUC_mean": 0.9017306205949955,
      "test_PR_AUC_std": 0.009141311277164704,
      "test_Precision_mean": 0.79693389678578,
      "test_Precision_std": 0.03973425559719795,
      "test_ROC_AUC_mean": 0.9625783115606125,
      "test_ROC_AUC_std": 0.003562100861752926,
      "test_Sensitivity_mean": 0.8752380952380848,
      "test_Sensitivity_std": 0.027553119933439982,
      "test_Specificity_mean": 0.9437758112094368,
      "test_Specificity_std": 0.014820249376923077,
      "val_Precision_mean": 0.7951868658501939,
      "val_Precision_std": 0.03528605075247983,
      "val_Sensitivity_mean": 0.8176190476190379,
      "val_Sensitivity_std": 0.014114621715133448,
      "val_Specificity_mean": 0.9471976401179912,
      "val_Specificity_std": 0.011848222435321958,
      "val_score_mean": 0.7648166877370293,
      "val_score_std": 0.009314420025212298,
      "val_thr_mean": 0.2823704578739647,
      "val_thr_std": 0.04256499633591259
    }
  ],
  "task_id": 397,
  "thr_grid_size": 600
}