{
  "feature_set": "c110_d110_errors_snr",
  "model": "brf",
  "n_bootstrap": 50,
  "param_hash": "406f8ac913b7",
  "param_index": 1,
  "params": {
    "max_depth": 10,
    "max_features": "sqrt",
    "min_samples_leaf": 1,
    "min_samples_split": 4,
    "n_estimators": 800,
    "replacement": true,
    "sampling_strategy": "auto"
  },
  "runtime_s": 255.48916721343994,
  "summary_preview": [
    {
      "criterion": "f1",
      "feature_set": "c110_d110_errors_snr",
      "model": "brf",
      "param_hash": "406f8ac913b7",
      "param_index": 1,
      "test_Brier_mean": 0.0721880518129995,
      "test_Brier_std": 0.0027883482497337267,
      "test_LogLoss_mean": 0.2677189103906945,
      "test_LogLoss_std": 0.007949574644014976,
      "test_PR_AUC_mean": 0.8989712271984185,
      "test_PR_AUC_std": 0.0069709176008418226,
      "test_Precision_mean": 0.8793081742911866,
      "test_Precision_std": 0.034713446542418175,
      "test_ROC_AUC_mean": 0.96409467621857,
      "test_ROC_AUC_std": 0.0028609953608996217,
      "test_Sensitivity_mean": 0.7611904761904671,
      "test_Sensitivity_std": 0.040058873098190714,
      "test_Specificity_mean": 0.9735103244837728,
      "test_Specificity_std": 0.009544484530435396,
      "val_Precision_mean": 0.876636019417092,
      "val_Precision_std": 0.04358970696136108,
      "val_Sensitivity_mean": 0.7419047619047531,
      "val_Sensitivity_std": 0.024579390156652305,
      "val_Specificity_mean": 0.9733333333333305,
      "val_Specificity_std": 0.011353941251781777,
      "val_score_mean": 0.8024286525969434,
      "val_score_std": 0.010597892746483402,
      "val_thr_mean": 0.596669311686717,
      "val_thr_std": 0.045478852474030905
    },
    {
      "criterion": "youden",
      "feature_set": "c110_d110_errors_snr",
      "model": "brf",
      "param_hash": "406f8ac913b7",
      "param_index": 1,
      "test_Brier_mean": 0.0721880518129995,
      "test_Brier_std": 0.0027883482497337267,
      "test_LogLoss_mean": 0.2677189103906945,
      "test_LogLoss_std": 0.007949574644014976,
      "test_PR_AUC_mean": 0.8989712271984185,
      "test_PR_AUC_std": 0.0069709176008418226,
      "test_Precision_mean": 0.8029205482860847,
      "test_Precision_std": 0.037590552507511595,
      "test_ROC_AUC_mean": 0.96409467621857,
      "test_ROC_AUC_std": 0.0028609953608996217,
      "test_Sensitivity_mean": 0.8523809523809424,
      "test_Sensitivity_std": 0.03323949028178881,
      "test_Specificity_mean": 0.9472566371681387,
      "test_Specificity_std": 0.013818568185196613,
      "val_Precision_mean": 0.7789574969033446,
      "val_Precision_std": 0.041499591986592754,
      "val_Sensitivity_mean": 0.7957142857142763,
      "val_Sensitivity_std": 0.015837342485473062,
      "val_Specificity_mean": 0.9431268436578142,
      "val_Specificity_std": 0.014451758450406632,
      "val_score_mean": 0.7388411293720906,
      "val_score_std": 0.008160294668494727,
      "val_thr_mean": 0.4888871570697188,
      "val_thr_std": 0.03945809972129399
    }
  ],
  "task_id": 625,
  "thr_grid_size": 600
}