{
  "feature_set": "c110_d110_snr",
  "model": "rf",
  "n_bootstrap": 50,
  "param_hash": "044085776d9d",
  "param_index": 10,
  "params": {
    "bootstrap": true,
    "class_weight": null,
    "max_depth": 20,
    "max_features": "sqrt",
    "min_samples_leaf": 2,
    "min_samples_split": 4,
    "n_estimators": 4000
  },
  "runtime_s": 1210.9418776035309,
  "summary_preview": [
    {
      "criterion": "f1",
      "feature_set": "c110_d110_snr",
      "model": "rf",
      "param_hash": "044085776d9d",
      "param_index": 10,
      "test_Brier_mean": 0.05557455426245695,
      "test_Brier_std": 0.0014630822462300636,
      "test_LogLoss_mean": 0.20435393791525866,
      "test_LogLoss_std": 0.004174168088083279,
      "test_PR_AUC_mean": 0.8978054865659613,
      "test_PR_AUC_std": 0.005005749170971894,
      "test_Precision_mean": 0.9043832249603422,
      "test_Precision_std": 0.023175756040922056,
      "test_ROC_AUC_mean": 0.9600927096502317,
      "test_ROC_AUC_std": 0.002582562432181163,
      "test_Sensitivity_mean": 0.7895238095238001,
      "test_Sensitivity_std": 0.04285174353203655,
      "test_Specificity_mean": 0.9789380530973422,
      "test_Specificity_std": 0.006636599551562046,
      "val_Precision_mean": 0.8874368817402722,
      "val_Precision_std": 0.03726708599839973,
      "val_Sensitivity_mean": 0.7466666666666577,
      "val_Sensitivity_std": 0.02965627513705719,
      "val_Specificity_mean": 0.9758702064896725,
      "val_Specificity_std": 0.00967752027183182,
      "val_score_mean": 0.8097526542448474,
      "val_score_std": 0.008292183907518668,
      "val_thr_mean": 0.41982882972928026,
      "val_thr_std": 0.05404693569492193
    },
    {
      "criterion": "youden",
      "feature_set": "c110_d110_snr",
      "model": "rf",
      "param_hash": "044085776d9d",
      "param_index": 10,
      "test_Brier_mean": 0.05557455426245695,
      "test_Brier_std": 0.0014630822462300636,
      "test_LogLoss_mean": 0.20435393791525866,
      "test_LogLoss_std": 0.004174168088083279,
      "test_PR_AUC_mean": 0.8978054865659613,
      "test_PR_AUC_std": 0.005005749170971894,
      "test_Precision_mean": 0.8406969973932238,
      "test_Precision_std": 0.04774964584634834,
      "test_ROC_AUC_mean": 0.9600927096502317,
      "test_ROC_AUC_std": 0.002582562432181163,
      "test_Sensitivity_mean": 0.8473809523809424,
      "test_Sensitivity_std": 0.01826787121425299,
      "test_Specificity_mean": 0.9591150442477847,
      "test_Specificity_std": 0.016992810071523184,
      "val_Precision_mean": 0.7996505562441538,
      "val_Precision_std": 0.046970053618946066,
      "val_Sensitivity_mean": 0.7916666666666572,
      "val_Sensitivity_std": 0.01581724084841672,
      "val_Specificity_mean": 0.9497345132743333,
      "val_Specificity_std": 0.016760791368343023,
      "val_score_mean": 0.7414011799409908,
      "val_score_std": 0.011201280356046834,
      "val_thr_mean": 0.32148987718216177,
      "val_thr_std": 0.040625607106042
    }
  ],
  "task_id": 490,
  "thr_grid_size": 600
}