{
  "feature_set": "c110_d110",
  "model": "rf",
  "n_bootstrap": 50,
  "param_hash": "d009d1a232be",
  "param_index": 20,
  "params": {
    "bootstrap": true,
    "class_weight": "balanced",
    "max_depth": 30,
    "max_features": "sqrt",
    "min_samples_leaf": 2,
    "min_samples_split": 8,
    "n_estimators": 4000
  },
  "runtime_s": 888.7869155406952,
  "summary_preview": [
    {
      "criterion": "f1",
      "feature_set": "c110_d110",
      "model": "rf",
      "param_hash": "d009d1a232be",
      "param_index": 20,
      "test_Brier_mean": 0.05419656162789963,
      "test_Brier_std": 0.0014414042455327607,
      "test_LogLoss_mean": 0.20200681800548742,
      "test_LogLoss_std": 0.004090266399028149,
      "test_PR_AUC_mean": 0.9059445791856924,
      "test_PR_AUC_std": 0.004641440427694081,
      "test_Precision_mean": 0.9057717539038047,
      "test_Precision_std": 0.029160456312610564,
      "test_ROC_AUC_mean": 0.9629716252282624,
      "test_ROC_AUC_std": 0.002410801439517324,
      "test_Sensitivity_mean": 0.7821428571428478,
      "test_Sensitivity_std": 0.04677643720909831,
      "test_Specificity_mean": 0.9793510324483746,
      "test_Specificity_std": 0.008105935129233577,
      "val_Precision_mean": 0.903564783048164,
      "val_Precision_std": 0.03833415147887323,
      "val_Sensitivity_mean": 0.754999999999991,
      "val_Sensitivity_std": 0.026136307619166528,
      "val_Specificity_mean": 0.9794100294985222,
      "val_Specificity_std": 0.009507199788788709,
      "val_score_mean": 0.8215259107786127,
      "val_score_std": 0.009027502579222838,
      "val_thr_mean": 0.43956215922308806,
      "val_thr_std": 0.062446584314351454
    },
    {
      "criterion": "youden",
      "feature_set": "c110_d110",
      "model": "rf",
      "param_hash": "d009d1a232be",
      "param_index": 20,
      "test_Brier_mean": 0.05419656162789963,
      "test_Brier_std": 0.0014414042455327607,
      "test_LogLoss_mean": 0.20200681800548742,
      "test_LogLoss_std": 0.004090266399028149,
      "test_PR_AUC_mean": 0.9059445791856924,
      "test_PR_AUC_std": 0.004641440427694081,
      "test_Precision_mean": 0.8479767053360532,
      "test_Precision_std": 0.03331365993508585,
      "test_ROC_AUC_mean": 0.9629716252282624,
      "test_ROC_AUC_std": 0.002410801439517324,
      "test_Sensitivity_mean": 0.8569047619047518,
      "test_Sensitivity_std": 0.02584698331230192,
      "test_Specificity_mean": 0.9613569321533895,
      "test_Specificity_std": 0.010731421473448634,
      "val_Precision_mean": 0.8304230467237284,
      "val_Precision_std": 0.03271174899989349,
      "val_Sensitivity_mean": 0.7938095238095144,
      "val_Sensitivity_std": 0.009751885161109728,
      "val_Specificity_mean": 0.9594100294985222,
      "val_Specificity_std": 0.009489812488112054,
      "val_score_mean": 0.7532195533080366,
      "val_score_std": 0.008121433588254897,
      "val_thr_mean": 0.33188263154047604,
      "val_thr_std": 0.037213807353805126
    }
  ],
  "task_id": 116,
  "thr_grid_size": 600
}