{
  "feature_set": "c110_d110_snr",
  "model": "brf",
  "n_bootstrap": 50,
  "param_hash": "fc874b711781",
  "param_index": 11,
  "params": {
    "max_depth": 10,
    "max_features": "0.2",
    "min_samples_leaf": 2,
    "min_samples_split": 2,
    "n_estimators": 1500,
    "replacement": false,
    "sampling_strategy": "auto"
  },
  "runtime_s": 593.1865935325623,
  "summary_preview": [
    {
      "criterion": "f1",
      "feature_set": "c110_d110_snr",
      "model": "brf",
      "param_hash": "fc874b711781",
      "param_index": 11,
      "test_Brier_mean": 0.05993003115235255,
      "test_Brier_std": 0.0027226865541057003,
      "test_LogLoss_mean": 0.231235122143945,
      "test_LogLoss_std": 0.009103108941341897,
      "test_PR_AUC_mean": 0.893618195526712,
      "test_PR_AUC_std": 0.006729702410128897,
      "test_Precision_mean": 0.8859383800057538,
      "test_Precision_std": 0.03139227191490913,
      "test_ROC_AUC_mean": 0.9603220255653884,
      "test_ROC_AUC_std": 0.003894164212686996,
      "test_Sensitivity_mean": 0.8030952380952285,
      "test_Sensitivity_std": 0.027549970585524303,
      "test_Specificity_mean": 0.9739233038348053,
      "test_Specificity_std": 0.008906764307541748,
      "val_Precision_mean": 0.9015824513702462,
      "val_Precision_std": 0.035620834838977905,
      "val_Sensitivity_mean": 0.7607142857142768,
      "val_Sensitivity_std": 0.02420110454210464,
      "val_Specificity_mean": 0.9788790560471946,
      "val_Specificity_std": 0.009258697779930486,
      "val_score_mean": 0.824246925459433,
      "val_score_std": 0.00984219997877538,
      "val_thr_mean": 0.6043060419161406,
      "val_thr_std": 0.05835917451920622
    },
    {
      "criterion": "youden",
      "feature_set": "c110_d110_snr",
      "model": "brf",
      "param_hash": "fc874b711781",
      "param_index": 11,
      "test_Brier_mean": 0.05993003115235255,
      "test_Brier_std": 0.0027226865541057003,
      "test_LogLoss_mean": 0.231235122143945,
      "test_LogLoss_std": 0.009103108941341897,
      "test_PR_AUC_mean": 0.893618195526712,
      "test_PR_AUC_std": 0.006729702410128897,
      "test_Precision_mean": 0.7969270517556599,
      "test_Precision_std": 0.05362504018567711,
      "test_ROC_AUC_mean": 0.9603220255653884,
      "test_ROC_AUC_std": 0.003894164212686996,
      "test_Sensitivity_mean": 0.8657142857142754,
      "test_Sensitivity_std": 0.03117769528715875,
      "test_Specificity_mean": 0.9435988200589942,
      "test_Specificity_std": 0.020198039984728806,
      "val_Precision_mean": 0.8012091741455959,
      "val_Precision_std": 0.0561114275535367,
      "val_Sensitivity_mean": 0.8042857142857048,
      "val_Sensitivity_std": 0.020430826418613674,
      "val_Specificity_mean": 0.9489675516224161,
      "val_Specificity_std": 0.01890471812571249,
      "val_score_mean": 0.7532532659081208,
      "val_score_std": 0.010084727113424573,
      "val_thr_mean": 0.4593613039921209,
      "val_thr_std": 0.07318431742636143
    }
  ],
  "task_id": 539,
  "thr_grid_size": 600
}