{
  "feature_set": "c110",
  "model": "et",
  "n_bootstrap": 50,
  "param_hash": "017a8d97b265",
  "param_index": 22,
  "params": {
    "bootstrap": false,
    "max_depth": 30,
    "max_features": "0.2",
    "max_samples": 1.0,
    "min_samples_leaf": 1,
    "min_samples_split": 2,
    "n_estimators": 1500
  },
  "runtime_s": 260.8051381111145,
  "summary_preview": [
    {
      "criterion": "f1",
      "feature_set": "c110",
      "model": "et",
      "param_hash": "017a8d97b265",
      "param_index": 22,
      "test_Brier_mean": 0.05309319575387022,
      "test_Brier_std": 0.0013144634516031868,
      "test_LogLoss_mean": 0.19753798630436706,
      "test_LogLoss_std": 0.0038408210111366015,
      "test_PR_AUC_mean": 0.9088044840576454,
      "test_PR_AUC_std": 0.00416236820046398,
      "test_Precision_mean": 0.9078276588117383,
      "test_Precision_std": 0.021064363421846442,
      "test_ROC_AUC_mean": 0.9647597977243996,
      "test_ROC_AUC_std": 0.002310173906630964,
      "test_Sensitivity_mean": 0.7826190476190383,
      "test_Sensitivity_std": 0.037167549291660024,
      "test_Specificity_mean": 0.9800589970501445,
      "test_Specificity_std": 0.005795234197276381,
      "val_Precision_mean": 0.9036016996470427,
      "val_Precision_std": 0.02759781551157313,
      "val_Sensitivity_mean": 0.7504761904761815,
      "val_Sensitivity_std": 0.022556945076991863,
      "val_Specificity_mean": 0.9798230088495546,
      "val_Specificity_std": 0.006933658255778551,
      "val_score_mean": 0.8192971881651094,
      "val_score_std": 0.00797372724818517,
      "val_thr_mean": 0.45515695715080695,
      "val_thr_std": 0.04749794826878753
    },
    {
      "criterion": "youden",
      "feature_set": "c110",
      "model": "et",
      "param_hash": "017a8d97b265",
      "param_index": 22,
      "test_Brier_mean": 0.05309319575387022,
      "test_Brier_std": 0.0013144634516031868,
      "test_LogLoss_mean": 0.19753798630436706,
      "test_LogLoss_std": 0.0038408210111366015,
      "test_PR_AUC_mean": 0.9088044840576454,
      "test_PR_AUC_std": 0.00416236820046398,
      "test_Precision_mean": 0.8241944019430758,
      "test_Precision_std": 0.04278473467111847,
      "test_ROC_AUC_mean": 0.9647597977243996,
      "test_ROC_AUC_std": 0.002310173906630964,
      "test_Sensitivity_mean": 0.8757142857142753,
      "test_Sensitivity_std": 0.012987675572813986,
      "test_Specificity_mean": 0.9528613569321506,
      "test_Specificity_std": 0.014725041818894518,
      "val_Precision_mean": 0.7805178651178473,
      "val_Precision_std": 0.04041678520878655,
      "val_Sensitivity_mean": 0.8157142857142761,
      "val_Sensitivity_std": 0.014277613511438862,
      "val_Specificity_mean": 0.9423008849557494,
      "val_Specificity_std": 0.014404001814808718,
      "val_score_mean": 0.7580151706700256,
      "val_score_std": 0.009617129192720944,
      "val_thr_mean": 0.30543321735425455,
      "val_thr_std": 0.03538056733558971
    }
  ],
  "task_id": 46,
  "thr_grid_size": 600
}