{
  "feature_set": "c110_errors",
  "model": "rf",
  "n_bootstrap": 50,
  "param_hash": "9de4c70c192e",
  "param_index": 18,
  "params": {
    "bootstrap": true,
    "class_weight": "balanced",
    "max_depth": null,
    "max_features": "0.5",
    "min_samples_leaf": 4,
    "min_samples_split": 8,
    "n_estimators": 800
  },
  "runtime_s": 746.1126322746277,
  "summary_preview": [
    {
      "criterion": "f1",
      "feature_set": "c110_errors",
      "model": "rf",
      "param_hash": "9de4c70c192e",
      "param_index": 18,
      "test_Brier_mean": 0.05185018905808568,
      "test_Brier_std": 0.003099456874969305,
      "test_LogLoss_mean": 0.1935814301659747,
      "test_LogLoss_std": 0.00875580491532354,
      "test_PR_AUC_mean": 0.9059080786257822,
      "test_PR_AUC_std": 0.009518919257709112,
      "test_Precision_mean": 0.8857991549789854,
      "test_Precision_std": 0.03696837288581926,
      "test_ROC_AUC_mean": 0.9623662031184155,
      "test_ROC_AUC_std": 0.004657250002475458,
      "test_Sensitivity_mean": 0.776190476190467,
      "test_Sensitivity_std": 0.05589005688828161,
      "test_Specificity_mean": 0.9743952802359853,
      "test_Specificity_std": 0.011439331522384518,
      "val_Precision_mean": 0.9095517065804717,
      "val_Precision_std": 0.049782699268597644,
      "val_Sensitivity_mean": 0.7488095238095149,
      "val_Sensitivity_std": 0.039244832514333985,
      "val_Specificity_mean": 0.9804129793510294,
      "val_Specificity_std": 0.013148454287797049,
      "val_score_mean": 0.8192701295388319,
      "val_score_std": 0.013852001841710199,
      "val_thr_mean": 0.4914929517310094,
      "val_thr_std": 0.10449190744959218
    },
    {
      "criterion": "youden",
      "feature_set": "c110_errors",
      "model": "rf",
      "param_hash": "9de4c70c192e",
      "param_index": 18,
      "test_Brier_mean": 0.05185018905808568,
      "test_Brier_std": 0.003099456874969305,
      "test_LogLoss_mean": 0.1935814301659747,
      "test_LogLoss_std": 0.00875580491532354,
      "test_PR_AUC_mean": 0.9059080786257822,
      "test_PR_AUC_std": 0.009518919257709112,
      "test_Precision_mean": 0.8024808755129125,
      "test_Precision_std": 0.04479090275522422,
      "test_ROC_AUC_mean": 0.9623662031184155,
      "test_ROC_AUC_std": 0.004657250002475458,
      "test_Sensitivity_mean": 0.866190476190466,
      "test_Sensitivity_std": 0.03514775802603906,
      "test_Specificity_mean": 0.9460176991150413,
      "test_Specificity_std": 0.0159049932294695,
      "val_Precision_mean": 0.7919101406701895,
      "val_Precision_std": 0.05090010141989656,
      "val_Sensitivity_mean": 0.8078571428571333,
      "val_Sensitivity_std": 0.02083038296476522,
      "val_Specificity_mean": 0.9461356932153363,
      "val_Specificity_std": 0.017219125088680492,
      "val_score_mean": 0.7539928360724697,
      "val_score_std": 0.01708956759698518,
      "val_thr_mean": 0.31776495333574756,
      "val_thr_std": 0.053007775002736485
    }
  ],
  "task_id": 210,
  "thr_grid_size": 600
}