{
  "feature_set": "c110_errors",
  "model": "rf",
  "n_bootstrap": 50,
  "param_hash": "c9f085089650",
  "param_index": 7,
  "params": {
    "bootstrap": true,
    "class_weight": "balanced",
    "max_depth": 10,
    "max_features": "0.3",
    "min_samples_leaf": 1,
    "min_samples_split": 4,
    "n_estimators": 1500
  },
  "runtime_s": 845.9198930263519,
  "summary_preview": [
    {
      "criterion": "f1",
      "feature_set": "c110_errors",
      "model": "rf",
      "param_hash": "c9f085089650",
      "param_index": 7,
      "test_Brier_mean": 0.051064712821741624,
      "test_Brier_std": 0.00255159828097471,
      "test_LogLoss_mean": 0.18902825288989994,
      "test_LogLoss_std": 0.007347792820364909,
      "test_PR_AUC_mean": 0.913221058117462,
      "test_PR_AUC_std": 0.00784304102294244,
      "test_Precision_mean": 0.8948374714220684,
      "test_Precision_std": 0.030664591295472644,
      "test_ROC_AUC_mean": 0.9650330102542491,
      "test_ROC_AUC_std": 0.0034447257380934115,
      "test_Sensitivity_mean": 0.780238095238086,
      "test_Sensitivity_std": 0.05384526707463672,
      "test_Specificity_mean": 0.9766961651917374,
      "test_Specificity_std": 0.00910181671574173,
      "val_Precision_mean": 0.9065910177856851,
      "val_Precision_std": 0.039158224038980206,
      "val_Sensitivity_mean": 0.7649999999999909,
      "val_Sensitivity_std": 0.030499603797907074,
      "val_Specificity_mean": 0.9798230088495546,
      "val_Specificity_std": 0.010120099163686197,
      "val_score_mean": 0.8286102192766427,
      "val_score_std": 0.014511383526257287,
      "val_thr_mean": 0.4077148470640198,
      "val_thr_std": 0.0775732397725486
    },
    {
      "criterion": "youden",
      "feature_set": "c110_errors",
      "model": "rf",
      "param_hash": "c9f085089650",
      "param_index": 7,
      "test_Brier_mean": 0.051064712821741624,
      "test_Brier_std": 0.00255159828097471,
      "test_LogLoss_mean": 0.18902825288989994,
      "test_LogLoss_std": 0.007347792820364909,
      "test_PR_AUC_mean": 0.913221058117462,
      "test_PR_AUC_std": 0.00784304102294244,
      "test_Precision_mean": 0.8110803376311884,
      "test_Precision_std": 0.04876736593321667,
      "test_ROC_AUC_mean": 0.9650330102542491,
      "test_ROC_AUC_std": 0.0034447257380934115,
      "test_Sensitivity_mean": 0.8771428571428467,
      "test_Sensitivity_std": 0.04398420829031028,
      "test_Specificity_mean": 0.9478466076696137,
      "test_Specificity_std": 0.017833455605915947,
      "val_Precision_mean": 0.8060737566399417,
      "val_Precision_std": 0.05548980387112181,
      "val_Sensitivity_mean": 0.8133333333333238,
      "val_Sensitivity_std": 0.019897232383958508,
      "val_Specificity_mean": 0.9500294985250709,
      "val_Specificity_std": 0.01849791734589777,
      "val_score_mean": 0.7633628318583946,
      "val_score_std": 0.013167640307405372,
      "val_thr_mean": 0.26793280644701817,
      "val_thr_std": 0.05217487594466068
    }
  ],
  "task_id": 199,
  "thr_grid_size": 600
}