{
  "feature_set": "c110_errors",
  "model": "rf",
  "n_bootstrap": 50,
  "param_hash": "300eb462f60e",
  "param_index": 9,
  "params": {
    "bootstrap": true,
    "class_weight": null,
    "max_depth": null,
    "max_features": "sqrt",
    "min_samples_leaf": 2,
    "min_samples_split": 4,
    "n_estimators": 4000
  },
  "runtime_s": 981.6166684627533,
  "summary_preview": [
    {
      "criterion": "f1",
      "feature_set": "c110_errors",
      "model": "rf",
      "param_hash": "300eb462f60e",
      "param_index": 9,
      "test_Brier_mean": 0.06193547004335155,
      "test_Brier_std": 0.00193904189938212,
      "test_LogLoss_mean": 0.22007484151092307,
      "test_LogLoss_std": 0.005748643428786263,
      "test_PR_AUC_mean": 0.891312483592857,
      "test_PR_AUC_std": 0.010386750406544146,
      "test_Precision_mean": 0.8886435279537745,
      "test_Precision_std": 0.023093222706481533,
      "test_ROC_AUC_mean": 0.9594662171653322,
      "test_ROC_AUC_std": 0.005490383017982774,
      "test_Sensitivity_mean": 0.7135714285714201,
      "test_Sensitivity_std": 0.036109731673763176,
      "test_Specificity_mean": 0.9775221238938023,
      "test_Specificity_std": 0.006132601342834588,
      "val_Precision_mean": 0.8763828670740029,
      "val_Precision_std": 0.034087607679432065,
      "val_Sensitivity_mean": 0.7057142857142773,
      "val_Sensitivity_std": 0.02204858349747168,
      "val_Specificity_mean": 0.9748672566371651,
      "val_Specificity_std": 0.008454236913931953,
      "val_score_mean": 0.7810460079967195,
      "val_score_std": 0.01040063657337036,
      "val_thr_mean": 0.4422438669554801,
      "val_thr_std": 0.0350769652963048
    },
    {
      "criterion": "youden",
      "feature_set": "c110_errors",
      "model": "rf",
      "param_hash": "300eb462f60e",
      "param_index": 9,
      "test_Brier_mean": 0.06193547004335155,
      "test_Brier_std": 0.00193904189938212,
      "test_LogLoss_mean": 0.22007484151092307,
      "test_LogLoss_std": 0.005748643428786263,
      "test_PR_AUC_mean": 0.891312483592857,
      "test_PR_AUC_std": 0.010386750406544146,
      "test_Precision_mean": 0.8005667406508971,
      "test_Precision_std": 0.07290335133780036,
      "test_ROC_AUC_mean": 0.9594662171653322,
      "test_ROC_AUC_std": 0.005490383017982774,
      "test_Sensitivity_mean": 0.8323809523809425,
      "test_Sensitivity_std": 0.0601685201863642,
      "test_Specificity_mean": 0.9448377581120916,
      "test_Specificity_std": 0.030512056602141933,
      "val_Precision_mean": 0.7335448221258235,
      "val_Precision_std": 0.0809100791318694,
      "val_Sensitivity_mean": 0.7738095238095147,
      "val_Sensitivity_std": 0.037722913287106426,
      "val_Specificity_mean": 0.9258407079645989,
      "val_Specificity_std": 0.033717919934245916,
      "val_score_mean": 0.6996502317741137,
      "val_score_std": 0.013959735449121607,
      "val_thr_mean": 0.3162312209716874,
      "val_thr_std": 0.06282561112760653
    }
  ],
  "task_id": 201,
  "thr_grid_size": 600
}