{
  "feature_set": "c110_d110_errors",
  "model": "brf",
  "n_bootstrap": 50,
  "param_hash": "4fb00555df7e",
  "param_index": 2,
  "params": {
    "max_depth": 20,
    "max_features": "0.2",
    "min_samples_leaf": 1,
    "min_samples_split": 4,
    "n_estimators": 1500,
    "replacement": true,
    "sampling_strategy": "auto"
  },
  "runtime_s": 681.7964644432068,
  "summary_preview": [
    {
      "criterion": "f1",
      "feature_set": "c110_d110_errors",
      "model": "brf",
      "param_hash": "4fb00555df7e",
      "param_index": 2,
      "test_Brier_mean": 0.06551752590992044,
      "test_Brier_std": 0.002850451939642041,
      "test_LogLoss_mean": 0.243849273277007,
      "test_LogLoss_std": 0.008022491129621336,
      "test_PR_AUC_mean": 0.9053257617732364,
      "test_PR_AUC_std": 0.005995092623712282,
      "test_Precision_mean": 0.8958592088208007,
      "test_Precision_std": 0.02500146541592225,
      "test_ROC_AUC_mean": 0.9632381654726788,
      "test_ROC_AUC_std": 0.002826312284293038,
      "test_Sensitivity_mean": 0.8007142857142762,
      "test_Sensitivity_std": 0.03198092963382074,
      "test_Specificity_mean": 0.9766371681415901,
      "test_Specificity_std": 0.007072619072029393,
      "val_Precision_mean": 0.9019047927753359,
      "val_Precision_std": 0.02828061392188985,
      "val_Sensitivity_mean": 0.7583333333333243,
      "val_Sensitivity_std": 0.021545679352584633,
      "val_Specificity_mean": 0.9792330383480796,
      "val_Specificity_std": 0.007125650699653835,
      "val_score_mean": 0.8233051923623661,
      "val_score_std": 0.01033761110211732,
      "val_thr_mean": 0.6451144454612546,
      "val_thr_std": 0.04898313847026159
    },
    {
      "criterion": "youden",
      "feature_set": "c110_d110_errors",
      "model": "brf",
      "param_hash": "4fb00555df7e",
      "param_index": 2,
      "test_Brier_mean": 0.06551752590992044,
      "test_Brier_std": 0.002850451939642041,
      "test_LogLoss_mean": 0.243849273277007,
      "test_LogLoss_std": 0.008022491129621336,
      "test_PR_AUC_mean": 0.9053257617732364,
      "test_PR_AUC_std": 0.005995092623712282,
      "test_Precision_mean": 0.8341409063796007,
      "test_Precision_std": 0.044438976384941715,
      "test_ROC_AUC_mean": 0.9632381654726788,
      "test_ROC_AUC_std": 0.002826312284293038,
      "test_Sensitivity_mean": 0.8559523809523708,
      "test_Sensitivity_std": 0.0328235698394873,
      "test_Specificity_mean": 0.956755162241885,
      "test_Specificity_std": 0.014882428166344627,
      "val_Precision_mean": 0.823293684097638,
      "val_Precision_std": 0.05349641360849831,
      "val_Sensitivity_mean": 0.793571428571419,
      "val_Sensitivity_std": 0.016595363231929006,
      "val_Specificity_mean": 0.956519174041295,
      "val_Specificity_std": 0.016652902640970895,
      "val_score_mean": 0.7500906026127141,
      "val_score_std": 0.009120611603915968,
      "val_thr_mean": 0.5376061489055884,
      "val_thr_std": 0.05623479584700257
    }
  ],
  "task_id": 338,
  "thr_grid_size": 600
}