{
  "feature_set": "c110_d110_errors_snr",
  "model": "brf",
  "n_bootstrap": 50,
  "param_hash": "fc874b711781",
  "param_index": 11,
  "params": {
    "max_depth": 10,
    "max_features": "0.2",
    "min_samples_leaf": 2,
    "min_samples_split": 2,
    "n_estimators": 1500,
    "replacement": false,
    "sampling_strategy": "auto"
  },
  "runtime_s": 691.5358147621155,
  "summary_preview": [
    {
      "criterion": "f1",
      "feature_set": "c110_d110_errors_snr",
      "model": "brf",
      "param_hash": "fc874b711781",
      "param_index": 11,
      "test_Brier_mean": 0.05912753414995974,
      "test_Brier_std": 0.0024991000021891575,
      "test_LogLoss_mean": 0.22937385414738973,
      "test_LogLoss_std": 0.00877513453652882,
      "test_PR_AUC_mean": 0.8965554034938134,
      "test_PR_AUC_std": 0.007545732083443489,
      "test_Precision_mean": 0.8831850980768897,
      "test_Precision_std": 0.027909119142904507,
      "test_ROC_AUC_mean": 0.9617067003792666,
      "test_ROC_AUC_std": 0.003559517644944879,
      "test_Sensitivity_mean": 0.8111904761904666,
      "test_Sensitivity_std": 0.019688266562898297,
      "test_Specificity_mean": 0.9730973451327404,
      "test_Specificity_std": 0.007965382115944804,
      "val_Precision_mean": 0.8897614986076609,
      "val_Precision_std": 0.029935163993537902,
      "val_Sensitivity_mean": 0.7654761904761814,
      "val_Sensitivity_std": 0.0181980736046194,
      "val_Specificity_mean": 0.97616519174041,
      "val_Specificity_std": 0.007789544110837595,
      "val_score_mean": 0.8224373706041956,
      "val_score_std": 0.011865699508359624,
      "val_thr_mean": 0.5889121087315378,
      "val_thr_std": 0.04671369873506788
    },
    {
      "criterion": "youden",
      "feature_set": "c110_d110_errors_snr",
      "model": "brf",
      "param_hash": "fc874b711781",
      "param_index": 11,
      "test_Brier_mean": 0.05912753414995974,
      "test_Brier_std": 0.0024991000021891575,
      "test_LogLoss_mean": 0.22937385414738973,
      "test_LogLoss_std": 0.00877513453652882,
      "test_PR_AUC_mean": 0.8965554034938134,
      "test_PR_AUC_std": 0.007545732083443489,
      "test_Precision_mean": 0.8242321537676761,
      "test_Precision_std": 0.055183964026149036,
      "test_ROC_AUC_mean": 0.9617067003792666,
      "test_ROC_AUC_std": 0.003559517644944879,
      "test_Sensitivity_mean": 0.8538095238095137,
      "test_Sensitivity_std": 0.028257917123215452,
      "test_Specificity_mean": 0.9532743362831829,
      "test_Specificity_std": 0.019064765971308788,
      "val_Precision_mean": 0.8220752519507437,
      "val_Precision_std": 0.059907031854598995,
      "val_Sensitivity_mean": 0.7971428571428477,
      "val_Sensitivity_std": 0.019384771222822936,
      "val_Specificity_mean": 0.9555752212389352,
      "val_Specificity_std": 0.019278276295830978,
      "val_score_mean": 0.752718078381783,
      "val_score_std": 0.00823633387513359,
      "val_thr_mean": 0.4858087014492681,
      "val_thr_std": 0.07687877548581562
    }
  ],
  "task_id": 635,
  "thr_grid_size": 600
}