{
  "feature_set": "c110_d110_errors_snr",
  "model": "rf",
  "n_bootstrap": 50,
  "param_hash": "93530ef68b1b",
  "param_index": 14,
  "params": {
    "bootstrap": true,
    "class_weight": "balanced",
    "max_depth": null,
    "max_features": "0.2",
    "min_samples_leaf": 2,
    "min_samples_split": 2,
    "n_estimators": 1500
  },
  "runtime_s": 1296.9992303848267,
  "summary_preview": [
    {
      "criterion": "f1",
      "feature_set": "c110_d110_errors_snr",
      "model": "rf",
      "param_hash": "93530ef68b1b",
      "param_index": 14,
      "test_Brier_mean": 0.05046027062630451,
      "test_Brier_std": 0.0022678395870246084,
      "test_LogLoss_mean": 0.19003571167648445,
      "test_LogLoss_std": 0.00675581831227073,
      "test_PR_AUC_mean": 0.8968150957683669,
      "test_PR_AUC_std": 0.007648521363912445,
      "test_Precision_mean": 0.8902686485311969,
      "test_Precision_std": 0.0225527820906617,
      "test_ROC_AUC_mean": 0.9608038348082596,
      "test_ROC_AUC_std": 0.0030953999195634926,
      "test_Sensitivity_mean": 0.8102380952380857,
      "test_Sensitivity_std": 0.02274210808239767,
      "test_Specificity_mean": 0.9750442477876077,
      "test_Specificity_std": 0.006170706745136176,
      "val_Precision_mean": 0.9013905683626317,
      "val_Precision_std": 0.02704915669480978,
      "val_Sensitivity_mean": 0.7704761904761813,
      "val_Sensitivity_std": 0.014438765494415551,
      "val_Specificity_mean": 0.9788790560471946,
      "val_Specificity_std": 0.006778245010664341,
      "val_score_mean": 0.8304706201460794,
      "val_score_std": 0.011995734210437776,
      "val_thr_mean": 0.4102740496383655,
      "val_thr_std": 0.04324858419074132
    },
    {
      "criterion": "youden",
      "feature_set": "c110_d110_errors_snr",
      "model": "rf",
      "param_hash": "93530ef68b1b",
      "param_index": 14,
      "test_Brier_mean": 0.05046027062630451,
      "test_Brier_std": 0.0022678395870246084,
      "test_LogLoss_mean": 0.19003571167648445,
      "test_LogLoss_std": 0.00675581831227073,
      "test_PR_AUC_mean": 0.8968150957683669,
      "test_PR_AUC_std": 0.007648521363912445,
      "test_Precision_mean": 0.8087768926073596,
      "test_Precision_std": 0.06808731970825266,
      "test_ROC_AUC_mean": 0.9608038348082596,
      "test_ROC_AUC_std": 0.0030953999195634926,
      "test_Sensitivity_mean": 0.8664285714285611,
      "test_Sensitivity_std": 0.04005020797304108,
      "test_Specificity_mean": 0.9463716814159264,
      "test_Specificity_std": 0.026179481011847642,
      "val_Precision_mean": 0.8109638716043814,
      "val_Precision_std": 0.07667597703514141,
      "val_Sensitivity_mean": 0.8107142857142762,
      "val_Sensitivity_std": 0.029284311832861187,
      "val_Specificity_mean": 0.9500294985250709,
      "val_Specificity_std": 0.027487982001261825,
      "val_score_mean": 0.7607437842393471,
      "val_score_std": 0.008561697528182219,
      "val_thr_mean": 0.28519113754957803,
      "val_thr_std": 0.08066072308606635
    }
  ],
  "task_id": 590,
  "thr_grid_size": 600
}