{
  "feature_set": "c110_d110_errors",
  "model": "rf",
  "n_bootstrap": 50,
  "param_hash": "8d6e87e8f14c",
  "param_index": 17,
  "params": {
    "bootstrap": true,
    "class_weight": "balanced",
    "max_depth": 10,
    "max_features": "0.2",
    "min_samples_leaf": 2,
    "min_samples_split": 4,
    "n_estimators": 1500
  },
  "runtime_s": 983.6372575759888,
  "summary_preview": [
    {
      "criterion": "f1",
      "feature_set": "c110_d110_errors",
      "model": "rf",
      "param_hash": "8d6e87e8f14c",
      "param_index": 17,
      "test_Brier_mean": 0.0494108811120385,
      "test_Brier_std": 0.001882570890082132,
      "test_LogLoss_mean": 0.18710680313510822,
      "test_LogLoss_std": 0.005034077124188913,
      "test_PR_AUC_mean": 0.9062895206548324,
      "test_PR_AUC_std": 0.006288528878906267,
      "test_Precision_mean": 0.8953115758500584,
      "test_Precision_std": 0.020626012902161414,
      "test_ROC_AUC_mean": 0.9626471414524512,
      "test_ROC_AUC_std": 0.0028883325815555584,
      "test_Sensitivity_mean": 0.8057142857142762,
      "test_Sensitivity_std": 0.025841387637037232,
      "test_Specificity_mean": 0.9764601769911475,
      "test_Specificity_std": 0.005669144851408851,
      "val_Precision_mean": 0.9051063064964658,
      "val_Precision_std": 0.02461629378643838,
      "val_Sensitivity_mean": 0.7657142857142766,
      "val_Sensitivity_std": 0.01656570838351805,
      "val_Specificity_mean": 0.9798820058997021,
      "val_Specificity_std": 0.005980127314524071,
      "val_score_mean": 0.8292049325746258,
      "val_score_std": 0.00922718373220104,
      "val_thr_mean": 0.4247723269019653,
      "val_thr_std": 0.04897332250952902
    },
    {
      "criterion": "youden",
      "feature_set": "c110_d110_errors",
      "model": "rf",
      "param_hash": "8d6e87e8f14c",
      "param_index": 17,
      "test_Brier_mean": 0.0494108811120385,
      "test_Brier_std": 0.001882570890082132,
      "test_LogLoss_mean": 0.18710680313510822,
      "test_LogLoss_std": 0.005034077124188913,
      "test_PR_AUC_mean": 0.9062895206548324,
      "test_PR_AUC_std": 0.006288528878906267,
      "test_Precision_mean": 0.836426616617506,
      "test_Precision_std": 0.05265296121494342,
      "test_ROC_AUC_mean": 0.9626471414524512,
      "test_ROC_AUC_std": 0.0028883325815555584,
      "test_Sensitivity_mean": 0.8559523809523708,
      "test_Sensitivity_std": 0.04390588654226338,
      "test_Specificity_mean": 0.9568141592920325,
      "test_Specificity_std": 0.018308300954901872,
      "val_Precision_mean": 0.8329022636381596,
      "val_Precision_std": 0.05894409532515159,
      "val_Sensitivity_mean": 0.7983333333333239,
      "val_Sensitivity_std": 0.02248631198039592,
      "val_Specificity_mean": 0.9587020648967522,
      "val_Specificity_std": 0.018291221588040963,
      "val_score_mean": 0.7570353982300762,
      "val_score_std": 0.008812270251998199,
      "val_thr_mean": 0.32320507889598704,
      "val_thr_std": 0.07369641378359218
    }
  ],
  "task_id": 305,
  "thr_grid_size": 600
}