{
  "feature_set": "c110_d110_errors_snr",
  "model": "brf",
  "n_bootstrap": 50,
  "param_hash": "492e7573718e",
  "param_index": 15,
  "params": {
    "max_depth": null,
    "max_features": "0.2",
    "min_samples_leaf": 2,
    "min_samples_split": 2,
    "n_estimators": 4000,
    "replacement": false,
    "sampling_strategy": "auto"
  },
  "runtime_s": 2005.4290509223938,
  "summary_preview": [
    {
      "criterion": "f1",
      "feature_set": "c110_d110_errors_snr",
      "model": "brf",
      "param_hash": "492e7573718e",
      "param_index": 15,
      "test_Brier_mean": 0.06090269271940255,
      "test_Brier_std": 0.002466420552914842,
      "test_LogLoss_mean": 0.2332805774268249,
      "test_LogLoss_std": 0.007488848350972623,
      "test_PR_AUC_mean": 0.8955614203127447,
      "test_PR_AUC_std": 0.006403891329245133,
      "test_Precision_mean": 0.8895745601659043,
      "test_Precision_std": 0.022144347300986845,
      "test_ROC_AUC_mean": 0.9609639696586599,
      "test_ROC_AUC_std": 0.0030597660808910536,
      "test_Sensitivity_mean": 0.8078571428571333,
      "test_Sensitivity_std": 0.023319793378169244,
      "test_Specificity_mean": 0.9749262536873127,
      "test_Specificity_std": 0.00614301716692508,
      "val_Precision_mean": 0.8991430028874169,
      "val_Precision_std": 0.028476932016174596,
      "val_Sensitivity_mean": 0.7628571428571338,
      "val_Sensitivity_std": 0.021890602598236587,
      "val_Specificity_mean": 0.9784660766961621,
      "val_Specificity_std": 0.0072807216785381245,
      "val_score_mean": 0.8248116877455992,
      "val_score_std": 0.011153983441221026,
      "val_thr_mean": 0.6045620287184992,
      "val_thr_std": 0.047963429964693716
    },
    {
      "criterion": "youden",
      "feature_set": "c110_d110_errors_snr",
      "model": "brf",
      "param_hash": "492e7573718e",
      "param_index": 15,
      "test_Brier_mean": 0.06090269271940255,
      "test_Brier_std": 0.002466420552914842,
      "test_LogLoss_mean": 0.2332805774268249,
      "test_LogLoss_std": 0.007488848350972623,
      "test_PR_AUC_mean": 0.8955614203127447,
      "test_PR_AUC_std": 0.006403891329245133,
      "test_Precision_mean": 0.8156665861737443,
      "test_Precision_std": 0.053548646697339386,
      "test_ROC_AUC_mean": 0.9609639696586599,
      "test_ROC_AUC_std": 0.0030597660808910536,
      "test_Sensitivity_mean": 0.8559523809523708,
      "test_Sensitivity_std": 0.032379987694999224,
      "test_Specificity_mean": 0.9503834808259559,
      "test_Specificity_std": 0.020021868203919692,
      "val_Precision_mean": 0.8152392029590562,
      "val_Precision_std": 0.060911453406020805,
      "val_Sensitivity_mean": 0.7995238095238001,
      "val_Sensitivity_std": 0.018685825435129512,
      "val_Specificity_mean": 0.9533333333333305,
      "val_Specificity_std": 0.02037356004557536,
      "val_score_mean": 0.7528571428571306,
      "val_score_std": 0.009558558674319829,
      "val_thr_mean": 0.488279195285794,
      "val_thr_std": 0.0722209641944258
    }
  ],
  "task_id": 639,
  "thr_grid_size": 600
}