{
  "feature_set": "c110_d110_errors_snr",
  "model": "rf",
  "n_bootstrap": 50,
  "param_hash": "3bf84fe8cddf",
  "param_index": 13,
  "params": {
    "bootstrap": true,
    "class_weight": "balanced",
    "max_depth": 20,
    "max_features": "0.2",
    "min_samples_leaf": 4,
    "min_samples_split": 2,
    "n_estimators": 2500
  },
  "runtime_s": 1979.2621223926544,
  "summary_preview": [
    {
      "criterion": "f1",
      "feature_set": "c110_d110_errors_snr",
      "model": "rf",
      "param_hash": "3bf84fe8cddf",
      "param_index": 13,
      "test_Brier_mean": 0.049914521384580766,
      "test_Brier_std": 0.001625234546020386,
      "test_LogLoss_mean": 0.19089539731581553,
      "test_LogLoss_std": 0.004637771490737052,
      "test_PR_AUC_mean": 0.9001584510520417,
      "test_PR_AUC_std": 0.005617993001920463,
      "test_Precision_mean": 0.8996049669283903,
      "test_Precision_std": 0.013616910462403008,
      "test_ROC_AUC_mean": 0.9618359320129231,
      "test_ROC_AUC_std": 0.0028852022590237793,
      "test_Sensitivity_mean": 0.8097619047618951,
      "test_Sensitivity_std": 0.021711500085587924,
      "test_Specificity_mean": 0.9775221238938023,
      "test_Specificity_std": 0.003716517919991477,
      "val_Precision_mean": 0.9080886265078972,
      "val_Precision_std": 0.018908251600518657,
      "val_Sensitivity_mean": 0.7642857142857052,
      "val_Sensitivity_std": 0.01613406969473642,
      "val_Specificity_mean": 0.9807079646017669,
      "val_Specificity_std": 0.004624359332028284,
      "val_score_mean": 0.8297592598199911,
      "val_score_std": 0.010099745818958901,
      "val_thr_mean": 0.4603449885099347,
      "val_thr_std": 0.04643636812215303
    },
    {
      "criterion": "youden",
      "feature_set": "c110_d110_errors_snr",
      "model": "rf",
      "param_hash": "3bf84fe8cddf",
      "param_index": 13,
      "test_Brier_mean": 0.049914521384580766,
      "test_Brier_std": 0.001625234546020386,
      "test_LogLoss_mean": 0.19089539731581553,
      "test_LogLoss_std": 0.004637771490737052,
      "test_PR_AUC_mean": 0.9001584510520417,
      "test_PR_AUC_std": 0.005617993001920463,
      "test_Precision_mean": 0.8183300930643008,
      "test_Precision_std": 0.05838397388410831,
      "test_ROC_AUC_mean": 0.9618359320129231,
      "test_ROC_AUC_std": 0.0028852022590237793,
      "test_Sensitivity_mean": 0.8676190476190374,
      "test_Sensitivity_std": 0.03620811804672407,
      "test_Specificity_mean": 0.9502654867256608,
      "test_Specificity_std": 0.02101137969289133,
      "val_Precision_mean": 0.814407047187922,
      "val_Precision_std": 0.06011671168144392,
      "val_Sensitivity_mean": 0.802619047619038,
      "val_Sensitivity_std": 0.021791282936807863,
      "val_Specificity_mean": 0.952920353982298,
      "val_Specificity_std": 0.019648257485183524,
      "val_score_mean": 0.755539401601336,
      "val_score_std": 0.009021981978363323,
      "val_thr_mean": 0.32463212627652,
      "val_thr_std": 0.07209252511841435
    }
  ],
  "task_id": 589,
  "thr_grid_size": 600
}