{
  "feature_set": "c110_snr",
  "model": "brf",
  "n_bootstrap": 50,
  "param_hash": "90b0556e3e1a",
  "param_index": 17,
  "params": {
    "max_depth": 30,
    "max_features": "sqrt",
    "min_samples_leaf": 1,
    "min_samples_split": 2,
    "n_estimators": 800,
    "replacement": true,
    "sampling_strategy": "auto"
  },
  "runtime_s": 273.5606961250305,
  "summary_preview": [
    {
      "criterion": "f1",
      "feature_set": "c110_snr",
      "model": "brf",
      "param_hash": "90b0556e3e1a",
      "param_index": 17,
      "test_Brier_mean": 0.08033739073581561,
      "test_Brier_std": 0.0035690894507863966,
      "test_LogLoss_mean": 0.29353399997273505,
      "test_LogLoss_std": 0.009401414842894487,
      "test_PR_AUC_mean": 0.8758803479141234,
      "test_PR_AUC_std": 0.014311889483777573,
      "test_Precision_mean": 0.8383324345312702,
      "test_Precision_std": 0.034245913384093975,
      "test_ROC_AUC_mean": 0.9551285292878213,
      "test_ROC_AUC_std": 0.0073291784917147145,
      "test_Sensitivity_mean": 0.7838095238095145,
      "test_Sensitivity_std": 0.0480640047147088,
      "test_Specificity_mean": 0.9617109144542744,
      "test_Specificity_std": 0.011821813659689592,
      "val_Precision_mean": 0.8300932528484259,
      "val_Precision_std": 0.041224272073428096,
      "val_Sensitivity_mean": 0.76404761904761,
      "val_Sensitivity_std": 0.037235966375411086,
      "val_Specificity_mean": 0.9602359882005871,
      "val_Specificity_std": 0.012868325113521985,
      "val_score_mean": 0.7939440322165775,
      "val_score_std": 0.00960645236186286,
      "val_thr_mean": 0.5220353923205343,
      "val_thr_std": 0.04978228354220194
    },
    {
      "criterion": "youden",
      "feature_set": "c110_snr",
      "model": "brf",
      "param_hash": "90b0556e3e1a",
      "param_index": 17,
      "test_Brier_mean": 0.08033739073581561,
      "test_Brier_std": 0.0035690894507863966,
      "test_LogLoss_mean": 0.29353399997273505,
      "test_LogLoss_std": 0.009401414842894487,
      "test_PR_AUC_mean": 0.8758803479141234,
      "test_PR_AUC_std": 0.014311889483777573,
      "test_Precision_mean": 0.7622698780896517,
      "test_Precision_std": 0.0502605768576575,
      "test_ROC_AUC_mean": 0.9551285292878213,
      "test_ROC_AUC_std": 0.0073291784917147145,
      "test_Sensitivity_mean": 0.8557142857142757,
      "test_Sensitivity_std": 0.03465717679996136,
      "test_Specificity_mean": 0.9322713864306756,
      "test_Specificity_std": 0.020618500533059834,
      "val_Precision_mean": 0.7415610100849037,
      "val_Precision_std": 0.04527888247446728,
      "val_Sensitivity_mean": 0.8161904761904666,
      "val_Sensitivity_std": 0.02193284210224943,
      "val_Specificity_mean": 0.9282595870206461,
      "val_Specificity_std": 0.017952553066760045,
      "val_score_mean": 0.7444500632111126,
      "val_score_std": 0.017935378928547054,
      "val_thr_mean": 0.4461787562604341,
      "val_thr_std": 0.028717551706654965
    }
  ],
  "task_id": 449,
  "thr_grid_size": 600
}