{
  "feature_set": "c110_d110_snr",
  "model": "rf",
  "n_bootstrap": 50,
  "param_hash": "3bf84fe8cddf",
  "param_index": 13,
  "params": {
    "bootstrap": true,
    "class_weight": "balanced",
    "max_depth": 20,
    "max_features": "0.2",
    "min_samples_leaf": 4,
    "min_samples_split": 2,
    "n_estimators": 2500
  },
  "runtime_s": 1734.7932658195496,
  "summary_preview": [
    {
      "criterion": "f1",
      "feature_set": "c110_d110_snr",
      "model": "rf",
      "param_hash": "3bf84fe8cddf",
      "param_index": 13,
      "test_Brier_mean": 0.050394013983775965,
      "test_Brier_std": 0.0018861437501537226,
      "test_LogLoss_mean": 0.19207983685061847,
      "test_LogLoss_std": 0.00593292957209907,
      "test_PR_AUC_mean": 0.8980006208116543,
      "test_PR_AUC_std": 0.005817272802575525,
      "test_Precision_mean": 0.8942793445374284,
      "test_Precision_std": 0.0201665044382207,
      "test_ROC_AUC_mean": 0.9599733108582665,
      "test_ROC_AUC_std": 0.0031166210331269872,
      "test_Sensitivity_mean": 0.8090476190476095,
      "test_Sensitivity_std": 0.01908402740014341,
      "test_Specificity_mean": 0.97616519174041,
      "test_Specificity_std": 0.005224093457163675,
      "val_Precision_mean": 0.9071785354289312,
      "val_Precision_std": 0.022552115380247924,
      "val_Sensitivity_mean": 0.7654761904761814,
      "val_Sensitivity_std": 0.015817240848416698,
      "val_Specificity_mean": 0.9804129793510294,
      "val_Specificity_std": 0.0054867191904794934,
      "val_score_mean": 0.8300112777679497,
      "val_score_std": 0.009751131843031193,
      "val_thr_mean": 0.45768566384788556,
      "val_thr_std": 0.04007293089270875
    },
    {
      "criterion": "youden",
      "feature_set": "c110_d110_snr",
      "model": "rf",
      "param_hash": "3bf84fe8cddf",
      "param_index": 13,
      "test_Brier_mean": 0.050394013983775965,
      "test_Brier_std": 0.0018861437501537226,
      "test_LogLoss_mean": 0.19207983685061847,
      "test_LogLoss_std": 0.00593292957209907,
      "test_PR_AUC_mean": 0.8980006208116543,
      "test_PR_AUC_std": 0.005817272802575525,
      "test_Precision_mean": 0.8185211183828409,
      "test_Precision_std": 0.06823004133861073,
      "test_ROC_AUC_mean": 0.9599733108582665,
      "test_ROC_AUC_std": 0.0031166210331269872,
      "test_Sensitivity_mean": 0.8580952380952279,
      "test_Sensitivity_std": 0.03408495917069277,
      "test_Specificity_mean": 0.9502654867256608,
      "test_Specificity_std": 0.024773672115467497,
      "val_Precision_mean": 0.8284868821745563,
      "val_Precision_std": 0.06838387515255132,
      "val_Sensitivity_mean": 0.800476190476181,
      "val_Sensitivity_std": 0.02351125123644253,
      "val_Specificity_mean": 0.956755162241885,
      "val_Specificity_std": 0.021706454536379538,
      "val_score_mean": 0.757231352718066,
      "val_score_std": 0.008319702059137388,
      "val_thr_mean": 0.33744394512325987,
      "val_thr_std": 0.08493020969989615
    }
  ],
  "task_id": 493,
  "thr_grid_size": 600
}