{
  "feature_set": "c110_snr",
  "model": "rf",
  "n_bootstrap": 50,
  "param_hash": "82dc24b396d2",
  "param_index": 3,
  "params": {
    "bootstrap": true,
    "class_weight": null,
    "max_depth": 10,
    "max_features": "0.3",
    "min_samples_leaf": 4,
    "min_samples_split": 4,
    "n_estimators": 800
  },
  "runtime_s": 520.4130737781525,
  "summary_preview": [
    {
      "criterion": "f1",
      "feature_set": "c110_snr",
      "model": "rf",
      "param_hash": "82dc24b396d2",
      "param_index": 3,
      "test_Brier_mean": 0.055996947909248716,
      "test_Brier_std": 0.0023416341986418074,
      "test_LogLoss_mean": 0.2014140896749292,
      "test_LogLoss_std": 0.006780694821775713,
      "test_PR_AUC_mean": 0.8871565786760585,
      "test_PR_AUC_std": 0.011052682324524122,
      "test_Precision_mean": 0.8961464849273331,
      "test_Precision_std": 0.031630889658830375,
      "test_ROC_AUC_mean": 0.9563309453574941,
      "test_ROC_AUC_std": 0.004547955552634925,
      "test_Sensitivity_mean": 0.7390476190476103,
      "test_Sensitivity_std": 0.056396978522346534,
      "test_Specificity_mean": 0.9781120943952772,
      "test_Specificity_std": 0.009329965880076587,
      "val_Precision_mean": 0.9080629201941677,
      "val_Precision_std": 0.056186633984249584,
      "val_Sensitivity_mean": 0.7190476190476106,
      "val_Sensitivity_std": 0.040029259509998916,
      "val_Specificity_mean": 0.980589970501472,
      "val_Specificity_std": 0.014229478085548463,
      "val_score_mean": 0.8000699057651545,
      "val_score_std": 0.013182025344974783,
      "val_thr_mean": 0.44821522489793203,
      "val_thr_std": 0.0975689777714466
    },
    {
      "criterion": "youden",
      "feature_set": "c110_snr",
      "model": "rf",
      "param_hash": "82dc24b396d2",
      "param_index": 3,
      "test_Brier_mean": 0.055996947909248716,
      "test_Brier_std": 0.0023416341986418074,
      "test_LogLoss_mean": 0.2014140896749292,
      "test_LogLoss_std": 0.006780694821775713,
      "test_PR_AUC_mean": 0.8871565786760585,
      "test_PR_AUC_std": 0.011052682324524122,
      "test_Precision_mean": 0.7888162187497733,
      "test_Precision_std": 0.05803553598939159,
      "test_ROC_AUC_mean": 0.9563309453574941,
      "test_ROC_AUC_std": 0.004547955552634925,
      "test_Sensitivity_mean": 0.8433333333333234,
      "test_Sensitivity_std": 0.04351615126998445,
      "test_Specificity_mean": 0.9418879056047169,
      "test_Specificity_std": 0.022897982278798322,
      "val_Precision_mean": 0.750287192864436,
      "val_Precision_std": 0.0656559207200684,
      "val_Sensitivity_mean": 0.8014285714285618,
      "val_Sensitivity_std": 0.030559289041110133,
      "val_Specificity_mean": 0.9311504424778733,
      "val_Specificity_std": 0.0264085695132619,
      "val_score_mean": 0.7325790139064352,
      "val_score_std": 0.0180588886313801,
      "val_thr_mean": 0.2491540871864351,
      "val_thr_std": 0.059262196711401566
    }
  ],
  "task_id": 387,
  "thr_grid_size": 600
}