{
  "feature_set": "c110",
  "model": "bbag",
  "n_bootstrap": 50,
  "param_hash": "2722f92a279a",
  "param_index": 19,
  "params": {
    "base_max_depth": 10,
    "base_max_features": "0.5",
    "base_min_samples_leaf": 1,
    "base_min_samples_split": 4,
    "bootstrap": true,
    "max_features": 0.9,
    "max_samples": 0.9,
    "n_estimators": 1200,
    "replacement": false,
    "sampling_strategy": "auto"
  },
  "runtime_s": 107.30988121032715,
  "summary_preview": [
    {
      "criterion": "f1",
      "feature_set": "c110",
      "model": "bbag",
      "param_hash": "2722f92a279a",
      "param_index": 19,
      "test_Brier_mean": 0.06181905581917917,
      "test_Brier_std": 0.0021734333726287935,
      "test_LogLoss_mean": 0.23904212573443956,
      "test_LogLoss_std": 0.006849001456449902,
      "test_PR_AUC_mean": 0.9035016307475878,
      "test_PR_AUC_std": 0.005573280120823039,
      "test_Precision_mean": 0.874121241293286,
      "test_Precision_std": 0.023052089350635206,
      "test_ROC_AUC_mean": 0.9638010956595028,
      "test_ROC_AUC_std": 0.0031719468611531125,
      "test_Sensitivity_mean": 0.8016666666666572,
      "test_Sensitivity_std": 0.0353160498802959,
      "test_Specificity_mean": 0.9710324483775782,
      "test_Specificity_std": 0.0072670498666623316,
      "val_Precision_mean": 0.8706640787416842,
      "val_Precision_std": 0.03160907271730055,
      "val_Sensitivity_mean": 0.7735714285714194,
      "val_Sensitivity_std": 0.023747489643761707,
      "val_Specificity_mean": 0.9710324483775782,
      "val_Specificity_std": 0.008893395723360956,
      "val_score_mean": 0.8184194396224649,
      "val_score_std": 0.007424838543803831,
      "val_thr_mean": 0.5298575772804044,
      "val_thr_std": 0.058033451786097666
    },
    {
      "criterion": "youden",
      "feature_set": "c110",
      "model": "bbag",
      "param_hash": "2722f92a279a",
      "param_index": 19,
      "test_Brier_mean": 0.06181905581917917,
      "test_Brier_std": 0.0021734333726287935,
      "test_LogLoss_mean": 0.23904212573443956,
      "test_LogLoss_std": 0.006849001456449902,
      "test_PR_AUC_mean": 0.9035016307475878,
      "test_PR_AUC_std": 0.005573280120823039,
      "test_Precision_mean": 0.8228852365241142,
      "test_Precision_std": 0.03161227663525634,
      "test_ROC_AUC_mean": 0.9638010956595028,
      "test_ROC_AUC_std": 0.0031719468611531125,
      "test_Sensitivity_mean": 0.8576190476190375,
      "test_Sensitivity_std": 0.0224283558120195,
      "test_Specificity_mean": 0.9537463126843629,
      "test_Specificity_std": 0.010816964994275199,
      "val_Precision_mean": 0.808962145423742,
      "val_Precision_std": 0.03301723440149369,
      "val_Sensitivity_mean": 0.8061904761904667,
      "val_Sensitivity_std": 0.011291287532447394,
      "val_Specificity_mean": 0.952330383480823,
      "val_Specificity_std": 0.011010919170029542,
      "val_score_mean": 0.7585208596712897,
      "val_score_std": 0.010794465945608588,
      "val_thr_mean": 0.4273056346318612,
      "val_thr_std": 0.03517038507237908
    }
  ],
  "task_id": 91,
  "thr_grid_size": 600
}