{
  "feature_set": "c110_d110",
  "model": "bbag",
  "n_bootstrap": 50,
  "param_hash": "3d57a6011f1e",
  "param_index": 5,
  "params": {
    "base_max_depth": null,
    "base_max_features": "sqrt",
    "base_min_samples_leaf": 2,
    "base_min_samples_split": 8,
    "bootstrap": true,
    "max_features": 0.7,
    "max_samples": 0.5,
    "n_estimators": 1200,
    "replacement": true,
    "sampling_strategy": "auto"
  },
  "runtime_s": 105.29241156578064,
  "summary_preview": [
    {
      "criterion": "f1",
      "feature_set": "c110_d110",
      "model": "bbag",
      "param_hash": "3d57a6011f1e",
      "param_index": 5,
      "test_Brier_mean": 0.09305903903318477,
      "test_Brier_std": 0.0028538711870698752,
      "test_LogLoss_mean": 0.3281193420918261,
      "test_LogLoss_std": 0.008246275862685379,
      "test_PR_AUC_mean": 0.8532315007681298,
      "test_PR_AUC_std": 0.007639998109323425,
      "test_Precision_mean": 0.8179848557086271,
      "test_Precision_std": 0.014658532650923034,
      "test_ROC_AUC_mean": 0.9415268998454839,
      "test_ROC_AUC_std": 0.00449271624799786,
      "test_Sensitivity_mean": 0.7071428571428489,
      "test_Sensitivity_std": 0.026456376166843303,
      "test_Specificity_mean": 0.9608849557522094,
      "test_Specificity_std": 0.004760599338498779,
      "val_Precision_mean": 0.8124428937760156,
      "val_Precision_std": 0.025264588149550314,
      "val_Sensitivity_mean": 0.709285714285706,
      "val_Sensitivity_std": 0.019254524924447458,
      "val_Specificity_mean": 0.9591150442477847,
      "val_Specificity_std": 0.007632247124099612,
      "val_score_mean": 0.7568765496399569,
      "val_score_std": 0.010475122439592035,
      "val_thr_mean": 0.564859714515374,
      "val_thr_std": 0.019951818464925792
    },
    {
      "criterion": "youden",
      "feature_set": "c110_d110",
      "model": "bbag",
      "param_hash": "3d57a6011f1e",
      "param_index": 5,
      "test_Brier_mean": 0.09305903903318477,
      "test_Brier_std": 0.0028538711870698752,
      "test_LogLoss_mean": 0.3281193420918261,
      "test_LogLoss_std": 0.008246275862685379,
      "test_PR_AUC_mean": 0.8532315007681298,
      "test_PR_AUC_std": 0.007639998109323425,
      "test_Precision_mean": 0.7194091721327146,
      "test_Precision_std": 0.042893067038484965,
      "test_ROC_AUC_mean": 0.9415268998454839,
      "test_ROC_AUC_std": 0.00449271624799786,
      "test_Sensitivity_mean": 0.8147619047618951,
      "test_Sensitivity_std": 0.038494025444339976,
      "test_Specificity_mean": 0.9197050147492598,
      "test_Specificity_std": 0.02013331394182596,
      "val_Precision_mean": 0.6911314848406402,
      "val_Precision_std": 0.036428144323148615,
      "val_Sensitivity_mean": 0.7871428571428478,
      "val_Sensitivity_std": 0.017450007263102734,
      "val_Specificity_mean": 0.9118584070796433,
      "val_Specificity_std": 0.015684513192688522,
      "val_score_mean": 0.699001264222491,
      "val_score_std": 0.010930097669636537,
      "val_thr_mean": 0.46600139609887736,
      "val_thr_std": 0.031400615450512925
    }
  ],
  "task_id": 173,
  "thr_grid_size": 600
}