{
  "feature_set": "c110_snr",
  "model": "brf",
  "n_bootstrap": 50,
  "param_hash": "e36a6e0bcff3",
  "param_index": 5,
  "params": {
    "max_depth": 30,
    "max_features": "0.3",
    "min_samples_leaf": 4,
    "min_samples_split": 8,
    "n_estimators": 2500,
    "replacement": false,
    "sampling_strategy": "auto"
  },
  "runtime_s": 1068.315099477768,
  "summary_preview": [
    {
      "criterion": "f1",
      "feature_set": "c110_snr",
      "model": "brf",
      "param_hash": "e36a6e0bcff3",
      "param_index": 5,
      "test_Brier_mean": 0.06494335295609592,
      "test_Brier_std": 0.0032840614904421903,
      "test_LogLoss_mean": 0.2439928281256537,
      "test_LogLoss_std": 0.009262210816465584,
      "test_PR_AUC_mean": 0.891567338064837,
      "test_PR_AUC_std": 0.012135065183545214,
      "test_Precision_mean": 0.8803007211956908,
      "test_Precision_std": 0.03532666117019068,
      "test_ROC_AUC_mean": 0.9577517909818795,
      "test_ROC_AUC_std": 0.005886420439931687,
      "test_Sensitivity_mean": 0.7649999999999909,
      "test_Sensitivity_std": 0.04453120147761027,
      "test_Specificity_mean": 0.9735103244837728,
      "test_Specificity_std": 0.011157196330495618,
      "val_Precision_mean": 0.9001081278148167,
      "val_Precision_std": 0.04730462946875156,
      "val_Sensitivity_mean": 0.7495238095238007,
      "val_Sensitivity_std": 0.03817714712299485,
      "val_Specificity_mean": 0.9783480825958673,
      "val_Specificity_std": 0.012650790748950246,
      "val_score_mean": 0.8159974309190078,
      "val_score_std": 0.01460269206339331,
      "val_thr_mean": 0.5983378621671042,
      "val_thr_std": 0.0781752035496467
    },
    {
      "criterion": "youden",
      "feature_set": "c110_snr",
      "model": "brf",
      "param_hash": "e36a6e0bcff3",
      "param_index": 5,
      "test_Brier_mean": 0.06494335295609592,
      "test_Brier_std": 0.0032840614904421903,
      "test_LogLoss_mean": 0.2439928281256537,
      "test_LogLoss_std": 0.009262210816465584,
      "test_PR_AUC_mean": 0.891567338064837,
      "test_PR_AUC_std": 0.012135065183545214,
      "test_Precision_mean": 0.7824236331660092,
      "test_Precision_std": 0.04580472968533247,
      "test_ROC_AUC_mean": 0.9577517909818795,
      "test_ROC_AUC_std": 0.005886420439931687,
      "test_Sensitivity_mean": 0.8547619047618946,
      "test_Sensitivity_std": 0.04102836082249888,
      "test_Specificity_mean": 0.9398820058997022,
      "test_Specificity_std": 0.016802378990762076,
      "val_Precision_mean": 0.7846159784684724,
      "val_Precision_std": 0.04577257709083069,
      "val_Sensitivity_mean": 0.8069047619047524,
      "val_Sensitivity_std": 0.02310547998086154,
      "val_Specificity_mean": 0.9440707964601741,
      "val_Specificity_std": 0.01541407027681997,
      "val_score_mean": 0.7509755583649265,
      "val_score_std": 0.018840913487018586,
      "val_thr_mean": 0.432220594164878,
      "val_thr_std": 0.05224486676646768
    }
  ],
  "task_id": 437,
  "thr_grid_size": 600
}