{
  "feature_set": "c110_d110",
  "model": "bbag",
  "n_bootstrap": 50,
  "param_hash": "4d6c70e4ab49",
  "param_index": 15,
  "params": {
    "base_max_depth": 20,
    "base_max_features": "0.5",
    "base_min_samples_leaf": 2,
    "base_min_samples_split": 2,
    "bootstrap": true,
    "max_features": 0.7,
    "max_samples": 0.5,
    "n_estimators": 500,
    "replacement": true,
    "sampling_strategy": "auto"
  },
  "runtime_s": 60.057494163513184,
  "summary_preview": [
    {
      "criterion": "f1",
      "feature_set": "c110_d110",
      "model": "bbag",
      "param_hash": "4d6c70e4ab49",
      "param_index": 15,
      "test_Brier_mean": 0.07132564756559628,
      "test_Brier_std": 0.0032452473760929716,
      "test_LogLoss_mean": 0.264872048383565,
      "test_LogLoss_std": 0.01038797903607151,
      "test_PR_AUC_mean": 0.8963152939477894,
      "test_PR_AUC_std": 0.00620906014629938,
      "test_Precision_mean": 0.8774116842980413,
      "test_Precision_std": 0.03376090315305852,
      "test_ROC_AUC_mean": 0.9605372945638433,
      "test_ROC_AUC_std": 0.003543092983651177,
      "test_Sensitivity_mean": 0.7783333333333242,
      "test_Sensitivity_std": 0.04663028370904084,
      "test_Specificity_mean": 0.972330383480823,
      "test_Specificity_std": 0.00988090514716471,
      "val_Precision_mean": 0.8724079283805822,
      "val_Precision_std": 0.0483612744228364,
      "val_Sensitivity_mean": 0.7492857142857053,
      "val_Sensitivity_std": 0.03353489662275526,
      "val_Specificity_mean": 0.9717404129793481,
      "val_Specificity_std": 0.012769273119308663,
      "val_score_mean": 0.8042880339124797,
      "val_score_std": 0.007890942874096843,
      "val_thr_mean": 0.6078577250973846,
      "val_thr_std": 0.07295017644158763
    },
    {
      "criterion": "youden",
      "feature_set": "c110_d110",
      "model": "bbag",
      "param_hash": "4d6c70e4ab49",
      "param_index": 15,
      "test_Brier_mean": 0.07132564756559628,
      "test_Brier_std": 0.0032452473760929716,
      "test_LogLoss_mean": 0.264872048383565,
      "test_LogLoss_std": 0.01038797903607151,
      "test_PR_AUC_mean": 0.8963152939477894,
      "test_PR_AUC_std": 0.00620906014629938,
      "test_Precision_mean": 0.8210419739594073,
      "test_Precision_std": 0.02871386656475155,
      "test_ROC_AUC_mean": 0.9605372945638433,
      "test_ROC_AUC_std": 0.003543092983651177,
      "test_Sensitivity_mean": 0.8471428571428471,
      "test_Sensitivity_std": 0.016376058662871514,
      "test_Specificity_mean": 0.9538643067846578,
      "test_Specificity_std": 0.00947483014140186,
      "val_Precision_mean": 0.793405121994922,
      "val_Precision_std": 0.027565711654506345,
      "val_Sensitivity_mean": 0.7945238095238001,
      "val_Sensitivity_std": 0.00986101293491434,
      "val_Specificity_mean": 0.9483775811209411,
      "val_Specificity_std": 0.009218138581638141,
      "val_score_mean": 0.7429013906447411,
      "val_score_std": 0.008518315749494909,
      "val_thr_mean": 0.495353367835281,
      "val_thr_std": 0.027902435814614022
    }
  ],
  "task_id": 183,
  "thr_grid_size": 600
}