{
  "feature_set": "c110_d110",
  "model": "brf",
  "n_bootstrap": 50,
  "param_hash": "4fb00555df7e",
  "param_index": 2,
  "params": {
    "max_depth": 20,
    "max_features": "0.2",
    "min_samples_leaf": 1,
    "min_samples_split": 4,
    "n_estimators": 1500,
    "replacement": true,
    "sampling_strategy": "auto"
  },
  "runtime_s": 528.4949171543121,
  "summary_preview": [
    {
      "criterion": "f1",
      "feature_set": "c110_d110",
      "model": "brf",
      "param_hash": "4fb00555df7e",
      "param_index": 2,
      "test_Brier_mean": 0.0676143808571442,
      "test_Brier_std": 0.003255050451815616,
      "test_LogLoss_mean": 0.2475863191576646,
      "test_LogLoss_std": 0.009699205899355478,
      "test_PR_AUC_mean": 0.9003364910847412,
      "test_PR_AUC_std": 0.005696770532838539,
      "test_Precision_mean": 0.889424000087457,
      "test_Precision_std": 0.024852734136046196,
      "test_ROC_AUC_mean": 0.9592811490377862,
      "test_ROC_AUC_std": 0.003207426919654059,
      "test_Sensitivity_mean": 0.8047619047618952,
      "test_Sensitivity_std": 0.01631235212011114,
      "test_Specificity_mean": 0.9749852507374602,
      "test_Specificity_std": 0.006562060399434192,
      "val_Precision_mean": 0.8939010637197924,
      "val_Precision_std": 0.026509776336316616,
      "val_Sensitivity_mean": 0.7664285714285622,
      "val_Sensitivity_std": 0.016988084937645774,
      "val_Specificity_mean": 0.9772271386430649,
      "val_Specificity_std": 0.006583674622650589,
      "val_score_mean": 0.8249047390810089,
      "val_score_std": 0.012401073596260925,
      "val_thr_mean": 0.6280361240996336,
      "val_thr_std": 0.03805507073127015
    },
    {
      "criterion": "youden",
      "feature_set": "c110_d110",
      "model": "brf",
      "param_hash": "4fb00555df7e",
      "param_index": 2,
      "test_Brier_mean": 0.0676143808571442,
      "test_Brier_std": 0.003255050451815616,
      "test_LogLoss_mean": 0.2475863191576646,
      "test_LogLoss_std": 0.009699205899355478,
      "test_PR_AUC_mean": 0.9003364910847412,
      "test_PR_AUC_std": 0.005696770532838539,
      "test_Precision_mean": 0.8440608048891926,
      "test_Precision_std": 0.05816174319235773,
      "test_ROC_AUC_mean": 0.9592811490377862,
      "test_ROC_AUC_std": 0.003207426919654059,
      "test_Sensitivity_mean": 0.833809523809514,
      "test_Sensitivity_std": 0.03253237333664812,
      "test_Specificity_mean": 0.9599999999999972,
      "test_Specificity_std": 0.02022018407447627,
      "val_Precision_mean": 0.8419374141625241,
      "val_Precision_std": 0.063875024281545,
      "val_Sensitivity_mean": 0.7885714285714193,
      "val_Sensitivity_std": 0.01902330810082911,
      "val_Specificity_mean": 0.9615339233038318,
      "val_Specificity_std": 0.02021842749307977,
      "val_score_mean": 0.7501053518752511,
      "val_score_std": 0.011112194866002621,
      "val_thr_mean": 0.5632326862792937,
      "val_thr_std": 0.06480612055774701
    }
  ],
  "task_id": 146,
  "thr_grid_size": 600
}