{
  "feature_set": "c110_errors",
  "model": "rf",
  "n_bootstrap": 50,
  "param_hash": "82dc24b396d2",
  "param_index": 3,
  "params": {
    "bootstrap": true,
    "class_weight": null,
    "max_depth": 10,
    "max_features": "0.3",
    "min_samples_leaf": 4,
    "min_samples_split": 4,
    "n_estimators": 800
  },
  "runtime_s": 537.1773562431335,
  "summary_preview": [
    {
      "criterion": "f1",
      "feature_set": "c110_errors",
      "model": "rf",
      "param_hash": "82dc24b396d2",
      "param_index": 3,
      "test_Brier_mean": 0.05357594473164549,
      "test_Brier_std": 0.002699579692851647,
      "test_LogLoss_mean": 0.19145626357130968,
      "test_LogLoss_std": 0.008107351213500483,
      "test_PR_AUC_mean": 0.8999759378293405,
      "test_PR_AUC_std": 0.010116961061580611,
      "test_Precision_mean": 0.8939275584482452,
      "test_Precision_std": 0.029339032266143674,
      "test_ROC_AUC_mean": 0.9624399494310998,
      "test_ROC_AUC_std": 0.005133189026293938,
      "test_Sensitivity_mean": 0.7566666666666577,
      "test_Sensitivity_std": 0.05862588033588093,
      "test_Specificity_mean": 0.9771681415929174,
      "test_Specificity_std": 0.009014772271293992,
      "val_Precision_mean": 0.895478171097304,
      "val_Precision_std": 0.045355989668331625,
      "val_Sensitivity_mean": 0.7247619047618962,
      "val_Sensitivity_std": 0.03777195186911993,
      "val_Specificity_mean": 0.9780530973451298,
      "val_Specificity_std": 0.011846873414792477,
      "val_score_mean": 0.7992076254865559,
      "val_score_std": 0.012120570539319926,
      "val_thr_mean": 0.4438095586567674,
      "val_thr_std": 0.08048956548173572
    },
    {
      "criterion": "youden",
      "feature_set": "c110_errors",
      "model": "rf",
      "param_hash": "82dc24b396d2",
      "param_index": 3,
      "test_Brier_mean": 0.05357594473164549,
      "test_Brier_std": 0.002699579692851647,
      "test_LogLoss_mean": 0.19145626357130968,
      "test_LogLoss_std": 0.008107351213500483,
      "test_PR_AUC_mean": 0.8999759378293405,
      "test_PR_AUC_std": 0.010116961061580611,
      "test_Precision_mean": 0.8109713468476878,
      "test_Precision_std": 0.03996740958210154,
      "test_ROC_AUC_mean": 0.9624399494310998,
      "test_ROC_AUC_std": 0.005133189026293938,
      "test_Sensitivity_mean": 0.8497619047618947,
      "test_Sensitivity_std": 0.04030935145939475,
      "test_Specificity_mean": 0.9499705014749235,
      "test_Specificity_std": 0.013615571365431517,
      "val_Precision_mean": 0.7655984428202122,
      "val_Precision_std": 0.05258482020922746,
      "val_Sensitivity_mean": 0.788333333333324,
      "val_Sensitivity_std": 0.02755836804684422,
      "val_Specificity_mean": 0.9386430678466049,
      "val_Specificity_std": 0.018855336975303,
      "val_score_mean": 0.7269764011799288,
      "val_score_std": 0.019697405275768857,
      "val_thr_mean": 0.2763305790359276,
      "val_thr_std": 0.05666950319467107
    }
  ],
  "task_id": 195,
  "thr_grid_size": 600
}