{
  "feature_set": "c110_errors",
  "model": "brf",
  "n_bootstrap": 50,
  "param_hash": "e36a6e0bcff3",
  "param_index": 5,
  "params": {
    "max_depth": 30,
    "max_features": "0.3",
    "min_samples_leaf": 4,
    "min_samples_split": 8,
    "n_estimators": 2500,
    "replacement": false,
    "sampling_strategy": "auto"
  },
  "runtime_s": 1139.809067249298,
  "summary_preview": [
    {
      "criterion": "f1",
      "feature_set": "c110_errors",
      "model": "brf",
      "param_hash": "e36a6e0bcff3",
      "param_index": 5,
      "test_Brier_mean": 0.06317768630271227,
      "test_Brier_std": 0.0029480590420277674,
      "test_LogLoss_mean": 0.2352330886481824,
      "test_LogLoss_std": 0.008101088191494056,
      "test_PR_AUC_mean": 0.9094882800763486,
      "test_PR_AUC_std": 0.009821623011216281,
      "test_Precision_mean": 0.8914436486247901,
      "test_Precision_std": 0.029529723607217687,
      "test_ROC_AUC_mean": 0.9656110408765276,
      "test_ROC_AUC_std": 0.004370103060759756,
      "test_Sensitivity_mean": 0.7714285714285622,
      "test_Sensitivity_std": 0.04151889665215496,
      "test_Specificity_mean": 0.976283185840705,
      "test_Specificity_std": 0.008126939531008955,
      "val_Precision_mean": 0.9148301435925772,
      "val_Precision_std": 0.040915625066431816,
      "val_Sensitivity_mean": 0.7419047619047531,
      "val_Sensitivity_std": 0.03065378889263108,
      "val_Specificity_mean": 0.9821828908554542,
      "val_Specificity_std": 0.00986417658818261,
      "val_score_mean": 0.8180006582626399,
      "val_score_std": 0.011594437953710143,
      "val_thr_mean": 0.635342078988791,
      "val_thr_std": 0.0732670900317566
    },
    {
      "criterion": "youden",
      "feature_set": "c110_errors",
      "model": "brf",
      "param_hash": "e36a6e0bcff3",
      "param_index": 5,
      "test_Brier_mean": 0.06317768630271227,
      "test_Brier_std": 0.0029480590420277674,
      "test_LogLoss_mean": 0.2352330886481824,
      "test_LogLoss_std": 0.008101088191494056,
      "test_PR_AUC_mean": 0.9094882800763486,
      "test_PR_AUC_std": 0.009821623011216281,
      "test_Precision_mean": 0.7997844617350945,
      "test_Precision_std": 0.05110459488696273,
      "test_ROC_AUC_mean": 0.9656110408765276,
      "test_ROC_AUC_std": 0.004370103060759756,
      "test_Sensitivity_mean": 0.8707142857142754,
      "test_Sensitivity_std": 0.04905570899532446,
      "test_Specificity_mean": 0.9442477876106166,
      "test_Specificity_std": 0.01947841929864226,
      "val_Precision_mean": 0.7907730396932742,
      "val_Precision_std": 0.05653813946923844,
      "val_Sensitivity_mean": 0.8042857142857048,
      "val_Sensitivity_std": 0.028877530988831137,
      "val_Specificity_mean": 0.9455457227138615,
      "val_Specificity_std": 0.01883847076391473,
      "val_score_mean": 0.7498314369995661,
      "val_score_std": 0.016513978029594503,
      "val_thr_mean": 0.46518840614251267,
      "val_thr_std": 0.06857688703708124
    }
  ],
  "task_id": 245,
  "thr_grid_size": 600
}