{
  "feature_set": "c110_errors",
  "model": "rf",
  "n_bootstrap": 50,
  "param_hash": "7d8e81e2a289",
  "param_index": 4,
  "params": {
    "bootstrap": true,
    "class_weight": null,
    "max_depth": 20,
    "max_features": "0.2",
    "min_samples_leaf": 1,
    "min_samples_split": 2,
    "n_estimators": 4000
  },
  "runtime_s": 2576.0418000221252,
  "summary_preview": [
    {
      "criterion": "f1",
      "feature_set": "c110_errors",
      "model": "rf",
      "param_hash": "7d8e81e2a289",
      "param_index": 4,
      "test_Brier_mean": 0.054009032535964216,
      "test_Brier_std": 0.0018484309055314284,
      "test_LogLoss_mean": 0.1944204023284827,
      "test_LogLoss_std": 0.004526004480158294,
      "test_PR_AUC_mean": 0.902049013171713,
      "test_PR_AUC_std": 0.00677223319839387,
      "test_Precision_mean": 0.8998903308366173,
      "test_Precision_std": 0.021843365479371216,
      "test_ROC_AUC_mean": 0.9629382638010956,
      "test_ROC_AUC_std": 0.003189914862529025,
      "test_Sensitivity_mean": 0.7516666666666577,
      "test_Sensitivity_std": 0.04737608083526231,
      "test_Specificity_mean": 0.9789380530973422,
      "test_Specificity_std": 0.005989622412002391,
      "val_Precision_mean": 0.9127917516554517,
      "val_Precision_std": 0.0389034887089543,
      "val_Sensitivity_mean": 0.7219047619047534,
      "val_Sensitivity_std": 0.030208984096835714,
      "val_Specificity_mean": 0.9823008849557492,
      "val_Specificity_std": 0.009077395376543602,
      "val_score_mean": 0.8049888371625432,
      "val_score_std": 0.013203048885137231,
      "val_thr_mean": 0.48306317926210746,
      "val_thr_std": 0.05985824754435532
    },
    {
      "criterion": "youden",
      "feature_set": "c110_errors",
      "model": "rf",
      "param_hash": "7d8e81e2a289",
      "param_index": 4,
      "test_Brier_mean": 0.054009032535964216,
      "test_Brier_std": 0.0018484309055314284,
      "test_LogLoss_mean": 0.1944204023284827,
      "test_LogLoss_std": 0.004526004480158294,
      "test_PR_AUC_mean": 0.902049013171713,
      "test_PR_AUC_std": 0.00677223319839387,
      "test_Precision_mean": 0.8082766446341961,
      "test_Precision_std": 0.060968078244593056,
      "test_ROC_AUC_mean": 0.9629382638010956,
      "test_ROC_AUC_std": 0.003189914862529025,
      "test_Sensitivity_mean": 0.8473809523809424,
      "test_Sensitivity_std": 0.04968140898767226,
      "test_Specificity_mean": 0.9477286135693187,
      "test_Specificity_std": 0.02326566350028268,
      "val_Precision_mean": 0.7616024358236929,
      "val_Precision_std": 0.09208229876569415,
      "val_Sensitivity_mean": 0.7947619047618953,
      "val_Sensitivity_std": 0.040500478621475745,
      "val_Specificity_mean": 0.9332153392330355,
      "val_Specificity_std": 0.034825499353539055,
      "val_score_mean": 0.7279772439949309,
      "val_score_std": 0.01803102443850507,
      "val_thr_mean": 0.32391083843830265,
      "val_thr_std": 0.07170803977668015
    }
  ],
  "task_id": 196,
  "thr_grid_size": 600
}