{
  "feature_set": "c110_d110_errors",
  "model": "bbag",
  "n_bootstrap": 50,
  "param_hash": "b0056c8d90e7",
  "param_index": 6,
  "params": {
    "base_max_depth": 10,
    "base_max_features": "0.3",
    "base_min_samples_leaf": 4,
    "base_min_samples_split": 4,
    "bootstrap": true,
    "max_features": 0.9,
    "max_samples": 0.5,
    "n_estimators": 1200,
    "replacement": true,
    "sampling_strategy": "auto"
  },
  "runtime_s": 142.66317677497864,
  "summary_preview": [
    {
      "criterion": "f1",
      "feature_set": "c110_d110_errors",
      "model": "bbag",
      "param_hash": "b0056c8d90e7",
      "param_index": 6,
      "test_Brier_mean": 0.07393555974909559,
      "test_Brier_std": 0.002786495095827423,
      "test_LogLoss_mean": 0.27362831063417486,
      "test_LogLoss_std": 0.008513391238166298,
      "test_PR_AUC_mean": 0.8949085316271832,
      "test_PR_AUC_std": 0.007357554107818337,
      "test_Precision_mean": 0.8513413485819481,
      "test_Precision_std": 0.024591669128693067,
      "test_ROC_AUC_mean": 0.9640047759516785,
      "test_ROC_AUC_std": 0.003314606770980906,
      "test_Sensitivity_mean": 0.7740476190476099,
      "test_Sensitivity_std": 0.042652166120217015,
      "test_Specificity_mean": 0.9660766961651888,
      "test_Specificity_std": 0.007707265553380445,
      "val_Precision_mean": 0.8399195269049895,
      "val_Precision_std": 0.04061119800165032,
      "val_Sensitivity_mean": 0.7488095238095149,
      "val_Sensitivity_std": 0.030824096871414325,
      "val_Specificity_mean": 0.9637758112094366,
      "val_Specificity_std": 0.011213557792200842,
      "val_score_mean": 0.7902772296983542,
      "val_score_std": 0.006823214273774899,
      "val_thr_mean": 0.5860918231922521,
      "val_thr_std": 0.05563808634994743
    },
    {
      "criterion": "youden",
      "feature_set": "c110_d110_errors",
      "model": "bbag",
      "param_hash": "b0056c8d90e7",
      "param_index": 6,
      "test_Brier_mean": 0.07393555974909559,
      "test_Brier_std": 0.002786495095827423,
      "test_LogLoss_mean": 0.27362831063417486,
      "test_LogLoss_std": 0.008513391238166298,
      "test_PR_AUC_mean": 0.8949085316271832,
      "test_PR_AUC_std": 0.007357554107818337,
      "test_Precision_mean": 0.7951393984677557,
      "test_Precision_std": 0.03925338381360917,
      "test_ROC_AUC_mean": 0.9640047759516785,
      "test_ROC_AUC_std": 0.003314606770980906,
      "test_Sensitivity_mean": 0.8428571428571329,
      "test_Sensitivity_std": 0.03878147704418784,
      "test_Specificity_mean": 0.9450737463126815,
      "test_Specificity_std": 0.015145950737072927,
      "val_Precision_mean": 0.7606582840085453,
      "val_Precision_std": 0.04308240538949805,
      "val_Sensitivity_mean": 0.7919047619047526,
      "val_Sensitivity_std": 0.018821544669737098,
      "val_Specificity_mean": 0.9371681415929176,
      "val_Specificity_std": 0.01577044028753831,
      "val_score_mean": 0.7290729034976701,
      "val_score_std": 0.009760206297386095,
      "val_thr_mean": 0.4857798380684647,
      "val_thr_std": 0.05184991064676805
    }
  ],
  "task_id": 366,
  "thr_grid_size": 600
}