{
  "feature_set": "c110_d110",
  "model": "rf",
  "n_bootstrap": 50,
  "param_hash": "8d6e87e8f14c",
  "param_index": 17,
  "params": {
    "bootstrap": true,
    "class_weight": "balanced",
    "max_depth": 10,
    "max_features": "0.2",
    "min_samples_leaf": 2,
    "min_samples_split": 4,
    "n_estimators": 1500
  },
  "runtime_s": 650.3884460926056,
  "summary_preview": [
    {
      "criterion": "f1",
      "feature_set": "c110_d110",
      "model": "rf",
      "param_hash": "8d6e87e8f14c",
      "param_index": 17,
      "test_Brier_mean": 0.049780237067086563,
      "test_Brier_std": 0.0016356110873854,
      "test_LogLoss_mean": 0.18906119221950457,
      "test_LogLoss_std": 0.00530896589805196,
      "test_PR_AUC_mean": 0.9033189641947278,
      "test_PR_AUC_std": 0.005655521588229677,
      "test_Precision_mean": 0.9016917233578655,
      "test_Precision_std": 0.02186659700497141,
      "test_ROC_AUC_mean": 0.9605555555555556,
      "test_ROC_AUC_std": 0.0034464221843172943,
      "test_Sensitivity_mean": 0.8064285714285618,
      "test_Sensitivity_std": 0.01645534500941737,
      "test_Specificity_mean": 0.9780530973451298,
      "test_Specificity_std": 0.005595682316965136,
      "val_Precision_mean": 0.9134008923683917,
      "val_Precision_std": 0.019384084598769252,
      "val_Sensitivity_mean": 0.7657142857142766,
      "val_Sensitivity_std": 0.015294780378174704,
      "val_Specificity_mean": 0.9818879056047168,
      "val_Specificity_std": 0.004616672559207508,
      "val_score_mean": 0.8328290754986287,
      "val_score_std": 0.009915696771198215,
      "val_thr_mean": 0.43883597999853996,
      "val_thr_std": 0.038531808140204724
    },
    {
      "criterion": "youden",
      "feature_set": "c110_d110",
      "model": "rf",
      "param_hash": "8d6e87e8f14c",
      "param_index": 17,
      "test_Brier_mean": 0.049780237067086563,
      "test_Brier_std": 0.0016356110873854,
      "test_LogLoss_mean": 0.18906119221950457,
      "test_LogLoss_std": 0.00530896589805196,
      "test_PR_AUC_mean": 0.9033189641947278,
      "test_PR_AUC_std": 0.005655521588229677,
      "test_Precision_mean": 0.8641305531143424,
      "test_Precision_std": 0.04247987771991457,
      "test_ROC_AUC_mean": 0.9605555555555556,
      "test_ROC_AUC_std": 0.0034464221843172943,
      "test_Sensitivity_mean": 0.8354761904761806,
      "test_Sensitivity_std": 0.029228950178372085,
      "test_Specificity_mean": 0.9665486725663688,
      "test_Specificity_std": 0.013558716766502804,
      "val_Precision_mean": 0.864803041221746,
      "val_Precision_std": 0.05408251360461135,
      "val_Sensitivity_mean": 0.7861904761904668,
      "val_Sensitivity_std": 0.016481689033449765,
      "val_Specificity_mean": 0.9683775811209411,
      "val_Specificity_std": 0.015913811384924207,
      "val_score_mean": 0.7545680573114079,
      "val_score_std": 0.009550833126246864,
      "val_thr_mean": 0.3707040412787239,
      "val_thr_std": 0.06978214895470271
    }
  ],
  "task_id": 113,
  "thr_grid_size": 600
}