{
  "feature_set": "c110_d110",
  "model": "bbag",
  "n_bootstrap": 50,
  "param_hash": "e8e57d59ac26",
  "param_index": 18,
  "params": {
    "base_max_depth": 20,
    "base_max_features": "0.3",
    "base_min_samples_leaf": 2,
    "base_min_samples_split": 2,
    "bootstrap": true,
    "max_features": 0.5,
    "max_samples": 0.5,
    "n_estimators": 500,
    "replacement": false,
    "sampling_strategy": "auto"
  },
  "runtime_s": 49.55485248565674,
  "summary_preview": [
    {
      "criterion": "f1",
      "feature_set": "c110_d110",
      "model": "bbag",
      "param_hash": "e8e57d59ac26",
      "param_index": 18,
      "test_Brier_mean": 0.07481804748875388,
      "test_Brier_std": 0.003069486646039659,
      "test_LogLoss_mean": 0.2755109367195104,
      "test_LogLoss_std": 0.009001127472264697,
      "test_PR_AUC_mean": 0.8859888785129086,
      "test_PR_AUC_std": 0.006680875372418929,
      "test_Precision_mean": 0.854428759708409,
      "test_Precision_std": 0.0325172019525403,
      "test_ROC_AUC_mean": 0.9557430818935244,
      "test_ROC_AUC_std": 0.0035247865216551932,
      "test_Sensitivity_mean": 0.7664285714285622,
      "test_Sensitivity_std": 0.04773370549990315,
      "test_Specificity_mean": 0.9669616519174012,
      "test_Specificity_std": 0.009918754568849369,
      "val_Precision_mean": 0.846160250036301,
      "val_Precision_std": 0.04738289358385286,
      "val_Sensitivity_mean": 0.7469047619047531,
      "val_Sensitivity_std": 0.034251717568850176,
      "val_Specificity_mean": 0.9651917404129765,
      "val_Specificity_std": 0.013616093064815397,
      "val_score_mean": 0.7915410758522293,
      "val_score_std": 0.008281471893340858,
      "val_thr_mean": 0.5611488259798076,
      "val_thr_std": 0.056276653767538175
    },
    {
      "criterion": "youden",
      "feature_set": "c110_d110",
      "model": "bbag",
      "param_hash": "e8e57d59ac26",
      "param_index": 18,
      "test_Brier_mean": 0.07481804748875388,
      "test_Brier_std": 0.003069486646039659,
      "test_LogLoss_mean": 0.2755109367195104,
      "test_LogLoss_std": 0.009001127472264697,
      "test_PR_AUC_mean": 0.8859888785129086,
      "test_PR_AUC_std": 0.006680875372418929,
      "test_Precision_mean": 0.7972985177197742,
      "test_Precision_std": 0.035281850696090404,
      "test_ROC_AUC_mean": 0.9557430818935244,
      "test_ROC_AUC_std": 0.0035247865216551932,
      "test_Sensitivity_mean": 0.8395238095237996,
      "test_Sensitivity_std": 0.0189745927632397,
      "test_Specificity_mean": 0.9464306784660738,
      "test_Specificity_std": 0.012856175282372215,
      "val_Precision_mean": 0.7597906393125047,
      "val_Precision_std": 0.034667319040296275,
      "val_Sensitivity_mean": 0.7945238095238001,
      "val_Sensitivity_std": 0.013131630675167184,
      "val_Specificity_mean": 0.9371091445427701,
      "val_Specificity_std": 0.012676453172936053,
      "val_score_mean": 0.7316329540665701,
      "val_score_std": 0.010989346770632716,
      "val_thr_mean": 0.46399618650131175,
      "val_thr_std": 0.03202212888615091
    }
  ],
  "task_id": 186,
  "thr_grid_size": 600
}