{
  "feature_set": "c110_d110_snr",
  "model": "rf",
  "n_bootstrap": 50,
  "param_hash": "8d6e87e8f14c",
  "param_index": 17,
  "params": {
    "bootstrap": true,
    "class_weight": "balanced",
    "max_depth": 10,
    "max_features": "0.2",
    "min_samples_leaf": 2,
    "min_samples_split": 4,
    "n_estimators": 1500
  },
  "runtime_s": 1032.073949098587,
  "summary_preview": [
    {
      "criterion": "f1",
      "feature_set": "c110_d110_snr",
      "model": "rf",
      "param_hash": "8d6e87e8f14c",
      "param_index": 17,
      "test_Brier_mean": 0.05038082909640325,
      "test_Brier_std": 0.0017632994099227935,
      "test_LogLoss_mean": 0.19135347766235103,
      "test_LogLoss_std": 0.004937019639603096,
      "test_PR_AUC_mean": 0.8941771237243288,
      "test_PR_AUC_std": 0.006243373523741829,
      "test_Precision_mean": 0.891058135918507,
      "test_Precision_std": 0.02432470446454833,
      "test_ROC_AUC_mean": 0.9604284309594044,
      "test_ROC_AUC_std": 0.0035533888962927577,
      "test_Sensitivity_mean": 0.803571428571419,
      "test_Sensitivity_std": 0.03063585635144834,
      "test_Specificity_mean": 0.9753982300884927,
      "test_Specificity_std": 0.0066258875769392295,
      "val_Precision_mean": 0.9068674234772536,
      "val_Precision_std": 0.021343322920244493,
      "val_Sensitivity_mean": 0.7692857142857052,
      "val_Sensitivity_std": 0.017655977371762454,
      "val_Specificity_mean": 0.980235988200587,
      "val_Specificity_std": 0.005271806153896692,
      "val_score_mean": 0.8320645670249978,
      "val_score_std": 0.008371305145819982,
      "val_thr_mean": 0.42088244769187655,
      "val_thr_std": 0.06057401626493582
    },
    {
      "criterion": "youden",
      "feature_set": "c110_d110_snr",
      "model": "rf",
      "param_hash": "8d6e87e8f14c",
      "param_index": 17,
      "test_Brier_mean": 0.05038082909640325,
      "test_Brier_std": 0.0017632994099227935,
      "test_LogLoss_mean": 0.19135347766235103,
      "test_LogLoss_std": 0.004937019639603096,
      "test_PR_AUC_mean": 0.8941771237243288,
      "test_PR_AUC_std": 0.006243373523741829,
      "test_Precision_mean": 0.8128310486574404,
      "test_Precision_std": 0.06077534221338945,
      "test_ROC_AUC_mean": 0.9604284309594044,
      "test_ROC_AUC_std": 0.0035533888962927577,
      "test_Sensitivity_mean": 0.8616666666666565,
      "test_Sensitivity_std": 0.04066653352520242,
      "test_Specificity_mean": 0.9485545722713836,
      "test_Specificity_std": 0.02226818677302545,
      "val_Precision_mean": 0.8185892670349151,
      "val_Precision_std": 0.06744499746739274,
      "val_Sensitivity_mean": 0.8080952380952285,
      "val_Sensitivity_std": 0.026958866966577056,
      "val_Specificity_mean": 0.9533333333333305,
      "val_Specificity_std": 0.022557625092132078,
      "val_score_mean": 0.761428571428559,
      "val_score_std": 0.011491532288757093,
      "val_thr_mean": 0.28957920872479204,
      "val_thr_std": 0.078088623077599
    }
  ],
  "task_id": 497,
  "thr_grid_size": 600
}