{
  "feature_set": "c110_errors",
  "model": "brf",
  "n_bootstrap": 50,
  "param_hash": "247506bd6d6b",
  "param_index": 0,
  "params": {
    "max_depth": 30,
    "max_features": "0.3",
    "min_samples_leaf": 1,
    "min_samples_split": 4,
    "n_estimators": 4000,
    "replacement": false,
    "sampling_strategy": "auto"
  },
  "runtime_s": 1906.7430503368378,
  "summary_preview": [
    {
      "criterion": "f1",
      "feature_set": "c110_errors",
      "model": "brf",
      "param_hash": "247506bd6d6b",
      "param_index": 0,
      "test_Brier_mean": 0.06388645918185251,
      "test_Brier_std": 0.00337909443586035,
      "test_LogLoss_mean": 0.23700194253749932,
      "test_LogLoss_std": 0.010407281075975647,
      "test_PR_AUC_mean": 0.9080040903216395,
      "test_PR_AUC_std": 0.010055304540413323,
      "test_Precision_mean": 0.8883962383729289,
      "test_Precision_std": 0.039264665219139405,
      "test_ROC_AUC_mean": 0.9637371821885097,
      "test_ROC_AUC_std": 0.004716754598521115,
      "test_Sensitivity_mean": 0.7578571428571338,
      "test_Sensitivity_std": 0.06805314131645589,
      "test_Specificity_mean": 0.9752802359881977,
      "test_Specificity_std": 0.012080364697147229,
      "val_Precision_mean": 0.9194465338968909,
      "val_Precision_std": 0.04764114064317846,
      "val_Sensitivity_mean": 0.7373809523809436,
      "val_Sensitivity_std": 0.03984167960276408,
      "val_Specificity_mean": 0.9829498525073717,
      "val_Specificity_std": 0.012071541329828073,
      "val_score_mean": 0.8163277947889648,
      "val_score_std": 0.012923902000757008,
      "val_thr_mean": 0.637130538397329,
      "val_thr_std": 0.09119221397318748
    },
    {
      "criterion": "youden",
      "feature_set": "c110_errors",
      "model": "brf",
      "param_hash": "247506bd6d6b",
      "param_index": 0,
      "test_Brier_mean": 0.06388645918185251,
      "test_Brier_std": 0.00337909443586035,
      "test_LogLoss_mean": 0.23700194253749932,
      "test_LogLoss_std": 0.010407281075975647,
      "test_PR_AUC_mean": 0.9080040903216395,
      "test_PR_AUC_std": 0.010055304540413323,
      "test_Precision_mean": 0.791224399986031,
      "test_Precision_std": 0.039944533609120675,
      "test_ROC_AUC_mean": 0.9637371821885097,
      "test_ROC_AUC_std": 0.004716754598521115,
      "test_Sensitivity_mean": 0.8809523809523705,
      "test_Sensitivity_std": 0.032088371197471065,
      "test_Specificity_mean": 0.941415929203537,
      "test_Specificity_std": 0.016472775555331633,
      "val_Precision_mean": 0.7804575788259414,
      "val_Precision_std": 0.052403485830861164,
      "val_Sensitivity_mean": 0.8102380952380857,
      "val_Sensitivity_std": 0.023120496542226296,
      "val_Specificity_mean": 0.9420648967551594,
      "val_Specificity_std": 0.019059176278172125,
      "val_score_mean": 0.752302991993245,
      "val_score_std": 0.018403394841079154,
      "val_thr_mean": 0.4535094365609349,
      "val_thr_std": 0.041521270897169595
    }
  ],
  "task_id": 240,
  "thr_grid_size": 600
}