{
  "feature_set": "c110_d110",
  "model": "rf",
  "n_bootstrap": 50,
  "param_hash": "3bf84fe8cddf",
  "param_index": 13,
  "params": {
    "bootstrap": true,
    "class_weight": "balanced",
    "max_depth": 20,
    "max_features": "0.2",
    "min_samples_leaf": 4,
    "min_samples_split": 2,
    "n_estimators": 2500
  },
  "runtime_s": 1124.3886725902557,
  "summary_preview": [
    {
      "criterion": "f1",
      "feature_set": "c110_d110",
      "model": "rf",
      "param_hash": "3bf84fe8cddf",
      "param_index": 13,
      "test_Brier_mean": 0.04978175567560087,
      "test_Brier_std": 0.0013647551105097334,
      "test_LogLoss_mean": 0.1904189231605798,
      "test_LogLoss_std": 0.004862806159126972,
      "test_PR_AUC_mean": 0.903525966531967,
      "test_PR_AUC_std": 0.005309067782860135,
      "test_Precision_mean": 0.899765077628993,
      "test_Precision_std": 0.018402355507702077,
      "test_ROC_AUC_mean": 0.9612080348363534,
      "test_ROC_AUC_std": 0.002527686008523237,
      "test_Sensitivity_mean": 0.8157142857142761,
      "test_Sensitivity_std": 0.021274143906274433,
      "test_Specificity_mean": 0.97734513274336,
      "test_Specificity_std": 0.004894136077861921,
      "val_Precision_mean": 0.909955706215321,
      "val_Precision_std": 0.018206487837441575,
      "val_Sensitivity_mean": 0.7673809523809433,
      "val_Sensitivity_std": 0.015060385648523925,
      "val_Specificity_mean": 0.981061946902652,
      "val_Specificity_std": 0.004423373846354035,
      "val_score_mean": 0.8323708675000067,
      "val_score_std": 0.008642207163003946,
      "val_thr_mean": 0.4660135185067367,
      "val_thr_std": 0.03893898595746859
    },
    {
      "criterion": "youden",
      "feature_set": "c110_d110",
      "model": "rf",
      "param_hash": "3bf84fe8cddf",
      "param_index": 13,
      "test_Brier_mean": 0.04978175567560087,
      "test_Brier_std": 0.0013647551105097334,
      "test_LogLoss_mean": 0.1904189231605798,
      "test_LogLoss_std": 0.004862806159126972,
      "test_PR_AUC_mean": 0.903525966531967,
      "test_PR_AUC_std": 0.005309067782860135,
      "test_Precision_mean": 0.8647038393320027,
      "test_Precision_std": 0.04021494171234847,
      "test_ROC_AUC_mean": 0.9612080348363534,
      "test_ROC_AUC_std": 0.002527686008523237,
      "test_Sensitivity_mean": 0.8492857142857042,
      "test_Sensitivity_std": 0.030002429444875457,
      "test_Specificity_mean": 0.9661946902654839,
      "test_Specificity_std": 0.0129229954122849,
      "val_Precision_mean": 0.8626070175060845,
      "val_Precision_std": 0.050507788109059974,
      "val_Sensitivity_mean": 0.7876190476190382,
      "val_Sensitivity_std": 0.016198477414680976,
      "val_Specificity_mean": 0.9679056047197611,
      "val_Specificity_std": 0.014434544894781298,
      "val_score_mean": 0.7555246523387993,
      "val_score_std": 0.009462063088626113,
      "val_thr_mean": 0.391738120943977,
      "val_thr_std": 0.06684760993486616
    }
  ],
  "task_id": 109,
  "thr_grid_size": 600
}