{
  "feature_set": "c110",
  "model": "rf",
  "n_bootstrap": 50,
  "param_hash": "300eb462f60e",
  "param_index": 9,
  "params": {
    "bootstrap": true,
    "class_weight": null,
    "max_depth": null,
    "max_features": "sqrt",
    "min_samples_leaf": 2,
    "min_samples_split": 4,
    "n_estimators": 4000
  },
  "runtime_s": 830.7310314178467,
  "summary_preview": [
    {
      "criterion": "f1",
      "feature_set": "c110",
      "model": "rf",
      "param_hash": "300eb462f60e",
      "param_index": 9,
      "test_Brier_mean": 0.05905148388642213,
      "test_Brier_std": 0.001913064313111905,
      "test_LogLoss_mean": 0.21142890971177408,
      "test_LogLoss_std": 0.005630380380107442,
      "test_PR_AUC_mean": 0.8918617530846498,
      "test_PR_AUC_std": 0.0075488478415818225,
      "test_Precision_mean": 0.8969531131672052,
      "test_Precision_std": 0.024427036863926253,
      "test_ROC_AUC_mean": 0.957725101840146,
      "test_ROC_AUC_std": 0.0043612820511543,
      "test_Sensitivity_mean": 0.7547619047618959,
      "test_Sensitivity_std": 0.04375741608934848,
      "test_Specificity_mean": 0.9781710914454247,
      "test_Specificity_std": 0.0064462952131388,
      "val_Precision_mean": 0.8972193518159435,
      "val_Precision_std": 0.03571467371621533,
      "val_Sensitivity_mean": 0.719523809523801,
      "val_Sensitivity_std": 0.026473862207197035,
      "val_Specificity_mean": 0.9790560471976372,
      "val_Specificity_std": 0.008370005927535265,
      "val_score_mean": 0.797608532734143,
      "val_score_std": 0.010877997419016464,
      "val_thr_mean": 0.443209456430812,
      "val_thr_std": 0.052700296157274736
    },
    {
      "criterion": "youden",
      "feature_set": "c110",
      "model": "rf",
      "param_hash": "300eb462f60e",
      "param_index": 9,
      "test_Brier_mean": 0.05905148388642213,
      "test_Brier_std": 0.001913064313111905,
      "test_LogLoss_mean": 0.21142890971177408,
      "test_LogLoss_std": 0.005630380380107442,
      "test_PR_AUC_mean": 0.8918617530846498,
      "test_PR_AUC_std": 0.0075488478415818225,
      "test_Precision_mean": 0.8100831659036367,
      "test_Precision_std": 0.06345666301350732,
      "test_ROC_AUC_mean": 0.957725101840146,
      "test_ROC_AUC_std": 0.0043612820511543,
      "test_Sensitivity_mean": 0.832857142857133,
      "test_Sensitivity_std": 0.03663061597807482,
      "test_Specificity_mean": 0.949321533923301,
      "test_Specificity_std": 0.022549751245486006,
      "val_Precision_mean": 0.7569415833665302,
      "val_Precision_std": 0.08140270776485321,
      "val_Sensitivity_mean": 0.7830952380952289,
      "val_Sensitivity_std": 0.033264714878653935,
      "val_Specificity_mean": 0.933864306784658,
      "val_Specificity_std": 0.029432772422835273,
      "val_score_mean": 0.7169595448798867,
      "val_score_std": 0.014304167485995185,
      "val_thr_mean": 0.3183411335671378,
      "val_thr_std": 0.06085482837462019
    }
  ],
  "task_id": 9,
  "thr_grid_size": 600
}