{
  "feature_set": "c110_errors",
  "model": "bbag",
  "n_bootstrap": 50,
  "param_hash": "3d57a6011f1e",
  "param_index": 5,
  "params": {
    "base_max_depth": null,
    "base_max_features": "sqrt",
    "base_min_samples_leaf": 2,
    "base_min_samples_split": 8,
    "bootstrap": true,
    "max_features": 0.7,
    "max_samples": 0.5,
    "n_estimators": 1200,
    "replacement": true,
    "sampling_strategy": "auto"
  },
  "runtime_s": 114.2512993812561,
  "summary_preview": [
    {
      "criterion": "f1",
      "feature_set": "c110_errors",
      "model": "bbag",
      "param_hash": "3d57a6011f1e",
      "param_index": 5,
      "test_Brier_mean": 0.11424641563102242,
      "test_Brier_std": 0.0033471941074500384,
      "test_LogLoss_mean": 0.3849443615059919,
      "test_LogLoss_std": 0.0081379554144676,
      "test_PR_AUC_mean": 0.7828049990500376,
      "test_PR_AUC_std": 0.014859134914320771,
      "test_Precision_mean": 0.7044857429325393,
      "test_Precision_std": 0.05857139738075364,
      "test_ROC_AUC_mean": 0.9161507936507937,
      "test_ROC_AUC_std": 0.007773432925479284,
      "test_Sensitivity_mean": 0.7207142857142772,
      "test_Sensitivity_std": 0.0617049365136385,
      "test_Specificity_mean": 0.922005899705012,
      "test_Specificity_std": 0.026128352545914824,
      "val_Precision_mean": 0.6603983647261731,
      "val_Precision_std": 0.05368733941981679,
      "val_Sensitivity_mean": 0.6719047619047539,
      "val_Sensitivity_std": 0.04269757574718299,
      "val_Specificity_mean": 0.9119174041297907,
      "val_Specificity_std": 0.022989005518975557,
      "val_score_mean": 0.6630704004055226,
      "val_score_std": 0.016003893122246846,
      "val_thr_mean": 0.5186576555097628,
      "val_thr_std": 0.03632950381318331
    },
    {
      "criterion": "youden",
      "feature_set": "c110_errors",
      "model": "bbag",
      "param_hash": "3d57a6011f1e",
      "param_index": 5,
      "test_Brier_mean": 0.11424641563102242,
      "test_Brier_std": 0.0033471941074500384,
      "test_LogLoss_mean": 0.3849443615059919,
      "test_LogLoss_std": 0.0081379554144676,
      "test_PR_AUC_mean": 0.7828049990500376,
      "test_PR_AUC_std": 0.014859134914320771,
      "test_Precision_mean": 0.6099654631633694,
      "test_Precision_std": 0.05428662040405042,
      "test_ROC_AUC_mean": 0.9161507936507937,
      "test_ROC_AUC_std": 0.007773432925479284,
      "test_Sensitivity_mean": 0.7997619047618953,
      "test_Sensitivity_std": 0.037775780327372555,
      "test_Specificity_mean": 0.8694985250737437,
      "test_Specificity_std": 0.03784023487545604,
      "val_Precision_mean": 0.576090252237261,
      "val_Precision_std": 0.046440178641620804,
      "val_Sensitivity_mean": 0.7388095238095151,
      "val_Sensitivity_std": 0.037523805823996836,
      "val_Specificity_mean": 0.8620058997050122,
      "val_Specificity_std": 0.03513280174417506,
      "val_score_mean": 0.6008154235145272,
      "val_score_std": 0.018998153049816557,
      "val_thr_mean": 0.4589235622614908,
      "val_thr_std": 0.03156239427013895
    }
  ],
  "task_id": 269,
  "thr_grid_size": 600
}