{
  "feature_set": "c110",
  "model": "et",
  "n_bootstrap": 50,
  "param_hash": "2ebe753d91e2",
  "param_index": 3,
  "params": {
    "bootstrap": true,
    "max_depth": null,
    "max_features": "0.5",
    "max_samples": 0.5,
    "min_samples_leaf": 2,
    "min_samples_split": 4,
    "n_estimators": 4000
  },
  "runtime_s": 1114.1528234481812,
  "summary_preview": [
    {
      "criterion": "f1",
      "feature_set": "c110",
      "model": "et",
      "param_hash": "2ebe753d91e2",
      "param_index": 3,
      "test_Brier_mean": 0.052446926784933554,
      "test_Brier_std": 0.0015104920704358154,
      "test_LogLoss_mean": 0.19360957090605066,
      "test_LogLoss_std": 0.004563444934356566,
      "test_PR_AUC_mean": 0.9065225223417731,
      "test_PR_AUC_std": 0.004648898673885371,
      "test_Precision_mean": 0.9010026825115738,
      "test_Precision_std": 0.024328020922648644,
      "test_ROC_AUC_mean": 0.9645483916280376,
      "test_ROC_AUC_std": 0.0026443609550361002,
      "test_Sensitivity_mean": 0.7861904761904668,
      "test_Sensitivity_std": 0.034767162827702036,
      "test_Specificity_mean": 0.9782890855457198,
      "test_Specificity_std": 0.006736195938537918,
      "val_Precision_mean": 0.8906673131404633,
      "val_Precision_std": 0.03286406682670352,
      "val_Sensitivity_mean": 0.7571428571428481,
      "val_Sensitivity_std": 0.024171208169305642,
      "val_Specificity_mean": 0.9764601769911475,
      "val_Specificity_std": 0.009028157825754628,
      "val_score_mean": 0.8176161696711985,
      "val_score_std": 0.007682843074944245,
      "val_thr_mean": 0.4428128490274797,
      "val_thr_std": 0.05446596039229
    },
    {
      "criterion": "youden",
      "feature_set": "c110",
      "model": "et",
      "param_hash": "2ebe753d91e2",
      "param_index": 3,
      "test_Brier_mean": 0.052446926784933554,
      "test_Brier_std": 0.0015104920704358154,
      "test_LogLoss_mean": 0.19360957090605066,
      "test_LogLoss_std": 0.004563444934356566,
      "test_PR_AUC_mean": 0.9065225223417731,
      "test_PR_AUC_std": 0.004648898673885371,
      "test_Precision_mean": 0.8427292975390799,
      "test_Precision_std": 0.03863868376380129,
      "test_ROC_AUC_mean": 0.9645483916280376,
      "test_ROC_AUC_std": 0.0026443609550361002,
      "test_Sensitivity_mean": 0.8630952380952279,
      "test_Sensitivity_std": 0.02807410547486219,
      "test_Specificity_mean": 0.9592920353982273,
      "test_Specificity_std": 0.012947569739348639,
      "val_Precision_mean": 0.8020200713535681,
      "val_Precision_std": 0.04133218091166585,
      "val_Sensitivity_mean": 0.8038095238095143,
      "val_Sensitivity_std": 0.01467717619754503,
      "val_Specificity_mean": 0.9500294985250709,
      "val_Specificity_std": 0.01334485180207158,
      "val_score_mean": 0.7538390223345851,
      "val_score_std": 0.01022725581607148,
      "val_thr_mean": 0.31272851982802014,
      "val_thr_std": 0.04811690959819843
    }
  ],
  "task_id": 27,
  "thr_grid_size": 600
}