{
  "feature_set": "c110",
  "model": "rf",
  "n_bootstrap": 50,
  "param_hash": "bdb980b4c5bd",
  "param_index": 0,
  "params": {
    "bootstrap": true,
    "class_weight": null,
    "max_depth": null,
    "max_features": "sqrt",
    "min_samples_leaf": 2,
    "min_samples_split": 2,
    "n_estimators": 1500
  },
  "runtime_s": 313.3293607234955,
  "summary_preview": [
    {
      "criterion": "f1",
      "feature_set": "c110",
      "model": "rf",
      "param_hash": "bdb980b4c5bd",
      "param_index": 0,
      "test_Brier_mean": 0.05875828218133391,
      "test_Brier_std": 0.001744024870447658,
      "test_LogLoss_mean": 0.21000198246742127,
      "test_LogLoss_std": 0.005119715499133044,
      "test_PR_AUC_mean": 0.8925095175307274,
      "test_PR_AUC_std": 0.006714049165750869,
      "test_Precision_mean": 0.8908781299297622,
      "test_Precision_std": 0.028185194809471483,
      "test_ROC_AUC_mean": 0.9584843376878776,
      "test_ROC_AUC_std": 0.00344275951804865,
      "test_Sensitivity_mean": 0.7578571428571338,
      "test_Sensitivity_std": 0.049793060584885196,
      "test_Specificity_mean": 0.9764601769911475,
      "test_Specificity_std": 0.007917303823944961,
      "val_Precision_mean": 0.8886378187007347,
      "val_Precision_std": 0.042767843898501016,
      "val_Sensitivity_mean": 0.7252380952380867,
      "val_Sensitivity_std": 0.027405764732630553,
      "val_Specificity_mean": 0.976755162241885,
      "val_Specificity_std": 0.010350509437282735,
      "val_score_mean": 0.7974170163601059,
      "val_score_std": 0.012326058000440107,
      "val_thr_mean": 0.4394315321583754,
      "val_thr_std": 0.05811287126049164
    },
    {
      "criterion": "youden",
      "feature_set": "c110",
      "model": "rf",
      "param_hash": "bdb980b4c5bd",
      "param_index": 0,
      "test_Brier_mean": 0.05875828218133391,
      "test_Brier_std": 0.001744024870447658,
      "test_LogLoss_mean": 0.21000198246742127,
      "test_LogLoss_std": 0.005119715499133044,
      "test_PR_AUC_mean": 0.8925095175307274,
      "test_PR_AUC_std": 0.006714049165750869,
      "test_Precision_mean": 0.8053801574369794,
      "test_Precision_std": 0.06312124941246243,
      "test_ROC_AUC_mean": 0.9584843376878776,
      "test_ROC_AUC_std": 0.00344275951804865,
      "test_Sensitivity_mean": 0.8340476190476092,
      "test_Sensitivity_std": 0.037136408949138014,
      "test_Specificity_mean": 0.9476696165191711,
      "test_Specificity_std": 0.023665023626119084,
      "val_Precision_mean": 0.7540344792597886,
      "val_Precision_std": 0.08387572582426467,
      "val_Sensitivity_mean": 0.7849999999999908,
      "val_Sensitivity_std": 0.03455437472751388,
      "val_Specificity_mean": 0.9322123893805282,
      "val_Specificity_std": 0.032622983462672034,
      "val_score_mean": 0.7172123893805188,
      "val_score_std": 0.015358402620670383,
      "val_thr_mean": 0.3191749938634296,
      "val_thr_std": 0.056916201685156924
    }
  ],
  "task_id": 0,
  "thr_grid_size": 600
}