{
  "feature_set": "c110_snr",
  "model": "rf",
  "n_bootstrap": 50,
  "param_hash": "9de4c70c192e",
  "param_index": 18,
  "params": {
    "bootstrap": true,
    "class_weight": "balanced",
    "max_depth": null,
    "max_features": "0.5",
    "min_samples_leaf": 4,
    "min_samples_split": 8,
    "n_estimators": 800
  },
  "runtime_s": 928.1665613651276,
  "summary_preview": [
    {
      "criterion": "f1",
      "feature_set": "c110_snr",
      "model": "rf",
      "param_hash": "9de4c70c192e",
      "param_index": 18,
      "test_Brier_mean": 0.05563340712537018,
      "test_Brier_std": 0.0030806439214483843,
      "test_LogLoss_mean": 0.2062603983942297,
      "test_LogLoss_std": 0.008976710526349387,
      "test_PR_AUC_mean": 0.8848338700277439,
      "test_PR_AUC_std": 0.014269824315394763,
      "test_Precision_mean": 0.8747545750747879,
      "test_Precision_std": 0.04313427077921904,
      "test_ROC_AUC_mean": 0.952243292597275,
      "test_ROC_AUC_std": 0.006594684918210604,
      "test_Sensitivity_mean": 0.7683333333333242,
      "test_Sensitivity_std": 0.045963067182458996,
      "test_Specificity_mean": 0.9717404129793481,
      "test_Specificity_std": 0.01311234342490719,
      "val_Precision_mean": 0.8980528351020173,
      "val_Precision_std": 0.05338859912495456,
      "val_Sensitivity_mean": 0.7526190476190386,
      "val_Sensitivity_std": 0.03697092723847686,
      "val_Specificity_mean": 0.9775811209439499,
      "val_Specificity_std": 0.014077785999570195,
      "val_score_mean": 0.8167821594202006,
      "val_score_std": 0.014625866013376176,
      "val_thr_mean": 0.45325605908491107,
      "val_thr_std": 0.10388267770843113
    },
    {
      "criterion": "youden",
      "feature_set": "c110_snr",
      "model": "rf",
      "param_hash": "9de4c70c192e",
      "param_index": 18,
      "test_Brier_mean": 0.05563340712537018,
      "test_Brier_std": 0.0030806439214483843,
      "test_LogLoss_mean": 0.2062603983942297,
      "test_LogLoss_std": 0.008976710526349387,
      "test_PR_AUC_mean": 0.8848338700277439,
      "test_PR_AUC_std": 0.014269824315394763,
      "test_Precision_mean": 0.7803944432273663,
      "test_Precision_std": 0.05139283168545974,
      "test_ROC_AUC_mean": 0.952243292597275,
      "test_ROC_AUC_std": 0.006594684918210604,
      "test_Sensitivity_mean": 0.8464285714285614,
      "test_Sensitivity_std": 0.039757380025717055,
      "test_Specificity_mean": 0.9394100294985221,
      "test_Specificity_std": 0.019091294664004693,
      "val_Precision_mean": 0.7892809660309836,
      "val_Precision_std": 0.0488913953138469,
      "val_Sensitivity_mean": 0.8121428571428475,
      "val_Sensitivity_std": 0.02030729038676764,
      "val_Specificity_mean": 0.9450737463126815,
      "val_Specificity_std": 0.016276261245097852,
      "val_score_mean": 0.7572166034555291,
      "val_score_std": 0.012913906024270774,
      "val_thr_mean": 0.2877675417027104,
      "val_thr_std": 0.05556426019389061
    }
  ],
  "task_id": 402,
  "thr_grid_size": 600
}