{
  "feature_set": "c110_d110",
  "model": "brf",
  "n_bootstrap": 50,
  "param_hash": "45c6b76660fe",
  "param_index": 8,
  "params": {
    "max_depth": null,
    "max_features": "0.3",
    "min_samples_leaf": 1,
    "min_samples_split": 2,
    "n_estimators": 1500,
    "replacement": false,
    "sampling_strategy": "auto"
  },
  "runtime_s": 704.6554281711578,
  "summary_preview": [
    {
      "criterion": "f1",
      "feature_set": "c110_d110",
      "model": "brf",
      "param_hash": "45c6b76660fe",
      "param_index": 8,
      "test_Brier_mean": 0.06440626763330708,
      "test_Brier_std": 0.0025037866069159464,
      "test_LogLoss_mean": 0.23864566256951755,
      "test_LogLoss_std": 0.008399082085984649,
      "test_PR_AUC_mean": 0.8967285787204156,
      "test_PR_AUC_std": 0.006110412249583647,
      "test_Precision_mean": 0.8836787180154458,
      "test_Precision_std": 0.028640368016422176,
      "test_ROC_AUC_mean": 0.9570831577468746,
      "test_ROC_AUC_std": 0.003457502206804525,
      "test_Sensitivity_mean": 0.8007142857142762,
      "test_Sensitivity_std": 0.028942560415678935,
      "test_Specificity_mean": 0.9735103244837728,
      "test_Specificity_std": 0.008311241422955017,
      "val_Precision_mean": 0.9005022295223911,
      "val_Precision_std": 0.025527304985221915,
      "val_Sensitivity_mean": 0.7583333333333243,
      "val_Sensitivity_std": 0.025368084847238282,
      "val_Specificity_mean": 0.9789380530973422,
      "val_Specificity_std": 0.006636599551562014,
      "val_score_mean": 0.8226814206996086,
      "val_score_std": 0.011582847697737887,
      "val_thr_mean": 0.6258780634390652,
      "val_thr_std": 0.053202565549459103
    },
    {
      "criterion": "youden",
      "feature_set": "c110_d110",
      "model": "brf",
      "param_hash": "45c6b76660fe",
      "param_index": 8,
      "test_Brier_mean": 0.06440626763330708,
      "test_Brier_std": 0.0025037866069159464,
      "test_LogLoss_mean": 0.23864566256951755,
      "test_LogLoss_std": 0.008399082085984649,
      "test_PR_AUC_mean": 0.8967285787204156,
      "test_PR_AUC_std": 0.006110412249583647,
      "test_Precision_mean": 0.8348454130323393,
      "test_Precision_std": 0.047382158398632704,
      "test_ROC_AUC_mean": 0.9570831577468746,
      "test_ROC_AUC_std": 0.003457502206804525,
      "test_Sensitivity_mean": 0.8409523809523709,
      "test_Sensitivity_std": 0.03278036409022207,
      "test_Specificity_mean": 0.9575221238938024,
      "test_Specificity_std": 0.016686885691717883,
      "val_Precision_mean": 0.8355642554527427,
      "val_Precision_std": 0.05663550973747946,
      "val_Sensitivity_mean": 0.7899999999999906,
      "val_Sensitivity_std": 0.020231663072058342,
      "val_Specificity_mean": 0.9599999999999972,
      "val_Specificity_std": 0.018312180407608913,
      "val_score_mean": 0.7499999999999878,
      "val_score_std": 0.01139560727802845,
      "val_thr_mean": 0.5381458430717864,
      "val_thr_std": 0.0639769275461438
    }
  ],
  "task_id": 152,
  "thr_grid_size": 600
}