{
  "feature_set": "c110_snr",
  "model": "rf",
  "n_bootstrap": 50,
  "param_hash": "8d6e87e8f14c",
  "param_index": 17,
  "params": {
    "bootstrap": true,
    "class_weight": "balanced",
    "max_depth": 10,
    "max_features": "0.2",
    "min_samples_leaf": 2,
    "min_samples_split": 4,
    "n_estimators": 1500
  },
  "runtime_s": 692.2869169712067,
  "summary_preview": [
    {
      "criterion": "f1",
      "feature_set": "c110_snr",
      "model": "rf",
      "param_hash": "8d6e87e8f14c",
      "param_index": 17,
      "test_Brier_mean": 0.05419772360425621,
      "test_Brier_std": 0.002286015765690529,
      "test_LogLoss_mean": 0.2006354371453872,
      "test_LogLoss_std": 0.006323201600755751,
      "test_PR_AUC_mean": 0.9007676293941658,
      "test_PR_AUC_std": 0.0072328087425945825,
      "test_Precision_mean": 0.8749143484318198,
      "test_Precision_std": 0.03978622598068031,
      "test_ROC_AUC_mean": 0.9626611883691529,
      "test_ROC_AUC_std": 0.003030492766771101,
      "test_Sensitivity_mean": 0.7952380952380858,
      "test_Sensitivity_std": 0.04893705636033332,
      "test_Specificity_mean": 0.9708554572271357,
      "test_Specificity_std": 0.012338535294965057,
      "val_Precision_mean": 0.884302681938205,
      "val_Precision_std": 0.04906755412450333,
      "val_Sensitivity_mean": 0.7785714285714194,
      "val_Sensitivity_std": 0.027104383419233068,
      "val_Specificity_mean": 0.9737463126843628,
      "val_Specificity_std": 0.013033010614574013,
      "val_score_mean": 0.8265500762081104,
      "val_score_std": 0.012345289374825158,
      "val_thr_mean": 0.38312282089298555,
      "val_thr_std": 0.07258933619309145
    },
    {
      "criterion": "youden",
      "feature_set": "c110_snr",
      "model": "rf",
      "param_hash": "8d6e87e8f14c",
      "param_index": 17,
      "test_Brier_mean": 0.05419772360425621,
      "test_Brier_std": 0.002286015765690529,
      "test_LogLoss_mean": 0.2006354371453872,
      "test_LogLoss_std": 0.006323201600755751,
      "test_PR_AUC_mean": 0.9007676293941658,
      "test_PR_AUC_std": 0.0072328087425945825,
      "test_Precision_mean": 0.79441097167699,
      "test_Precision_std": 0.048399471114538004,
      "test_ROC_AUC_mean": 0.9626611883691529,
      "test_ROC_AUC_std": 0.003030492766771101,
      "test_Sensitivity_mean": 0.8761904761904659,
      "test_Sensitivity_std": 0.02794502844414078,
      "test_Specificity_mean": 0.9424778761061918,
      "test_Specificity_std": 0.01794077788234974,
      "val_Precision_mean": 0.8041684783890658,
      "val_Precision_std": 0.04036482629124256,
      "val_Sensitivity_mean": 0.8195238095237998,
      "val_Sensitivity_std": 0.01583734248547305,
      "val_Specificity_mean": 0.9497345132743333,
      "val_Specificity_std": 0.013523964051266187,
      "val_score_mean": 0.7692583227981332,
      "val_score_std": 0.008980761072387822,
      "val_thr_mean": 0.25873296961495257,
      "val_thr_std": 0.049146624434882345
    }
  ],
  "task_id": 401,
  "thr_grid_size": 600
}