{
  "feature_set": "c110_d110",
  "model": "et",
  "n_bootstrap": 50,
  "param_hash": "67ed492aca20",
  "param_index": 20,
  "params": {
    "bootstrap": true,
    "max_depth": 20,
    "max_features": "0.3",
    "max_samples": null,
    "min_samples_leaf": 4,
    "min_samples_split": 2,
    "n_estimators": 4000
  },
  "runtime_s": 802.448742389679,
  "summary_preview": [
    {
      "criterion": "f1",
      "feature_set": "c110_d110",
      "model": "et",
      "param_hash": "67ed492aca20",
      "param_index": 20,
      "test_Brier_mean": 0.05083939929988958,
      "test_Brier_std": 0.0014679919537378358,
      "test_LogLoss_mean": 0.1891786740941179,
      "test_LogLoss_std": 0.004391365025162983,
      "test_PR_AUC_mean": 0.9074563133025575,
      "test_PR_AUC_std": 0.00380581797229743,
      "test_Precision_mean": 0.9053404047297734,
      "test_Precision_std": 0.027675339286146777,
      "test_ROC_AUC_mean": 0.9648054502036802,
      "test_ROC_AUC_std": 0.0022934641864786926,
      "test_Sensitivity_mean": 0.795476190476181,
      "test_Sensitivity_std": 0.036766961137078814,
      "test_Specificity_mean": 0.9789380530973422,
      "test_Specificity_std": 0.007906530144759246,
      "val_Precision_mean": 0.8987667377589077,
      "val_Precision_std": 0.04328525501112587,
      "val_Sensitivity_mean": 0.7526190476190386,
      "val_Sensitivity_std": 0.027871446495167092,
      "val_Specificity_mean": 0.9781710914454247,
      "val_Specificity_std": 0.011101508531242692,
      "val_score_mean": 0.8178276476702666,
      "val_score_std": 0.007592246274314429,
      "val_thr_mean": 0.4428914315950187,
      "val_thr_std": 0.07487596807981041
    },
    {
      "criterion": "youden",
      "feature_set": "c110_d110",
      "model": "et",
      "param_hash": "67ed492aca20",
      "param_index": 20,
      "test_Brier_mean": 0.05083939929988958,
      "test_Brier_std": 0.0014679919537378358,
      "test_LogLoss_mean": 0.1891786740941179,
      "test_LogLoss_std": 0.004391365025162983,
      "test_PR_AUC_mean": 0.9074563133025575,
      "test_PR_AUC_std": 0.00380581797229743,
      "test_Precision_mean": 0.8335225990132387,
      "test_Precision_std": 0.039651890597154967,
      "test_ROC_AUC_mean": 0.9648054502036802,
      "test_ROC_AUC_std": 0.0022934641864786926,
      "test_Sensitivity_mean": 0.8676190476190374,
      "test_Sensitivity_std": 0.022257480474806343,
      "test_Specificity_mean": 0.9562241887905576,
      "test_Specificity_std": 0.013594686973407547,
      "val_Precision_mean": 0.8040549868710472,
      "val_Precision_std": 0.03635483292955986,
      "val_Sensitivity_mean": 0.8009523809523715,
      "val_Sensitivity_std": 0.012960924410379224,
      "val_Specificity_mean": 0.9509734513274307,
      "val_Specificity_std": 0.012327736077730642,
      "val_score_mean": 0.7519258322798023,
      "val_score_std": 0.007173692154747021,
      "val_thr_mean": 0.29380308211442613,
      "val_thr_std": 0.04135675049451271
    }
  ],
  "task_id": 140,
  "thr_grid_size": 600
}