{
  "feature_set": "c110_d110_errors_snr",
  "model": "rf",
  "n_bootstrap": 50,
  "param_hash": "7d6e70e1e5a9",
  "param_index": 15,
  "params": {
    "bootstrap": true,
    "class_weight": "balanced",
    "max_depth": null,
    "max_features": "sqrt",
    "min_samples_leaf": 2,
    "min_samples_split": 8,
    "n_estimators": 2500
  },
  "runtime_s": 622.8791933059692,
  "summary_preview": [
    {
      "criterion": "f1",
      "feature_set": "c110_d110_errors_snr",
      "model": "rf",
      "param_hash": "7d6e70e1e5a9",
      "param_index": 15,
      "test_Brier_mean": 0.056409716108646916,
      "test_Brier_std": 0.0016636721400399032,
      "test_LogLoss_mean": 0.20931049035440677,
      "test_LogLoss_std": 0.0045199181919254325,
      "test_PR_AUC_mean": 0.9073385620754911,
      "test_PR_AUC_std": 0.005685427135031068,
      "test_Precision_mean": 0.899693808264638,
      "test_Precision_std": 0.033490272803962794,
      "test_ROC_AUC_mean": 0.9666968675375754,
      "test_ROC_AUC_std": 0.0022158348357448963,
      "test_Sensitivity_mean": 0.7633333333333243,
      "test_Sensitivity_std": 0.0490338890271502,
      "test_Specificity_mean": 0.9782890855457198,
      "test_Specificity_std": 0.009170044121279006,
      "val_Precision_mean": 0.9013925269674055,
      "val_Precision_std": 0.04474184722397771,
      "val_Sensitivity_mean": 0.7430952380952293,
      "val_Sensitivity_std": 0.02966115112977969,
      "val_Specificity_mean": 0.9789970501474896,
      "val_Specificity_std": 0.011286170907482964,
      "val_score_mean": 0.8131292889504727,
      "val_score_std": 0.009440102769608497,
      "val_thr_mean": 0.43080534656414043,
      "val_thr_std": 0.061659413259634525
    },
    {
      "criterion": "youden",
      "feature_set": "c110_d110_errors_snr",
      "model": "rf",
      "param_hash": "7d6e70e1e5a9",
      "param_index": 15,
      "test_Brier_mean": 0.056409716108646916,
      "test_Brier_std": 0.0016636721400399032,
      "test_LogLoss_mean": 0.20931049035440677,
      "test_LogLoss_std": 0.0045199181919254325,
      "test_PR_AUC_mean": 0.9073385620754911,
      "test_PR_AUC_std": 0.005685427135031068,
      "test_Precision_mean": 0.8287310267619787,
      "test_Precision_std": 0.04377553835040446,
      "test_ROC_AUC_mean": 0.9666968675375754,
      "test_ROC_AUC_std": 0.0022158348357448963,
      "test_Sensitivity_mean": 0.8602380952380851,
      "test_Sensitivity_std": 0.03322295343743111,
      "test_Specificity_mean": 0.9547492625368703,
      "test_Specificity_std": 0.016586654915128226,
      "val_Precision_mean": 0.8006752613263548,
      "val_Precision_std": 0.04877751741514747,
      "val_Sensitivity_mean": 0.798571428571419,
      "val_Sensitivity_std": 0.01813279310919959,
      "val_Specificity_mean": 0.9494395280235959,
      "val_Specificity_std": 0.018125519945158926,
      "val_score_mean": 0.748010956595015,
      "val_score_std": 0.009956173451716711,
      "val_thr_mean": 0.31243361274455167,
      "val_thr_std": 0.03952380654351515
    }
  ],
  "task_id": 591,
  "thr_grid_size": 600
}