{
  "feature_set": "c110_d110_errors",
  "model": "bbag",
  "n_bootstrap": 50,
  "param_hash": "015dc37e99e6",
  "param_index": 20,
  "params": {
    "base_max_depth": 20,
    "base_max_features": "0.5",
    "base_min_samples_leaf": 4,
    "base_min_samples_split": 4,
    "bootstrap": true,
    "max_features": 0.7,
    "max_samples": 1.0,
    "n_estimators": 800,
    "replacement": true,
    "sampling_strategy": "auto"
  },
  "runtime_s": 146.4040277004242,
  "summary_preview": [
    {
      "criterion": "f1",
      "feature_set": "c110_d110_errors",
      "model": "bbag",
      "param_hash": "015dc37e99e6",
      "param_index": 20,
      "test_Brier_mean": 0.0628139848366246,
      "test_Brier_std": 0.002323040830805489,
      "test_LogLoss_mean": 0.23882822850501495,
      "test_LogLoss_std": 0.006906123790510207,
      "test_PR_AUC_mean": 0.9065811271560057,
      "test_PR_AUC_std": 0.005301057626608967,
      "test_Precision_mean": 0.8852734891576989,
      "test_Precision_std": 0.0383842053920766,
      "test_ROC_AUC_mean": 0.9675179098187948,
      "test_ROC_AUC_std": 0.0023860670228306397,
      "test_Sensitivity_mean": 0.7923809523809431,
      "test_Sensitivity_std": 0.0468326711638656,
      "test_Specificity_mean": 0.9736873156342153,
      "test_Specificity_std": 0.011002529405355026,
      "val_Precision_mean": 0.8802772747406296,
      "val_Precision_std": 0.05499312255769112,
      "val_Sensitivity_mean": 0.7540476190476102,
      "val_Sensitivity_std": 0.03531604988029587,
      "val_Specificity_mean": 0.9732153392330355,
      "val_Specificity_std": 0.014325871804439632,
      "val_score_mean": 0.8100099849274636,
      "val_score_std": 0.008737787956795952,
      "val_thr_mean": 0.5923216184154374,
      "val_thr_std": 0.0874390092744543
    },
    {
      "criterion": "youden",
      "feature_set": "c110_d110_errors",
      "model": "bbag",
      "param_hash": "015dc37e99e6",
      "param_index": 20,
      "test_Brier_mean": 0.0628139848366246,
      "test_Brier_std": 0.002323040830805489,
      "test_LogLoss_mean": 0.23882822850501495,
      "test_LogLoss_std": 0.006906123790510207,
      "test_PR_AUC_mean": 0.9065811271560057,
      "test_PR_AUC_std": 0.005301057626608967,
      "test_Precision_mean": 0.8293460352650179,
      "test_Precision_std": 0.03675121849911654,
      "test_ROC_AUC_mean": 0.9675179098187948,
      "test_ROC_AUC_std": 0.0023860670228306397,
      "test_Sensitivity_mean": 0.8538095238095137,
      "test_Sensitivity_std": 0.031454770127066,
      "test_Specificity_mean": 0.9556342182890826,
      "test_Specificity_std": 0.01375829341924101,
      "val_Precision_mean": 0.8031394105028646,
      "val_Precision_std": 0.0364155294271034,
      "val_Sensitivity_mean": 0.795476190476181,
      "val_Sensitivity_std": 0.013324045772653524,
      "val_Specificity_mean": 0.9510324483775783,
      "val_Specificity_std": 0.012515164268788412,
      "val_score_mean": 0.7465086388537593,
      "val_score_std": 0.009329976805056914,
      "val_thr_mean": 0.4778573990965676,
      "val_thr_std": 0.04690736189684273
    }
  ],
  "task_id": 380,
  "thr_grid_size": 600
}