{
  "feature_set": "c110_d110_errors",
  "model": "rf",
  "n_bootstrap": 50,
  "param_hash": "136da55ab336",
  "param_index": 19,
  "params": {
    "bootstrap": true,
    "class_weight": "balanced",
    "max_depth": 20,
    "max_features": "0.3",
    "min_samples_leaf": 4,
    "min_samples_split": 4,
    "n_estimators": 1500
  },
  "runtime_s": 1431.1112868785858,
  "summary_preview": [
    {
      "criterion": "f1",
      "feature_set": "c110_d110_errors",
      "model": "rf",
      "param_hash": "136da55ab336",
      "param_index": 19,
      "test_Brier_mean": 0.04957319051231198,
      "test_Brier_std": 0.0016746474196514926,
      "test_LogLoss_mean": 0.188887101841466,
      "test_LogLoss_std": 0.004852008151125853,
      "test_PR_AUC_mean": 0.9013295819986716,
      "test_PR_AUC_std": 0.005745194537315552,
      "test_Precision_mean": 0.8930693322425804,
      "test_Precision_std": 0.020418300679646003,
      "test_ROC_AUC_mean": 0.9617102121084422,
      "test_ROC_AUC_std": 0.00264103123730733,
      "test_Sensitivity_mean": 0.8107142857142762,
      "test_Sensitivity_std": 0.028584585567978604,
      "test_Specificity_mean": 0.9757522123893776,
      "test_Specificity_std": 0.005662876445189192,
      "val_Precision_mean": 0.9062101025169517,
      "val_Precision_std": 0.02461895090642646,
      "val_Sensitivity_mean": 0.75904761904761,
      "val_Sensitivity_std": 0.021452853103702412,
      "val_Specificity_mean": 0.9802949852507346,
      "val_Specificity_std": 0.00600235779680229,
      "val_score_mean": 0.8256403267822918,
      "val_score_std": 0.011397158865554223,
      "val_thr_mean": 0.47542697854098875,
      "val_thr_std": 0.05094520874312231
    },
    {
      "criterion": "youden",
      "feature_set": "c110_d110_errors",
      "model": "rf",
      "param_hash": "136da55ab336",
      "param_index": 19,
      "test_Brier_mean": 0.04957319051231198,
      "test_Brier_std": 0.0016746474196514926,
      "test_LogLoss_mean": 0.188887101841466,
      "test_LogLoss_std": 0.004852008151125853,
      "test_PR_AUC_mean": 0.9013295819986716,
      "test_PR_AUC_std": 0.005745194537315552,
      "test_Precision_mean": 0.8270510280508163,
      "test_Precision_std": 0.057279792628235425,
      "test_ROC_AUC_mean": 0.9617102121084422,
      "test_ROC_AUC_std": 0.00264103123730733,
      "test_Sensitivity_mean": 0.8590476190476088,
      "test_Sensitivity_std": 0.031667379081108116,
      "test_Specificity_mean": 0.9536873156342154,
      "test_Specificity_std": 0.02026483782308399,
      "val_Precision_mean": 0.8232857094427808,
      "val_Precision_std": 0.06531883763643948,
      "val_Sensitivity_mean": 0.7969047619047526,
      "val_Sensitivity_std": 0.023492791249375627,
      "val_Specificity_mean": 0.9555752212389352,
      "val_Specificity_std": 0.02114113697232779,
      "val_score_mean": 0.7524799831436876,
      "val_score_std": 0.00955430574921708,
      "val_thr_mean": 0.35575601841209553,
      "val_thr_std": 0.08175852197929759
    }
  ],
  "task_id": 307,
  "thr_grid_size": 600
}