{
  "feature_set": "c110_d110",
  "model": "brf",
  "n_bootstrap": 50,
  "param_hash": "90cb8109e6a5",
  "param_index": 14,
  "params": {
    "max_depth": 30,
    "max_features": "0.3",
    "min_samples_leaf": 1,
    "min_samples_split": 4,
    "n_estimators": 800,
    "replacement": false,
    "sampling_strategy": "auto"
  },
  "runtime_s": 427.64973735809326,
  "summary_preview": [
    {
      "criterion": "f1",
      "feature_set": "c110_d110",
      "model": "brf",
      "param_hash": "90cb8109e6a5",
      "param_index": 14,
      "test_Brier_mean": 0.06482772594480563,
      "test_Brier_std": 0.003172182318041307,
      "test_LogLoss_mean": 0.24041623796298028,
      "test_LogLoss_std": 0.010396509719539846,
      "test_PR_AUC_mean": 0.8977022552975843,
      "test_PR_AUC_std": 0.006211348888605025,
      "test_Precision_mean": 0.8920507351058954,
      "test_Precision_std": 0.024975946767825483,
      "test_ROC_AUC_mean": 0.9579231633656413,
      "test_ROC_AUC_std": 0.004200558498992279,
      "test_Sensitivity_mean": 0.7973809523809429,
      "test_Sensitivity_std": 0.030374168704429546,
      "test_Specificity_mean": 0.9758112094395252,
      "test_Specificity_std": 0.006555562236032043,
      "val_Precision_mean": 0.9086426691230622,
      "val_Precision_std": 0.02372172128304111,
      "val_Sensitivity_mean": 0.7554761904761815,
      "val_Sensitivity_std": 0.023835020362047144,
      "val_Specificity_mean": 0.9809439528023569,
      "val_Specificity_std": 0.005565451505197233,
      "val_score_mean": 0.8244713122475722,
      "val_score_std": 0.011523672600737238,
      "val_thr_mean": 0.6314954020589874,
      "val_thr_std": 0.05211819713655736
    },
    {
      "criterion": "youden",
      "feature_set": "c110_d110",
      "model": "brf",
      "param_hash": "90cb8109e6a5",
      "param_index": 14,
      "test_Brier_mean": 0.06482772594480563,
      "test_Brier_std": 0.003172182318041307,
      "test_LogLoss_mean": 0.24041623796298028,
      "test_LogLoss_std": 0.010396509719539846,
      "test_PR_AUC_mean": 0.8977022552975843,
      "test_PR_AUC_std": 0.006211348888605025,
      "test_Precision_mean": 0.8295937016385503,
      "test_Precision_std": 0.055016430752555655,
      "test_ROC_AUC_mean": 0.9579231633656413,
      "test_ROC_AUC_std": 0.004200558498992279,
      "test_Sensitivity_mean": 0.8449999999999901,
      "test_Sensitivity_std": 0.0320423689269534,
      "test_Specificity_mean": 0.9552802359881977,
      "test_Specificity_std": 0.020027809898062653,
      "val_Precision_mean": 0.8302514546546584,
      "val_Precision_std": 0.062064448778156256,
      "val_Sensitivity_mean": 0.7921428571428477,
      "val_Sensitivity_std": 0.01912187905262957,
      "val_Specificity_mean": 0.9581120943952773,
      "val_Specificity_std": 0.020166011148765872,
      "val_score_mean": 0.7502549515381252,
      "val_score_std": 0.009960368946360309,
      "val_thr_mean": 0.5296594532554257,
      "val_thr_std": 0.06524517147768667
    }
  ],
  "task_id": 158,
  "thr_grid_size": 600
}