{
  "feature_set": "c110_snr",
  "model": "bbag",
  "n_bootstrap": 50,
  "param_hash": "a7b61653c68d",
  "param_index": 22,
  "params": {
    "base_max_depth": 20,
    "base_max_features": "0.3",
    "base_min_samples_leaf": 4,
    "base_min_samples_split": 2,
    "bootstrap": true,
    "max_features": 0.5,
    "max_samples": 0.9,
    "n_estimators": 200,
    "replacement": true,
    "sampling_strategy": "auto"
  },
  "runtime_s": 39.38153123855591,
  "summary_preview": [
    {
      "criterion": "f1",
      "feature_set": "c110_snr",
      "model": "bbag",
      "param_hash": "a7b61653c68d",
      "param_index": 22,
      "test_Brier_mean": 0.09206553701876864,
      "test_Brier_std": 0.003060196548234763,
      "test_LogLoss_mean": 0.32694774805544957,
      "test_LogLoss_std": 0.00796901298110461,
      "test_PR_AUC_mean": 0.8294930671011368,
      "test_PR_AUC_std": 0.012996130830281663,
      "test_Precision_mean": 0.8029332270684961,
      "test_Precision_std": 0.03889088860113134,
      "test_ROC_AUC_mean": 0.9334190195252142,
      "test_ROC_AUC_std": 0.00669427656156506,
      "test_Sensitivity_mean": 0.7197619047618963,
      "test_Sensitivity_std": 0.056467195123655396,
      "test_Specificity_mean": 0.9550442477876078,
      "test_Specificity_std": 0.014786059691043681,
      "val_Precision_mean": 0.7746190859222155,
      "val_Precision_std": 0.04826622445071988,
      "val_Sensitivity_mean": 0.7154761904761819,
      "val_Sensitivity_std": 0.040119476571718764,
      "val_Specificity_mean": 0.9469026548672538,
      "val_Specificity_std": 0.017034456747920514,
      "val_score_mean": 0.741578655897855,
      "val_score_std": 0.013569089927513028,
      "val_thr_mean": 0.508125345995129,
      "val_thr_std": 0.04198042470340216
    },
    {
      "criterion": "youden",
      "feature_set": "c110_snr",
      "model": "bbag",
      "param_hash": "a7b61653c68d",
      "param_index": 22,
      "test_Brier_mean": 0.09206553701876864,
      "test_Brier_std": 0.003060196548234763,
      "test_LogLoss_mean": 0.32694774805544957,
      "test_LogLoss_std": 0.00796901298110461,
      "test_PR_AUC_mean": 0.8294930671011368,
      "test_PR_AUC_std": 0.012996130830281663,
      "test_Precision_mean": 0.7004609754710086,
      "test_Precision_std": 0.07223592592044992,
      "test_ROC_AUC_mean": 0.9334190195252142,
      "test_ROC_AUC_std": 0.00669427656156506,
      "test_Sensitivity_mean": 0.7978571428571334,
      "test_Sensitivity_std": 0.03065850623909762,
      "test_Specificity_mean": 0.9116224188790533,
      "test_Specificity_std": 0.03307423423200504,
      "val_Precision_mean": 0.6709138560455618,
      "val_Precision_std": 0.04935917858794393,
      "val_Sensitivity_mean": 0.7840476190476098,
      "val_Sensitivity_std": 0.02511139511932203,
      "val_Specificity_mean": 0.9027728613569295,
      "val_Specificity_std": 0.02310420188583931,
      "val_score_mean": 0.6868204804045392,
      "val_score_std": 0.01857165554129282,
      "val_thr_mean": 0.4302193214821721,
      "val_thr_std": 0.03237012809151766
    }
  ],
  "task_id": 478,
  "thr_grid_size": 600
}