{
  "feature_set": "c110_d110_errors",
  "model": "rf",
  "n_bootstrap": 50,
  "param_hash": "551bbcb96f06",
  "param_index": 22,
  "params": {
    "bootstrap": true,
    "class_weight": null,
    "max_depth": null,
    "max_features": "0.5",
    "min_samples_leaf": 4,
    "min_samples_split": 4,
    "n_estimators": 800
  },
  "runtime_s": 1681.061223745346,
  "summary_preview": [
    {
      "criterion": "f1",
      "feature_set": "c110_d110_errors",
      "model": "rf",
      "param_hash": "551bbcb96f06",
      "param_index": 22,
      "test_Brier_mean": 0.05129271462823292,
      "test_Brier_std": 0.00286385550308725,
      "test_LogLoss_mean": 0.1897056134942873,
      "test_LogLoss_std": 0.013075128347967625,
      "test_PR_AUC_mean": 0.8953683457942023,
      "test_PR_AUC_std": 0.011275138529367238,
      "test_Precision_mean": 0.9106807140821985,
      "test_Precision_std": 0.02001472415368515,
      "test_ROC_AUC_mean": 0.9573216041578874,
      "test_ROC_AUC_std": 0.005979067005732862,
      "test_Sensitivity_mean": 0.7688095238095147,
      "test_Sensitivity_std": 0.03908531802662251,
      "test_Specificity_mean": 0.9811799410029469,
      "test_Specificity_std": 0.004874138409861915,
      "val_Precision_mean": 0.9113071666954748,
      "val_Precision_std": 0.02659791231785205,
      "val_Sensitivity_mean": 0.7304761904761818,
      "val_Sensitivity_std": 0.02037412126785271,
      "val_Specificity_mean": 0.9821238938053068,
      "val_Specificity_std": 0.006089593562429425,
      "val_score_mean": 0.8104224251392244,
      "val_score_std": 0.010493740267682575,
      "val_thr_mean": 0.5059487282620109,
      "val_thr_std": 0.07428204139667892
    },
    {
      "criterion": "youden",
      "feature_set": "c110_d110_errors",
      "model": "rf",
      "param_hash": "551bbcb96f06",
      "param_index": 22,
      "test_Brier_mean": 0.05129271462823292,
      "test_Brier_std": 0.00286385550308725,
      "test_LogLoss_mean": 0.1897056134942873,
      "test_LogLoss_std": 0.013075128347967625,
      "test_PR_AUC_mean": 0.8953683457942023,
      "test_PR_AUC_std": 0.011275138529367238,
      "test_Precision_mean": 0.8624368275139599,
      "test_Precision_std": 0.044089934872652344,
      "test_ROC_AUC_mean": 0.9573216041578874,
      "test_ROC_AUC_std": 0.005979067005732862,
      "test_Sensitivity_mean": 0.8266666666666569,
      "test_Sensitivity_std": 0.037349974474841195,
      "test_Specificity_mean": 0.9663716814159262,
      "test_Specificity_std": 0.01360304457780778,
      "val_Precision_mean": 0.8233918171910721,
      "val_Precision_std": 0.06784695548962587,
      "val_Sensitivity_mean": 0.7707142857142766,
      "val_Sensitivity_std": 0.026215863656235627,
      "val_Specificity_mean": 0.95687315634218,
      "val_Specificity_std": 0.0211954986913902,
      "val_score_mean": 0.7275874420564565,
      "val_score_std": 0.012375399038550996,
      "val_thr_mean": 0.37221480770764004,
      "val_thr_std": 0.08035633299077717
    }
  ],
  "task_id": 310,
  "thr_grid_size": 600
}