{
  "feature_set": "c110_d110_errors",
  "model": "bbag",
  "n_bootstrap": 50,
  "param_hash": "1336419b5077",
  "param_index": 17,
  "params": {
    "base_max_depth": 10,
    "base_max_features": "sqrt",
    "base_min_samples_leaf": 4,
    "base_min_samples_split": 2,
    "bootstrap": true,
    "max_features": 1.0,
    "max_samples": 0.9,
    "n_estimators": 500,
    "replacement": true,
    "sampling_strategy": "auto"
  },
  "runtime_s": 75.28402209281921,
  "summary_preview": [
    {
      "criterion": "f1",
      "feature_set": "c110_d110_errors",
      "model": "bbag",
      "param_hash": "1336419b5077",
      "param_index": 17,
      "test_Brier_mean": 0.0890488638731349,
      "test_Brier_std": 0.002463375327877516,
      "test_LogLoss_mean": 0.31778908905220865,
      "test_LogLoss_std": 0.007256687339848761,
      "test_PR_AUC_mean": 0.8490325200614492,
      "test_PR_AUC_std": 0.011278360888561639,
      "test_Precision_mean": 0.7971415879897035,
      "test_Precision_std": 0.026107705967253456,
      "test_ROC_AUC_mean": 0.9462930186823992,
      "test_ROC_AUC_std": 0.0060576773003145025,
      "test_Sensitivity_mean": 0.7057142857142773,
      "test_Sensitivity_std": 0.04103118054421779,
      "test_Specificity_mean": 0.9549852507374602,
      "test_Specificity_std": 0.009550436581233586,
      "val_Precision_mean": 0.7867828940914454,
      "val_Precision_std": 0.04637758506728479,
      "val_Sensitivity_mean": 0.6961904761904679,
      "val_Sensitivity_std": 0.035121415314430464,
      "val_Specificity_mean": 0.9519764011799381,
      "val_Specificity_std": 0.015403467383026701,
      "val_score_mean": 0.7367886673292819,
      "val_score_std": 0.013847034136224972,
      "val_thr_mean": 0.5379765676474338,
      "val_thr_std": 0.04022282435938632
    },
    {
      "criterion": "youden",
      "feature_set": "c110_d110_errors",
      "model": "bbag",
      "param_hash": "1336419b5077",
      "param_index": 17,
      "test_Brier_mean": 0.0890488638731349,
      "test_Brier_std": 0.002463375327877516,
      "test_LogLoss_mean": 0.31778908905220865,
      "test_LogLoss_std": 0.007256687339848761,
      "test_PR_AUC_mean": 0.8490325200614492,
      "test_PR_AUC_std": 0.011278360888561639,
      "test_Precision_mean": 0.6692710543283431,
      "test_Precision_std": 0.0515319390683895,
      "test_ROC_AUC_mean": 0.9462930186823992,
      "test_ROC_AUC_std": 0.0060576773003145025,
      "test_Sensitivity_mean": 0.8273809523809426,
      "test_Sensitivity_std": 0.03403485730644431,
      "test_Specificity_mean": 0.8964601769911478,
      "test_Specificity_std": 0.025356338315673063,
      "val_Precision_mean": 0.6502379280880486,
      "val_Precision_std": 0.042398948335511576,
      "val_Sensitivity_mean": 0.7907142857142763,
      "val_Sensitivity_std": 0.017022101961974154,
      "val_Specificity_mean": 0.8932153392330356,
      "val_Specificity_std": 0.019439633535053964,
      "val_score_mean": 0.6839296249473119,
      "val_score_std": 0.014465930591282686,
      "val_thr_mean": 0.4230083838287148,
      "val_thr_std": 0.027843867047091377
    }
  ],
  "task_id": 377,
  "thr_grid_size": 600
}