{
  "feature_set": "c110_d110",
  "model": "rf",
  "n_bootstrap": 50,
  "param_hash": "044085776d9d",
  "param_index": 10,
  "params": {
    "bootstrap": true,
    "class_weight": null,
    "max_depth": 20,
    "max_features": "sqrt",
    "min_samples_leaf": 2,
    "min_samples_split": 4,
    "n_estimators": 4000
  },
  "runtime_s": 990.3192384243011,
  "summary_preview": [
    {
      "criterion": "f1",
      "feature_set": "c110_d110",
      "model": "rf",
      "param_hash": "044085776d9d",
      "param_index": 10,
      "test_Brier_mean": 0.054839343723919,
      "test_Brier_std": 0.0017243239958499017,
      "test_LogLoss_mean": 0.20052617987129698,
      "test_LogLoss_std": 0.004638232414353184,
      "test_PR_AUC_mean": 0.8966635047856762,
      "test_PR_AUC_std": 0.006247863854427028,
      "test_Precision_mean": 0.9099877050859624,
      "test_Precision_std": 0.02620768405988364,
      "test_ROC_AUC_mean": 0.9589612305099031,
      "test_ROC_AUC_std": 0.002970562572447306,
      "test_Sensitivity_mean": 0.7795238095238003,
      "test_Sensitivity_std": 0.045011195073940344,
      "test_Specificity_mean": 0.980471976401177,
      "test_Specificity_std": 0.007368970194870407,
      "val_Precision_mean": 0.9073057992447867,
      "val_Precision_std": 0.03886610318185986,
      "val_Sensitivity_mean": 0.7404761904761817,
      "val_Sensitivity_std": 0.029061237228970836,
      "val_Specificity_mean": 0.980589970501472,
      "val_Specificity_std": 0.009757927048960018,
      "val_score_mean": 0.8142073821614936,
      "val_score_std": 0.009703146020689508,
      "val_thr_mean": 0.46531149179474907,
      "val_thr_std": 0.058882000793216545
    },
    {
      "criterion": "youden",
      "feature_set": "c110_d110",
      "model": "rf",
      "param_hash": "044085776d9d",
      "param_index": 10,
      "test_Brier_mean": 0.054839343723919,
      "test_Brier_std": 0.0017243239958499017,
      "test_LogLoss_mean": 0.20052617987129698,
      "test_LogLoss_std": 0.004638232414353184,
      "test_PR_AUC_mean": 0.8966635047856762,
      "test_PR_AUC_std": 0.006247863854427028,
      "test_Precision_mean": 0.856282740856268,
      "test_Precision_std": 0.029688165480467734,
      "test_ROC_AUC_mean": 0.9589612305099031,
      "test_ROC_AUC_std": 0.002970562572447306,
      "test_Sensitivity_mean": 0.8423809523809425,
      "test_Sensitivity_std": 0.02062806693885188,
      "test_Specificity_mean": 0.9646017699115015,
      "test_Specificity_std": 0.008758790430183922,
      "val_Precision_mean": 0.8176668650799289,
      "val_Precision_std": 0.0422284198729815,
      "val_Sensitivity_mean": 0.7826190476190383,
      "val_Sensitivity_std": 0.015551695904291413,
      "val_Specificity_mean": 0.956047197640115,
      "val_Specificity_std": 0.012173499220947551,
      "val_score_mean": 0.7386662452591534,
      "val_score_std": 0.013983652356508064,
      "val_thr_mean": 0.36030438359442063,
      "val_thr_std": 0.035558163237464926
    }
  ],
  "task_id": 106,
  "thr_grid_size": 600
}