{
  "feature_set": "c110",
  "model": "rf",
  "n_bootstrap": 50,
  "param_hash": "9de4c70c192e",
  "param_index": 18,
  "params": {
    "bootstrap": true,
    "class_weight": "balanced",
    "max_depth": null,
    "max_features": "0.5",
    "min_samples_leaf": 4,
    "min_samples_split": 8,
    "n_estimators": 800
  },
  "runtime_s": 428.7473294734955,
  "summary_preview": [
    {
      "criterion": "f1",
      "feature_set": "c110",
      "model": "rf",
      "param_hash": "9de4c70c192e",
      "param_index": 18,
      "test_Brier_mean": 0.052509012341022725,
      "test_Brier_std": 0.002862355808802075,
      "test_LogLoss_mean": 0.19480894487569422,
      "test_LogLoss_std": 0.007650756397650287,
      "test_PR_AUC_mean": 0.9028428071038743,
      "test_PR_AUC_std": 0.009306540209231199,
      "test_Precision_mean": 0.8879311377064029,
      "test_Precision_std": 0.03399439850507844,
      "test_ROC_AUC_mean": 0.9604530130636326,
      "test_ROC_AUC_std": 0.004437308654984199,
      "test_Sensitivity_mean": 0.7780952380952288,
      "test_Sensitivity_std": 0.05162678213151194,
      "test_Specificity_mean": 0.9749852507374602,
      "test_Specificity_std": 0.01008282945047662,
      "val_Precision_mean": 0.9138810518293873,
      "val_Precision_std": 0.03835227377555624,
      "val_Sensitivity_mean": 0.7566666666666577,
      "val_Sensitivity_std": 0.0375045310172391,
      "val_Specificity_mean": 0.9816519174041268,
      "val_Specificity_std": 0.009706836163958796,
      "val_score_mean": 0.8263989659579536,
      "val_score_std": 0.015884437501950482,
      "val_thr_mean": 0.48167143105754645,
      "val_thr_std": 0.08922416585260128
    },
    {
      "criterion": "youden",
      "feature_set": "c110",
      "model": "rf",
      "param_hash": "9de4c70c192e",
      "param_index": 18,
      "test_Brier_mean": 0.052509012341022725,
      "test_Brier_std": 0.002862355808802075,
      "test_LogLoss_mean": 0.19480894487569422,
      "test_LogLoss_std": 0.007650756397650287,
      "test_PR_AUC_mean": 0.9028428071038743,
      "test_PR_AUC_std": 0.009306540209231199,
      "test_Precision_mean": 0.8042783152425019,
      "test_Precision_std": 0.056419122307157114,
      "test_ROC_AUC_mean": 0.9604530130636326,
      "test_ROC_AUC_std": 0.004437308654984199,
      "test_Sensitivity_mean": 0.8585714285714183,
      "test_Sensitivity_std": 0.03588717466424436,
      "test_Specificity_mean": 0.9464306784660738,
      "test_Specificity_std": 0.020878689819382665,
      "val_Precision_mean": 0.8089662148105679,
      "val_Precision_std": 0.06361053667893,
      "val_Sensitivity_mean": 0.8104761904761808,
      "val_Sensitivity_std": 0.018759975827398013,
      "val_Specificity_mean": 0.9507374631268408,
      "val_Specificity_std": 0.021223631431764655,
      "val_score_mean": 0.7612136536030216,
      "val_score_std": 0.016441302264258384,
      "val_thr_mean": 0.3262631194487862,
      "val_thr_std": 0.057680154807049536
    }
  ],
  "task_id": 18,
  "thr_grid_size": 600
}