{
  "feature_set": "c110",
  "model": "bbag",
  "n_bootstrap": 50,
  "param_hash": "e8e57d59ac26",
  "param_index": 18,
  "params": {
    "base_max_depth": 20,
    "base_max_features": "0.3",
    "base_min_samples_leaf": 2,
    "base_min_samples_split": 2,
    "bootstrap": true,
    "max_features": 0.5,
    "max_samples": 0.5,
    "n_estimators": 500,
    "replacement": false,
    "sampling_strategy": "auto"
  },
  "runtime_s": 43.23876118659973,
  "summary_preview": [
    {
      "criterion": "f1",
      "feature_set": "c110",
      "model": "bbag",
      "param_hash": "e8e57d59ac26",
      "param_index": 18,
      "test_Brier_mean": 0.08539932821190473,
      "test_Brier_std": 0.0031065921416076883,
      "test_LogLoss_mean": 0.30786132865304083,
      "test_LogLoss_std": 0.0090660726420696,
      "test_PR_AUC_mean": 0.8641167764456668,
      "test_PR_AUC_std": 0.009066030988539553,
      "test_Precision_mean": 0.829861605386793,
      "test_Precision_std": 0.016484226983639712,
      "test_ROC_AUC_mean": 0.9476253687315633,
      "test_ROC_AUC_std": 0.0050763873647903055,
      "test_Sensitivity_mean": 0.7526190476190386,
      "test_Sensitivity_std": 0.043311622194859165,
      "test_Specificity_mean": 0.9615339233038318,
      "test_Specificity_std": 0.0060764565251330465,
      "val_Precision_mean": 0.796418533318128,
      "val_Precision_std": 0.03714422322005728,
      "val_Sensitivity_mean": 0.73357142857142,
      "val_Sensitivity_std": 0.03234781503423352,
      "val_Specificity_mean": 0.9527433628318555,
      "val_Specificity_std": 0.011836825873869706,
      "val_score_mean": 0.7624003554954318,
      "val_score_std": 0.0132188269862861,
      "val_thr_mean": 0.5220724520109828,
      "val_thr_std": 0.031908448388607964
    },
    {
      "criterion": "youden",
      "feature_set": "c110",
      "model": "bbag",
      "param_hash": "e8e57d59ac26",
      "param_index": 18,
      "test_Brier_mean": 0.08539932821190473,
      "test_Brier_std": 0.0031065921416076883,
      "test_LogLoss_mean": 0.30786132865304083,
      "test_LogLoss_std": 0.0090660726420696,
      "test_PR_AUC_mean": 0.8641167764456668,
      "test_PR_AUC_std": 0.009066030988539553,
      "test_Precision_mean": 0.7304558359464122,
      "test_Precision_std": 0.06011155494485456,
      "test_ROC_AUC_mean": 0.9476253687315633,
      "test_ROC_AUC_std": 0.0050763873647903055,
      "test_Sensitivity_mean": 0.8340476190476092,
      "test_Sensitivity_std": 0.030650958136259263,
      "test_Specificity_mean": 0.9212389380530945,
      "test_Specificity_std": 0.02597901198138258,
      "val_Precision_mean": 0.685031026363511,
      "val_Precision_std": 0.04325013426310389,
      "val_Sensitivity_mean": 0.8040476190476095,
      "val_Sensitivity_std": 0.019272542263003963,
      "val_Specificity_mean": 0.9070206489675489,
      "val_Specificity_std": 0.0192305932166196,
      "val_score_mean": 0.7110682680151583,
      "val_score_std": 0.014174895051876617,
      "val_thr_mean": 0.43707316877037655,
      "val_thr_std": 0.029302404763765666
    }
  ],
  "task_id": 90,
  "thr_grid_size": 600
}