{
  "feature_set": "c110_d110",
  "model": "et",
  "n_bootstrap": 50,
  "param_hash": "ceef262f88a3",
  "param_index": 16,
  "params": {
    "bootstrap": false,
    "max_depth": 20,
    "max_features": "0.2",
    "max_samples": 1.0,
    "min_samples_leaf": 1,
    "min_samples_split": 4,
    "n_estimators": 2500
  },
  "runtime_s": 409.83401679992676,
  "summary_preview": [
    {
      "criterion": "f1",
      "feature_set": "c110_d110",
      "model": "et",
      "param_hash": "ceef262f88a3",
      "param_index": 16,
      "test_Brier_mean": 0.04925951787694282,
      "test_Brier_std": 0.001265474667118776,
      "test_LogLoss_mean": 0.18532889560099497,
      "test_LogLoss_std": 0.0034925120022323173,
      "test_PR_AUC_mean": 0.9111095337202992,
      "test_PR_AUC_std": 0.003207739558280654,
      "test_Precision_mean": 0.9201541621900327,
      "test_Precision_std": 0.016406617512384394,
      "test_ROC_AUC_mean": 0.9651383621295127,
      "test_ROC_AUC_std": 0.0017481222874510735,
      "test_Sensitivity_mean": 0.800476190476181,
      "test_Sensitivity_std": 0.028514682877733948,
      "test_Specificity_mean": 0.9826548672566342,
      "test_Specificity_std": 0.00440527074433104,
      "val_Precision_mean": 0.9107102398052066,
      "val_Precision_std": 0.029732476088236395,
      "val_Sensitivity_mean": 0.7552380952380863,
      "val_Sensitivity_std": 0.020430826418613605,
      "val_Specificity_mean": 0.9812979351032419,
      "val_Specificity_std": 0.0072160420696992765,
      "val_score_mean": 0.8250855502910847,
      "val_score_std": 0.008717607609385005,
      "val_thr_mean": 0.48554881586019394,
      "val_thr_std": 0.04622007364566605
    },
    {
      "criterion": "youden",
      "feature_set": "c110_d110",
      "model": "et",
      "param_hash": "ceef262f88a3",
      "param_index": 16,
      "test_Brier_mean": 0.04925951787694282,
      "test_Brier_std": 0.001265474667118776,
      "test_LogLoss_mean": 0.18532889560099497,
      "test_LogLoss_std": 0.0034925120022323173,
      "test_PR_AUC_mean": 0.9111095337202992,
      "test_PR_AUC_std": 0.003207739558280654,
      "test_Precision_mean": 0.8478287504372107,
      "test_Precision_std": 0.05568258064328395,
      "test_ROC_AUC_mean": 0.9651383621295127,
      "test_ROC_AUC_std": 0.0017481222874510735,
      "test_Sensitivity_mean": 0.8633333333333231,
      "test_Sensitivity_std": 0.031196243504212108,
      "test_Specificity_mean": 0.9599999999999972,
      "test_Specificity_std": 0.01837027388647613,
      "val_Precision_mean": 0.8153069212377363,
      "val_Precision_std": 0.05994299713689513,
      "val_Sensitivity_mean": 0.7992857142857048,
      "val_Sensitivity_std": 0.02217546216468972,
      "val_Specificity_mean": 0.953392330383478,
      "val_Specificity_std": 0.019403058463078483,
      "val_score_mean": 0.7526780446691828,
      "val_score_std": 0.00874313289328828,
      "val_thr_mean": 0.3470658172742489,
      "val_thr_std": 0.07277027571515371
    }
  ],
  "task_id": 136,
  "thr_grid_size": 600
}