{
  "feature_set": "c110_d110_snr",
  "model": "brf",
  "n_bootstrap": 50,
  "param_hash": "65538c98d581",
  "param_index": 21,
  "params": {
    "max_depth": null,
    "max_features": "0.2",
    "min_samples_leaf": 4,
    "min_samples_split": 8,
    "n_estimators": 800,
    "replacement": false,
    "sampling_strategy": "auto"
  },
  "runtime_s": 322.943541765213,
  "summary_preview": [
    {
      "criterion": "f1",
      "feature_set": "c110_d110_snr",
      "model": "brf",
      "param_hash": "65538c98d581",
      "param_index": 21,
      "test_Brier_mean": 0.06034609014764481,
      "test_Brier_std": 0.002556342353398285,
      "test_LogLoss_mean": 0.2314885104062844,
      "test_LogLoss_std": 0.007805963236723617,
      "test_PR_AUC_mean": 0.8950480996707764,
      "test_PR_AUC_std": 0.005864862184117944,
      "test_Precision_mean": 0.8862717144743024,
      "test_Precision_std": 0.025059397295455782,
      "test_ROC_AUC_mean": 0.9596562017137238,
      "test_ROC_AUC_std": 0.0031033848859614733,
      "test_Sensitivity_mean": 0.8169047619047523,
      "test_Sensitivity_std": 0.02254796769848937,
      "test_Specificity_mean": 0.9737463126843628,
      "test_Specificity_std": 0.007107934173380942,
      "val_Precision_mean": 0.899551524175471,
      "val_Precision_std": 0.02571421926966795,
      "val_Sensitivity_mean": 0.7673809523809433,
      "val_Sensitivity_std": 0.015809924825431216,
      "val_Specificity_mean": 0.9785250737463097,
      "val_Specificity_std": 0.006529504913020322,
      "val_score_mean": 0.8278433726245925,
      "val_score_std": 0.01004096524892146,
      "val_thr_mean": 0.595015876907942,
      "val_thr_std": 0.044680396073174325
    },
    {
      "criterion": "youden",
      "feature_set": "c110_d110_snr",
      "model": "brf",
      "param_hash": "65538c98d581",
      "param_index": 21,
      "test_Brier_mean": 0.06034609014764481,
      "test_Brier_std": 0.002556342353398285,
      "test_LogLoss_mean": 0.2314885104062844,
      "test_LogLoss_std": 0.007805963236723617,
      "test_PR_AUC_mean": 0.8950480996707764,
      "test_PR_AUC_std": 0.005864862184117944,
      "test_Precision_mean": 0.8123797794706928,
      "test_Precision_std": 0.0573200748069798,
      "test_ROC_AUC_mean": 0.9596562017137238,
      "test_ROC_AUC_std": 0.0031033848859614733,
      "test_Sensitivity_mean": 0.8616666666666565,
      "test_Sensitivity_std": 0.029836156162284314,
      "test_Specificity_mean": 0.9488495575221211,
      "test_Specificity_std": 0.02099108553756842,
      "val_Precision_mean": 0.8165921498670551,
      "val_Precision_std": 0.0615266776048988,
      "val_Sensitivity_mean": 0.8021428571428477,
      "val_Sensitivity_std": 0.020952215301050056,
      "val_Specificity_mean": 0.9535103244837729,
      "val_Specificity_std": 0.020632276508761944,
      "val_score_mean": 0.7556531816266205,
      "val_score_std": 0.008354799680199304,
      "val_thr_mean": 0.47901225648898965,
      "val_thr_std": 0.07591863318399893
    }
  ],
  "task_id": 549,
  "thr_grid_size": 600
}