{
  "feature_set": "c110_d110",
  "model": "rf",
  "n_bootstrap": 50,
  "param_hash": "7d8e81e2a289",
  "param_index": 4,
  "params": {
    "bootstrap": true,
    "class_weight": null,
    "max_depth": 20,
    "max_features": "0.2",
    "min_samples_leaf": 1,
    "min_samples_split": 2,
    "n_estimators": 4000
  },
  "runtime_s": 2370.167376756668,
  "summary_preview": [
    {
      "criterion": "f1",
      "feature_set": "c110_d110",
      "model": "rf",
      "param_hash": "7d8e81e2a289",
      "param_index": 4,
      "test_Brier_mean": 0.051856803553212504,
      "test_Brier_std": 0.0018959024584139972,
      "test_LogLoss_mean": 0.19199759968250923,
      "test_LogLoss_std": 0.005493758945140753,
      "test_PR_AUC_mean": 0.8963659067751967,
      "test_PR_AUC_std": 0.0051757204128390025,
      "test_Precision_mean": 0.9251620691404877,
      "test_Precision_std": 0.01666932211165745,
      "test_ROC_AUC_mean": 0.9573918387413962,
      "test_ROC_AUC_std": 0.0030178797657945855,
      "test_Sensitivity_mean": 0.76404761904761,
      "test_Sensitivity_std": 0.04674179807177111,
      "test_Specificity_mean": 0.9844837758112065,
      "test_Specificity_std": 0.004491895603695256,
      "val_Precision_mean": 0.931193942110159,
      "val_Precision_std": 0.028887905603354733,
      "val_Sensitivity_mean": 0.7302380952380867,
      "val_Sensitivity_std": 0.019776213396837758,
      "val_Specificity_mean": 0.9863126843657787,
      "val_Specificity_std": 0.006467198008681283,
      "val_score_mean": 0.8179565151634943,
      "val_score_std": 0.007233537507586052,
      "val_thr_mean": 0.5344992773166768,
      "val_thr_std": 0.05854961164568773
    },
    {
      "criterion": "youden",
      "feature_set": "c110_d110",
      "model": "rf",
      "param_hash": "7d8e81e2a289",
      "param_index": 4,
      "test_Brier_mean": 0.051856803553212504,
      "test_Brier_std": 0.0018959024584139972,
      "test_LogLoss_mean": 0.19199759968250923,
      "test_LogLoss_std": 0.005493758945140753,
      "test_PR_AUC_mean": 0.8963659067751967,
      "test_PR_AUC_std": 0.0051757204128390025,
      "test_Precision_mean": 0.8609554489718759,
      "test_Precision_std": 0.042995325026279875,
      "test_ROC_AUC_mean": 0.9573918387413962,
      "test_ROC_AUC_std": 0.0030178797657945855,
      "test_Sensitivity_mean": 0.8407142857142758,
      "test_Sensitivity_std": 0.03484444452117889,
      "test_Specificity_mean": 0.9654277286135664,
      "test_Specificity_std": 0.013577433166862014,
      "val_Precision_mean": 0.8259326679068082,
      "val_Precision_std": 0.059788567134402615,
      "val_Sensitivity_mean": 0.7759523809523717,
      "val_Sensitivity_std": 0.025304156532518298,
      "val_Specificity_mean": 0.9577581120943924,
      "val_Specificity_std": 0.01890650283473337,
      "val_score_mean": 0.7337104930467642,
      "val_score_std": 0.012555313607693441,
      "val_thr_mean": 0.3939242925989093,
      "val_thr_std": 0.06798708950993873
    }
  ],
  "task_id": 100,
  "thr_grid_size": 600
}