{
  "feature_set": "c110_d110_errors",
  "model": "brf",
  "n_bootstrap": 50,
  "param_hash": "247506bd6d6b",
  "param_index": 0,
  "params": {
    "max_depth": 30,
    "max_features": "0.3",
    "min_samples_leaf": 1,
    "min_samples_split": 4,
    "n_estimators": 4000,
    "replacement": false,
    "sampling_strategy": "auto"
  },
  "runtime_s": 2533.518699169159,
  "summary_preview": [
    {
      "criterion": "f1",
      "feature_set": "c110_d110_errors",
      "model": "brf",
      "param_hash": "247506bd6d6b",
      "param_index": 0,
      "test_Brier_mean": 0.06315499833382585,
      "test_Brier_std": 0.002543783384205664,
      "test_LogLoss_mean": 0.23681638240165084,
      "test_LogLoss_std": 0.00767943893089397,
      "test_PR_AUC_mean": 0.8985408786046996,
      "test_PR_AUC_std": 0.007029706858283194,
      "test_Precision_mean": 0.8804101981411756,
      "test_Precision_std": 0.0291626819228714,
      "test_ROC_AUC_mean": 0.9602008709088355,
      "test_ROC_AUC_std": 0.003260005143305911,
      "test_Sensitivity_mean": 0.803571428571419,
      "test_Sensitivity_std": 0.026592679882843053,
      "test_Specificity_mean": 0.9725663716814129,
      "test_Specificity_std": 0.008370005927535265,
      "val_Precision_mean": 0.8897612204812557,
      "val_Precision_std": 0.029023397548368086,
      "val_Sensitivity_mean": 0.7595238095238005,
      "val_Sensitivity_std": 0.022817020178568976,
      "val_Specificity_mean": 0.9763421828908525,
      "val_Specificity_std": 0.007526342687823322,
      "val_score_mean": 0.8188842752264961,
      "val_score_std": 0.012577627025688985,
      "val_thr_mean": 0.6168643711741794,
      "val_thr_std": 0.04856852930272162
    },
    {
      "criterion": "youden",
      "feature_set": "c110_d110_errors",
      "model": "brf",
      "param_hash": "247506bd6d6b",
      "param_index": 0,
      "test_Brier_mean": 0.06315499833382585,
      "test_Brier_std": 0.002543783384205664,
      "test_LogLoss_mean": 0.23681638240165084,
      "test_LogLoss_std": 0.00767943893089397,
      "test_PR_AUC_mean": 0.8985408786046996,
      "test_PR_AUC_std": 0.007029706858283194,
      "test_Precision_mean": 0.8229528950327492,
      "test_Precision_std": 0.0432909310084296,
      "test_ROC_AUC_mean": 0.9602008709088355,
      "test_ROC_AUC_std": 0.003260005143305911,
      "test_Sensitivity_mean": 0.8514285714285613,
      "test_Sensitivity_std": 0.030823158528460008,
      "test_Specificity_mean": 0.9536283185840679,
      "test_Specificity_std": 0.014791823487919697,
      "val_Precision_mean": 0.8123578797719427,
      "val_Precision_std": 0.05980322339482967,
      "val_Sensitivity_mean": 0.7947619047618953,
      "val_Sensitivity_std": 0.019622047757626937,
      "val_Specificity_mean": 0.9528613569321505,
      "val_Specificity_std": 0.019398390184601867,
      "val_score_mean": 0.7476232616940459,
      "val_score_std": 0.013352499964493383,
      "val_thr_mean": 0.5157855467445744,
      "val_thr_std": 0.06311493423924937
    }
  ],
  "task_id": 336,
  "thr_grid_size": 600
}