{
  "feature_set": "c110_d110_errors_snr",
  "model": "bbag",
  "n_bootstrap": 50,
  "param_hash": "428dcc1f4cee",
  "param_index": 11,
  "params": {
    "base_max_depth": 20,
    "base_max_features": "0.3",
    "base_min_samples_leaf": 1,
    "base_min_samples_split": 8,
    "bootstrap": true,
    "max_features": 1.0,
    "max_samples": 0.9,
    "n_estimators": 500,
    "replacement": false,
    "sampling_strategy": "auto"
  },
  "runtime_s": 89.29154062271118,
  "summary_preview": [
    {
      "criterion": "f1",
      "feature_set": "c110_d110_errors_snr",
      "model": "bbag",
      "param_hash": "428dcc1f4cee",
      "param_index": 11,
      "test_Brier_mean": 0.061479904872523645,
      "test_Brier_std": 0.002152654801885798,
      "test_LogLoss_mean": 0.2359108832018265,
      "test_LogLoss_std": 0.006967579645478795,
      "test_PR_AUC_mean": 0.9055144823823873,
      "test_PR_AUC_std": 0.006079730073624776,
      "test_Precision_mean": 0.8887702457214105,
      "test_Precision_std": 0.033312547022283354,
      "test_ROC_AUC_mean": 0.9665521842955471,
      "test_ROC_AUC_std": 0.0027927921342282497,
      "test_Sensitivity_mean": 0.7745238095238004,
      "test_Sensitivity_std": 0.050759537155541865,
      "test_Specificity_mean": 0.9752802359881976,
      "test_Specificity_std": 0.009607536524465634,
      "val_Precision_mean": 0.8919413199980635,
      "val_Precision_std": 0.04665987896654992,
      "val_Sensitivity_mean": 0.7452380952380864,
      "val_Sensitivity_std": 0.032268139389472865,
      "val_Specificity_mean": 0.9766371681415901,
      "val_Specificity_std": 0.012050191519644373,
      "val_score_mean": 0.8102843498819066,
      "val_score_std": 0.008002642313027206,
      "val_thr_mean": 0.5788733026289065,
      "val_thr_std": 0.0758881718042338
    },
    {
      "criterion": "youden",
      "feature_set": "c110_d110_errors_snr",
      "model": "bbag",
      "param_hash": "428dcc1f4cee",
      "param_index": 11,
      "test_Brier_mean": 0.061479904872523645,
      "test_Brier_std": 0.002152654801885798,
      "test_LogLoss_mean": 0.2359108832018265,
      "test_LogLoss_std": 0.006967579645478795,
      "test_PR_AUC_mean": 0.9055144823823873,
      "test_PR_AUC_std": 0.006079730073624776,
      "test_Precision_mean": 0.8180449467697589,
      "test_Precision_std": 0.03170042155585101,
      "test_ROC_AUC_mean": 0.9665521842955471,
      "test_ROC_AUC_std": 0.0027927921342282497,
      "test_Sensitivity_mean": 0.8680952380952278,
      "test_Sensitivity_std": 0.02782470930097593,
      "test_Specificity_mean": 0.9515634218289057,
      "test_Specificity_std": 0.011572835165017014,
      "val_Precision_mean": 0.793616649718472,
      "val_Precision_std": 0.02955274325316849,
      "val_Sensitivity_mean": 0.800476190476181,
      "val_Sensitivity_std": 0.012853363012034724,
      "val_Specificity_mean": 0.9479646017699086,
      "val_Specificity_std": 0.0101621263343935,
      "val_score_mean": 0.7484407922460896,
      "val_score_std": 0.008118834896720368,
      "val_thr_mean": 0.43313942255303645,
      "val_thr_std": 0.034672357664807904
    }
  ],
  "task_id": 659,
  "thr_grid_size": 600
}