{
  "feature_set": "c110_errors",
  "model": "brf",
  "n_bootstrap": 50,
  "param_hash": "a4c66b67ae89",
  "param_index": 22,
  "params": {
    "max_depth": 10,
    "max_features": "0.2",
    "min_samples_leaf": 2,
    "min_samples_split": 4,
    "n_estimators": 4000,
    "replacement": true,
    "sampling_strategy": "auto"
  },
  "runtime_s": 1394.3666672706604,
  "summary_preview": [
    {
      "criterion": "f1",
      "feature_set": "c110_errors",
      "model": "brf",
      "param_hash": "a4c66b67ae89",
      "param_index": 22,
      "test_Brier_mean": 0.06531602322255559,
      "test_Brier_std": 0.0033413002046553206,
      "test_LogLoss_mean": 0.24405914370982962,
      "test_LogLoss_std": 0.009427759947192745,
      "test_PR_AUC_mean": 0.9091777402230758,
      "test_PR_AUC_std": 0.009515842419894104,
      "test_Precision_mean": 0.892751165992101,
      "test_Precision_std": 0.03271494809033876,
      "test_ROC_AUC_mean": 0.9660303413400758,
      "test_ROC_AUC_std": 0.0039900745150012445,
      "test_Sensitivity_mean": 0.7538095238095148,
      "test_Sensitivity_std": 0.05293679812103715,
      "test_Specificity_mean": 0.9769321533923275,
      "test_Specificity_std": 0.009341379152016396,
      "val_Precision_mean": 0.911693949771926,
      "val_Precision_std": 0.04558756638928267,
      "val_Sensitivity_mean": 0.7364285714285628,
      "val_Sensitivity_std": 0.03367261044736945,
      "val_Specificity_mean": 0.9814159292035369,
      "val_Specificity_std": 0.01160593287308924,
      "val_score_mean": 0.8130612527556815,
      "val_score_std": 0.011793206018767906,
      "val_thr_mean": 0.6426363049205596,
      "val_thr_std": 0.06994820254225015
    },
    {
      "criterion": "youden",
      "feature_set": "c110_errors",
      "model": "brf",
      "param_hash": "a4c66b67ae89",
      "param_index": 22,
      "test_Brier_mean": 0.06531602322255559,
      "test_Brier_std": 0.0033413002046553206,
      "test_LogLoss_mean": 0.24405914370982962,
      "test_LogLoss_std": 0.009427759947192745,
      "test_PR_AUC_mean": 0.9091777402230758,
      "test_PR_AUC_std": 0.009515842419894104,
      "test_Precision_mean": 0.7988023994313569,
      "test_Precision_std": 0.042207449280870085,
      "test_ROC_AUC_mean": 0.9660303413400758,
      "test_ROC_AUC_std": 0.0039900745150012445,
      "test_Sensitivity_mean": 0.876428571428561,
      "test_Sensitivity_std": 0.03980391221533192,
      "test_Specificity_mean": 0.9441887905604692,
      "test_Specificity_std": 0.01606706939602247,
      "val_Precision_mean": 0.7749662848683302,
      "val_Precision_std": 0.04978924144193419,
      "val_Sensitivity_mean": 0.8033333333333238,
      "val_Sensitivity_std": 0.019722025869828658,
      "val_Specificity_mean": 0.9408849557522097,
      "val_Specificity_std": 0.01768867711399225,
      "val_score_mean": 0.7442182890855333,
      "val_score_std": 0.01394206714295331,
      "val_thr_mean": 0.4695809340189692,
      "val_thr_std": 0.05058459179785643
    }
  ],
  "task_id": 262,
  "thr_grid_size": 600
}