{
  "feature_set": "c110_snr",
  "model": "brf",
  "n_bootstrap": 50,
  "param_hash": "ab6f95159890",
  "param_index": 12,
  "params": {
    "max_depth": 10,
    "max_features": "0.3",
    "min_samples_leaf": 4,
    "min_samples_split": 8,
    "n_estimators": 4000,
    "replacement": false,
    "sampling_strategy": "auto"
  },
  "runtime_s": 1727.4194917678833,
  "summary_preview": [
    {
      "criterion": "f1",
      "feature_set": "c110_snr",
      "model": "brf",
      "param_hash": "ab6f95159890",
      "param_index": 12,
      "test_Brier_mean": 0.06414723578544355,
      "test_Brier_std": 0.0032017445299492215,
      "test_LogLoss_mean": 0.24175032491613868,
      "test_LogLoss_std": 0.009149427796487579,
      "test_PR_AUC_mean": 0.8931550410645904,
      "test_PR_AUC_std": 0.010915211974632173,
      "test_Precision_mean": 0.8789209021610752,
      "test_Precision_std": 0.042819056207814746,
      "test_ROC_AUC_mean": 0.9581619609495715,
      "test_ROC_AUC_std": 0.005247324770227826,
      "test_Sensitivity_mean": 0.7719047619047528,
      "test_Sensitivity_std": 0.0483639502428715,
      "test_Specificity_mean": 0.9726253687315605,
      "test_Specificity_std": 0.013406323137611439,
      "val_Precision_mean": 0.8944765074129073,
      "val_Precision_std": 0.05106625698141575,
      "val_Sensitivity_mean": 0.7464285714285626,
      "val_Sensitivity_std": 0.03585572898351659,
      "val_Specificity_mean": 0.9769911504424749,
      "val_Specificity_std": 0.013951070676145655,
      "val_score_mean": 0.811748454255915,
      "val_score_std": 0.013025445501103667,
      "val_thr_mean": 0.5963655008582459,
      "val_thr_std": 0.08627002784796842
    },
    {
      "criterion": "youden",
      "feature_set": "c110_snr",
      "model": "brf",
      "param_hash": "ab6f95159890",
      "param_index": 12,
      "test_Brier_mean": 0.06414723578544355,
      "test_Brier_std": 0.0032017445299492215,
      "test_LogLoss_mean": 0.24175032491613868,
      "test_LogLoss_std": 0.009149427796487579,
      "test_PR_AUC_mean": 0.8931550410645904,
      "test_PR_AUC_std": 0.010915211974632173,
      "test_Precision_mean": 0.7818071094360053,
      "test_Precision_std": 0.05209216601743152,
      "test_ROC_AUC_mean": 0.9581619609495715,
      "test_ROC_AUC_std": 0.005247324770227826,
      "test_Sensitivity_mean": 0.8535714285714185,
      "test_Sensitivity_std": 0.045140168163220536,
      "test_Specificity_mean": 0.9391150442477847,
      "test_Specificity_std": 0.021236262281363435,
      "val_Precision_mean": 0.7828466709766492,
      "val_Precision_std": 0.0440888822424337,
      "val_Sensitivity_mean": 0.808571428571419,
      "val_Sensitivity_std": 0.027300024062341343,
      "val_Specificity_mean": 0.9432448377581092,
      "val_Specificity_std": 0.016196088865691377,
      "val_score_mean": 0.7518162663295282,
      "val_score_std": 0.01718378874650876,
      "val_thr_mean": 0.4341594396018752,
      "val_thr_std": 0.06425714802840984
    }
  ],
  "task_id": 444,
  "thr_grid_size": 600
}