{
  "feature_set": "c110_d110_errors_snr",
  "model": "brf",
  "n_bootstrap": 50,
  "param_hash": "90cb8109e6a5",
  "param_index": 14,
  "params": {
    "max_depth": 30,
    "max_features": "0.3",
    "min_samples_leaf": 1,
    "min_samples_split": 4,
    "n_estimators": 800,
    "replacement": false,
    "sampling_strategy": "auto"
  },
  "runtime_s": 622.4173367023468,
  "summary_preview": [
    {
      "criterion": "f1",
      "feature_set": "c110_d110_errors_snr",
      "model": "brf",
      "param_hash": "90cb8109e6a5",
      "param_index": 14,
      "test_Brier_mean": 0.06201887725325059,
      "test_Brier_std": 0.002333744461612051,
      "test_LogLoss_mean": 0.25076021144405597,
      "test_LogLoss_std": 0.02935139142371501,
      "test_PR_AUC_mean": 0.8825605660253717,
      "test_PR_AUC_std": 0.011506427572924182,
      "test_Precision_mean": 0.8826352202016438,
      "test_Precision_std": 0.027081932900789352,
      "test_ROC_AUC_mean": 0.9568095940441073,
      "test_ROC_AUC_std": 0.0035603636272268963,
      "test_Sensitivity_mean": 0.807619047619038,
      "test_Sensitivity_std": 0.029881683170880448,
      "test_Specificity_mean": 0.9730383480825929,
      "test_Specificity_std": 0.007747711854655443,
      "val_Precision_mean": 0.8945862185654545,
      "val_Precision_std": 0.027744176442789342,
      "val_Sensitivity_mean": 0.7635714285714195,
      "val_Sensitivity_std": 0.022691179548915096,
      "val_Specificity_mean": 0.9774041297935073,
      "val_Specificity_std": 0.007116922712529399,
      "val_score_mean": 0.8233426137195236,
      "val_score_std": 0.01283678210638228,
      "val_thr_mean": 0.6038446577629383,
      "val_thr_std": 0.05666331665355388
    },
    {
      "criterion": "youden",
      "feature_set": "c110_d110_errors_snr",
      "model": "brf",
      "param_hash": "90cb8109e6a5",
      "param_index": 14,
      "test_Brier_mean": 0.06201887725325059,
      "test_Brier_std": 0.002333744461612051,
      "test_LogLoss_mean": 0.25076021144405597,
      "test_LogLoss_std": 0.02935139142371501,
      "test_PR_AUC_mean": 0.8825605660253717,
      "test_PR_AUC_std": 0.011506427572924182,
      "test_Precision_mean": 0.8170835179709292,
      "test_Precision_std": 0.06149711055150866,
      "test_ROC_AUC_mean": 0.9568095940441073,
      "test_ROC_AUC_std": 0.0035603636272268963,
      "test_Sensitivity_mean": 0.8533333333333232,
      "test_Sensitivity_std": 0.029005449803166765,
      "test_Specificity_mean": 0.9505604719763983,
      "test_Specificity_std": 0.02317020920127957,
      "val_Precision_mean": 0.8210869995298041,
      "val_Precision_std": 0.06336067024467264,
      "val_Sensitivity_mean": 0.7988095238095143,
      "val_Sensitivity_std": 0.022465722472147558,
      "val_Specificity_mean": 0.9548672566371653,
      "val_Specificity_std": 0.021882778988566685,
      "val_score_mean": 0.7536767804466795,
      "val_score_std": 0.009403834453619251,
      "val_thr_mean": 0.4975792084028939,
      "val_thr_std": 0.07479824699241595
    }
  ],
  "task_id": 638,
  "thr_grid_size": 600
}