{
  "feature_set": "c110_d110_errors_snr",
  "model": "bbag",
  "n_bootstrap": 50,
  "param_hash": "479020e468c4",
  "param_index": 12,
  "params": {
    "base_max_depth": null,
    "base_max_features": "0.3",
    "base_min_samples_leaf": 1,
    "base_min_samples_split": 8,
    "bootstrap": true,
    "max_features": 0.9,
    "max_samples": 0.7,
    "n_estimators": 800,
    "replacement": false,
    "sampling_strategy": "auto"
  },
  "runtime_s": 138.97075653076172,
  "summary_preview": [
    {
      "criterion": "f1",
      "feature_set": "c110_d110_errors_snr",
      "model": "bbag",
      "param_hash": "479020e468c4",
      "param_index": 12,
      "test_Brier_mean": 0.06523617988772361,
      "test_Brier_std": 0.002617159753030128,
      "test_LogLoss_mean": 0.24785461659920233,
      "test_LogLoss_std": 0.007549007278103206,
      "test_PR_AUC_mean": 0.9021917695524456,
      "test_PR_AUC_std": 0.006982182626161997,
      "test_Precision_mean": 0.8778486918819546,
      "test_Precision_std": 0.037119489264208265,
      "test_ROC_AUC_mean": 0.9660833684506251,
      "test_ROC_AUC_std": 0.0028246761709074105,
      "test_Sensitivity_mean": 0.7869047619047526,
      "test_Sensitivity_std": 0.05142976369060297,
      "test_Specificity_mean": 0.9720353982300856,
      "test_Specificity_std": 0.010862835894289389,
      "val_Precision_mean": 0.8704616212099989,
      "val_Precision_std": 0.04734200016046975,
      "val_Sensitivity_mean": 0.754999999999991,
      "val_Sensitivity_std": 0.03263268213266877,
      "val_Specificity_mean": 0.9710914454277257,
      "val_Specificity_std": 0.012712265595447391,
      "val_score_mean": 0.8068362371865105,
      "val_score_std": 0.008542097191825995,
      "val_thr_mean": 0.5633025106328008,
      "val_thr_std": 0.06940485195540835
    },
    {
      "criterion": "youden",
      "feature_set": "c110_d110_errors_snr",
      "model": "bbag",
      "param_hash": "479020e468c4",
      "param_index": 12,
      "test_Brier_mean": 0.06523617988772361,
      "test_Brier_std": 0.002617159753030128,
      "test_LogLoss_mean": 0.24785461659920233,
      "test_LogLoss_std": 0.007549007278103206,
      "test_PR_AUC_mean": 0.9021917695524456,
      "test_PR_AUC_std": 0.006982182626161997,
      "test_Precision_mean": 0.8238969375131506,
      "test_Precision_std": 0.02719714629792205,
      "test_ROC_AUC_mean": 0.9660833684506251,
      "test_ROC_AUC_std": 0.0028246761709074105,
      "test_Sensitivity_mean": 0.8545238095237994,
      "test_Sensitivity_std": 0.02347801280929948,
      "test_Specificity_mean": 0.9543362831858379,
      "test_Specificity_std": 0.009521198676997574,
      "val_Precision_mean": 0.8007654247579632,
      "val_Precision_std": 0.026048594992228124,
      "val_Sensitivity_mean": 0.7947619047618953,
      "val_Sensitivity_std": 0.010078593462604694,
      "val_Specificity_mean": 0.9506784660766933,
      "val_Specificity_std": 0.008616521142271917,
      "val_score_mean": 0.7454403708385887,
      "val_score_std": 0.007668315753849464,
      "val_thr_mean": 0.46504282305827166,
      "val_thr_std": 0.028521862965995032
    }
  ],
  "task_id": 660,
  "thr_grid_size": 600
}