{
  "feature_set": "c110_d110",
  "model": "et",
  "n_bootstrap": 50,
  "param_hash": "1be9c19e7446",
  "param_index": 4,
  "params": {
    "bootstrap": true,
    "max_depth": 20,
    "max_features": "sqrt",
    "max_samples": 1.0,
    "min_samples_leaf": 4,
    "min_samples_split": 4,
    "n_estimators": 1500
  },
  "runtime_s": 591.7634387016296,
  "summary_preview": [
    {
      "criterion": "f1",
      "feature_set": "c110_d110",
      "model": "et",
      "param_hash": "1be9c19e7446",
      "param_index": 4,
      "test_Brier_mean": 0.06566423226200423,
      "test_Brier_std": 0.0013871513336748019,
      "test_LogLoss_mean": 0.23310968914186814,
      "test_LogLoss_std": 0.0038769872410064805,
      "test_PR_AUC_mean": 0.8817738600567476,
      "test_PR_AUC_std": 0.005692404502466367,
      "test_Precision_mean": 0.8575192931183764,
      "test_Precision_std": 0.017360935537930992,
      "test_ROC_AUC_mean": 0.9544725382778481,
      "test_ROC_AUC_std": 0.002889025667086562,
      "test_Sensitivity_mean": 0.745952380952372,
      "test_Sensitivity_std": 0.03882694404742872,
      "test_Specificity_mean": 0.9690855457227109,
      "test_Specificity_std": 0.005534413875897816,
      "val_Precision_mean": 0.8446980706930117,
      "val_Precision_std": 0.031478383732518225,
      "val_Sensitivity_mean": 0.7271428571428485,
      "val_Sensitivity_std": 0.023422510613179057,
      "val_Specificity_mean": 0.9663716814159262,
      "val_Specificity_std": 0.009096937692761395,
      "val_score_mean": 0.7806908393353045,
      "val_score_std": 0.008446203214184832,
      "val_thr_mean": 0.36672705918028187,
      "val_thr_std": 0.032239910411005816
    },
    {
      "criterion": "youden",
      "feature_set": "c110_d110",
      "model": "et",
      "param_hash": "1be9c19e7446",
      "param_index": 4,
      "test_Brier_mean": 0.06566423226200423,
      "test_Brier_std": 0.0013871513336748019,
      "test_LogLoss_mean": 0.23310968914186814,
      "test_LogLoss_std": 0.0038769872410064805,
      "test_PR_AUC_mean": 0.8817738600567476,
      "test_PR_AUC_std": 0.005692404502466367,
      "test_Precision_mean": 0.7688958502872784,
      "test_Precision_std": 0.05161145743930794,
      "test_ROC_AUC_mean": 0.9544725382778481,
      "test_ROC_AUC_std": 0.002889025667086562,
      "test_Sensitivity_mean": 0.8409523809523709,
      "test_Sensitivity_std": 0.028331516221712292,
      "test_Specificity_mean": 0.9356342182890828,
      "test_Specificity_std": 0.020702134053242487,
      "val_Precision_mean": 0.7269705564182716,
      "val_Precision_std": 0.03974088156181227,
      "val_Sensitivity_mean": 0.7928571428571334,
      "val_Sensitivity_std": 0.019090088708030098,
      "val_Specificity_mean": 0.925132743362829,
      "val_Specificity_std": 0.01608971144963678,
      "val_score_mean": 0.7179898862199626,
      "val_score_std": 0.008142914307659859,
      "val_thr_mean": 0.2571433777518353,
      "val_thr_std": 0.034026554582001704
    }
  ],
  "task_id": 124,
  "thr_grid_size": 600
}