{
  "feature_set": "c110",
  "model": "brf",
  "n_bootstrap": 50,
  "param_hash": "a4699d913725",
  "param_index": 20,
  "params": {
    "max_depth": null,
    "max_features": "sqrt",
    "min_samples_leaf": 4,
    "min_samples_split": 4,
    "n_estimators": 4000,
    "replacement": false,
    "sampling_strategy": "auto"
  },
  "runtime_s": 1401.627671957016,
  "summary_preview": [
    {
      "criterion": "f1",
      "feature_set": "c110",
      "model": "brf",
      "param_hash": "a4699d913725",
      "param_index": 20,
      "test_Brier_mean": 0.07053107528219298,
      "test_Brier_std": 0.0027859489563122897,
      "test_LogLoss_mean": 0.26071605962248723,
      "test_LogLoss_std": 0.007619701736233339,
      "test_PR_AUC_mean": 0.8994368230319846,
      "test_PR_AUC_std": 0.008202985417576553,
      "test_Precision_mean": 0.8712928878148993,
      "test_Precision_std": 0.03493198966589663,
      "test_ROC_AUC_mean": 0.9624280095519033,
      "test_ROC_AUC_std": 0.004182098786115256,
      "test_Sensitivity_mean": 0.774285714285705,
      "test_Sensitivity_std": 0.049288049878227914,
      "test_Specificity_mean": 0.9708554572271357,
      "test_Specificity_std": 0.010934529955483729,
      "val_Precision_mean": 0.8675502331049628,
      "val_Precision_std": 0.04460708319146984,
      "val_Sensitivity_mean": 0.7511904761904673,
      "val_Sensitivity_std": 0.03291156884415543,
      "val_Specificity_mean": 0.9706194690265457,
      "val_Specificity_std": 0.012256512382493341,
      "val_score_mean": 0.8035455247550911,
      "val_score_std": 0.009962473506475536,
      "val_thr_mean": 0.5725827729085513,
      "val_thr_std": 0.061920871895791194
    },
    {
      "criterion": "youden",
      "feature_set": "c110",
      "model": "brf",
      "param_hash": "a4699d913725",
      "param_index": 20,
      "test_Brier_mean": 0.07053107528219298,
      "test_Brier_std": 0.0027859489563122897,
      "test_LogLoss_mean": 0.26071605962248723,
      "test_LogLoss_std": 0.007619701736233339,
      "test_PR_AUC_mean": 0.8994368230319846,
      "test_PR_AUC_std": 0.008202985417576553,
      "test_Precision_mean": 0.8076090081437073,
      "test_Precision_std": 0.042385941737471726,
      "test_ROC_AUC_mean": 0.9624280095519033,
      "test_ROC_AUC_std": 0.004182098786115256,
      "test_Sensitivity_mean": 0.8464285714285614,
      "test_Sensitivity_std": 0.028584585567978597,
      "test_Specificity_mean": 0.9489675516224161,
      "test_Specificity_std": 0.016496906136589412,
      "val_Precision_mean": 0.7830602082653821,
      "val_Precision_std": 0.04780028512410442,
      "val_Sensitivity_mean": 0.7980952380952285,
      "val_Sensitivity_std": 0.021236042556173857,
      "val_Specificity_mean": 0.9439528023598791,
      "val_Specificity_std": 0.01780914168488443,
      "val_score_mean": 0.7420480404551079,
      "val_score_std": 0.01636743087215457,
      "val_thr_mean": 0.46991970559729174,
      "val_thr_std": 0.040368254099714604
    }
  ],
  "task_id": 68,
  "thr_grid_size": 600
}