{
  "feature_set": "c110_d110_snr",
  "model": "brf",
  "n_bootstrap": 50,
  "param_hash": "492e7573718e",
  "param_index": 15,
  "params": {
    "max_depth": null,
    "max_features": "0.2",
    "min_samples_leaf": 2,
    "min_samples_split": 2,
    "n_estimators": 4000,
    "replacement": false,
    "sampling_strategy": "auto"
  },
  "runtime_s": 1694.102993965149,
  "summary_preview": [
    {
      "criterion": "f1",
      "feature_set": "c110_d110_snr",
      "model": "brf",
      "param_hash": "492e7573718e",
      "param_index": 15,
      "test_Brier_mean": 0.061436470994902244,
      "test_Brier_std": 0.0023055255828930265,
      "test_LogLoss_mean": 0.2335157287700302,
      "test_LogLoss_std": 0.007899024601575306,
      "test_PR_AUC_mean": 0.8945263604704783,
      "test_PR_AUC_std": 0.006915865792844601,
      "test_Precision_mean": 0.8914027428892543,
      "test_Precision_std": 0.021624266483134216,
      "test_ROC_AUC_mean": 0.9596646298637449,
      "test_ROC_AUC_std": 0.0034618591366282017,
      "test_Sensitivity_mean": 0.808571428571419,
      "test_Sensitivity_std": 0.018132793109199557,
      "test_Specificity_mean": 0.9753982300884927,
      "test_Specificity_std": 0.0057660497106413735,
      "val_Precision_mean": 0.9042010695182023,
      "val_Precision_std": 0.024441565547239953,
      "val_Sensitivity_mean": 0.7649999999999909,
      "val_Sensitivity_std": 0.016278628707697546,
      "val_Specificity_mean": 0.9797050147492595,
      "val_Specificity_std": 0.006096297115895532,
      "val_score_mean": 0.8284444255454413,
      "val_score_std": 0.010470579104572364,
      "val_thr_mean": 0.6073503103784085,
      "val_thr_std": 0.03974683424627713
    },
    {
      "criterion": "youden",
      "feature_set": "c110_d110_snr",
      "model": "brf",
      "param_hash": "492e7573718e",
      "param_index": 15,
      "test_Brier_mean": 0.061436470994902244,
      "test_Brier_std": 0.0023055255828930265,
      "test_LogLoss_mean": 0.2335157287700302,
      "test_LogLoss_std": 0.007899024601575306,
      "test_PR_AUC_mean": 0.8945263604704783,
      "test_PR_AUC_std": 0.006915865792844601,
      "test_Precision_mean": 0.8228507629593493,
      "test_Precision_std": 0.0613482165312171,
      "test_ROC_AUC_mean": 0.9596646298637449,
      "test_ROC_AUC_std": 0.0034618591366282017,
      "test_Sensitivity_mean": 0.8502380952380852,
      "test_Sensitivity_std": 0.03236569268290361,
      "test_Specificity_mean": 0.9525663716814131,
      "test_Specificity_std": 0.022089472148794278,
      "val_Precision_mean": 0.8292162672011745,
      "val_Precision_std": 0.061483216815261595,
      "val_Sensitivity_mean": 0.7980952380952285,
      "val_Sensitivity_std": 0.020116970180436837,
      "val_Specificity_mean": 0.9575221238938024,
      "val_Specificity_std": 0.019882218478020085,
      "val_score_mean": 0.7556173619890311,
      "val_score_std": 0.008543740023469958,
      "val_thr_mean": 0.5015649944351699,
      "val_thr_std": 0.077501700321105
    }
  ],
  "task_id": 543,
  "thr_grid_size": 600
}