{
  "feature_set": "c110",
  "model": "et",
  "n_bootstrap": 50,
  "param_hash": "5f51dcecd0b8",
  "param_index": 14,
  "params": {
    "bootstrap": false,
    "max_depth": 20,
    "max_features": "0.2",
    "max_samples": null,
    "min_samples_leaf": 4,
    "min_samples_split": 2,
    "n_estimators": 2500
  },
  "runtime_s": 468.28267312049866,
  "summary_preview": [
    {
      "criterion": "f1",
      "feature_set": "c110",
      "model": "et",
      "param_hash": "5f51dcecd0b8",
      "param_index": 14,
      "test_Brier_mean": 0.055659347291923435,
      "test_Brier_std": 0.0012287525106754352,
      "test_LogLoss_mean": 0.20323288669850967,
      "test_LogLoss_std": 0.0032571955956237695,
      "test_PR_AUC_mean": 0.904645839857059,
      "test_PR_AUC_std": 0.005318497354890525,
      "test_Precision_mean": 0.8811022703208112,
      "test_Precision_std": 0.025925314946544608,
      "test_ROC_AUC_mean": 0.9646319707824133,
      "test_ROC_AUC_std": 0.002658653572512292,
      "test_Sensitivity_mean": 0.7976190476190382,
      "test_Sensitivity_std": 0.04688451956493217,
      "test_Specificity_mean": 0.9728023598820029,
      "test_Specificity_std": 0.008413176754193804,
      "val_Precision_mean": 0.8670813045670073,
      "val_Precision_std": 0.04300268176586129,
      "val_Sensitivity_mean": 0.7707142857142766,
      "val_Sensitivity_std": 0.029437984599741635,
      "val_Specificity_mean": 0.9697935103244808,
      "val_Specificity_std": 0.01259381093593105,
      "val_score_mean": 0.81458976680111,
      "val_score_std": 0.008752129967411579,
      "val_thr_mean": 0.3849759415406095,
      "val_thr_std": 0.06279822787037961
    },
    {
      "criterion": "youden",
      "feature_set": "c110",
      "model": "et",
      "param_hash": "5f51dcecd0b8",
      "param_index": 14,
      "test_Brier_mean": 0.055659347291923435,
      "test_Brier_std": 0.0012287525106754352,
      "test_LogLoss_mean": 0.20323288669850967,
      "test_LogLoss_std": 0.0032571955956237695,
      "test_PR_AUC_mean": 0.904645839857059,
      "test_PR_AUC_std": 0.005318497354890525,
      "test_Precision_mean": 0.8285591328472732,
      "test_Precision_std": 0.03251712237685383,
      "test_ROC_AUC_mean": 0.9646319707824133,
      "test_ROC_AUC_std": 0.002658653572512292,
      "test_Sensitivity_mean": 0.8707142857142753,
      "test_Sensitivity_std": 0.019834627978049336,
      "test_Specificity_mean": 0.9548082595870178,
      "test_Specificity_std": 0.011044414497012113,
      "val_Precision_mean": 0.7852927507612852,
      "val_Precision_std": 0.03366298968390939,
      "val_Sensitivity_mean": 0.8142857142857046,
      "val_Sensitivity_std": 0.012951995077999679,
      "val_Specificity_mean": 0.9442477876106166,
      "val_Specificity_std": 0.011420843011266415,
      "val_score_mean": 0.7585335018963213,
      "val_score_std": 0.007669348350371731,
      "val_thr_mean": 0.2816202823486896,
      "val_thr_std": 0.031104975222024947
    }
  ],
  "task_id": 38,
  "thr_grid_size": 600
}