{
  "feature_set": "c110_d110_errors",
  "model": "bbag",
  "n_bootstrap": 50,
  "param_hash": "3d57a6011f1e",
  "param_index": 5,
  "params": {
    "base_max_depth": null,
    "base_max_features": "sqrt",
    "base_min_samples_leaf": 2,
    "base_min_samples_split": 8,
    "bootstrap": true,
    "max_features": 0.7,
    "max_samples": 0.5,
    "n_estimators": 1200,
    "replacement": true,
    "sampling_strategy": "auto"
  },
  "runtime_s": 128.96513509750366,
  "summary_preview": [
    {
      "criterion": "f1",
      "feature_set": "c110_d110_errors",
      "model": "bbag",
      "param_hash": "3d57a6011f1e",
      "param_index": 5,
      "test_Brier_mean": 0.09755070520846192,
      "test_Brier_std": 0.003002790707340136,
      "test_LogLoss_mean": 0.33853810920796024,
      "test_LogLoss_std": 0.007607675340081669,
      "test_PR_AUC_mean": 0.8332960328739312,
      "test_PR_AUC_std": 0.010186830119737101,
      "test_Precision_mean": 0.7866127854764793,
      "test_Precision_std": 0.03749843532780567,
      "test_ROC_AUC_mean": 0.939701503020087,
      "test_ROC_AUC_std": 0.006332836909825927,
      "test_Sensitivity_mean": 0.6897619047618966,
      "test_Sensitivity_std": 0.05824227835210396,
      "test_Specificity_mean": 0.9523893805309706,
      "test_Specificity_std": 0.01524085930873365,
      "val_Precision_mean": 0.7801871323069548,
      "val_Precision_std": 0.05525789604186444,
      "val_Sensitivity_mean": 0.6821428571428492,
      "val_Sensitivity_std": 0.045522989164367395,
      "val_Specificity_mean": 0.9503244837758084,
      "val_Specificity_std": 0.019687985267293838,
      "val_score_mean": 0.72468145874018,
      "val_score_std": 0.011807574649760582,
      "val_thr_mean": 0.562241610918992,
      "val_thr_std": 0.049897017984452896
    },
    {
      "criterion": "youden",
      "feature_set": "c110_d110_errors",
      "model": "bbag",
      "param_hash": "3d57a6011f1e",
      "param_index": 5,
      "test_Brier_mean": 0.09755070520846192,
      "test_Brier_std": 0.003002790707340136,
      "test_LogLoss_mean": 0.33853810920796024,
      "test_LogLoss_std": 0.007607675340081669,
      "test_PR_AUC_mean": 0.8332960328739312,
      "test_PR_AUC_std": 0.010186830119737101,
      "test_Precision_mean": 0.6415643988941908,
      "test_Precision_std": 0.05685265412825459,
      "test_ROC_AUC_mean": 0.939701503020087,
      "test_ROC_AUC_std": 0.006332836909825927,
      "test_Sensitivity_mean": 0.8190476190476094,
      "test_Sensitivity_std": 0.035673770345923124,
      "test_Specificity_mean": 0.8834218289085518,
      "test_Specificity_std": 0.03179457458878091,
      "val_Precision_mean": 0.6265086682158035,
      "val_Precision_std": 0.04441132166811111,
      "val_Sensitivity_mean": 0.7892857142857049,
      "val_Sensitivity_std": 0.025931888914926423,
      "val_Specificity_mean": 0.8812389380530946,
      "val_Specificity_std": 0.02655743372118446,
      "val_score_mean": 0.6705246523387995,
      "val_score_std": 0.01646401478039992,
      "val_thr_mean": 0.4450394372013321,
      "val_thr_std": 0.02880728009767778
    }
  ],
  "task_id": 365,
  "thr_grid_size": 600
}