{
  "feature_set": "c110_snr",
  "model": "brf",
  "n_bootstrap": 50,
  "param_hash": "65538c98d581",
  "param_index": 21,
  "params": {
    "max_depth": null,
    "max_features": "0.2",
    "min_samples_leaf": 4,
    "min_samples_split": 8,
    "n_estimators": 800,
    "replacement": false,
    "sampling_strategy": "auto"
  },
  "runtime_s": 282.49671053886414,
  "summary_preview": [
    {
      "criterion": "f1",
      "feature_set": "c110_snr",
      "model": "brf",
      "param_hash": "65538c98d581",
      "param_index": 21,
      "test_Brier_mean": 0.06471593026129167,
      "test_Brier_std": 0.0031794411740395925,
      "test_LogLoss_mean": 0.2449412186371317,
      "test_LogLoss_std": 0.009034626333378416,
      "test_PR_AUC_mean": 0.8985311649109556,
      "test_PR_AUC_std": 0.007573969431644678,
      "test_Precision_mean": 0.8808589772283856,
      "test_Precision_std": 0.034136676867866325,
      "test_ROC_AUC_mean": 0.9627222924568057,
      "test_ROC_AUC_std": 0.003610762769501358,
      "test_Sensitivity_mean": 0.7690476190476099,
      "test_Sensitivity_std": 0.05334825558285012,
      "test_Specificity_mean": 0.9734513274336254,
      "test_Specificity_std": 0.010356684136067822,
      "val_Precision_mean": 0.8918662056639544,
      "val_Precision_std": 0.052822934541666366,
      "val_Sensitivity_mean": 0.7488095238095149,
      "val_Sensitivity_std": 0.04047833413405358,
      "val_Specificity_mean": 0.9762241887905576,
      "val_Specificity_std": 0.01362143933146963,
      "val_score_mean": 0.8117489043018621,
      "val_score_std": 0.01359715101072029,
      "val_thr_mean": 0.5918616603896707,
      "val_thr_std": 0.07735119231989307
    },
    {
      "criterion": "youden",
      "feature_set": "c110_snr",
      "model": "brf",
      "param_hash": "65538c98d581",
      "param_index": 21,
      "test_Brier_mean": 0.06471593026129167,
      "test_Brier_std": 0.0031794411740395925,
      "test_LogLoss_mean": 0.2449412186371317,
      "test_LogLoss_std": 0.009034626333378416,
      "test_PR_AUC_mean": 0.8985311649109556,
      "test_PR_AUC_std": 0.007573969431644678,
      "test_Precision_mean": 0.7887438062560451,
      "test_Precision_std": 0.047613352610592546,
      "test_ROC_AUC_mean": 0.9627222924568057,
      "test_ROC_AUC_std": 0.003610762769501358,
      "test_Sensitivity_mean": 0.8699999999999897,
      "test_Sensitivity_std": 0.032432646098122596,
      "test_Specificity_mean": 0.9408849557522097,
      "test_Specificity_std": 0.018397321398590405,
      "val_Precision_mean": 0.7830837617486892,
      "val_Precision_std": 0.04000251347964026,
      "val_Sensitivity_mean": 0.8109523809523713,
      "val_Sensitivity_std": 0.018259953104040074,
      "val_Specificity_mean": 0.9434808259586993,
      "val_Specificity_std": 0.014381792825166625,
      "val_score_mean": 0.7544332069110706,
      "val_score_std": 0.013379016720201442,
      "val_thr_mean": 0.43078904647627003,
      "val_thr_std": 0.04463837401679655
    }
  ],
  "task_id": 453,
  "thr_grid_size": 600
}