{
  "feature_set": "c110_d110_errors_snr",
  "model": "bbag",
  "n_bootstrap": 50,
  "param_hash": "2722f92a279a",
  "param_index": 19,
  "params": {
    "base_max_depth": 10,
    "base_max_features": "0.5",
    "base_min_samples_leaf": 1,
    "base_min_samples_split": 4,
    "bootstrap": true,
    "max_features": 0.9,
    "max_samples": 0.9,
    "n_estimators": 1200,
    "replacement": false,
    "sampling_strategy": "auto"
  },
  "runtime_s": 249.99930214881897,
  "summary_preview": [
    {
      "criterion": "f1",
      "feature_set": "c110_d110_errors_snr",
      "model": "bbag",
      "param_hash": "2722f92a279a",
      "param_index": 19,
      "test_Brier_mean": 0.05772928824505481,
      "test_Brier_std": 0.0022341091255689447,
      "test_LogLoss_mean": 0.2255089223192394,
      "test_LogLoss_std": 0.0075315516737322905,
      "test_PR_AUC_mean": 0.9080442049984899,
      "test_PR_AUC_std": 0.0046964193877742765,
      "test_Precision_mean": 0.9033833081744157,
      "test_Precision_std": 0.03354283837217773,
      "test_ROC_AUC_mean": 0.9673437280516928,
      "test_ROC_AUC_std": 0.0021936231129401503,
      "test_Sensitivity_mean": 0.7778571428571337,
      "test_Sensitivity_std": 0.045988231054581705,
      "test_Specificity_mean": 0.9787610619468997,
      "test_Specificity_std": 0.00940409338576543,
      "val_Precision_mean": 0.9017599087849324,
      "val_Precision_std": 0.0465094656201511,
      "val_Sensitivity_mean": 0.7471428571428482,
      "val_Sensitivity_std": 0.027481646090780795,
      "val_Specificity_mean": 0.9789380530973422,
      "val_Specificity_std": 0.011693735450344763,
      "val_score_mean": 0.8157307258897943,
      "val_score_std": 0.009710682760710075,
      "val_thr_mean": 0.5964919105060279,
      "val_thr_std": 0.07961719419044698
    },
    {
      "criterion": "youden",
      "feature_set": "c110_d110_errors_snr",
      "model": "bbag",
      "param_hash": "2722f92a279a",
      "param_index": 19,
      "test_Brier_mean": 0.05772928824505481,
      "test_Brier_std": 0.0022341091255689447,
      "test_LogLoss_mean": 0.2255089223192394,
      "test_LogLoss_std": 0.0075315516737322905,
      "test_PR_AUC_mean": 0.9080442049984899,
      "test_PR_AUC_std": 0.0046964193877742765,
      "test_Precision_mean": 0.8173367316952747,
      "test_Precision_std": 0.03853304571137112,
      "test_ROC_AUC_mean": 0.9673437280516928,
      "test_ROC_AUC_std": 0.0021936231129401503,
      "test_Sensitivity_mean": 0.8778571428571325,
      "test_Sensitivity_std": 0.02329497451909595,
      "test_Specificity_mean": 0.9505604719763983,
      "test_Specificity_std": 0.013868853141459454,
      "val_Precision_mean": 0.7944692972902127,
      "val_Precision_std": 0.038494697430277953,
      "val_Sensitivity_mean": 0.802619047619038,
      "val_Sensitivity_std": 0.016851330167911495,
      "val_Specificity_mean": 0.9477286135693187,
      "val_Specificity_std": 0.01391334158502914,
      "val_score_mean": 0.7503476611883567,
      "val_score_std": 0.007876949910104167,
      "val_thr_mean": 0.4146977583056683,
      "val_thr_std": 0.03859812168659584
    }
  ],
  "task_id": 667,
  "thr_grid_size": 600
}