{
  "feature_set": "c110_errors",
  "model": "et",
  "n_bootstrap": 50,
  "param_hash": "aef56d53424d",
  "param_index": 2,
  "params": {
    "bootstrap": false,
    "max_depth": 30,
    "max_features": "0.5",
    "max_samples": null,
    "min_samples_leaf": 1,
    "min_samples_split": 8,
    "n_estimators": 4000
  },
  "runtime_s": 741.3439526557922,
  "summary_preview": [
    {
      "criterion": "f1",
      "feature_set": "c110_errors",
      "model": "et",
      "param_hash": "aef56d53424d",
      "param_index": 2,
      "test_Brier_mean": 0.046661175005789216,
      "test_Brier_std": 0.0015706619310218786,
      "test_LogLoss_mean": 0.17634731358270753,
      "test_LogLoss_std": 0.004296521544571509,
      "test_PR_AUC_mean": 0.9181336355993828,
      "test_PR_AUC_std": 0.004866008381011379,
      "test_Precision_mean": 0.9170618583593146,
      "test_Precision_std": 0.02827061919441386,
      "test_ROC_AUC_mean": 0.96972397808681,
      "test_ROC_AUC_std": 0.0022391261670012008,
      "test_Sensitivity_mean": 0.8066666666666571,
      "test_Sensitivity_std": 0.03814683095278616,
      "test_Specificity_mean": 0.9814749262536844,
      "test_Specificity_std": 0.00821560916069773,
      "val_Precision_mean": 0.9128897362678253,
      "val_Precision_std": 0.03385846391806886,
      "val_Sensitivity_mean": 0.759999999999991,
      "val_Sensitivity_std": 0.02409450441962531,
      "val_Specificity_mean": 0.9815339233038318,
      "val_Specificity_std": 0.00881557902037116,
      "val_score_mean": 0.828583243211842,
      "val_score_std": 0.008999643665791538,
      "val_thr_mean": 0.4817949087255579,
      "val_thr_std": 0.06670282601069075
    },
    {
      "criterion": "youden",
      "feature_set": "c110_errors",
      "model": "et",
      "param_hash": "aef56d53424d",
      "param_index": 2,
      "test_Brier_mean": 0.046661175005789216,
      "test_Brier_std": 0.0015706619310218786,
      "test_LogLoss_mean": 0.17634731358270753,
      "test_LogLoss_std": 0.004296521544571509,
      "test_PR_AUC_mean": 0.9181336355993828,
      "test_PR_AUC_std": 0.004866008381011379,
      "test_Precision_mean": 0.836344633869314,
      "test_Precision_std": 0.04156819417598134,
      "test_ROC_AUC_mean": 0.96972397808681,
      "test_ROC_AUC_std": 0.0022391261670012008,
      "test_Sensitivity_mean": 0.887380952380942,
      "test_Sensitivity_std": 0.02647932422673302,
      "test_Specificity_mean": 0.956047197640115,
      "test_Specificity_std": 0.014281300634496792,
      "val_Precision_mean": 0.8016511640171093,
      "val_Precision_std": 0.05127234339995579,
      "val_Sensitivity_mean": 0.8121428571428475,
      "val_Sensitivity_std": 0.01722479339019486,
      "val_Specificity_mean": 0.9489085545722685,
      "val_Specificity_std": 0.01748145414752686,
      "val_score_mean": 0.761051411715116,
      "val_score_std": 0.010348813069318282,
      "val_thr_mean": 0.317315508203272,
      "val_thr_std": 0.05637674420482365
    }
  ],
  "task_id": 218,
  "thr_grid_size": 600
}