{
  "feature_set": "c110_d110_errors",
  "model": "brf",
  "n_bootstrap": 50,
  "param_hash": "fc874b711781",
  "param_index": 11,
  "params": {
    "max_depth": 10,
    "max_features": "0.2",
    "min_samples_leaf": 2,
    "min_samples_split": 2,
    "n_estimators": 1500,
    "replacement": false,
    "sampling_strategy": "auto"
  },
  "runtime_s": 562.5549495220184,
  "summary_preview": [
    {
      "criterion": "f1",
      "feature_set": "c110_d110_errors",
      "model": "brf",
      "param_hash": "fc874b711781",
      "param_index": 11,
      "test_Brier_mean": 0.05943684067881655,
      "test_Brier_std": 0.002507237658250739,
      "test_LogLoss_mean": 0.22667977340655088,
      "test_LogLoss_std": 0.008233759176062208,
      "test_PR_AUC_mean": 0.9052857739795089,
      "test_PR_AUC_std": 0.00630054474517978,
      "test_Precision_mean": 0.8941773001485629,
      "test_Precision_std": 0.02519341885156634,
      "test_ROC_AUC_mean": 0.9639647422390785,
      "test_ROC_AUC_std": 0.003320948535999573,
      "test_Sensitivity_mean": 0.8059523809523713,
      "test_Sensitivity_std": 0.034540979611547035,
      "test_Specificity_mean": 0.976047197640115,
      "test_Specificity_std": 0.006915193087826709,
      "val_Precision_mean": 0.898125501914134,
      "val_Precision_std": 0.03119687051046864,
      "val_Sensitivity_mean": 0.7585714285714196,
      "val_Sensitivity_std": 0.023447194475665126,
      "val_Specificity_mean": 0.9782890855457198,
      "val_Specificity_std": 0.0077877200751935724,
      "val_score_mean": 0.8217591379191397,
      "val_score_std": 0.01199398502765941,
      "val_thr_mean": 0.6134296272628686,
      "val_thr_std": 0.0518838307792947
    },
    {
      "criterion": "youden",
      "feature_set": "c110_d110_errors",
      "model": "brf",
      "param_hash": "fc874b711781",
      "param_index": 11,
      "test_Brier_mean": 0.05943684067881655,
      "test_Brier_std": 0.002507237658250739,
      "test_LogLoss_mean": 0.22667977340655088,
      "test_LogLoss_std": 0.008233759176062208,
      "test_PR_AUC_mean": 0.9052857739795089,
      "test_PR_AUC_std": 0.00630054474517978,
      "test_Precision_mean": 0.8292800717186882,
      "test_Precision_std": 0.05148821935154824,
      "test_ROC_AUC_mean": 0.9639647422390785,
      "test_ROC_AUC_std": 0.003320948535999573,
      "test_Sensitivity_mean": 0.8564285714285613,
      "test_Sensitivity_std": 0.032035146890703026,
      "test_Specificity_mean": 0.9548672566371653,
      "test_Specificity_std": 0.017479523937594662,
      "val_Precision_mean": 0.815223340854501,
      "val_Precision_std": 0.06324101506946296,
      "val_Sensitivity_mean": 0.7952380952380858,
      "val_Sensitivity_std": 0.0166631955291371,
      "val_Specificity_mean": 0.9535103244837729,
      "val_Specificity_std": 0.02053738006005727,
      "val_score_mean": 0.7487484197218588,
      "val_score_std": 0.008989348505656978,
      "val_thr_mean": 0.49868056250643605,
      "val_thr_std": 0.07757970283234357
    }
  ],
  "task_id": 347,
  "thr_grid_size": 600
}