{
  "feature_set": "c110",
  "model": "bbag",
  "n_bootstrap": 50,
  "param_hash": "1336419b5077",
  "param_index": 17,
  "params": {
    "base_max_depth": 10,
    "base_max_features": "sqrt",
    "base_min_samples_leaf": 4,
    "base_min_samples_split": 2,
    "bootstrap": true,
    "max_features": 1.0,
    "max_samples": 0.9,
    "n_estimators": 500,
    "replacement": true,
    "sampling_strategy": "auto"
  },
  "runtime_s": 53.610398054122925,
  "summary_preview": [
    {
      "criterion": "f1",
      "feature_set": "c110",
      "model": "bbag",
      "param_hash": "1336419b5077",
      "param_index": 17,
      "test_Brier_mean": 0.09571241481768332,
      "test_Brier_std": 0.0024412951240726775,
      "test_LogLoss_mean": 0.3414086941203229,
      "test_LogLoss_std": 0.006881745598556651,
      "test_PR_AUC_mean": 0.8376765288229806,
      "test_PR_AUC_std": 0.0085139019020747,
      "test_Precision_mean": 0.7828841311152956,
      "test_Precision_std": 0.04462040631031455,
      "test_ROC_AUC_mean": 0.936267734232336,
      "test_ROC_AUC_std": 0.005682478219196029,
      "test_Sensitivity_mean": 0.7476190476190387,
      "test_Sensitivity_std": 0.0466990823732851,
      "test_Specificity_mean": 0.9471386430678437,
      "test_Specificity_std": 0.018182549491471862,
      "val_Precision_mean": 0.735537562218247,
      "val_Precision_std": 0.03860697419217467,
      "val_Sensitivity_mean": 0.7214285714285629,
      "val_Sensitivity_std": 0.0374921899405584,
      "val_Specificity_mean": 0.9345132743362804,
      "val_Specificity_std": 0.01638619645615131,
      "val_score_mean": 0.7266602023330297,
      "val_score_std": 0.012503242127393139,
      "val_thr_mean": 0.4927710747779451,
      "val_thr_std": 0.035167573097140976
    },
    {
      "criterion": "youden",
      "feature_set": "c110",
      "model": "bbag",
      "param_hash": "1336419b5077",
      "param_index": 17,
      "test_Brier_mean": 0.09571241481768332,
      "test_Brier_std": 0.0024412951240726775,
      "test_LogLoss_mean": 0.3414086941203229,
      "test_LogLoss_std": 0.006881745598556651,
      "test_PR_AUC_mean": 0.8376765288229806,
      "test_PR_AUC_std": 0.0085139019020747,
      "test_Precision_mean": 0.641745151511868,
      "test_Precision_std": 0.05952856867146205,
      "test_ROC_AUC_mean": 0.936267734232336,
      "test_ROC_AUC_std": 0.005682478219196029,
      "test_Sensitivity_mean": 0.8399999999999901,
      "test_Sensitivity_std": 0.033340274162837316,
      "test_Specificity_mean": 0.8804719764011772,
      "test_Specificity_std": 0.031145635142574794,
      "val_Precision_mean": 0.6360308759956801,
      "val_Precision_std": 0.03896075729995858,
      "val_Sensitivity_mean": 0.8023809523809429,
      "val_Sensitivity_std": 0.02151209292631528,
      "val_Specificity_mean": 0.8847787610619443,
      "val_Specificity_std": 0.0202574754202548,
      "val_score_mean": 0.6871597134428871,
      "val_score_std": 0.013563794409271123,
      "val_thr_mean": 0.4089197661404236,
      "val_thr_std": 0.027971535364388605
    }
  ],
  "task_id": 89,
  "thr_grid_size": 600
}