{
  "feature_set": "c110_d110_errors",
  "model": "brf",
  "n_bootstrap": 50,
  "param_hash": "3ea42a330d0c",
  "param_index": 9,
  "params": {
    "max_depth": 20,
    "max_features": "0.2",
    "min_samples_leaf": 2,
    "min_samples_split": 2,
    "n_estimators": 800,
    "replacement": false,
    "sampling_strategy": "auto"
  },
  "runtime_s": 322.951185464859,
  "summary_preview": [
    {
      "criterion": "f1",
      "feature_set": "c110_d110_errors",
      "model": "brf",
      "param_hash": "3ea42a330d0c",
      "param_index": 9,
      "test_Brier_mean": 0.061032154328612837,
      "test_Brier_std": 0.0022300157071133407,
      "test_LogLoss_mean": 0.22996431989600238,
      "test_LogLoss_std": 0.007416483684979458,
      "test_PR_AUC_mean": 0.9042035023977024,
      "test_PR_AUC_std": 0.0058380813321282045,
      "test_Precision_mean": 0.889304468538616,
      "test_Precision_std": 0.024701315978172333,
      "test_ROC_AUC_mean": 0.9631977805871611,
      "test_ROC_AUC_std": 0.002672445632315296,
      "test_Sensitivity_mean": 0.8023809523809429,
      "test_Sensitivity_std": 0.033671751485073315,
      "test_Specificity_mean": 0.9749262536873127,
      "test_Specificity_std": 0.006879404853482726,
      "val_Precision_mean": 0.89656575078219,
      "val_Precision_std": 0.03100109293523013,
      "val_Sensitivity_mean": 0.7607142857142768,
      "val_Sensitivity_std": 0.023718240954049608,
      "val_Specificity_mean": 0.9778761061946873,
      "val_Specificity_std": 0.007707265553380474,
      "val_score_mean": 0.8223770995049697,
      "val_score_std": 0.012969388937199858,
      "val_thr_mean": 0.6158514360701904,
      "val_thr_std": 0.055770778958269956
    },
    {
      "criterion": "youden",
      "feature_set": "c110_d110_errors",
      "model": "brf",
      "param_hash": "3ea42a330d0c",
      "param_index": 9,
      "test_Brier_mean": 0.061032154328612837,
      "test_Brier_std": 0.0022300157071133407,
      "test_LogLoss_mean": 0.22996431989600238,
      "test_LogLoss_std": 0.007416483684979458,
      "test_PR_AUC_mean": 0.9042035023977024,
      "test_PR_AUC_std": 0.0058380813321282045,
      "test_Precision_mean": 0.8344290260038503,
      "test_Precision_std": 0.051406339796715994,
      "test_ROC_AUC_mean": 0.9631977805871611,
      "test_ROC_AUC_std": 0.002672445632315296,
      "test_Sensitivity_mean": 0.8509523809523709,
      "test_Sensitivity_std": 0.0315649190697144,
      "test_Specificity_mean": 0.9566961651917376,
      "test_Specificity_std": 0.017582745085764257,
      "val_Precision_mean": 0.8217400062553789,
      "val_Precision_std": 0.058584210421657255,
      "val_Sensitivity_mean": 0.7938095238095144,
      "val_Sensitivity_std": 0.01691129645531418,
      "val_Specificity_mean": 0.9558112094395251,
      "val_Specificity_std": 0.018498685348445093,
      "val_score_mean": 0.7496207332490396,
      "val_score_std": 0.010270151072515356,
      "val_thr_mean": 0.5143846069838621,
      "val_thr_std": 0.07085829452757826
    }
  ],
  "task_id": 345,
  "thr_grid_size": 600
}