{
  "feature_set": "c110_d110",
  "model": "brf",
  "n_bootstrap": 50,
  "param_hash": "0121368305ab",
  "param_index": 6,
  "params": {
    "max_depth": 10,
    "max_features": "0.3",
    "min_samples_leaf": 4,
    "min_samples_split": 4,
    "n_estimators": 4000,
    "replacement": false,
    "sampling_strategy": "auto"
  },
  "runtime_s": 1558.9050772190094,
  "summary_preview": [
    {
      "criterion": "f1",
      "feature_set": "c110_d110",
      "model": "brf",
      "param_hash": "0121368305ab",
      "param_index": 6,
      "test_Brier_mean": 0.06119503321257195,
      "test_Brier_std": 0.0026684793861717795,
      "test_LogLoss_mean": 0.23178039066274586,
      "test_LogLoss_std": 0.008360582966965707,
      "test_PR_AUC_mean": 0.8998300773032352,
      "test_PR_AUC_std": 0.006116773762025736,
      "test_Precision_mean": 0.8826068087337501,
      "test_Precision_std": 0.02369806759984485,
      "test_ROC_AUC_mean": 0.9605267593763169,
      "test_ROC_AUC_std": 0.0034445498004077495,
      "test_Sensitivity_mean": 0.8149999999999903,
      "test_Sensitivity_std": 0.03641283157486548,
      "test_Specificity_mean": 0.9728023598820029,
      "test_Specificity_std": 0.006906199131545894,
      "val_Precision_mean": 0.895352745638652,
      "val_Precision_std": 0.030957924765715468,
      "val_Sensitivity_mean": 0.759999999999991,
      "val_Sensitivity_std": 0.026386316126828888,
      "val_Specificity_mean": 0.9775811209439499,
      "val_Specificity_std": 0.007678410096202508,
      "val_score_mean": 0.8213343931109074,
      "val_score_std": 0.012400676872674354,
      "val_thr_mean": 0.6286681485162124,
      "val_thr_std": 0.06572752187185868
    },
    {
      "criterion": "youden",
      "feature_set": "c110_d110",
      "model": "brf",
      "param_hash": "0121368305ab",
      "param_index": 6,
      "test_Brier_mean": 0.06119503321257195,
      "test_Brier_std": 0.0026684793861717795,
      "test_LogLoss_mean": 0.23178039066274586,
      "test_LogLoss_std": 0.008360582966965707,
      "test_PR_AUC_mean": 0.8998300773032352,
      "test_PR_AUC_std": 0.006116773762025736,
      "test_Precision_mean": 0.8310811617581675,
      "test_Precision_std": 0.054937962302485925,
      "test_ROC_AUC_mean": 0.9605267593763169,
      "test_ROC_AUC_std": 0.0034445498004077495,
      "test_Sensitivity_mean": 0.8538095238095137,
      "test_Sensitivity_std": 0.027532117475983407,
      "test_Specificity_mean": 0.9553982300884927,
      "test_Specificity_std": 0.01932639305528931,
      "val_Precision_mean": 0.8284554711466167,
      "val_Precision_std": 0.06244332154090943,
      "val_Sensitivity_mean": 0.7930952380952287,
      "val_Sensitivity_std": 0.020392567737242767,
      "val_Specificity_mean": 0.9575221238938024,
      "val_Specificity_std": 0.02006005939386744,
      "val_score_mean": 0.7506173619890311,
      "val_score_std": 0.010859266508392985,
      "val_thr_mean": 0.5261152665019516,
      "val_thr_std": 0.08031367083625827
    }
  ],
  "task_id": 150,
  "thr_grid_size": 600
}