{
  "feature_set": "c110_d110_errors_snr",
  "model": "bbag",
  "n_bootstrap": 50,
  "param_hash": "53769ab18e2e",
  "param_index": 13,
  "params": {
    "base_max_depth": 20,
    "base_max_features": "0.3",
    "base_min_samples_leaf": 1,
    "base_min_samples_split": 2,
    "bootstrap": true,
    "max_features": 0.9,
    "max_samples": 0.5,
    "n_estimators": 500,
    "replacement": false,
    "sampling_strategy": "auto"
  },
  "runtime_s": 84.4018611907959,
  "summary_preview": [
    {
      "criterion": "f1",
      "feature_set": "c110_d110_errors_snr",
      "model": "bbag",
      "param_hash": "53769ab18e2e",
      "param_index": 13,
      "test_Brier_mean": 0.06899577977405653,
      "test_Brier_std": 0.002973249990624044,
      "test_LogLoss_mean": 0.2594719360874001,
      "test_LogLoss_std": 0.009080697163763293,
      "test_PR_AUC_mean": 0.8991077939114149,
      "test_PR_AUC_std": 0.006748015494418901,
      "test_Precision_mean": 0.8653110628201724,
      "test_Precision_std": 0.0321519955652999,
      "test_ROC_AUC_mean": 0.9650814721168703,
      "test_ROC_AUC_std": 0.002724646858499355,
      "test_Sensitivity_mean": 0.7857142857142765,
      "test_Sensitivity_std": 0.04731438007905915,
      "test_Specificity_mean": 0.9690265486725634,
      "test_Specificity_std": 0.009521385189797707,
      "val_Precision_mean": 0.858644302044279,
      "val_Precision_std": 0.047732762466197204,
      "val_Sensitivity_mean": 0.756904761904753,
      "val_Sensitivity_std": 0.03307287524620746,
      "val_Specificity_mean": 0.9680235988200561,
      "val_Specificity_std": 0.01284235470337078,
      "val_score_mean": 0.8027385529135228,
      "val_score_std": 0.008517242524109205,
      "val_thr_mean": 0.5637715525876462,
      "val_thr_std": 0.06595122911483998
    },
    {
      "criterion": "youden",
      "feature_set": "c110_d110_errors_snr",
      "model": "bbag",
      "param_hash": "53769ab18e2e",
      "param_index": 13,
      "test_Brier_mean": 0.06899577977405653,
      "test_Brier_std": 0.002973249990624044,
      "test_LogLoss_mean": 0.2594719360874001,
      "test_LogLoss_std": 0.009080697163763293,
      "test_PR_AUC_mean": 0.8991077939114149,
      "test_PR_AUC_std": 0.006748015494418901,
      "test_Precision_mean": 0.8240396778481712,
      "test_Precision_std": 0.027944226869955433,
      "test_ROC_AUC_mean": 0.9650814721168703,
      "test_ROC_AUC_std": 0.002724646858499355,
      "test_Sensitivity_mean": 0.8519047619047518,
      "test_Sensitivity_std": 0.02430961685061959,
      "test_Specificity_mean": 0.9544542772861329,
      "test_Specificity_std": 0.010186562110232184,
      "val_Precision_mean": 0.7912258093823791,
      "val_Precision_std": 0.02798601918015424,
      "val_Sensitivity_mean": 0.796428571428562,
      "val_Sensitivity_std": 0.01055244357652273,
      "val_Specificity_mean": 0.9475516224188761,
      "val_Specificity_std": 0.009484758591934647,
      "val_score_mean": 0.7439801938474382,
      "val_score_std": 0.008842464928700467,
      "val_thr_mean": 0.4754437330654336,
      "val_thr_std": 0.029780049985999518
    }
  ],
  "task_id": 661,
  "thr_grid_size": 600
}