{
  "feature_set": "c110_d110",
  "model": "brf",
  "n_bootstrap": 50,
  "param_hash": "8a29145b4a25",
  "param_index": 23,
  "params": {
    "max_depth": 20,
    "max_features": "0.5",
    "min_samples_leaf": 2,
    "min_samples_split": 4,
    "n_estimators": 800,
    "replacement": false,
    "sampling_strategy": "auto"
  },
  "runtime_s": 480.6854889392853,
  "summary_preview": [
    {
      "criterion": "f1",
      "feature_set": "c110_d110",
      "model": "brf",
      "param_hash": "8a29145b4a25",
      "param_index": 23,
      "test_Brier_mean": 0.06470770948745644,
      "test_Brier_std": 0.0029091573752590416,
      "test_LogLoss_mean": 0.243611635196178,
      "test_LogLoss_std": 0.018109981589566178,
      "test_PR_AUC_mean": 0.8932394140871517,
      "test_PR_AUC_std": 0.009566408311965341,
      "test_Precision_mean": 0.8847739448885078,
      "test_Precision_std": 0.028619445293334028,
      "test_ROC_AUC_mean": 0.9561335861778341,
      "test_ROC_AUC_std": 0.004820542619492075,
      "test_Sensitivity_mean": 0.7961904761904668,
      "test_Sensitivity_std": 0.03985837299398661,
      "test_Specificity_mean": 0.9738643067846579,
      "test_Specificity_std": 0.008128032023120383,
      "val_Precision_mean": 0.9014373570328554,
      "val_Precision_std": 0.03230754130523828,
      "val_Sensitivity_mean": 0.7516666666666577,
      "val_Sensitivity_std": 0.028152295014143278,
      "val_Specificity_mean": 0.9791740412979322,
      "val_Specificity_std": 0.008136766679365096,
      "val_score_mean": 0.818842435832038,
      "val_score_std": 0.012117628360655197,
      "val_thr_mean": 0.650883229738959,
      "val_thr_std": 0.07183799889145968
    },
    {
      "criterion": "youden",
      "feature_set": "c110_d110",
      "model": "brf",
      "param_hash": "8a29145b4a25",
      "param_index": 23,
      "test_Brier_mean": 0.06470770948745644,
      "test_Brier_std": 0.0029091573752590416,
      "test_LogLoss_mean": 0.243611635196178,
      "test_LogLoss_std": 0.018109981589566178,
      "test_PR_AUC_mean": 0.8932394140871517,
      "test_PR_AUC_std": 0.009566408311965341,
      "test_Precision_mean": 0.8151014856873517,
      "test_Precision_std": 0.05253104237353658,
      "test_ROC_AUC_mean": 0.9561335861778341,
      "test_ROC_AUC_std": 0.004820542619492075,
      "test_Sensitivity_mean": 0.8483333333333234,
      "test_Sensitivity_std": 0.031249045522005137,
      "test_Specificity_mean": 0.9507964601769882,
      "test_Specificity_std": 0.01856528429999934,
      "val_Precision_mean": 0.8100821532235709,
      "val_Precision_std": 0.06614817725350063,
      "val_Sensitivity_mean": 0.7916666666666573,
      "val_Sensitivity_std": 0.022076113921338472,
      "val_Specificity_mean": 0.9519764011799381,
      "val_Specificity_std": 0.021660837463935975,
      "val_score_mean": 0.7436430678465955,
      "val_score_std": 0.01625528721209275,
      "val_thr_mean": 0.5185937166110185,
      "val_thr_std": 0.07414654582936528
    }
  ],
  "task_id": 167,
  "thr_grid_size": 600
}