{
  "feature_set": "c110_d110",
  "model": "rf",
  "n_bootstrap": 50,
  "param_hash": "6cf4d44e3e25",
  "param_index": 5,
  "params": {
    "bootstrap": true,
    "class_weight": null,
    "max_depth": 20,
    "max_features": "sqrt",
    "min_samples_leaf": 1,
    "min_samples_split": 8,
    "n_estimators": 800
  },
  "runtime_s": 222.46938347816467,
  "summary_preview": [
    {
      "criterion": "f1",
      "feature_set": "c110_d110",
      "model": "rf",
      "param_hash": "6cf4d44e3e25",
      "param_index": 5,
      "test_Brier_mean": 0.05548520838561739,
      "test_Brier_std": 0.00150270373916812,
      "test_LogLoss_mean": 0.20201645469078097,
      "test_LogLoss_std": 0.004468478428733914,
      "test_PR_AUC_mean": 0.8954954403651324,
      "test_PR_AUC_std": 0.005534524798900201,
      "test_Precision_mean": 0.9163686456375736,
      "test_Precision_std": 0.018246694232561103,
      "test_ROC_AUC_mean": 0.957819216182048,
      "test_ROC_AUC_std": 0.003020003838254185,
      "test_Sensitivity_mean": 0.7609523809523719,
      "test_Sensitivity_std": 0.03943525151977168,
      "test_Specificity_mean": 0.9825958702064866,
      "test_Specificity_std": 0.004923439294373326,
      "val_Precision_mean": 0.9221549080126847,
      "val_Precision_std": 0.031785328661501626,
      "val_Sensitivity_mean": 0.7319047619047532,
      "val_Sensitivity_std": 0.02359475536874072,
      "val_Specificity_mean": 0.984306784660764,
      "val_Specificity_std": 0.007477816439214081,
      "val_score_mean": 0.8153492234910914,
      "val_score_std": 0.011658671999604998,
      "val_thr_mean": 0.4853530951486935,
      "val_thr_std": 0.04668938243201582
    },
    {
      "criterion": "youden",
      "feature_set": "c110_d110",
      "model": "rf",
      "param_hash": "6cf4d44e3e25",
      "param_index": 5,
      "test_Brier_mean": 0.05548520838561739,
      "test_Brier_std": 0.00150270373916812,
      "test_LogLoss_mean": 0.20201645469078097,
      "test_LogLoss_std": 0.004468478428733914,
      "test_PR_AUC_mean": 0.8954954403651324,
      "test_PR_AUC_std": 0.005534524798900201,
      "test_Precision_mean": 0.8581777412405242,
      "test_Precision_std": 0.03593033685163851,
      "test_ROC_AUC_mean": 0.957819216182048,
      "test_ROC_AUC_std": 0.003020003838254185,
      "test_Sensitivity_mean": 0.8369047619047519,
      "test_Sensitivity_std": 0.02713104784616262,
      "test_Specificity_mean": 0.965132743362829,
      "test_Specificity_std": 0.010837467065335648,
      "val_Precision_mean": 0.8155291166572052,
      "val_Precision_std": 0.05421054645220966,
      "val_Sensitivity_mean": 0.7780952380952288,
      "val_Sensitivity_std": 0.019053691937633656,
      "val_Specificity_mean": 0.9551032448377552,
      "val_Specificity_std": 0.016465011786522703,
      "val_score_mean": 0.7331984829329841,
      "val_score_std": 0.013774658348694128,
      "val_thr_mean": 0.3748432146787184,
      "val_thr_std": 0.043987520001282615
    }
  ],
  "task_id": 101,
  "thr_grid_size": 600
}