{
  "feature_set": "c110",
  "model": "et",
  "n_bootstrap": 50,
  "param_hash": "d57d101abdb4",
  "param_index": 0,
  "params": {
    "bootstrap": false,
    "max_depth": null,
    "max_features": "0.3",
    "max_samples": 1.0,
    "min_samples_leaf": 4,
    "min_samples_split": 8,
    "n_estimators": 2500
  },
  "runtime_s": 397.01630687713623,
  "summary_preview": [
    {
      "criterion": "f1",
      "feature_set": "c110",
      "model": "et",
      "param_hash": "d57d101abdb4",
      "param_index": 0,
      "test_Brier_mean": 0.051412540698491584,
      "test_Brier_std": 0.0015401521774647375,
      "test_LogLoss_mean": 0.1902996048826082,
      "test_LogLoss_std": 0.004533219841165344,
      "test_PR_AUC_mean": 0.9103495704927939,
      "test_PR_AUC_std": 0.004453446169394044,
      "test_Precision_mean": 0.9037563349415285,
      "test_Precision_std": 0.021870593920207602,
      "test_ROC_AUC_mean": 0.9664447253827785,
      "test_ROC_AUC_std": 0.0025416119576609515,
      "test_Sensitivity_mean": 0.7921428571428477,
      "test_Sensitivity_std": 0.0303474946080875,
      "test_Specificity_mean": 0.9788200589970473,
      "test_Specificity_std": 0.006184505044474918,
      "val_Precision_mean": 0.8937718175156981,
      "val_Precision_std": 0.029256537342112147,
      "val_Sensitivity_mean": 0.7621428571428481,
      "val_Sensitivity_std": 0.020758055027755445,
      "val_Specificity_mean": 0.9771681415929174,
      "val_Specificity_std": 0.007856961759448267,
      "val_score_mean": 0.822066598158438,
      "val_score_std": 0.007431768793344166,
      "val_thr_mean": 0.43341677311392013,
      "val_thr_std": 0.04456171243486549
    },
    {
      "criterion": "youden",
      "feature_set": "c110",
      "model": "et",
      "param_hash": "d57d101abdb4",
      "param_index": 0,
      "test_Brier_mean": 0.051412540698491584,
      "test_Brier_std": 0.0015401521774647375,
      "test_LogLoss_mean": 0.1902996048826082,
      "test_LogLoss_std": 0.004533219841165344,
      "test_PR_AUC_mean": 0.9103495704927939,
      "test_PR_AUC_std": 0.004453446169394044,
      "test_Precision_mean": 0.8361411832828735,
      "test_Precision_std": 0.034830555204073646,
      "test_ROC_AUC_mean": 0.9664447253827785,
      "test_ROC_AUC_std": 0.0025416119576609515,
      "test_Sensitivity_mean": 0.8711904761904659,
      "test_Sensitivity_std": 0.015714506580301185,
      "test_Specificity_mean": 0.9571091445427701,
      "test_Specificity_std": 0.011559323744079175,
      "val_Precision_mean": 0.8033929850290334,
      "val_Precision_std": 0.030899864058114335,
      "val_Sensitivity_mean": 0.8104761904761808,
      "val_Sensitivity_std": 0.011239939892420505,
      "val_Specificity_mean": 0.9503834808259559,
      "val_Specificity_std": 0.010385621847884219,
      "val_score_mean": 0.7608596713021367,
      "val_score_std": 0.007049499212787209,
      "val_thr_mean": 0.2945854397410788,
      "val_thr_std": 0.03801899148881384
    }
  ],
  "task_id": 24,
  "thr_grid_size": 600
}