{
  "feature_set": "c110",
  "model": "rf",
  "n_bootstrap": 50,
  "param_hash": "7d8e81e2a289",
  "param_index": 4,
  "params": {
    "bootstrap": true,
    "class_weight": null,
    "max_depth": 20,
    "max_features": "0.2",
    "min_samples_leaf": 1,
    "min_samples_split": 2,
    "n_estimators": 4000
  },
  "runtime_s": 1313.5551686286926,
  "summary_preview": [
    {
      "criterion": "f1",
      "feature_set": "c110",
      "model": "rf",
      "param_hash": "7d8e81e2a289",
      "param_index": 4,
      "test_Brier_mean": 0.05451269276504788,
      "test_Brier_std": 0.0020832300245476653,
      "test_LogLoss_mean": 0.19728299978630676,
      "test_LogLoss_std": 0.005623501238763878,
      "test_PR_AUC_mean": 0.8971166446913148,
      "test_PR_AUC_std": 0.008339678271062197,
      "test_Precision_mean": 0.8944440426057112,
      "test_Precision_std": 0.023770832015730714,
      "test_ROC_AUC_mean": 0.9597998314369995,
      "test_ROC_AUC_std": 0.0036451129508851595,
      "test_Sensitivity_mean": 0.7821428571428478,
      "test_Sensitivity_std": 0.038199111301387666,
      "test_Specificity_mean": 0.9768141592920324,
      "test_Specificity_std": 0.00644657068995409,
      "val_Precision_mean": 0.8967541361816069,
      "val_Precision_std": 0.035703199143958454,
      "val_Sensitivity_mean": 0.737619047619039,
      "val_Sensitivity_std": 0.031077343620408954,
      "val_Specificity_mean": 0.9784070796460148,
      "val_Specificity_std": 0.00870673177928019,
      "val_score_mean": 0.8083150974293748,
      "val_score_std": 0.013659970257368268,
      "val_thr_mean": 0.4572350655574434,
      "val_thr_std": 0.05503028156535272
    },
    {
      "criterion": "youden",
      "feature_set": "c110",
      "model": "rf",
      "param_hash": "7d8e81e2a289",
      "param_index": 4,
      "test_Brier_mean": 0.05451269276504788,
      "test_Brier_std": 0.0020832300245476653,
      "test_LogLoss_mean": 0.19728299978630676,
      "test_LogLoss_std": 0.005623501238763878,
      "test_PR_AUC_mean": 0.8971166446913148,
      "test_PR_AUC_std": 0.008339678271062197,
      "test_Precision_mean": 0.8315263930760031,
      "test_Precision_std": 0.05202363527410348,
      "test_ROC_AUC_mean": 0.9597998314369995,
      "test_ROC_AUC_std": 0.0036451129508851595,
      "test_Sensitivity_mean": 0.8349999999999901,
      "test_Sensitivity_std": 0.03032842731881631,
      "test_Specificity_mean": 0.9566961651917376,
      "test_Specificity_std": 0.01789310342650223,
      "val_Precision_mean": 0.7962459548560907,
      "val_Precision_std": 0.06461725670450111,
      "val_Sensitivity_mean": 0.7849999999999908,
      "val_Sensitivity_std": 0.028090584516841783,
      "val_Specificity_mean": 0.9480235988200562,
      "val_Specificity_std": 0.022910697695289414,
      "val_score_mean": 0.7330235988200468,
      "val_score_std": 0.0185417835744189,
      "val_thr_mean": 0.3513827053857601,
      "val_thr_std": 0.05570301471290678
    }
  ],
  "task_id": 4,
  "thr_grid_size": 600
}