{
  "feature_set": "c110_d110_errors",
  "model": "brf",
  "n_bootstrap": 50,
  "param_hash": "39773404cc03",
  "param_index": 16,
  "params": {
    "max_depth": null,
    "max_features": "0.2",
    "min_samples_leaf": 1,
    "min_samples_split": 2,
    "n_estimators": 4000,
    "replacement": false,
    "sampling_strategy": "auto"
  },
  "runtime_s": 1858.2677664756775,
  "summary_preview": [
    {
      "criterion": "f1",
      "feature_set": "c110_d110_errors",
      "model": "brf",
      "param_hash": "39773404cc03",
      "param_index": 16,
      "test_Brier_mean": 0.06222062768321513,
      "test_Brier_std": 0.0028971066943554585,
      "test_LogLoss_mean": 0.23286724683456644,
      "test_LogLoss_std": 0.009564257143720806,
      "test_PR_AUC_mean": 0.9057282628695188,
      "test_PR_AUC_std": 0.004768127056610195,
      "test_Precision_mean": 0.8974274944834719,
      "test_Precision_std": 0.02631445509352501,
      "test_ROC_AUC_mean": 0.9632574799831437,
      "test_ROC_AUC_std": 0.0022135640816471664,
      "test_Sensitivity_mean": 0.7983333333333239,
      "test_Sensitivity_std": 0.02445788737593214,
      "test_Specificity_mean": 0.9771091445427699,
      "test_Specificity_std": 0.006861570143126039,
      "val_Precision_mean": 0.9001324271799226,
      "val_Precision_std": 0.02610165848648818,
      "val_Sensitivity_mean": 0.7602380952380863,
      "val_Sensitivity_std": 0.02151343739010995,
      "val_Specificity_mean": 0.9788200589970473,
      "val_Specificity_std": 0.006465275576804047,
      "val_score_mean": 0.8237505298440374,
      "val_score_std": 0.010413428523531906,
      "val_thr_mean": 0.6257410934891486,
      "val_thr_std": 0.04708401629322931
    },
    {
      "criterion": "youden",
      "feature_set": "c110_d110_errors",
      "model": "brf",
      "param_hash": "39773404cc03",
      "param_index": 16,
      "test_Brier_mean": 0.06222062768321513,
      "test_Brier_std": 0.0028971066943554585,
      "test_LogLoss_mean": 0.23286724683456644,
      "test_LogLoss_std": 0.009564257143720806,
      "test_PR_AUC_mean": 0.9057282628695188,
      "test_PR_AUC_std": 0.004768127056610195,
      "test_Precision_mean": 0.843552857238527,
      "test_Precision_std": 0.05031544969891515,
      "test_ROC_AUC_mean": 0.9632574799831437,
      "test_ROC_AUC_std": 0.0022135640816471664,
      "test_Sensitivity_mean": 0.8466666666666566,
      "test_Sensitivity_std": 0.03738712631540047,
      "test_Specificity_mean": 0.9596460176991122,
      "test_Specificity_std": 0.01782349489534212,
      "val_Precision_mean": 0.8305607340283286,
      "val_Precision_std": 0.057859245103654935,
      "val_Sensitivity_mean": 0.7926190476190382,
      "val_Sensitivity_std": 0.01999149479017437,
      "val_Specificity_mean": 0.9583480825958673,
      "val_Specificity_std": 0.0190859918753634,
      "val_score_mean": 0.7509671302149056,
      "val_score_std": 0.009074367792255707,
      "val_thr_mean": 0.5347281886477462,
      "val_thr_std": 0.06409999247916125
    }
  ],
  "task_id": 352,
  "thr_grid_size": 600
}