{
  "feature_set": "c110_errors",
  "model": "et",
  "n_bootstrap": 50,
  "param_hash": "67ed492aca20",
  "param_index": 20,
  "params": {
    "bootstrap": true,
    "max_depth": 20,
    "max_features": "0.3",
    "max_samples": null,
    "min_samples_leaf": 4,
    "min_samples_split": 2,
    "n_estimators": 4000
  },
  "runtime_s": 856.4033055305481,
  "summary_preview": [
    {
      "criterion": "f1",
      "feature_set": "c110_errors",
      "model": "et",
      "param_hash": "67ed492aca20",
      "param_index": 20,
      "test_Brier_mean": 0.05439238783524952,
      "test_Brier_std": 0.001694421504606514,
      "test_LogLoss_mean": 0.19811799226832494,
      "test_LogLoss_std": 0.0044593877172188915,
      "test_PR_AUC_mean": 0.9097583501565089,
      "test_PR_AUC_std": 0.0057500068623683,
      "test_Precision_mean": 0.8800939364160432,
      "test_Precision_std": 0.02079183967965994,
      "test_ROC_AUC_mean": 0.9693447113358619,
      "test_ROC_AUC_std": 0.0019093144450001436,
      "test_Sensitivity_mean": 0.783333333333324,
      "test_Sensitivity_std": 0.03952023822660582,
      "test_Specificity_mean": 0.9732743362831829,
      "test_Specificity_std": 0.006290415701907167,
      "val_Precision_mean": 0.8700910113167631,
      "val_Precision_std": 0.03516234194394808,
      "val_Sensitivity_mean": 0.7564285714285625,
      "val_Sensitivity_std": 0.022460572145974356,
      "val_Specificity_mean": 0.9714454277286105,
      "val_Specificity_std": 0.00983677404161237,
      "val_score_mean": 0.8083977316341071,
      "val_score_std": 0.008569767401186864,
      "val_thr_mean": 0.4074743189280277,
      "val_thr_std": 0.05525236814068621
    },
    {
      "criterion": "youden",
      "feature_set": "c110_errors",
      "model": "et",
      "param_hash": "67ed492aca20",
      "param_index": 20,
      "test_Brier_mean": 0.05439238783524952,
      "test_Brier_std": 0.001694421504606514,
      "test_LogLoss_mean": 0.19811799226832494,
      "test_LogLoss_std": 0.0044593877172188915,
      "test_PR_AUC_mean": 0.9097583501565089,
      "test_PR_AUC_std": 0.0057500068623683,
      "test_Precision_mean": 0.8107570368594115,
      "test_Precision_std": 0.031272597553470394,
      "test_ROC_AUC_mean": 0.9693447113358619,
      "test_ROC_AUC_std": 0.0019093144450001436,
      "test_Sensitivity_mean": 0.8949999999999894,
      "test_Sensitivity_std": 0.02377183606151919,
      "test_Specificity_mean": 0.9476696165191711,
      "test_Specificity_std": 0.011781486597760167,
      "val_Precision_mean": 0.7560076981757837,
      "val_Precision_std": 0.035507540383128075,
      "val_Sensitivity_mean": 0.8152380952380857,
      "val_Sensitivity_std": 0.012552817746425641,
      "val_Specificity_mean": 0.9341002949852479,
      "val_Specificity_std": 0.01325405309272646,
      "val_score_mean": 0.7493383902233336,
      "val_score_std": 0.01020465965311944,
      "val_thr_mean": 0.258682187939134,
      "val_thr_std": 0.027840882667469122
    }
  ],
  "task_id": 236,
  "thr_grid_size": 600
}