{
  "feature_set": "c110_errors",
  "model": "brf",
  "n_bootstrap": 50,
  "param_hash": "65538c98d581",
  "param_index": 21,
  "params": {
    "max_depth": null,
    "max_features": "0.2",
    "min_samples_leaf": 4,
    "min_samples_split": 8,
    "n_estimators": 800,
    "replacement": false,
    "sampling_strategy": "auto"
  },
  "runtime_s": 292.15873861312866,
  "summary_preview": [
    {
      "criterion": "f1",
      "feature_set": "c110_errors",
      "model": "brf",
      "param_hash": "65538c98d581",
      "param_index": 21,
      "test_Brier_mean": 0.06472695540586665,
      "test_Brier_std": 0.0031307337348873733,
      "test_LogLoss_mean": 0.2399122995417672,
      "test_LogLoss_std": 0.009162324958461603,
      "test_PR_AUC_mean": 0.9086449775114006,
      "test_PR_AUC_std": 0.008178523991305833,
      "test_Precision_mean": 0.8849597371492145,
      "test_Precision_std": 0.038674793537693125,
      "test_ROC_AUC_mean": 0.9669897457508076,
      "test_ROC_AUC_std": 0.004025326943206503,
      "test_Sensitivity_mean": 0.7642857142857052,
      "test_Sensitivity_std": 0.05856862366572234,
      "test_Specificity_mean": 0.9743952802359853,
      "test_Specificity_std": 0.012578007994051494,
      "val_Precision_mean": 0.9006790666797805,
      "val_Precision_std": 0.049932694833908116,
      "val_Sensitivity_mean": 0.7383333333333246,
      "val_Sensitivity_std": 0.03619613402656594,
      "val_Specificity_mean": 0.9787020648967523,
      "val_Specificity_std": 0.013060777524708522,
      "val_score_mean": 0.8094566205307898,
      "val_score_std": 0.01127473444774486,
      "val_thr_mean": 0.6281029678597929,
      "val_thr_std": 0.07915226098148781
    },
    {
      "criterion": "youden",
      "feature_set": "c110_errors",
      "model": "brf",
      "param_hash": "65538c98d581",
      "param_index": 21,
      "test_Brier_mean": 0.06472695540586665,
      "test_Brier_std": 0.0031307337348873733,
      "test_LogLoss_mean": 0.2399122995417672,
      "test_LogLoss_std": 0.009162324958461603,
      "test_PR_AUC_mean": 0.9086449775114006,
      "test_PR_AUC_std": 0.008178523991305833,
      "test_Precision_mean": 0.7963678686355309,
      "test_Precision_std": 0.03848847749903395,
      "test_ROC_AUC_mean": 0.9669897457508076,
      "test_ROC_AUC_std": 0.004025326943206503,
      "test_Sensitivity_mean": 0.8754761904761801,
      "test_Sensitivity_std": 0.03255459217390115,
      "test_Specificity_mean": 0.9436578171091417,
      "test_Specificity_std": 0.014168945999540158,
      "val_Precision_mean": 0.7791939065402518,
      "val_Precision_std": 0.04119776847532416,
      "val_Sensitivity_mean": 0.7961904761904668,
      "val_Sensitivity_std": 0.018574044818334575,
      "val_Specificity_mean": 0.9432448377581092,
      "val_Specificity_std": 0.01455607634196895,
      "val_score_mean": 0.739435313948576,
      "val_score_std": 0.016806911723869007,
      "val_thr_mean": 0.4656203363078676,
      "val_thr_std": 0.04782503584882151
    }
  ],
  "task_id": 261,
  "thr_grid_size": 600
}