{
  "feature_set": "c110_d110_snr",
  "model": "brf",
  "n_bootstrap": 50,
  "param_hash": "ab6f95159890",
  "param_index": 12,
  "params": {
    "max_depth": 10,
    "max_features": "0.3",
    "min_samples_leaf": 4,
    "min_samples_split": 8,
    "n_estimators": 4000,
    "replacement": false,
    "sampling_strategy": "auto"
  },
  "runtime_s": 1939.9509398937225,
  "summary_preview": [
    {
      "criterion": "f1",
      "feature_set": "c110_d110_snr",
      "model": "brf",
      "param_hash": "ab6f95159890",
      "param_index": 12,
      "test_Brier_mean": 0.05994729899444537,
      "test_Brier_std": 0.0027209465501382506,
      "test_LogLoss_mean": 0.23187370716912895,
      "test_LogLoss_std": 0.008824973078027236,
      "test_PR_AUC_mean": 0.8910068632318311,
      "test_PR_AUC_std": 0.008168800871867664,
      "test_Precision_mean": 0.8879392697641584,
      "test_Precision_std": 0.021887994915367595,
      "test_ROC_AUC_mean": 0.9586859109425481,
      "test_ROC_AUC_std": 0.0041687111552962145,
      "test_Sensitivity_mean": 0.8119047619047522,
      "test_Sensitivity_std": 0.027316970075185094,
      "test_Specificity_mean": 0.9743952802359853,
      "test_Specificity_std": 0.00606124048760726,
      "val_Precision_mean": 0.8994217089013001,
      "val_Precision_std": 0.027070806677452482,
      "val_Sensitivity_mean": 0.7585714285714196,
      "val_Sensitivity_std": 0.020972911577507188,
      "val_Specificity_mean": 0.9787020648967523,
      "val_Specificity_std": 0.0066973306573185004,
      "val_score_mean": 0.8224987031533477,
      "val_score_std": 0.011759615656976183,
      "val_thr_mean": 0.607619639784904,
      "val_thr_std": 0.052789505599487516
    },
    {
      "criterion": "youden",
      "feature_set": "c110_d110_snr",
      "model": "brf",
      "param_hash": "ab6f95159890",
      "param_index": 12,
      "test_Brier_mean": 0.05994729899444537,
      "test_Brier_std": 0.0027209465501382506,
      "test_LogLoss_mean": 0.23187370716912895,
      "test_LogLoss_std": 0.008824973078027236,
      "test_PR_AUC_mean": 0.8910068632318311,
      "test_PR_AUC_std": 0.008168800871867664,
      "test_Precision_mean": 0.8038139986350867,
      "test_Precision_std": 0.055957109247476405,
      "test_ROC_AUC_mean": 0.9586859109425481,
      "test_ROC_AUC_std": 0.0041687111552962145,
      "test_Sensitivity_mean": 0.8640476190476087,
      "test_Sensitivity_std": 0.025235482197823355,
      "test_Specificity_mean": 0.9460766961651889,
      "test_Specificity_std": 0.019900431037494018,
      "val_Precision_mean": 0.8052121870382333,
      "val_Precision_std": 0.05837998414843713,
      "val_Sensitivity_mean": 0.8023809523809429,
      "val_Sensitivity_std": 0.019241000848613344,
      "val_Specificity_mean": 0.9502654867256608,
      "val_Specificity_std": 0.019089434204163223,
      "val_score_mean": 0.7526464391066037,
      "val_score_std": 0.00970555918007027,
      "val_thr_mean": 0.469376671557394,
      "val_thr_std": 0.0785055016847118
    }
  ],
  "task_id": 540,
  "thr_grid_size": 600
}