{
  "feature_set": "c110",
  "model": "et",
  "n_bootstrap": 50,
  "param_hash": "67ed492aca20",
  "param_index": 20,
  "params": {
    "bootstrap": true,
    "max_depth": 20,
    "max_features": "0.3",
    "max_samples": null,
    "min_samples_leaf": 4,
    "min_samples_split": 2,
    "n_estimators": 4000
  },
  "runtime_s": 1185.7860162258148,
  "summary_preview": [
    {
      "criterion": "f1",
      "feature_set": "c110",
      "model": "et",
      "param_hash": "67ed492aca20",
      "param_index": 20,
      "test_Brier_mean": 0.05500019528578506,
      "test_Brier_std": 0.0013263806005673726,
      "test_LogLoss_mean": 0.20104629624519255,
      "test_LogLoss_std": 0.003585686108564262,
      "test_PR_AUC_mean": 0.9036278324149286,
      "test_PR_AUC_std": 0.004265245112293188,
      "test_Precision_mean": 0.8849891499944047,
      "test_Precision_std": 0.0194397221412549,
      "test_ROC_AUC_mean": 0.96452661890715,
      "test_ROC_AUC_std": 0.002128725010296907,
      "test_Sensitivity_mean": 0.795476190476181,
      "test_Sensitivity_std": 0.039570704087279446,
      "test_Specificity_mean": 0.9741002949852477,
      "test_Specificity_std": 0.00605684414229282,
      "val_Precision_mean": 0.8688245936159518,
      "val_Precision_std": 0.03343006973328077,
      "val_Sensitivity_mean": 0.7628571428571338,
      "val_Sensitivity_std": 0.024743582965269375,
      "val_Specificity_mean": 0.9709144542772832,
      "val_Specificity_std": 0.00951690787373534,
      "val_score_mean": 0.8114920979431122,
      "val_score_std": 0.008616244788787591,
      "val_thr_mean": 0.4001367254660381,
      "val_thr_std": 0.053920368993328846
    },
    {
      "criterion": "youden",
      "feature_set": "c110",
      "model": "et",
      "param_hash": "67ed492aca20",
      "param_index": 20,
      "test_Brier_mean": 0.05500019528578506,
      "test_Brier_std": 0.0013263806005673726,
      "test_LogLoss_mean": 0.20104629624519255,
      "test_LogLoss_std": 0.003585686108564262,
      "test_PR_AUC_mean": 0.9036278324149286,
      "test_PR_AUC_std": 0.004265245112293188,
      "test_Precision_mean": 0.8179735827019734,
      "test_Precision_std": 0.031384246695240856,
      "test_ROC_AUC_mean": 0.96452661890715,
      "test_ROC_AUC_std": 0.002128725010296907,
      "test_Sensitivity_mean": 0.8769047619047515,
      "test_Sensitivity_std": 0.013306668463958015,
      "test_Specificity_mean": 0.9511504424778733,
      "test_Specificity_std": 0.01095918799749695,
      "val_Precision_mean": 0.7737386543586081,
      "val_Precision_std": 0.03223320167472695,
      "val_Sensitivity_mean": 0.8159523809523713,
      "val_Sensitivity_std": 0.009066396554599784,
      "val_Specificity_mean": 0.9403539823008821,
      "val_Specificity_std": 0.01145251932800491,
      "val_score_mean": 0.7563063632532534,
      "val_score_std": 0.00902245698120216,
      "val_thr_mean": 0.268463932188677,
      "val_thr_std": 0.026742607449560474
    }
  ],
  "task_id": 44,
  "thr_grid_size": 600
}