{
  "feature_set": "c110_d110",
  "model": "brf",
  "n_bootstrap": 50,
  "param_hash": "65538c98d581",
  "param_index": 21,
  "params": {
    "max_depth": null,
    "max_features": "0.2",
    "min_samples_leaf": 4,
    "min_samples_split": 8,
    "n_estimators": 800,
    "replacement": false,
    "sampling_strategy": "auto"
  },
  "runtime_s": 283.5785331726074,
  "summary_preview": [
    {
      "criterion": "f1",
      "feature_set": "c110_d110",
      "model": "brf",
      "param_hash": "65538c98d581",
      "param_index": 21,
      "test_Brier_mean": 0.06244510862280296,
      "test_Brier_std": 0.0026971338275337733,
      "test_LogLoss_mean": 0.2351114578452191,
      "test_LogLoss_std": 0.008164478916301626,
      "test_PR_AUC_mean": 0.9016480317431801,
      "test_PR_AUC_std": 0.006061126804169834,
      "test_Precision_mean": 0.8886314094431174,
      "test_Precision_std": 0.02151957468675582,
      "test_ROC_AUC_mean": 0.9605439668492766,
      "test_ROC_AUC_std": 0.003135605419291557,
      "test_Sensitivity_mean": 0.8152380952380857,
      "test_Sensitivity_std": 0.027969857439215696,
      "test_Specificity_mean": 0.9744542772861327,
      "test_Specificity_std": 0.006036873888080044,
      "val_Precision_mean": 0.9008322607468459,
      "val_Precision_std": 0.025454929936340968,
      "val_Sensitivity_mean": 0.7652380952380861,
      "val_Sensitivity_std": 0.01924701272216999,
      "val_Specificity_mean": 0.9788790560471946,
      "val_Specificity_std": 0.00626070305243089,
      "val_score_mean": 0.8270653629675205,
      "val_score_std": 0.010766187421106896,
      "val_thr_mean": 0.6165312643592497,
      "val_thr_std": 0.04982714317296713
    },
    {
      "criterion": "youden",
      "feature_set": "c110_d110",
      "model": "brf",
      "param_hash": "65538c98d581",
      "param_index": 21,
      "test_Brier_mean": 0.06244510862280296,
      "test_Brier_std": 0.0026971338275337733,
      "test_LogLoss_mean": 0.2351114578452191,
      "test_LogLoss_std": 0.008164478916301626,
      "test_PR_AUC_mean": 0.9016480317431801,
      "test_PR_AUC_std": 0.006061126804169834,
      "test_Precision_mean": 0.8429234753659763,
      "test_Precision_std": 0.05422212249108414,
      "test_ROC_AUC_mean": 0.9605439668492766,
      "test_ROC_AUC_std": 0.003135605419291557,
      "test_Sensitivity_mean": 0.8504761904761804,
      "test_Sensitivity_std": 0.02976530592810736,
      "test_Specificity_mean": 0.9591740412979323,
      "test_Specificity_std": 0.018811585534339932,
      "val_Precision_mean": 0.8472160512227933,
      "val_Precision_std": 0.05689257365583393,
      "val_Sensitivity_mean": 0.7902380952380859,
      "val_Sensitivity_std": 0.01861293361099938,
      "val_Specificity_mean": 0.9632448377581092,
      "val_Specificity_std": 0.017861017769717,
      "val_score_mean": 0.753482932996195,
      "val_score_std": 0.007083334995787383,
      "val_thr_mean": 0.5364340452838066,
      "val_thr_std": 0.07413516800394235
    }
  ],
  "task_id": 165,
  "thr_grid_size": 600
}