{
  "feature_set": "c110_d110_snr",
  "model": "brf",
  "n_bootstrap": 50,
  "param_hash": "398f707beed4",
  "param_index": 4,
  "params": {
    "max_depth": 20,
    "max_features": "sqrt",
    "min_samples_leaf": 4,
    "min_samples_split": 2,
    "n_estimators": 2500,
    "replacement": true,
    "sampling_strategy": "auto"
  },
  "runtime_s": 912.0681810379028,
  "summary_preview": [
    {
      "criterion": "f1",
      "feature_set": "c110_d110_snr",
      "model": "brf",
      "param_hash": "398f707beed4",
      "param_index": 4,
      "test_Brier_mean": 0.07256314498788125,
      "test_Brier_std": 0.0030130582118080744,
      "test_LogLoss_mean": 0.2673833743458559,
      "test_LogLoss_std": 0.009032942955231988,
      "test_PR_AUC_mean": 0.8971030575317225,
      "test_PR_AUC_std": 0.006211635940589979,
      "test_Precision_mean": 0.8594203823176396,
      "test_Precision_std": 0.031177074930812686,
      "test_ROC_AUC_mean": 0.9619469026548673,
      "test_ROC_AUC_std": 0.002934686465904823,
      "test_Sensitivity_mean": 0.7966666666666572,
      "test_Sensitivity_std": 0.044533149942967185,
      "test_Specificity_mean": 0.9670796460176961,
      "test_Specificity_std": 0.009277858219652732,
      "val_Precision_mean": 0.8540226653463051,
      "val_Precision_std": 0.03906063612323352,
      "val_Sensitivity_mean": 0.7649999999999909,
      "val_Sensitivity_std": 0.029633835236877175,
      "val_Specificity_mean": 0.9668436578171062,
      "val_Specificity_std": 0.010451585693544194,
      "val_score_mean": 0.8057499613902566,
      "val_score_std": 0.008800937157821006,
      "val_thr_mean": 0.5747334593263905,
      "val_thr_std": 0.051988612406376804
    },
    {
      "criterion": "youden",
      "feature_set": "c110_d110_snr",
      "model": "brf",
      "param_hash": "398f707beed4",
      "param_index": 4,
      "test_Brier_mean": 0.07256314498788125,
      "test_Brier_std": 0.0030130582118080744,
      "test_LogLoss_mean": 0.2673833743458559,
      "test_LogLoss_std": 0.009032942955231988,
      "test_PR_AUC_mean": 0.8971030575317225,
      "test_PR_AUC_std": 0.006211635940589979,
      "test_Precision_mean": 0.814919623490688,
      "test_Precision_std": 0.03337610488849177,
      "test_ROC_AUC_mean": 0.9619469026548673,
      "test_ROC_AUC_std": 0.002934686465904823,
      "test_Sensitivity_mean": 0.8452380952380852,
      "test_Sensitivity_std": 0.024409353902052948,
      "test_Specificity_mean": 0.9517994100294956,
      "test_Specificity_std": 0.011943167374829698,
      "val_Precision_mean": 0.7961354971863976,
      "val_Precision_std": 0.038323871690765315,
      "val_Sensitivity_mean": 0.7976190476190382,
      "val_Sensitivity_std": 0.012497396646852834,
      "val_Specificity_mean": 0.9486725663716785,
      "val_Specificity_std": 0.012906357211220833,
      "val_score_mean": 0.7462916139907166,
      "val_score_std": 0.008135585152758114,
      "val_thr_mean": 0.5068800940721309,
      "val_thr_std": 0.03644734959388088
    }
  ],
  "task_id": 532,
  "thr_grid_size": 600
}