{
  "feature_set": "c110_errors",
  "model": "et",
  "n_bootstrap": 50,
  "param_hash": "510fde728fa2",
  "param_index": 5,
  "params": {
    "bootstrap": false,
    "max_depth": 30,
    "max_features": "0.5",
    "max_samples": 1.0,
    "min_samples_leaf": 2,
    "min_samples_split": 2,
    "n_estimators": 2500
  },
  "runtime_s": 466.1762053966522,
  "summary_preview": [
    {
      "criterion": "f1",
      "feature_set": "c110_errors",
      "model": "et",
      "param_hash": "510fde728fa2",
      "param_index": 5,
      "test_Brier_mean": 0.04669359670420092,
      "test_Brier_std": 0.0015640315788624855,
      "test_LogLoss_mean": 0.17581918187036447,
      "test_LogLoss_std": 0.004028489401596584,
      "test_PR_AUC_mean": 0.9187738421468459,
      "test_PR_AUC_std": 0.005204964357918301,
      "test_Precision_mean": 0.9152521250534447,
      "test_Precision_std": 0.022950594097709488,
      "test_ROC_AUC_mean": 0.9702194830734654,
      "test_ROC_AUC_std": 0.00267327530575465,
      "test_Sensitivity_mean": 0.7966666666666572,
      "test_Sensitivity_std": 0.037091988789701845,
      "test_Specificity_mean": 0.9814159292035369,
      "test_Specificity_std": 0.006562331016602355,
      "val_Precision_mean": 0.9121126257879046,
      "val_Precision_std": 0.03396346540742017,
      "val_Sensitivity_mean": 0.7585714285714196,
      "val_Sensitivity_std": 0.02055502711528972,
      "val_Specificity_mean": 0.9814159292035369,
      "val_Specificity_std": 0.008804290946386914,
      "val_score_mean": 0.8275175955668328,
      "val_score_std": 0.008463085009396293,
      "val_thr_mean": 0.49022003445424933,
      "val_thr_std": 0.06004949464491936
    },
    {
      "criterion": "youden",
      "feature_set": "c110_errors",
      "model": "et",
      "param_hash": "510fde728fa2",
      "param_index": 5,
      "test_Brier_mean": 0.04669359670420092,
      "test_Brier_std": 0.0015640315788624855,
      "test_LogLoss_mean": 0.17581918187036447,
      "test_LogLoss_std": 0.004028489401596584,
      "test_PR_AUC_mean": 0.9187738421468459,
      "test_PR_AUC_std": 0.005204964357918301,
      "test_Precision_mean": 0.8395990247437165,
      "test_Precision_std": 0.0391826623475712,
      "test_ROC_AUC_mean": 0.9702194830734654,
      "test_ROC_AUC_std": 0.00267327530575465,
      "test_Sensitivity_mean": 0.8830952380952276,
      "test_Sensitivity_std": 0.028119399602322175,
      "test_Specificity_mean": 0.95734513274336,
      "test_Specificity_std": 0.013683874398998638,
      "val_Precision_mean": 0.8105459302542631,
      "val_Precision_std": 0.04334357143892692,
      "val_Sensitivity_mean": 0.8092857142857048,
      "val_Sensitivity_std": 0.01639900298221434,
      "val_Specificity_mean": 0.9522123893805281,
      "val_Specificity_std": 0.014389693281891141,
      "val_score_mean": 0.7614981036662328,
      "val_score_std": 0.009568893810664945,
      "val_thr_mean": 0.3177378892598776,
      "val_thr_std": 0.05452179393940634
    }
  ],
  "task_id": 221,
  "thr_grid_size": 600
}