{
  "feature_set": "c110_d110_snr",
  "model": "brf",
  "n_bootstrap": 50,
  "param_hash": "11adde929458",
  "param_index": 13,
  "params": {
    "max_depth": 30,
    "max_features": "sqrt",
    "min_samples_leaf": 4,
    "min_samples_split": 2,
    "n_estimators": 4000,
    "replacement": false,
    "sampling_strategy": "auto"
  },
  "runtime_s": 1259.937448501587,
  "summary_preview": [
    {
      "criterion": "f1",
      "feature_set": "c110_d110_snr",
      "model": "brf",
      "param_hash": "11adde929458",
      "param_index": 13,
      "test_Brier_mean": 0.0695182478535691,
      "test_Brier_std": 0.0025106109067046254,
      "test_LogLoss_mean": 0.2587549701145665,
      "test_LogLoss_std": 0.007395003962045333,
      "test_PR_AUC_mean": 0.8971532390987315,
      "test_PR_AUC_std": 0.0057571707237115705,
      "test_Precision_mean": 0.8608862016845322,
      "test_Precision_std": 0.027675589880594955,
      "test_ROC_AUC_mean": 0.9616350611040876,
      "test_ROC_AUC_std": 0.0030231792296637337,
      "test_Sensitivity_mean": 0.7980952380952285,
      "test_Sensitivity_std": 0.031630824319898054,
      "test_Specificity_mean": 0.9676106194690236,
      "test_Specificity_std": 0.008006520723523215,
      "val_Precision_mean": 0.8510823981305432,
      "val_Precision_std": 0.03361655855853908,
      "val_Sensitivity_mean": 0.7676190476190385,
      "val_Sensitivity_std": 0.02194338927386273,
      "val_Specificity_mean": 0.9661946902654839,
      "val_Specificity_std": 0.009139978003921927,
      "val_score_mean": 0.8063735696261892,
      "val_score_std": 0.008488134846522362,
      "val_thr_mean": 0.5531483616377827,
      "val_thr_std": 0.04383465761913371
    },
    {
      "criterion": "youden",
      "feature_set": "c110_d110_snr",
      "model": "brf",
      "param_hash": "11adde929458",
      "param_index": 13,
      "test_Brier_mean": 0.0695182478535691,
      "test_Brier_std": 0.0025106109067046254,
      "test_LogLoss_mean": 0.2587549701145665,
      "test_LogLoss_std": 0.007395003962045333,
      "test_PR_AUC_mean": 0.8971532390987315,
      "test_PR_AUC_std": 0.0057571707237115705,
      "test_Precision_mean": 0.8168374066524765,
      "test_Precision_std": 0.03179633544611976,
      "test_ROC_AUC_mean": 0.9616350611040876,
      "test_ROC_AUC_std": 0.0030231792296637337,
      "test_Sensitivity_mean": 0.8466666666666566,
      "test_Sensitivity_std": 0.023521090638939132,
      "test_Specificity_mean": 0.9523893805309706,
      "test_Specificity_std": 0.011385959665521526,
      "val_Precision_mean": 0.7977043121095464,
      "val_Precision_std": 0.03480998021992497,
      "val_Sensitivity_mean": 0.7961904761904667,
      "val_Sensitivity_std": 0.012413801082241155,
      "val_Specificity_mean": 0.9493805309734484,
      "val_Specificity_std": 0.011653422333732956,
      "val_score_mean": 0.7455710071639152,
      "val_score_std": 0.008740227430146422,
      "val_thr_mean": 0.4827915374334208,
      "val_thr_std": 0.037800663269539285
    }
  ],
  "task_id": 541,
  "thr_grid_size": 600
}