{
  "feature_set": "c110_d110_snr",
  "model": "rf",
  "n_bootstrap": 50,
  "param_hash": "c9076e29837d",
  "param_index": 2,
  "params": {
    "bootstrap": true,
    "class_weight": null,
    "max_depth": 20,
    "max_features": "0.2",
    "min_samples_leaf": 1,
    "min_samples_split": 4,
    "n_estimators": 1500
  },
  "runtime_s": 1671.9052183628082,
  "summary_preview": [
    {
      "criterion": "f1",
      "feature_set": "c110_d110_snr",
      "model": "rf",
      "param_hash": "c9076e29837d",
      "param_index": 2,
      "test_Brier_mean": 0.053223988608251005,
      "test_Brier_std": 0.002083845582957438,
      "test_LogLoss_mean": 0.19808273220228792,
      "test_LogLoss_std": 0.006170291943374186,
      "test_PR_AUC_mean": 0.883023550552889,
      "test_PR_AUC_std": 0.00813529244112399,
      "test_Precision_mean": 0.9187067644410429,
      "test_Precision_std": 0.01971918263462451,
      "test_ROC_AUC_mean": 0.9530495856159572,
      "test_ROC_AUC_std": 0.0040360539746058174,
      "test_Sensitivity_mean": 0.7564285714285625,
      "test_Sensitivity_std": 0.038120284526336985,
      "test_Specificity_mean": 0.9831858407079617,
      "test_Specificity_std": 0.0053053848765335625,
      "val_Precision_mean": 0.9192233745344132,
      "val_Precision_std": 0.031119284549565425,
      "val_Sensitivity_mean": 0.7299999999999913,
      "val_Sensitivity_std": 0.02374139913825161,
      "val_Specificity_mean": 0.983716814159289,
      "val_Specificity_std": 0.007353289207311321,
      "val_score_mean": 0.8129973759325166,
      "val_score_std": 0.010051842723746245,
      "val_thr_mean": 0.5158554305273721,
      "val_thr_std": 0.057923379927272145
    },
    {
      "criterion": "youden",
      "feature_set": "c110_d110_snr",
      "model": "rf",
      "param_hash": "c9076e29837d",
      "param_index": 2,
      "test_Brier_mean": 0.053223988608251005,
      "test_Brier_std": 0.002083845582957438,
      "test_LogLoss_mean": 0.19808273220228792,
      "test_LogLoss_std": 0.006170291943374186,
      "test_PR_AUC_mean": 0.883023550552889,
      "test_PR_AUC_std": 0.00813529244112399,
      "test_Precision_mean": 0.802812305956733,
      "test_Precision_std": 0.07078167925763196,
      "test_ROC_AUC_mean": 0.9530495856159572,
      "test_ROC_AUC_std": 0.0040360539746058174,
      "test_Sensitivity_mean": 0.8514285714285613,
      "test_Sensitivity_std": 0.036415214431646484,
      "test_Specificity_mean": 0.9453687315634189,
      "test_Specificity_std": 0.026372434255273153,
      "val_Precision_mean": 0.7729104895031453,
      "val_Precision_std": 0.07416809690401119,
      "val_Sensitivity_mean": 0.7997619047618953,
      "val_Sensitivity_std": 0.031970075148962156,
      "val_Specificity_mean": 0.9385840707964573,
      "val_Specificity_std": 0.0274186386878855,
      "val_score_mean": 0.7383459755583526,
      "val_score_std": 0.015925400845625385,
      "val_thr_mean": 0.32640424890573555,
      "val_thr_std": 0.08595765686211981
    }
  ],
  "task_id": 482,
  "thr_grid_size": 600
}