{
  "feature_set": "c110_d110_errors",
  "model": "bbag",
  "n_bootstrap": 50,
  "param_hash": "7e933b59b165",
  "param_index": 1,
  "params": {
    "base_max_depth": 10,
    "base_max_features": "0.3",
    "base_min_samples_leaf": 4,
    "base_min_samples_split": 4,
    "bootstrap": true,
    "max_features": 0.9,
    "max_samples": 0.5,
    "n_estimators": 500,
    "replacement": false,
    "sampling_strategy": "auto"
  },
  "runtime_s": 82.0404257774353,
  "summary_preview": [
    {
      "criterion": "f1",
      "feature_set": "c110_d110_errors",
      "model": "bbag",
      "param_hash": "7e933b59b165",
      "param_index": 1,
      "test_Brier_mean": 0.07133499274908259,
      "test_Brier_std": 0.002460762381544972,
      "test_LogLoss_mean": 0.2647058868142057,
      "test_LogLoss_std": 0.007159375661750577,
      "test_PR_AUC_mean": 0.8939992677539521,
      "test_PR_AUC_std": 0.00739892025066385,
      "test_Precision_mean": 0.8529939497534031,
      "test_Precision_std": 0.026794738023015307,
      "test_ROC_AUC_mean": 0.9634920634920635,
      "test_ROC_AUC_std": 0.003431020985472843,
      "test_Sensitivity_mean": 0.7776190476190383,
      "test_Sensitivity_std": 0.03497286784769198,
      "test_Specificity_mean": 0.9663716814159262,
      "test_Specificity_std": 0.008149633209360976,
      "val_Precision_mean": 0.8368274848601277,
      "val_Precision_std": 0.0392859184617029,
      "val_Sensitivity_mean": 0.7497619047618959,
      "val_Sensitivity_std": 0.02726291793687638,
      "val_Specificity_mean": 0.9630088495575193,
      "val_Specificity_std": 0.011008499701791389,
      "val_score_mean": 0.7896794969261741,
      "val_score_std": 0.008784800625777555,
      "val_thr_mean": 0.5658045366284701,
      "val_thr_std": 0.05275730784036607
    },
    {
      "criterion": "youden",
      "feature_set": "c110_d110_errors",
      "model": "bbag",
      "param_hash": "7e933b59b165",
      "param_index": 1,
      "test_Brier_mean": 0.07133499274908259,
      "test_Brier_std": 0.002460762381544972,
      "test_LogLoss_mean": 0.2647058868142057,
      "test_LogLoss_std": 0.007159375661750577,
      "test_PR_AUC_mean": 0.8939992677539521,
      "test_PR_AUC_std": 0.00739892025066385,
      "test_Precision_mean": 0.7955551654282318,
      "test_Precision_std": 0.03788734178759808,
      "test_ROC_AUC_mean": 0.9634920634920635,
      "test_ROC_AUC_std": 0.003431020985472843,
      "test_Sensitivity_mean": 0.8421428571428471,
      "test_Sensitivity_std": 0.029731276757352116,
      "test_Specificity_mean": 0.9455457227138615,
      "test_Specificity_std": 0.013800178826470581,
      "val_Precision_mean": 0.7610571521222892,
      "val_Precision_std": 0.04321617873871689,
      "val_Sensitivity_mean": 0.7911904761904668,
      "val_Sensitivity_std": 0.01599182133972451,
      "val_Specificity_mean": 0.9374041297935075,
      "val_Specificity_std": 0.015703183824372587,
      "val_score_mean": 0.7285946059839743,
      "val_score_std": 0.009837366506303754,
      "val_thr_mean": 0.471497176036197,
      "val_thr_std": 0.043574063078589194
    }
  ],
  "task_id": 361,
  "thr_grid_size": 600
}