{
  "feature_set": "c110_d110_errors",
  "model": "brf",
  "n_bootstrap": 50,
  "param_hash": "90b0556e3e1a",
  "param_index": 17,
  "params": {
    "max_depth": 30,
    "max_features": "sqrt",
    "min_samples_leaf": 1,
    "min_samples_split": 2,
    "n_estimators": 800,
    "replacement": true,
    "sampling_strategy": "auto"
  },
  "runtime_s": 277.01930594444275,
  "summary_preview": [
    {
      "criterion": "f1",
      "feature_set": "c110_d110_errors",
      "model": "brf",
      "param_hash": "90b0556e3e1a",
      "param_index": 17,
      "test_Brier_mean": 0.07153070382683216,
      "test_Brier_std": 0.003023415498849801,
      "test_LogLoss_mean": 0.2607348366474594,
      "test_LogLoss_std": 0.007713886429204858,
      "test_PR_AUC_mean": 0.9061166220246029,
      "test_PR_AUC_std": 0.00829163108873323,
      "test_Precision_mean": 0.887089567059719,
      "test_Precision_std": 0.04289253990352604,
      "test_ROC_AUC_mean": 0.9656475628599523,
      "test_ROC_AUC_std": 0.004250785519572371,
      "test_Sensitivity_mean": 0.7797619047618956,
      "test_Sensitivity_std": 0.05052194142011147,
      "test_Specificity_mean": 0.9743362831858378,
      "test_Specificity_std": 0.01263168545075586,
      "val_Precision_mean": 0.8845556485971379,
      "val_Precision_std": 0.05247182977314882,
      "val_Sensitivity_mean": 0.7499999999999912,
      "val_Sensitivity_std": 0.03288959116634943,
      "val_Specificity_mean": 0.9745132743362802,
      "val_Specificity_std": 0.013845785786453962,
      "val_score_mean": 0.8097263275306754,
      "val_score_std": 0.009274160859168688,
      "val_thr_mean": 0.6129835141903173,
      "val_thr_std": 0.06153058023378128
    },
    {
      "criterion": "youden",
      "feature_set": "c110_d110_errors",
      "model": "brf",
      "param_hash": "90b0556e3e1a",
      "param_index": 17,
      "test_Brier_mean": 0.07153070382683216,
      "test_Brier_std": 0.003023415498849801,
      "test_LogLoss_mean": 0.2607348366474594,
      "test_LogLoss_std": 0.007713886429204858,
      "test_PR_AUC_mean": 0.9061166220246029,
      "test_PR_AUC_std": 0.00829163108873323,
      "test_Precision_mean": 0.8217607113027331,
      "test_Precision_std": 0.028093976270760553,
      "test_ROC_AUC_mean": 0.9656475628599523,
      "test_ROC_AUC_std": 0.004250785519572371,
      "test_Sensitivity_mean": 0.8526190476190375,
      "test_Sensitivity_std": 0.027933641112438075,
      "test_Specificity_mean": 0.9537463126843629,
      "test_Specificity_std": 0.009800601329406418,
      "val_Precision_mean": 0.8000974164941026,
      "val_Precision_std": 0.024148777124429144,
      "val_Sensitivity_mean": 0.7959523809523715,
      "val_Sensitivity_std": 0.011537082044997595,
      "val_Specificity_mean": 0.9504424778761034,
      "val_Specificity_std": 0.008039942700522057,
      "val_score_mean": 0.7463948588284748,
      "val_score_std": 0.00952976236563495,
      "val_thr_mean": 0.5171464106844741,
      "val_thr_std": 0.028108414129870238
    }
  ],
  "task_id": 353,
  "thr_grid_size": 600
}