{
  "feature_set": "c110_snr",
  "model": "rf",
  "n_bootstrap": 50,
  "param_hash": "136da55ab336",
  "param_index": 19,
  "params": {
    "bootstrap": true,
    "class_weight": "balanced",
    "max_depth": 20,
    "max_features": "0.3",
    "min_samples_leaf": 4,
    "min_samples_split": 4,
    "n_estimators": 1500
  },
  "runtime_s": 1051.880054473877,
  "summary_preview": [
    {
      "criterion": "f1",
      "feature_set": "c110_snr",
      "model": "rf",
      "param_hash": "136da55ab336",
      "param_index": 19,
      "test_Brier_mean": 0.05373168039655641,
      "test_Brier_std": 0.002253416834552237,
      "test_LogLoss_mean": 0.20068711593070712,
      "test_LogLoss_std": 0.0062623453053293225,
      "test_PR_AUC_mean": 0.8980282614756733,
      "test_PR_AUC_std": 0.007700562520079047,
      "test_Precision_mean": 0.8841468220335114,
      "test_Precision_std": 0.03571032746538787,
      "test_ROC_AUC_mean": 0.9595757831156061,
      "test_ROC_AUC_std": 0.003704096482395445,
      "test_Sensitivity_mean": 0.7840476190476098,
      "test_Sensitivity_std": 0.04282271049597175,
      "test_Specificity_mean": 0.9738053097345103,
      "test_Specificity_std": 0.011079732055531205,
      "val_Precision_mean": 0.8985122559242193,
      "val_Precision_std": 0.04989872845430912,
      "val_Sensitivity_mean": 0.7638095238095147,
      "val_Sensitivity_std": 0.03318375435445141,
      "val_Specificity_mean": 0.9775221238938023,
      "val_Specificity_std": 0.013190660626490986,
      "val_score_mean": 0.8238505694638169,
      "val_score_std": 0.011870326759560956,
      "val_thr_mean": 0.4372232492159601,
      "val_thr_std": 0.0812093499596674
    },
    {
      "criterion": "youden",
      "feature_set": "c110_snr",
      "model": "rf",
      "param_hash": "136da55ab336",
      "param_index": 19,
      "test_Brier_mean": 0.05373168039655641,
      "test_Brier_std": 0.002253416834552237,
      "test_LogLoss_mean": 0.20068711593070712,
      "test_LogLoss_std": 0.0062623453053293225,
      "test_PR_AUC_mean": 0.8980282614756733,
      "test_PR_AUC_std": 0.007700562520079047,
      "test_Precision_mean": 0.7885035330782046,
      "test_Precision_std": 0.05925622465952705,
      "test_ROC_AUC_mean": 0.9595757831156061,
      "test_ROC_AUC_std": 0.003704096482395445,
      "test_Sensitivity_mean": 0.8692857142857039,
      "test_Sensitivity_std": 0.038065616520558954,
      "test_Specificity_mean": 0.9401179941002922,
      "test_Specificity_std": 0.02285140216828788,
      "val_Precision_mean": 0.7916079660649257,
      "val_Precision_std": 0.04379111059465463,
      "val_Sensitivity_mean": 0.8188095238095141,
      "val_Sensitivity_std": 0.018674987237420594,
      "val_Specificity_mean": 0.9455457227138615,
      "val_Specificity_std": 0.015554561305494163,
      "val_score_mean": 0.7643552465233756,
      "val_score_std": 0.010232540008200506,
      "val_thr_mean": 0.27990881148940494,
      "val_thr_std": 0.05343188432990858
    }
  ],
  "task_id": 403,
  "thr_grid_size": 600
}