{
  "feature_set": "c110_d110_errors_snr",
  "model": "brf",
  "n_bootstrap": 50,
  "param_hash": "11adde929458",
  "param_index": 13,
  "params": {
    "max_depth": 30,
    "max_features": "sqrt",
    "min_samples_leaf": 4,
    "min_samples_split": 2,
    "n_estimators": 4000,
    "replacement": false,
    "sampling_strategy": "auto"
  },
  "runtime_s": 1283.7155272960663,
  "summary_preview": [
    {
      "criterion": "f1",
      "feature_set": "c110_d110_errors_snr",
      "model": "brf",
      "param_hash": "11adde929458",
      "param_index": 13,
      "test_Brier_mean": 0.07052611001552193,
      "test_Brier_std": 0.00222740616650994,
      "test_LogLoss_mean": 0.26210045177271907,
      "test_LogLoss_std": 0.006361348107590281,
      "test_PR_AUC_mean": 0.9010887546910995,
      "test_PR_AUC_std": 0.007083593550260218,
      "test_Precision_mean": 0.8708576487961348,
      "test_Precision_std": 0.031103579481525017,
      "test_ROC_AUC_mean": 0.9655689001264223,
      "test_ROC_AUC_std": 0.0033249945111914567,
      "test_Sensitivity_mean": 0.7728571428571337,
      "test_Sensitivity_std": 0.03763386798890765,
      "test_Specificity_mean": 0.9710914454277257,
      "test_Specificity_std": 0.00893940304913459,
      "val_Precision_mean": 0.8620477151615326,
      "val_Precision_std": 0.039144597488679544,
      "val_Sensitivity_mean": 0.7476190476190387,
      "val_Sensitivity_std": 0.022433513534477464,
      "val_Specificity_mean": 0.9696755162241858,
      "val_Specificity_std": 0.010644856909462723,
      "val_score_mean": 0.7997398255365629,
      "val_score_std": 0.009617296649671899,
      "val_thr_mean": 0.5798812361243609,
      "val_thr_std": 0.039880929792175654
    },
    {
      "criterion": "youden",
      "feature_set": "c110_d110_errors_snr",
      "model": "brf",
      "param_hash": "11adde929458",
      "param_index": 13,
      "test_Brier_mean": 0.07052611001552193,
      "test_Brier_std": 0.00222740616650994,
      "test_LogLoss_mean": 0.26210045177271907,
      "test_LogLoss_std": 0.006361348107590281,
      "test_PR_AUC_mean": 0.9010887546910995,
      "test_PR_AUC_std": 0.007083593550260218,
      "test_Precision_mean": 0.8118022891189629,
      "test_Precision_std": 0.04217507682886335,
      "test_ROC_AUC_mean": 0.9655689001264223,
      "test_ROC_AUC_std": 0.0033249945111914567,
      "test_Sensitivity_mean": 0.8419047619047519,
      "test_Sensitivity_std": 0.030235780387814055,
      "test_Specificity_mean": 0.9506194690265458,
      "test_Specificity_std": 0.01490865651113346,
      "val_Precision_mean": 0.7810847752989943,
      "val_Precision_std": 0.04677239247021288,
      "val_Sensitivity_mean": 0.7892857142857049,
      "val_Sensitivity_std": 0.01635661910006048,
      "val_Specificity_mean": 0.9440117994100267,
      "val_Specificity_std": 0.016681457314062093,
      "val_score_mean": 0.7332975136957316,
      "val_score_std": 0.008590980045865714,
      "val_thr_mean": 0.49244884412512924,
      "val_thr_std": 0.04289846170029383
    }
  ],
  "task_id": 637,
  "thr_grid_size": 600
}