{
  "feature_set": "c110_d110_errors",
  "model": "brf",
  "n_bootstrap": 50,
  "param_hash": "11adde929458",
  "param_index": 13,
  "params": {
    "max_depth": 30,
    "max_features": "sqrt",
    "min_samples_leaf": 4,
    "min_samples_split": 2,
    "n_estimators": 4000,
    "replacement": false,
    "sampling_strategy": "auto"
  },
  "runtime_s": 1260.8301830291748,
  "summary_preview": [
    {
      "criterion": "f1",
      "feature_set": "c110_d110_errors",
      "model": "brf",
      "param_hash": "11adde929458",
      "param_index": 13,
      "test_Brier_mean": 0.06870236564052541,
      "test_Brier_std": 0.002350308712472216,
      "test_LogLoss_mean": 0.25364203142391056,
      "test_LogLoss_std": 0.0068722237077141835,
      "test_PR_AUC_mean": 0.9057248573666259,
      "test_PR_AUC_std": 0.005716268241339292,
      "test_Precision_mean": 0.8808053346345206,
      "test_Precision_std": 0.03439525013808026,
      "test_ROC_AUC_mean": 0.9663625509200731,
      "test_ROC_AUC_std": 0.002461106252044443,
      "test_Sensitivity_mean": 0.7778571428571337,
      "test_Sensitivity_std": 0.03668190336306874,
      "test_Specificity_mean": 0.9732743362831829,
      "test_Specificity_std": 0.00980005772233236,
      "val_Precision_mean": 0.8757713628689223,
      "val_Precision_std": 0.0512893645873304,
      "val_Sensitivity_mean": 0.7466666666666577,
      "val_Sensitivity_std": 0.031638138650975096,
      "val_Specificity_mean": 0.9725663716814129,
      "val_Specificity_std": 0.013501491229330568,
      "val_score_mean": 0.8041550894463865,
      "val_score_std": 0.008492730190079305,
      "val_thr_mean": 0.6017267154417416,
      "val_thr_std": 0.05732542079065752
    },
    {
      "criterion": "youden",
      "feature_set": "c110_d110_errors",
      "model": "brf",
      "param_hash": "11adde929458",
      "param_index": 13,
      "test_Brier_mean": 0.06870236564052541,
      "test_Brier_std": 0.002350308712472216,
      "test_LogLoss_mean": 0.25364203142391056,
      "test_LogLoss_std": 0.0068722237077141835,
      "test_PR_AUC_mean": 0.9057248573666259,
      "test_PR_AUC_std": 0.005716268241339292,
      "test_Precision_mean": 0.8273231088525619,
      "test_Precision_std": 0.02976181129227409,
      "test_ROC_AUC_mean": 0.9663625509200731,
      "test_ROC_AUC_std": 0.002461106252044443,
      "test_Sensitivity_mean": 0.8421428571428471,
      "test_Sensitivity_std": 0.02843850680918078,
      "test_Specificity_mean": 0.9559292035398201,
      "test_Specificity_std": 0.010243063284889697,
      "val_Precision_mean": 0.7993682017167258,
      "val_Precision_std": 0.02972896996186233,
      "val_Sensitivity_mean": 0.7871428571428478,
      "val_Sensitivity_std": 0.010383903076512602,
      "val_Specificity_mean": 0.9506194690265458,
      "val_Specificity_std": 0.009897426009121904,
      "val_score_mean": 0.7377623261693935,
      "val_score_std": 0.007083717122035473,
      "val_thr_mean": 0.5143385220638896,
      "val_thr_std": 0.03104005564517913
    }
  ],
  "task_id": 349,
  "thr_grid_size": 600
}