{
  "feature_set": "c110_snr",
  "model": "brf",
  "n_bootstrap": 50,
  "param_hash": "a4699d913725",
  "param_index": 20,
  "params": {
    "max_depth": null,
    "max_features": "sqrt",
    "min_samples_leaf": 4,
    "min_samples_split": 4,
    "n_estimators": 4000,
    "replacement": false,
    "sampling_strategy": "auto"
  },
  "runtime_s": 1368.0542500019073,
  "summary_preview": [
    {
      "criterion": "f1",
      "feature_set": "c110_snr",
      "model": "brf",
      "param_hash": "a4699d913725",
      "param_index": 20,
      "test_Brier_mean": 0.07832487824063498,
      "test_Brier_std": 0.002712678005056721,
      "test_LogLoss_mean": 0.2872788304480773,
      "test_LogLoss_std": 0.007142536589097897,
      "test_PR_AUC_mean": 0.8770835542638089,
      "test_PR_AUC_std": 0.012507809496322493,
      "test_Precision_mean": 0.8480242134078669,
      "test_Precision_std": 0.025112356756285318,
      "test_ROC_AUC_mean": 0.954575080769771,
      "test_ROC_AUC_std": 0.006073624820259812,
      "test_Sensitivity_mean": 0.755952380952372,
      "test_Sensitivity_std": 0.05763524898921887,
      "test_Specificity_mean": 0.9659587020648938,
      "test_Specificity_std": 0.008599398042141741,
      "val_Precision_mean": 0.8417622549388271,
      "val_Precision_std": 0.034525098949269244,
      "val_Sensitivity_mean": 0.7366666666666579,
      "val_Sensitivity_std": 0.038379647760371054,
      "val_Specificity_mean": 0.9649557522123865,
      "val_Specificity_std": 0.01078737355765414,
      "val_score_mean": 0.7842301200400651,
      "val_score_std": 0.013401686883265719,
      "val_thr_mean": 0.5414355731311445,
      "val_thr_std": 0.05230591935002788
    },
    {
      "criterion": "youden",
      "feature_set": "c110_snr",
      "model": "brf",
      "param_hash": "a4699d913725",
      "param_index": 20,
      "test_Brier_mean": 0.07832487824063498,
      "test_Brier_std": 0.002712678005056721,
      "test_LogLoss_mean": 0.2872788304480773,
      "test_LogLoss_std": 0.007142536589097897,
      "test_PR_AUC_mean": 0.8770835542638089,
      "test_PR_AUC_std": 0.012507809496322493,
      "test_Precision_mean": 0.7659906606788263,
      "test_Precision_std": 0.06263774429846995,
      "test_ROC_AUC_mean": 0.954575080769771,
      "test_ROC_AUC_std": 0.006073624820259812,
      "test_Sensitivity_mean": 0.848095238095228,
      "test_Sensitivity_std": 0.0324967915986287,
      "test_Specificity_mean": 0.9334513274336256,
      "test_Specificity_std": 0.025571901632234113,
      "val_Precision_mean": 0.727087650008259,
      "val_Precision_std": 0.05295395708600453,
      "val_Sensitivity_mean": 0.8061904761904667,
      "val_Sensitivity_std": 0.02417599407335599,
      "val_Specificity_mean": 0.9232448377581093,
      "val_Specificity_std": 0.021664526431307077,
      "val_score_mean": 0.729435313948576,
      "val_score_std": 0.020699869494899947,
      "val_thr_mean": 0.4361194212212153,
      "val_thr_std": 0.033162714780643594
    }
  ],
  "task_id": 452,
  "thr_grid_size": 600
}