{
  "feature_set": "c110_errors",
  "model": "et",
  "n_bootstrap": 50,
  "param_hash": "7c3c51fca71f",
  "param_index": 18,
  "params": {
    "bootstrap": false,
    "max_depth": 30,
    "max_features": "0.5",
    "max_samples": null,
    "min_samples_leaf": 4,
    "min_samples_split": 2,
    "n_estimators": 1500
  },
  "runtime_s": 262.8194227218628,
  "summary_preview": [
    {
      "criterion": "f1",
      "feature_set": "c110_errors",
      "model": "et",
      "param_hash": "7c3c51fca71f",
      "param_index": 18,
      "test_Brier_mean": 0.04717666286816753,
      "test_Brier_std": 0.0010884990939345374,
      "test_LogLoss_mean": 0.1768080999645515,
      "test_LogLoss_std": 0.0033364097834050104,
      "test_PR_AUC_mean": 0.9183957493750928,
      "test_PR_AUC_std": 0.004881339921118971,
      "test_Precision_mean": 0.9090987098846997,
      "test_Precision_std": 0.02580021386695213,
      "test_ROC_AUC_mean": 0.9705825958702065,
      "test_ROC_AUC_std": 0.0021419341717611134,
      "test_Sensitivity_mean": 0.7973809523809429,
      "test_Sensitivity_std": 0.04169199563326592,
      "test_Specificity_mean": 0.9798230088495545,
      "test_Specificity_std": 0.007404310874200551,
      "val_Precision_mean": 0.9051671060918642,
      "val_Precision_std": 0.03602504651080517,
      "val_Sensitivity_mean": 0.7595238095238005,
      "val_Sensitivity_std": 0.024290572886199898,
      "val_Specificity_mean": 0.9797050147492595,
      "val_Specificity_std": 0.00937837636061322,
      "val_score_mean": 0.8249812150451872,
      "val_score_std": 0.006619691667398378,
      "val_thr_mean": 0.4679209296623121,
      "val_thr_std": 0.06982274782753509
    },
    {
      "criterion": "youden",
      "feature_set": "c110_errors",
      "model": "et",
      "param_hash": "7c3c51fca71f",
      "param_index": 18,
      "test_Brier_mean": 0.04717666286816753,
      "test_Brier_std": 0.0010884990939345374,
      "test_LogLoss_mean": 0.1768080999645515,
      "test_LogLoss_std": 0.0033364097834050104,
      "test_PR_AUC_mean": 0.9183957493750928,
      "test_PR_AUC_std": 0.004881339921118971,
      "test_Precision_mean": 0.8497001574739013,
      "test_Precision_std": 0.026399853099411858,
      "test_ROC_AUC_mean": 0.9705825958702065,
      "test_ROC_AUC_std": 0.0021419341717611134,
      "test_Sensitivity_mean": 0.8733333333333229,
      "test_Sensitivity_std": 0.02037412126785274,
      "test_Specificity_mean": 0.9613569321533895,
      "test_Specificity_std": 0.008475425773754194,
      "val_Precision_mean": 0.8196752207607197,
      "val_Precision_std": 0.02365104485745711,
      "val_Sensitivity_mean": 0.8049999999999905,
      "val_Sensitivity_std": 0.009884449718857314,
      "val_Specificity_mean": 0.9558702064896727,
      "val_Specificity_std": 0.007346524005846035,
      "val_score_mean": 0.760870206489663,
      "val_score_std": 0.007903259237067509,
      "val_thr_mean": 0.3133190802837178,
      "val_thr_std": 0.03902473215228886
    }
  ],
  "task_id": 234,
  "thr_grid_size": 600
}