{
  "feature_set": "c110_errors",
  "model": "rf",
  "n_bootstrap": 50,
  "param_hash": "d009d1a232be",
  "param_index": 20,
  "params": {
    "bootstrap": true,
    "class_weight": "balanced",
    "max_depth": 30,
    "max_features": "sqrt",
    "min_samples_leaf": 2,
    "min_samples_split": 8,
    "n_estimators": 4000
  },
  "runtime_s": 913.7124269008636,
  "summary_preview": [
    {
      "criterion": "f1",
      "feature_set": "c110_errors",
      "model": "rf",
      "param_hash": "d009d1a232be",
      "param_index": 20,
      "test_Brier_mean": 0.06027104216251431,
      "test_Brier_std": 0.0016025142729155274,
      "test_LogLoss_mean": 0.22071227558059442,
      "test_LogLoss_std": 0.0045678323911425315,
      "test_PR_AUC_mean": 0.9020299972007801,
      "test_PR_AUC_std": 0.007343680518128804,
      "test_Precision_mean": 0.8713991092136214,
      "test_Precision_std": 0.02730844135047332,
      "test_ROC_AUC_mean": 0.9653041157465937,
      "test_ROC_AUC_std": 0.003360867067898192,
      "test_Sensitivity_mean": 0.7611904761904671,
      "test_Sensitivity_std": 0.06222770291471492,
      "test_Specificity_mean": 0.9715634218289055,
      "test_Specificity_std": 0.00909225136754643,
      "val_Precision_mean": 0.8601212196942711,
      "val_Precision_std": 0.04439167704499806,
      "val_Sensitivity_mean": 0.7392857142857054,
      "val_Sensitivity_std": 0.03437310022348215,
      "val_Specificity_mean": 0.969203539823006,
      "val_Specificity_std": 0.012360392770547726,
      "val_score_mean": 0.7933773837636764,
      "val_score_std": 0.00897895844138455,
      "val_thr_mean": 0.41109410246863054,
      "val_thr_std": 0.054085362921300825
    },
    {
      "criterion": "youden",
      "feature_set": "c110_errors",
      "model": "rf",
      "param_hash": "d009d1a232be",
      "param_index": 20,
      "test_Brier_mean": 0.06027104216251431,
      "test_Brier_std": 0.0016025142729155274,
      "test_LogLoss_mean": 0.22071227558059442,
      "test_LogLoss_std": 0.0045678323911425315,
      "test_PR_AUC_mean": 0.9020299972007801,
      "test_PR_AUC_std": 0.007343680518128804,
      "test_Precision_mean": 0.7799173386988099,
      "test_Precision_std": 0.03485564029747178,
      "test_ROC_AUC_mean": 0.9653041157465937,
      "test_ROC_AUC_std": 0.003360867067898192,
      "test_Sensitivity_mean": 0.8847619047618943,
      "test_Sensitivity_std": 0.028298829142790815,
      "test_Specificity_mean": 0.9374631268436551,
      "test_Specificity_std": 0.013432260809531558,
      "val_Precision_mean": 0.7328642929216733,
      "val_Precision_std": 0.04126017150630216,
      "val_Sensitivity_mean": 0.8123809523809428,
      "val_Sensitivity_std": 0.020767806153025287,
      "val_Specificity_mean": 0.925486725663714,
      "val_Specificity_std": 0.01711568237555085,
      "val_score_mean": 0.7378676780446568,
      "val_score_std": 0.013723853315627315,
      "val_thr_mean": 0.2872246842021151,
      "val_thr_std": 0.025035026385486808
    }
  ],
  "task_id": 212,
  "thr_grid_size": 600
}