{
  "feature_set": "c110_d110_errors_snr",
  "model": "brf",
  "n_bootstrap": 50,
  "param_hash": "45c6b76660fe",
  "param_index": 8,
  "params": {
    "max_depth": null,
    "max_features": "0.3",
    "min_samples_leaf": 1,
    "min_samples_split": 2,
    "n_estimators": 1500,
    "replacement": false,
    "sampling_strategy": "auto"
  },
  "runtime_s": 1145.2522830963135,
  "summary_preview": [
    {
      "criterion": "f1",
      "feature_set": "c110_d110_errors_snr",
      "model": "brf",
      "param_hash": "45c6b76660fe",
      "param_index": 8,
      "test_Brier_mean": 0.062214401092723935,
      "test_Brier_std": 0.002562374987150068,
      "test_LogLoss_mean": 0.2383556450886873,
      "test_LogLoss_std": 0.00723203367164122,
      "test_PR_AUC_mean": 0.8858857054943173,
      "test_PR_AUC_std": 0.007027326808373427,
      "test_Precision_mean": 0.8845644971248622,
      "test_Precision_std": 0.03339847608846421,
      "test_ROC_AUC_mean": 0.9566993257479983,
      "test_ROC_AUC_std": 0.0036773187553751497,
      "test_Sensitivity_mean": 0.7988095238095144,
      "test_Sensitivity_std": 0.0417446860837872,
      "test_Specificity_mean": 0.9735693215339204,
      "test_Specificity_std": 0.009571796212866024,
      "val_Precision_mean": 0.9024168653791891,
      "val_Precision_std": 0.02790868563628514,
      "val_Sensitivity_mean": 0.7578571428571338,
      "val_Sensitivity_std": 0.025065281050256686,
      "val_Specificity_mean": 0.9793510324483746,
      "val_Specificity_std": 0.006847061445120879,
      "val_score_mean": 0.8231327534162322,
      "val_score_std": 0.011093460438021646,
      "val_thr_mean": 0.6198371508069004,
      "val_thr_std": 0.06969406122684442
    },
    {
      "criterion": "youden",
      "feature_set": "c110_d110_errors_snr",
      "model": "brf",
      "param_hash": "45c6b76660fe",
      "param_index": 8,
      "test_Brier_mean": 0.062214401092723935,
      "test_Brier_std": 0.002562374987150068,
      "test_LogLoss_mean": 0.2383556450886873,
      "test_LogLoss_std": 0.00723203367164122,
      "test_PR_AUC_mean": 0.8858857054943173,
      "test_PR_AUC_std": 0.007027326808373427,
      "test_Precision_mean": 0.8065103321197382,
      "test_Precision_std": 0.059138619674901034,
      "test_ROC_AUC_mean": 0.9566993257479983,
      "test_ROC_AUC_std": 0.0036773187553751497,
      "test_Sensitivity_mean": 0.8576190476190375,
      "test_Sensitivity_std": 0.031903964134318695,
      "test_Specificity_mean": 0.9469616519174012,
      "test_Specificity_std": 0.022086658208407106,
      "val_Precision_mean": 0.8123123174285043,
      "val_Precision_std": 0.06957319212891121,
      "val_Sensitivity_mean": 0.8019047619047524,
      "val_Sensitivity_std": 0.02873696780324379,
      "val_Specificity_mean": 0.9515634218289057,
      "val_Specificity_std": 0.024194002530766485,
      "val_score_mean": 0.7534681837336581,
      "val_score_std": 0.012095862760883742,
      "val_thr_mean": 0.4909462659988871,
      "val_thr_std": 0.08425942987142356
    }
  ],
  "task_id": 632,
  "thr_grid_size": 600
}