{
  "feature_set": "c110_d110",
  "model": "et",
  "n_bootstrap": 50,
  "param_hash": "97bf7f153894",
  "param_index": 10,
  "params": {
    "bootstrap": false,
    "max_depth": 10,
    "max_features": "0.3",
    "max_samples": 1.0,
    "min_samples_leaf": 2,
    "min_samples_split": 8,
    "n_estimators": 1500
  },
  "runtime_s": 246.08806157112122,
  "summary_preview": [
    {
      "criterion": "f1",
      "feature_set": "c110_d110",
      "model": "et",
      "param_hash": "97bf7f153894",
      "param_index": 10,
      "test_Brier_mean": 0.0481932850616894,
      "test_Brier_std": 0.0013763305689099216,
      "test_LogLoss_mean": 0.1811448962947136,
      "test_LogLoss_std": 0.003995854440000827,
      "test_PR_AUC_mean": 0.9102918570568174,
      "test_PR_AUC_std": 0.0035995341186433544,
      "test_Precision_mean": 0.9170398762399007,
      "test_Precision_std": 0.022304912953478244,
      "test_ROC_AUC_mean": 0.966086529006883,
      "test_ROC_AUC_std": 0.002488968714021571,
      "test_Sensitivity_mean": 0.803571428571419,
      "test_Sensitivity_std": 0.032911568844155435,
      "test_Specificity_mean": 0.9817109144542744,
      "test_Specificity_std": 0.006335143859407006,
      "val_Precision_mean": 0.9056714618025947,
      "val_Precision_std": 0.035077956734404635,
      "val_Sensitivity_mean": 0.7595238095238005,
      "val_Sensitivity_std": 0.023194186559499452,
      "val_Specificity_mean": 0.9798820058997021,
      "val_Specificity_std": 0.008752502930309507,
      "val_score_mean": 0.8252896010556211,
      "val_score_std": 0.008244044660999483,
      "val_thr_mean": 0.4527111224035736,
      "val_thr_std": 0.059858602629817945
    },
    {
      "criterion": "youden",
      "feature_set": "c110_d110",
      "model": "et",
      "param_hash": "97bf7f153894",
      "param_index": 10,
      "test_Brier_mean": 0.0481932850616894,
      "test_Brier_std": 0.0013763305689099216,
      "test_LogLoss_mean": 0.1811448962947136,
      "test_LogLoss_std": 0.003995854440000827,
      "test_PR_AUC_mean": 0.9102918570568174,
      "test_PR_AUC_std": 0.0035995341186433544,
      "test_Precision_mean": 0.8334696935658269,
      "test_Precision_std": 0.05282331521564386,
      "test_ROC_AUC_mean": 0.966086529006883,
      "test_ROC_AUC_std": 0.002488968714021571,
      "test_Sensitivity_mean": 0.8707142857142753,
      "test_Sensitivity_std": 0.027946063426028307,
      "test_Specificity_mean": 0.9553982300884927,
      "test_Specificity_std": 0.018131691302181473,
      "val_Precision_mean": 0.8083392261455369,
      "val_Precision_std": 0.049066947496068075,
      "val_Sensitivity_mean": 0.8033333333333238,
      "val_Sensitivity_std": 0.016704801575249735,
      "val_Specificity_mean": 0.9516224188790532,
      "val_Specificity_std": 0.016342789236970325,
      "val_score_mean": 0.754955752212377,
      "val_score_std": 0.007145278855088558,
      "val_thr_mean": 0.29041595159935396,
      "val_thr_std": 0.07006953782187174
    }
  ],
  "task_id": 130,
  "thr_grid_size": 600
}