{
  "feature_set": "c110",
  "model": "et",
  "n_bootstrap": 50,
  "param_hash": "7c3c51fca71f",
  "param_index": 18,
  "params": {
    "bootstrap": false,
    "max_depth": 30,
    "max_features": "0.5",
    "max_samples": null,
    "min_samples_leaf": 4,
    "min_samples_split": 2,
    "n_estimators": 1500
  },
  "runtime_s": 248.3292498588562,
  "summary_preview": [
    {
      "criterion": "f1",
      "feature_set": "c110",
      "model": "et",
      "param_hash": "7c3c51fca71f",
      "param_index": 18,
      "test_Brier_mean": 0.04893333829164843,
      "test_Brier_std": 0.00131732784461789,
      "test_LogLoss_mean": 0.18207258883082414,
      "test_LogLoss_std": 0.0036929764909603012,
      "test_PR_AUC_mean": 0.9113362269746327,
      "test_PR_AUC_std": 0.00461575557212009,
      "test_Precision_mean": 0.903016875019231,
      "test_Precision_std": 0.022771593985362867,
      "test_ROC_AUC_mean": 0.9661680011237533,
      "test_ROC_AUC_std": 0.0019609677040906587,
      "test_Sensitivity_mean": 0.8090476190476095,
      "test_Sensitivity_std": 0.03764308933947419,
      "test_Specificity_mean": 0.9781710914454248,
      "test_Specificity_std": 0.006473784869674334,
      "val_Precision_mean": 0.8920402097155562,
      "val_Precision_std": 0.031894686970344886,
      "val_Sensitivity_mean": 0.7680952380952291,
      "val_Sensitivity_std": 0.027342369401987976,
      "val_Specificity_mean": 0.9764601769911475,
      "val_Specificity_std": 0.008625790540522578,
      "val_score_mean": 0.8244859535810207,
      "val_score_std": 0.008159167283941162,
      "val_thr_mean": 0.4392052262244032,
      "val_thr_std": 0.07040904101867346
    },
    {
      "criterion": "youden",
      "feature_set": "c110",
      "model": "et",
      "param_hash": "7c3c51fca71f",
      "param_index": 18,
      "test_Brier_mean": 0.04893333829164843,
      "test_Brier_std": 0.00131732784461789,
      "test_LogLoss_mean": 0.18207258883082414,
      "test_LogLoss_std": 0.0036929764909603012,
      "test_PR_AUC_mean": 0.9113362269746327,
      "test_PR_AUC_std": 0.00461575557212009,
      "test_Precision_mean": 0.8421574653619566,
      "test_Precision_std": 0.03429013036281135,
      "test_ROC_AUC_mean": 0.9661680011237533,
      "test_ROC_AUC_std": 0.0019609677040906587,
      "test_Sensitivity_mean": 0.8671428571428469,
      "test_Sensitivity_std": 0.01546777823251963,
      "test_Specificity_mean": 0.9591740412979323,
      "test_Specificity_std": 0.011375817242658025,
      "val_Precision_mean": 0.818065428473317,
      "val_Precision_std": 0.029551766538264895,
      "val_Sensitivity_mean": 0.8107142857142762,
      "val_Sensitivity_std": 0.009695369261047004,
      "val_Specificity_mean": 0.9549262536873127,
      "val_Specificity_std": 0.009720547553345648,
      "val_score_mean": 0.7656405394015888,
      "val_score_std": 0.007370674443658672,
      "val_thr_mean": 0.3013936341850815,
      "val_thr_std": 0.04095631837584445
    }
  ],
  "task_id": 42,
  "thr_grid_size": 600
}