{
  "feature_set": "c110_d110",
  "model": "bbag",
  "n_bootstrap": 50,
  "param_hash": "d849b896aa5b",
  "param_index": 0,
  "params": {
    "base_max_depth": 20,
    "base_max_features": "sqrt",
    "base_min_samples_leaf": 4,
    "base_min_samples_split": 4,
    "bootstrap": true,
    "max_features": 0.5,
    "max_samples": 1.0,
    "n_estimators": 800,
    "replacement": false,
    "sampling_strategy": "auto"
  },
  "runtime_s": 92.1799521446228,
  "summary_preview": [
    {
      "criterion": "f1",
      "feature_set": "c110_d110",
      "model": "bbag",
      "param_hash": "d849b896aa5b",
      "param_index": 0,
      "test_Brier_mean": 0.08627809350943057,
      "test_Brier_std": 0.002004652379051597,
      "test_LogLoss_mean": 0.30956319923800907,
      "test_LogLoss_std": 0.005530815685225424,
      "test_PR_AUC_mean": 0.8486133578570513,
      "test_PR_AUC_std": 0.008566150774295334,
      "test_Precision_mean": 0.8040285050398378,
      "test_Precision_std": 0.026263243255461612,
      "test_ROC_AUC_mean": 0.940589970501475,
      "test_ROC_AUC_std": 0.004651615341938279,
      "test_Sensitivity_mean": 0.7233333333333247,
      "test_Sensitivity_std": 0.03371981967726145,
      "test_Specificity_mean": 0.9558112094395251,
      "test_Specificity_std": 0.010192313439631881,
      "val_Precision_mean": 0.7840059197905159,
      "val_Precision_std": 0.0338171597327763,
      "val_Sensitivity_mean": 0.7183333333333249,
      "val_Sensitivity_std": 0.024716683309067095,
      "val_Specificity_mean": 0.9502654867256608,
      "val_Specificity_std": 0.011829622388632919,
      "val_score_mean": 0.7487471708702018,
      "val_score_std": 0.009845859536518082,
      "val_thr_mean": 0.511913870483197,
      "val_thr_std": 0.02992966014980679
    },
    {
      "criterion": "youden",
      "feature_set": "c110_d110",
      "model": "bbag",
      "param_hash": "d849b896aa5b",
      "param_index": 0,
      "test_Brier_mean": 0.08627809350943057,
      "test_Brier_std": 0.002004652379051597,
      "test_LogLoss_mean": 0.30956319923800907,
      "test_LogLoss_std": 0.005530815685225424,
      "test_PR_AUC_mean": 0.8486133578570513,
      "test_PR_AUC_std": 0.008566150774295334,
      "test_Precision_mean": 0.7109227771518407,
      "test_Precision_std": 0.05106415986225208,
      "test_ROC_AUC_mean": 0.940589970501475,
      "test_ROC_AUC_std": 0.004651615341938279,
      "test_Sensitivity_mean": 0.813571428571419,
      "test_Sensitivity_std": 0.04114170196880933,
      "test_Specificity_mean": 0.9158702064896727,
      "test_Specificity_std": 0.02340416984152943,
      "val_Precision_mean": 0.6843823912099708,
      "val_Precision_std": 0.03826559007110687,
      "val_Sensitivity_mean": 0.7840476190476098,
      "val_Sensitivity_std": 0.01924250399309031,
      "val_Specificity_mean": 0.9092625368731535,
      "val_Specificity_std": 0.017185574502674855,
      "val_score_mean": 0.6933101559207634,
      "val_score_std": 0.011361472055012534,
      "val_thr_mean": 0.42541649044786206,
      "val_thr_std": 0.033562808369220244
    }
  ],
  "task_id": 168,
  "thr_grid_size": 600
}