{
  "feature_set": "c110_errors",
  "model": "bbag",
  "n_bootstrap": 50,
  "param_hash": "45b09d797f91",
  "param_index": 7,
  "params": {
    "base_max_depth": 10,
    "base_max_features": "0.3",
    "base_min_samples_leaf": 4,
    "base_min_samples_split": 8,
    "bootstrap": true,
    "max_features": 0.9,
    "max_samples": 0.7,
    "n_estimators": 200,
    "replacement": false,
    "sampling_strategy": "auto"
  },
  "runtime_s": 41.339733839035034,
  "summary_preview": [
    {
      "criterion": "f1",
      "feature_set": "c110_errors",
      "model": "bbag",
      "param_hash": "45b09d797f91",
      "param_index": 7,
      "test_Brier_mean": 0.0735073044198254,
      "test_Brier_std": 0.0024061296693828854,
      "test_LogLoss_mean": 0.27345604550480473,
      "test_LogLoss_std": 0.007244291573912184,
      "test_PR_AUC_mean": 0.8871021572942334,
      "test_PR_AUC_std": 0.01000388507421616,
      "test_Precision_mean": 0.8435552654648144,
      "test_Precision_std": 0.01678672434961128,
      "test_ROC_AUC_mean": 0.9629772439949431,
      "test_ROC_AUC_std": 0.004065564981584826,
      "test_Sensitivity_mean": 0.7745238095238004,
      "test_Sensitivity_std": 0.04572331968559252,
      "test_Specificity_mean": 0.964188790560469,
      "test_Specificity_std": 0.006019198053083933,
      "val_Precision_mean": 0.8152989710157885,
      "val_Precision_std": 0.03520984406416379,
      "val_Sensitivity_mean": 0.743809523809515,
      "val_Sensitivity_std": 0.030159156391375026,
      "val_Specificity_mean": 0.9575221238938024,
      "val_Specificity_std": 0.011448021666418916,
      "val_score_mean": 0.776731336419007,
      "val_score_std": 0.011234175522864681,
      "val_thr_mean": 0.5338062584417214,
      "val_thr_std": 0.040367645581717425
    },
    {
      "criterion": "youden",
      "feature_set": "c110_errors",
      "model": "bbag",
      "param_hash": "45b09d797f91",
      "param_index": 7,
      "test_Brier_mean": 0.0735073044198254,
      "test_Brier_std": 0.0024061296693828854,
      "test_LogLoss_mean": 0.27345604550480473,
      "test_LogLoss_std": 0.007244291573912184,
      "test_PR_AUC_mean": 0.8871021572942334,
      "test_PR_AUC_std": 0.01000388507421616,
      "test_Precision_mean": 0.791773826206904,
      "test_Precision_std": 0.043340617434220914,
      "test_ROC_AUC_mean": 0.9629772439949431,
      "test_ROC_AUC_std": 0.004065564981584826,
      "test_Sensitivity_mean": 0.8526190476190375,
      "test_Sensitivity_std": 0.043351671169814705,
      "test_Specificity_mean": 0.9431858407079617,
      "test_Specificity_std": 0.01769720857430285,
      "val_Precision_mean": 0.7259714848710856,
      "val_Precision_std": 0.046034355895161444,
      "val_Sensitivity_mean": 0.7990476190476096,
      "val_Sensitivity_std": 0.02007090951283236,
      "val_Specificity_mean": 0.9238348082595843,
      "val_Specificity_std": 0.01915147577190466,
      "val_score_mean": 0.7228824273071939,
      "val_score_std": 0.011285433119569244,
      "val_thr_mean": 0.4479844716368818,
      "val_thr_std": 0.03857673478358803
    }
  ],
  "task_id": 271,
  "thr_grid_size": 600
}