{
  "feature_set": "c110",
  "model": "brf",
  "n_bootstrap": 50,
  "param_hash": "a4c66b67ae89",
  "param_index": 22,
  "params": {
    "max_depth": 10,
    "max_features": "0.2",
    "min_samples_leaf": 2,
    "min_samples_split": 4,
    "n_estimators": 4000,
    "replacement": true,
    "sampling_strategy": "auto"
  },
  "runtime_s": 1305.3647012710571,
  "summary_preview": [
    {
      "criterion": "f1",
      "feature_set": "c110",
      "model": "brf",
      "param_hash": "a4c66b67ae89",
      "param_index": 22,
      "test_Brier_mean": 0.06632540146159903,
      "test_Brier_std": 0.003119382045084341,
      "test_LogLoss_mean": 0.24599819685744456,
      "test_LogLoss_std": 0.009489456406545034,
      "test_PR_AUC_mean": 0.9056939483357983,
      "test_PR_AUC_std": 0.007488384728848019,
      "test_Precision_mean": 0.8902420175375235,
      "test_Precision_std": 0.03277523790500239,
      "test_ROC_AUC_mean": 0.9640602612726507,
      "test_ROC_AUC_std": 0.00336589624852094,
      "test_Sensitivity_mean": 0.7649999999999909,
      "test_Sensitivity_std": 0.050151904933118004,
      "test_Specificity_mean": 0.9759882005899675,
      "test_Specificity_std": 0.009516907873735358,
      "val_Precision_mean": 0.909930065901515,
      "val_Precision_std": 0.047454179222178657,
      "val_Sensitivity_mean": 0.7452380952380864,
      "val_Sensitivity_std": 0.030800629721555443,
      "val_Specificity_mean": 0.9807669616519145,
      "val_Specificity_std": 0.012114861012047074,
      "val_score_mean": 0.817753143649197,
      "val_score_std": 0.010103752264875396,
      "val_thr_mean": 0.6388437391307754,
      "val_thr_std": 0.0709319957397854
    },
    {
      "criterion": "youden",
      "feature_set": "c110",
      "model": "brf",
      "param_hash": "a4c66b67ae89",
      "param_index": 22,
      "test_Brier_mean": 0.06632540146159903,
      "test_Brier_std": 0.003119382045084341,
      "test_LogLoss_mean": 0.24599819685744456,
      "test_LogLoss_std": 0.009489456406545034,
      "test_PR_AUC_mean": 0.9056939483357983,
      "test_PR_AUC_std": 0.007488384728848019,
      "test_Precision_mean": 0.800526793135038,
      "test_Precision_std": 0.050810338670376334,
      "test_ROC_AUC_mean": 0.9640602612726507,
      "test_ROC_AUC_std": 0.00336589624852094,
      "test_Sensitivity_mean": 0.8638095238095136,
      "test_Sensitivity_std": 0.0385690889403078,
      "test_Specificity_mean": 0.945014749262534,
      "test_Specificity_std": 0.019161394902386716,
      "val_Precision_mean": 0.8002402530466232,
      "val_Precision_std": 0.04904113140690623,
      "val_Sensitivity_mean": 0.8038095238095143,
      "val_Sensitivity_std": 0.019574822544133334,
      "val_Specificity_mean": 0.949085545722711,
      "val_Specificity_std": 0.016470619319975593,
      "val_score_mean": 0.7528950695322253,
      "val_score_std": 0.013134016889815884,
      "val_thr_mean": 0.4789328816934076,
      "val_thr_std": 0.060000380153575984
    }
  ],
  "task_id": 70,
  "thr_grid_size": 600
}