{
  "feature_set": "c110_snr",
  "model": "et",
  "n_bootstrap": 50,
  "param_hash": "5b75ec82da58",
  "param_index": 8,
  "params": {
    "bootstrap": false,
    "max_depth": null,
    "max_features": "sqrt",
    "max_samples": null,
    "min_samples_leaf": 4,
    "min_samples_split": 8,
    "n_estimators": 2500
  },
  "runtime_s": 559.2108833789825,
  "summary_preview": [
    {
      "criterion": "f1",
      "feature_set": "c110_snr",
      "model": "et",
      "param_hash": "5b75ec82da58",
      "param_index": 8,
      "test_Brier_mean": 0.07991694420348368,
      "test_Brier_std": 0.0018050722006231461,
      "test_LogLoss_mean": 0.27535986393465334,
      "test_LogLoss_std": 0.005037274501532336,
      "test_PR_AUC_mean": 0.8414108468365185,
      "test_PR_AUC_std": 0.01105935451653036,
      "test_Precision_mean": 0.8196222541228024,
      "test_Precision_std": 0.030823225029453106,
      "test_ROC_AUC_mean": 0.937339513976682,
      "test_ROC_AUC_std": 0.006797011725694818,
      "test_Sensitivity_mean": 0.7402380952380865,
      "test_Sensitivity_std": 0.04211991436238593,
      "test_Specificity_mean": 0.9589970501474897,
      "test_Specificity_std": 0.010681661909512485,
      "val_Precision_mean": 0.7764421330658958,
      "val_Precision_std": 0.040081107638921476,
      "val_Sensitivity_mean": 0.7185714285714201,
      "val_Sensitivity_std": 0.03233618926231288,
      "val_Specificity_mean": 0.9477286135693187,
      "val_Specificity_std": 0.01415377252804284,
      "val_score_mean": 0.7449036057296682,
      "val_score_std": 0.01360050184190951,
      "val_thr_mean": 0.30009997722978154,
      "val_thr_std": 0.030450441820363765
    },
    {
      "criterion": "youden",
      "feature_set": "c110_snr",
      "model": "et",
      "param_hash": "5b75ec82da58",
      "param_index": 8,
      "test_Brier_mean": 0.07991694420348368,
      "test_Brier_std": 0.0018050722006231461,
      "test_LogLoss_mean": 0.27535986393465334,
      "test_LogLoss_std": 0.005037274501532336,
      "test_PR_AUC_mean": 0.8414108468365185,
      "test_PR_AUC_std": 0.01105935451653036,
      "test_Precision_mean": 0.6893651909947639,
      "test_Precision_std": 0.07002585735687708,
      "test_ROC_AUC_mean": 0.937339513976682,
      "test_ROC_AUC_std": 0.006797011725694818,
      "test_Sensitivity_mean": 0.8192857142857046,
      "test_Sensitivity_std": 0.03250835993533925,
      "test_Specificity_mean": 0.9046607669616492,
      "test_Specificity_std": 0.03340270547936782,
      "val_Precision_mean": 0.6623253857042202,
      "val_Precision_std": 0.04265060124985355,
      "val_Sensitivity_mean": 0.7933333333333239,
      "val_Sensitivity_std": 0.02972641226726618,
      "val_Specificity_mean": 0.8980530973451301,
      "val_Specificity_std": 0.022553452295786706,
      "val_score_mean": 0.691386430678454,
      "val_score_std": 0.019646506492382674,
      "val_thr_mean": 0.23040543393287025,
      "val_thr_std": 0.02600970988566135
    }
  ],
  "task_id": 416,
  "thr_grid_size": 600
}