{
  "feature_set": "c110",
  "model": "et",
  "n_bootstrap": 50,
  "param_hash": "97bf7f153894",
  "param_index": 10,
  "params": {
    "bootstrap": false,
    "max_depth": 10,
    "max_features": "0.3",
    "max_samples": 1.0,
    "min_samples_leaf": 2,
    "min_samples_split": 8,
    "n_estimators": 1500
  },
  "runtime_s": 268.0687246322632,
  "summary_preview": [
    {
      "criterion": "f1",
      "feature_set": "c110",
      "model": "et",
      "param_hash": "97bf7f153894",
      "param_index": 10,
      "test_Brier_mean": 0.05275095243595861,
      "test_Brier_std": 0.0013296454422189769,
      "test_LogLoss_mean": 0.1943388181304717,
      "test_LogLoss_std": 0.004019071176576494,
      "test_PR_AUC_mean": 0.9069029283857077,
      "test_PR_AUC_std": 0.004769817381063471,
      "test_Precision_mean": 0.9023682284317676,
      "test_Precision_std": 0.021475192583869773,
      "test_ROC_AUC_mean": 0.9652212389380531,
      "test_ROC_AUC_std": 0.0024849178845705033,
      "test_Sensitivity_mean": 0.7795238095238003,
      "test_Sensitivity_std": 0.03495632360728101,
      "test_Specificity_mean": 0.9788200589970473,
      "test_Specificity_std": 0.006126807122585033,
      "val_Precision_mean": 0.894188337051989,
      "val_Precision_std": 0.026048863535716036,
      "val_Sensitivity_mean": 0.7540476190476102,
      "val_Sensitivity_std": 0.020774768440308226,
      "val_Specificity_mean": 0.9775811209439499,
      "val_Specificity_std": 0.006924431826866817,
      "val_score_mean": 0.8175938287770748,
      "val_score_std": 0.008061264824825614,
      "val_thr_mean": 0.41960657990311406,
      "val_thr_std": 0.05176421355345123
    },
    {
      "criterion": "youden",
      "feature_set": "c110",
      "model": "et",
      "param_hash": "97bf7f153894",
      "param_index": 10,
      "test_Brier_mean": 0.05275095243595861,
      "test_Brier_std": 0.0013296454422189769,
      "test_LogLoss_mean": 0.1943388181304717,
      "test_LogLoss_std": 0.004019071176576494,
      "test_PR_AUC_mean": 0.9069029283857077,
      "test_PR_AUC_std": 0.004769817381063471,
      "test_Precision_mean": 0.8174694307415169,
      "test_Precision_std": 0.037440249405978294,
      "test_ROC_AUC_mean": 0.9652212389380531,
      "test_ROC_AUC_std": 0.0024849178845705033,
      "test_Sensitivity_mean": 0.877380952380942,
      "test_Sensitivity_std": 0.0192785443006029,
      "test_Specificity_mean": 0.9507374631268408,
      "test_Specificity_std": 0.012964702960737548,
      "val_Precision_mean": 0.7766390671805417,
      "val_Precision_std": 0.03776113226704616,
      "val_Sensitivity_mean": 0.8145238095238,
      "val_Sensitivity_std": 0.01104526046335329,
      "val_Specificity_mean": 0.9412389380530946,
      "val_Specificity_std": 0.012876602516410655,
      "val_score_mean": 0.7557627475768943,
      "val_score_std": 0.007676322710823199,
      "val_thr_mean": 0.25399242498961505,
      "val_thr_std": 0.03665234959632598
    }
  ],
  "task_id": 34,
  "thr_grid_size": 600
}