{
  "feature_set": "c110",
  "model": "rf",
  "n_bootstrap": 50,
  "param_hash": "c9076e29837d",
  "param_index": 2,
  "params": {
    "bootstrap": true,
    "class_weight": null,
    "max_depth": 20,
    "max_features": "0.2",
    "min_samples_leaf": 1,
    "min_samples_split": 4,
    "n_estimators": 1500
  },
  "runtime_s": 487.9573001861572,
  "summary_preview": [
    {
      "criterion": "f1",
      "feature_set": "c110",
      "model": "rf",
      "param_hash": "c9076e29837d",
      "param_index": 2,
      "test_Brier_mean": 0.054784465753404864,
      "test_Brier_std": 0.0026707609002273405,
      "test_LogLoss_mean": 0.19842308456565763,
      "test_LogLoss_std": 0.0073101312161403175,
      "test_PR_AUC_mean": 0.8965598400653191,
      "test_PR_AUC_std": 0.008606052078670014,
      "test_Precision_mean": 0.8944348987428822,
      "test_Precision_std": 0.02423419681213953,
      "test_ROC_AUC_mean": 0.9591894929063071,
      "test_ROC_AUC_std": 0.003921689236697647,
      "test_Sensitivity_mean": 0.7726190476190385,
      "test_Sensitivity_std": 0.05400831465374229,
      "test_Specificity_mean": 0.9770501474926224,
      "test_Specificity_std": 0.006617305512200091,
      "val_Precision_mean": 0.8968462761369901,
      "val_Precision_std": 0.0364188211253795,
      "val_Sensitivity_mean": 0.7342857142857057,
      "val_Sensitivity_std": 0.0321280065034866,
      "val_Specificity_mean": 0.9785250737463097,
      "val_Specificity_std": 0.008678130114655123,
      "val_score_mean": 0.8063202632883268,
      "val_score_std": 0.01527933129018396,
      "val_thr_mean": 0.47094214047786037,
      "val_thr_std": 0.06490697828257333
    },
    {
      "criterion": "youden",
      "feature_set": "c110",
      "model": "rf",
      "param_hash": "c9076e29837d",
      "param_index": 2,
      "test_Brier_mean": 0.054784465753404864,
      "test_Brier_std": 0.0026707609002273405,
      "test_LogLoss_mean": 0.19842308456565763,
      "test_LogLoss_std": 0.0073101312161403175,
      "test_PR_AUC_mean": 0.8965598400653191,
      "test_PR_AUC_std": 0.008606052078670014,
      "test_Precision_mean": 0.8027979525583911,
      "test_Precision_std": 0.06747187657619652,
      "test_ROC_AUC_mean": 0.9591894929063071,
      "test_ROC_AUC_std": 0.003921689236697647,
      "test_Sensitivity_mean": 0.8473809523809424,
      "test_Sensitivity_std": 0.03572966950825349,
      "test_Specificity_mean": 0.9458997050147464,
      "test_Specificity_std": 0.024992058501445494,
      "val_Precision_mean": 0.7659695864426277,
      "val_Precision_std": 0.07783280551877324,
      "val_Sensitivity_mean": 0.7988095238095144,
      "val_Sensitivity_std": 0.03035130662852812,
      "val_Specificity_mean": 0.9361061946902626,
      "val_Specificity_std": 0.028900137482812453,
      "val_score_mean": 0.734915718499777,
      "val_score_std": 0.01962461086350341,
      "val_thr_mean": 0.3295367578977158,
      "val_thr_std": 0.061874080137196155
    }
  ],
  "task_id": 2,
  "thr_grid_size": 600
}