{
  "feature_set": "c110_d110",
  "model": "bbag",
  "n_bootstrap": 50,
  "param_hash": "2722f92a279a",
  "param_index": 19,
  "params": {
    "base_max_depth": 10,
    "base_max_features": "0.5",
    "base_min_samples_leaf": 1,
    "base_min_samples_split": 4,
    "bootstrap": true,
    "max_features": 0.9,
    "max_samples": 0.9,
    "n_estimators": 1200,
    "replacement": false,
    "sampling_strategy": "auto"
  },
  "runtime_s": 145.00637030601501,
  "summary_preview": [
    {
      "criterion": "f1",
      "feature_set": "c110_d110",
      "model": "bbag",
      "param_hash": "2722f92a279a",
      "param_index": 19,
      "test_Brier_mean": 0.057920978010633284,
      "test_Brier_std": 0.0022007684515681714,
      "test_LogLoss_mean": 0.22455418141002143,
      "test_LogLoss_std": 0.007374603485430348,
      "test_PR_AUC_mean": 0.9059076544858994,
      "test_PR_AUC_std": 0.00436727674047146,
      "test_Precision_mean": 0.9031859379542883,
      "test_Precision_std": 0.028983558910263576,
      "test_ROC_AUC_mean": 0.9639513976682119,
      "test_ROC_AUC_std": 0.0026161720021463143,
      "test_Sensitivity_mean": 0.7864285714285622,
      "test_Sensitivity_std": 0.046476203420475905,
      "test_Specificity_mean": 0.9786430678466047,
      "test_Specificity_std": 0.007760308092653737,
      "val_Precision_mean": 0.8988187038655714,
      "val_Precision_std": 0.038908491479180324,
      "val_Sensitivity_mean": 0.7588095238095148,
      "val_Sensitivity_std": 0.028131739889459044,
      "val_Specificity_mean": 0.9781710914454247,
      "val_Specificity_std": 0.009479327331817923,
      "val_score_mean": 0.8216824831232524,
      "val_score_std": 0.008706410822818646,
      "val_thr_mean": 0.5848206462242006,
      "val_thr_std": 0.07304609185636901
    },
    {
      "criterion": "youden",
      "feature_set": "c110_d110",
      "model": "bbag",
      "param_hash": "2722f92a279a",
      "param_index": 19,
      "test_Brier_mean": 0.057920978010633284,
      "test_Brier_std": 0.0022007684515681714,
      "test_LogLoss_mean": 0.22455418141002143,
      "test_LogLoss_std": 0.007374603485430348,
      "test_PR_AUC_mean": 0.9059076544858994,
      "test_PR_AUC_std": 0.00436727674047146,
      "test_Precision_mean": 0.8431755609566487,
      "test_Precision_std": 0.04993020844665943,
      "test_ROC_AUC_mean": 0.9639513976682119,
      "test_ROC_AUC_std": 0.0026161720021463143,
      "test_Sensitivity_mean": 0.8495238095237994,
      "test_Sensitivity_std": 0.03339228439802646,
      "test_Specificity_mean": 0.9594690265486696,
      "test_Specificity_std": 0.016449041420574517,
      "val_Precision_mean": 0.8303491140142121,
      "val_Precision_std": 0.04623046158829373,
      "val_Sensitivity_mean": 0.793571428571419,
      "val_Sensitivity_std": 0.015514455199728381,
      "val_Specificity_mean": 0.9588790560471948,
      "val_Specificity_std": 0.014070341474072339,
      "val_score_mean": 0.7524504846186139,
      "val_score_std": 0.007288893375734632,
      "val_thr_mean": 0.46595226057731476,
      "val_thr_std": 0.06595500267214519
    }
  ],
  "task_id": 187,
  "thr_grid_size": 600
}