{
  "feature_set": "c110",
  "model": "brf",
  "n_bootstrap": 50,
  "param_hash": "bf0c4fdf0ae8",
  "param_index": 19,
  "params": {
    "max_depth": null,
    "max_features": "0.2",
    "min_samples_leaf": 2,
    "min_samples_split": 8,
    "n_estimators": 2500,
    "replacement": false,
    "sampling_strategy": "auto"
  },
  "runtime_s": 818.9646954536438,
  "summary_preview": [
    {
      "criterion": "f1",
      "feature_set": "c110",
      "model": "brf",
      "param_hash": "bf0c4fdf0ae8",
      "param_index": 19,
      "test_Brier_mean": 0.06491129812515223,
      "test_Brier_std": 0.003094542424659626,
      "test_LogLoss_mean": 0.241014565209668,
      "test_LogLoss_std": 0.00932020855273642,
      "test_PR_AUC_mean": 0.9057554986883777,
      "test_PR_AUC_std": 0.007499263701062988,
      "test_Precision_mean": 0.8949707954345041,
      "test_Precision_std": 0.0324555858315456,
      "test_ROC_AUC_mean": 0.96314931872454,
      "test_ROC_AUC_std": 0.0036937618889156237,
      "test_Sensitivity_mean": 0.7647619047618958,
      "test_Sensitivity_std": 0.048196210723691596,
      "test_Specificity_mean": 0.9771091445427699,
      "test_Specificity_std": 0.009471080851499442,
      "val_Precision_mean": 0.9131358262280519,
      "val_Precision_std": 0.04565439368693242,
      "val_Sensitivity_mean": 0.7449999999999912,
      "val_Sensitivity_std": 0.03080907995468534,
      "val_Specificity_mean": 0.9815929203539794,
      "val_Specificity_std": 0.01141010906078072,
      "val_score_mean": 0.8190556466401739,
      "val_score_std": 0.012847282057077577,
      "val_thr_mean": 0.6234097920979411,
      "val_thr_std": 0.0683534246688245
    },
    {
      "criterion": "youden",
      "feature_set": "c110",
      "model": "brf",
      "param_hash": "bf0c4fdf0ae8",
      "param_index": 19,
      "test_Brier_mean": 0.06491129812515223,
      "test_Brier_std": 0.003094542424659626,
      "test_LogLoss_mean": 0.241014565209668,
      "test_LogLoss_std": 0.00932020855273642,
      "test_PR_AUC_mean": 0.9057554986883777,
      "test_PR_AUC_std": 0.007499263701062988,
      "test_Precision_mean": 0.7950141571781135,
      "test_Precision_std": 0.05059444876167173,
      "test_ROC_AUC_mean": 0.96314931872454,
      "test_ROC_AUC_std": 0.0036937618889156237,
      "test_Sensitivity_mean": 0.8685714285714182,
      "test_Sensitivity_std": 0.032174785279960066,
      "test_Specificity_mean": 0.9430678466076668,
      "test_Specificity_std": 0.018293648606108878,
      "val_Precision_mean": 0.7882097492531968,
      "val_Precision_std": 0.054660199032745875,
      "val_Sensitivity_mean": 0.8090476190476095,
      "val_Sensitivity_std": 0.023064134024713603,
      "val_Specificity_mean": 0.9446017699115017,
      "val_Specificity_std": 0.0183231354237753,
      "val_score_mean": 0.753649388959111,
      "val_score_std": 0.013900008308155845,
      "val_thr_mean": 0.4531545577231894,
      "val_thr_std": 0.0559578893703261
    }
  ],
  "task_id": 67,
  "thr_grid_size": 600
}