{
  "feature_set": "c110_snr",
  "model": "rf",
  "n_bootstrap": 50,
  "param_hash": "ffc270778d3f",
  "param_index": 16,
  "params": {
    "bootstrap": true,
    "class_weight": null,
    "max_depth": 30,
    "max_features": "0.3",
    "min_samples_leaf": 1,
    "min_samples_split": 8,
    "n_estimators": 800
  },
  "runtime_s": 956.7183401584625,
  "summary_preview": [
    {
      "criterion": "f1",
      "feature_set": "c110_snr",
      "model": "rf",
      "param_hash": "ffc270778d3f",
      "param_index": 16,
      "test_Brier_mean": 0.05831604548456629,
      "test_Brier_std": 0.0027983308616004463,
      "test_LogLoss_mean": 0.21341991235228636,
      "test_LogLoss_std": 0.012825097302444789,
      "test_PR_AUC_mean": 0.8764001959980234,
      "test_PR_AUC_std": 0.01312522933569641,
      "test_Precision_mean": 0.9018353334544724,
      "test_Precision_std": 0.03733514496690782,
      "test_ROC_AUC_mean": 0.9488161960949572,
      "test_ROC_AUC_std": 0.007295109687776181,
      "test_Sensitivity_mean": 0.7140476190476106,
      "test_Sensitivity_std": 0.06250965958025503,
      "test_Specificity_mean": 0.9798820058997021,
      "test_Specificity_std": 0.010771723081136192,
      "val_Precision_mean": 0.9104647976210352,
      "val_Precision_std": 0.056741645563006336,
      "val_Sensitivity_mean": 0.7016666666666583,
      "val_Sensitivity_std": 0.03947703509244212,
      "val_Specificity_mean": 0.9815339233038318,
      "val_Specificity_std": 0.0139994844633374,
      "val_score_mean": 0.7900154229162711,
      "val_score_std": 0.012293720767046984,
      "val_thr_mean": 0.5121808645577609,
      "val_thr_std": 0.10058591535712236
    },
    {
      "criterion": "youden",
      "feature_set": "c110_snr",
      "model": "rf",
      "param_hash": "ffc270778d3f",
      "param_index": 16,
      "test_Brier_mean": 0.05831604548456629,
      "test_Brier_std": 0.0027983308616004463,
      "test_LogLoss_mean": 0.21341991235228636,
      "test_LogLoss_std": 0.012825097302444789,
      "test_PR_AUC_mean": 0.8764001959980234,
      "test_PR_AUC_std": 0.01312522933569641,
      "test_Precision_mean": 0.7527947553565748,
      "test_Precision_std": 0.0680983160994001,
      "test_ROC_AUC_mean": 0.9488161960949572,
      "test_ROC_AUC_std": 0.007295109687776181,
      "test_Sensitivity_mean": 0.8428571428571329,
      "test_Sensitivity_std": 0.03686986970863698,
      "test_Specificity_mean": 0.9283775811209413,
      "test_Specificity_std": 0.02811163925128013,
      "val_Precision_mean": 0.723252585937621,
      "val_Precision_std": 0.06538947238232182,
      "val_Sensitivity_mean": 0.7990476190476096,
      "val_Sensitivity_std": 0.037848447455331544,
      "val_Specificity_mean": 0.9212389380530945,
      "val_Specificity_std": 0.027337948909200185,
      "val_score_mean": 0.7202865571007041,
      "val_score_std": 0.02391498422832285,
      "val_thr_mean": 0.279103650479417,
      "val_thr_std": 0.05843993983857296
    }
  ],
  "task_id": 400,
  "thr_grid_size": 600
}