{
  "feature_set": "c110",
  "model": "brf",
  "n_bootstrap": 50,
  "param_hash": "247506bd6d6b",
  "param_index": 0,
  "params": {
    "max_depth": 30,
    "max_features": "0.3",
    "min_samples_leaf": 1,
    "min_samples_split": 4,
    "n_estimators": 4000,
    "replacement": false,
    "sampling_strategy": "auto"
  },
  "runtime_s": 1247.3488073349,
  "summary_preview": [
    {
      "criterion": "f1",
      "feature_set": "c110",
      "model": "brf",
      "param_hash": "247506bd6d6b",
      "param_index": 0,
      "test_Brier_mean": 0.06559992233295574,
      "test_Brier_std": 0.003132674440949476,
      "test_LogLoss_mean": 0.24023053866419086,
      "test_LogLoss_std": 0.009164230925610714,
      "test_PR_AUC_mean": 0.9027378081872135,
      "test_PR_AUC_std": 0.00846645493709222,
      "test_Precision_mean": 0.8757158053937966,
      "test_Precision_std": 0.032393568662236416,
      "test_ROC_AUC_mean": 0.9612796741115325,
      "test_ROC_AUC_std": 0.004052607384184682,
      "test_Sensitivity_mean": 0.777142857142848,
      "test_Sensitivity_std": 0.052199526784355514,
      "test_Specificity_mean": 0.9719174041297906,
      "test_Specificity_std": 0.010187956670045684,
      "val_Precision_mean": 0.8998968412799421,
      "val_Precision_std": 0.04304706450528227,
      "val_Sensitivity_mean": 0.7602380952380863,
      "val_Sensitivity_std": 0.03217927965555363,
      "val_Specificity_mean": 0.9782300884955722,
      "val_Specificity_std": 0.010971010646978712,
      "val_score_mean": 0.8227156554112534,
      "val_score_std": 0.01127376515851305,
      "val_thr_mean": 0.6100375389538121,
      "val_thr_std": 0.0769328451958075
    },
    {
      "criterion": "youden",
      "feature_set": "c110",
      "model": "brf",
      "param_hash": "247506bd6d6b",
      "param_index": 0,
      "test_Brier_mean": 0.06559992233295574,
      "test_Brier_std": 0.003132674440949476,
      "test_LogLoss_mean": 0.24023053866419086,
      "test_LogLoss_std": 0.009164230925610714,
      "test_PR_AUC_mean": 0.9027378081872135,
      "test_PR_AUC_std": 0.00846645493709222,
      "test_Precision_mean": 0.7925723387717514,
      "test_Precision_std": 0.04488433575211816,
      "test_ROC_AUC_mean": 0.9612796741115325,
      "test_ROC_AUC_std": 0.004052607384184682,
      "test_Sensitivity_mean": 0.8623809523809421,
      "test_Sensitivity_std": 0.03519709747013982,
      "test_Specificity_mean": 0.9428318584070767,
      "test_Specificity_std": 0.016685715014539564,
      "val_Precision_mean": 0.8000696668415432,
      "val_Precision_std": 0.046536049736382853,
      "val_Sensitivity_mean": 0.8109523809523713,
      "val_Sensitivity_std": 0.01903546745528309,
      "val_Specificity_mean": 0.9487315634218261,
      "val_Specificity_std": 0.0159900687133476,
      "val_score_mean": 0.7596839443741975,
      "val_score_std": 0.01599352590438873,
      "val_thr_mean": 0.4694731956037842,
      "val_thr_std": 0.05448930511604495
    }
  ],
  "task_id": 48,
  "thr_grid_size": 600
}