{
  "feature_set": "c110",
  "model": "rf",
  "n_bootstrap": 50,
  "param_hash": "6cf4d44e3e25",
  "param_index": 5,
  "params": {
    "bootstrap": true,
    "class_weight": null,
    "max_depth": 20,
    "max_features": "sqrt",
    "min_samples_leaf": 1,
    "min_samples_split": 8,
    "n_estimators": 800
  },
  "runtime_s": 179.41842675209045,
  "summary_preview": [
    {
      "criterion": "f1",
      "feature_set": "c110",
      "model": "rf",
      "param_hash": "6cf4d44e3e25",
      "param_index": 5,
      "test_Brier_mean": 0.05947542913438521,
      "test_Brier_std": 0.0017673552092487396,
      "test_LogLoss_mean": 0.21230954888184572,
      "test_LogLoss_std": 0.0050881696920161545,
      "test_PR_AUC_mean": 0.8894210082491533,
      "test_PR_AUC_std": 0.007121525820525923,
      "test_Precision_mean": 0.8994354147999303,
      "test_Precision_std": 0.023172122276393058,
      "test_ROC_AUC_mean": 0.9566357634499227,
      "test_ROC_AUC_std": 0.0036719731218064337,
      "test_Sensitivity_mean": 0.7573809523809435,
      "test_Sensitivity_std": 0.043551363624384797,
      "test_Specificity_mean": 0.9787020648967523,
      "test_Specificity_std": 0.005878294785113873,
      "val_Precision_mean": 0.8958488031777052,
      "val_Precision_std": 0.03609519863462551,
      "val_Sensitivity_mean": 0.7171428571428486,
      "val_Sensitivity_std": 0.025742704664522845,
      "val_Specificity_mean": 0.9788200589970473,
      "val_Specificity_std": 0.00856795135782652,
      "val_score_mean": 0.7956273728211904,
      "val_score_std": 0.01148755990936964,
      "val_thr_mean": 0.4496273546624684,
      "val_thr_std": 0.04888654192520496
    },
    {
      "criterion": "youden",
      "feature_set": "c110",
      "model": "rf",
      "param_hash": "6cf4d44e3e25",
      "param_index": 5,
      "test_Brier_mean": 0.05947542913438521,
      "test_Brier_std": 0.0017673552092487396,
      "test_LogLoss_mean": 0.21230954888184572,
      "test_LogLoss_std": 0.0050881696920161545,
      "test_PR_AUC_mean": 0.8894210082491533,
      "test_PR_AUC_std": 0.007121525820525923,
      "test_Precision_mean": 0.8284082382324587,
      "test_Precision_std": 0.0633114448113501,
      "test_ROC_AUC_mean": 0.9566357634499227,
      "test_ROC_AUC_std": 0.0036719731218064337,
      "test_Sensitivity_mean": 0.8164285714285617,
      "test_Sensitivity_std": 0.03502658266083704,
      "test_Specificity_mean": 0.9558112094395251,
      "test_Specificity_std": 0.02358745436975864,
      "val_Precision_mean": 0.7820657889289087,
      "val_Precision_std": 0.08261646813836482,
      "val_Sensitivity_mean": 0.7688095238095147,
      "val_Sensitivity_std": 0.031182333375770917,
      "val_Specificity_mean": 0.9431268436578142,
      "val_Specificity_std": 0.030236039591704865,
      "val_score_mean": 0.7119363674673289,
      "val_score_std": 0.01371851938703222,
      "val_thr_mean": 0.3510747697413653,
      "val_thr_std": 0.05825235111026823
    }
  ],
  "task_id": 5,
  "thr_grid_size": 600
}