{
  "feature_set": "c110_d110_errors",
  "model": "brf",
  "n_bootstrap": 50,
  "param_hash": "97f9c5e2caa7",
  "param_index": 10,
  "params": {
    "max_depth": 20,
    "max_features": "0.5",
    "min_samples_leaf": 2,
    "min_samples_split": 4,
    "n_estimators": 2500,
    "replacement": false,
    "sampling_strategy": "auto"
  },
  "runtime_s": 1985.3880994319916,
  "summary_preview": [
    {
      "criterion": "f1",
      "feature_set": "c110_d110_errors",
      "model": "brf",
      "param_hash": "97f9c5e2caa7",
      "param_index": 10,
      "test_Brier_mean": 0.062366911493769404,
      "test_Brier_std": 0.0028712832728318345,
      "test_LogLoss_mean": 0.2381966277623593,
      "test_LogLoss_std": 0.017410348134559953,
      "test_PR_AUC_mean": 0.8949502406994706,
      "test_PR_AUC_std": 0.008386285735515564,
      "test_Precision_mean": 0.8786440122530196,
      "test_Precision_std": 0.02784047736472796,
      "test_ROC_AUC_mean": 0.9594479561736199,
      "test_ROC_AUC_std": 0.0038907800757106204,
      "test_Sensitivity_mean": 0.8033333333333238,
      "test_Sensitivity_std": 0.04011875564023553,
      "test_Specificity_mean": 0.9720353982300856,
      "test_Specificity_std": 0.00824150691063269,
      "val_Precision_mean": 0.8952925121569725,
      "val_Precision_std": 0.0330545312317429,
      "val_Sensitivity_mean": 0.7497619047618959,
      "val_Sensitivity_std": 0.030564020972982376,
      "val_Specificity_mean": 0.9777581120943922,
      "val_Specificity_std": 0.008262381597637472,
      "val_score_mean": 0.8150158866189742,
      "val_score_std": 0.011594477284563517,
      "val_thr_mean": 0.6401212676683363,
      "val_thr_std": 0.07299592450844851
    },
    {
      "criterion": "youden",
      "feature_set": "c110_d110_errors",
      "model": "brf",
      "param_hash": "97f9c5e2caa7",
      "param_index": 10,
      "test_Brier_mean": 0.062366911493769404,
      "test_Brier_std": 0.0028712832728318345,
      "test_LogLoss_mean": 0.2381966277623593,
      "test_LogLoss_std": 0.017410348134559953,
      "test_PR_AUC_mean": 0.8949502406994706,
      "test_PR_AUC_std": 0.008386285735515564,
      "test_Precision_mean": 0.8038241614394745,
      "test_Precision_std": 0.0472275926533264,
      "test_ROC_AUC_mean": 0.9594479561736199,
      "test_ROC_AUC_std": 0.0038907800757106204,
      "test_Sensitivity_mean": 0.8623809523809421,
      "test_Sensitivity_std": 0.03237194752742673,
      "test_Specificity_mean": 0.9465486725663688,
      "test_Specificity_std": 0.017299688976246706,
      "val_Precision_mean": 0.7953729340618996,
      "val_Precision_std": 0.06206883330040677,
      "val_Sensitivity_mean": 0.7961904761904668,
      "val_Sensitivity_std": 0.02251587641283697,
      "val_Specificity_mean": 0.9473746312684337,
      "val_Specificity_std": 0.02079346058103631,
      "val_score_mean": 0.7435651074589005,
      "val_score_std": 0.01647210176210325,
      "val_thr_mean": 0.4948757479186985,
      "val_thr_std": 0.07335371464779246
    }
  ],
  "task_id": 346,
  "thr_grid_size": 600
}