{
  "feature_set": "c110_d110",
  "model": "et",
  "n_bootstrap": 50,
  "param_hash": "8f8ce9681b3c",
  "param_index": 19,
  "params": {
    "bootstrap": true,
    "max_depth": 30,
    "max_features": "sqrt",
    "max_samples": 0.8,
    "min_samples_leaf": 2,
    "min_samples_split": 4,
    "n_estimators": 4000
  },
  "runtime_s": 1592.708845615387,
  "summary_preview": [
    {
      "criterion": "f1",
      "feature_set": "c110_d110",
      "model": "et",
      "param_hash": "8f8ce9681b3c",
      "param_index": 19,
      "test_Brier_mean": 0.0623692348201412,
      "test_Brier_std": 0.0011755921712582231,
      "test_LogLoss_mean": 0.22377979884125426,
      "test_LogLoss_std": 0.003410591940386792,
      "test_PR_AUC_mean": 0.8904139159610778,
      "test_PR_AUC_std": 0.00512845400068189,
      "test_Precision_mean": 0.8690737263215991,
      "test_Precision_std": 0.02311296995305319,
      "test_ROC_AUC_mean": 0.957908765276022,
      "test_ROC_AUC_std": 0.0028997927669163555,
      "test_Sensitivity_mean": 0.7652380952380863,
      "test_Sensitivity_std": 0.041101610718171096,
      "test_Specificity_mean": 0.9710914454277257,
      "test_Specificity_std": 0.0068729483482090434,
      "val_Precision_mean": 0.8542066085848561,
      "val_Precision_std": 0.03704186154615766,
      "val_Sensitivity_mean": 0.7361904761904675,
      "val_Sensitivity_std": 0.028696680431964855,
      "val_Specificity_mean": 0.968141592920351,
      "val_Specificity_std": 0.010627492804819593,
      "val_score_mean": 0.7895731484912065,
      "val_score_std": 0.006960940733571744,
      "val_thr_mean": 0.3802221426998156,
      "val_thr_std": 0.04349766965765512
    },
    {
      "criterion": "youden",
      "feature_set": "c110_d110",
      "model": "et",
      "param_hash": "8f8ce9681b3c",
      "param_index": 19,
      "test_Brier_mean": 0.0623692348201412,
      "test_Brier_std": 0.0011755921712582231,
      "test_LogLoss_mean": 0.22377979884125426,
      "test_LogLoss_std": 0.003410591940386792,
      "test_PR_AUC_mean": 0.8904139159610778,
      "test_PR_AUC_std": 0.00512845400068189,
      "test_Precision_mean": 0.8055016407368122,
      "test_Precision_std": 0.03873613506714763,
      "test_ROC_AUC_mean": 0.957908765276022,
      "test_ROC_AUC_std": 0.0028997927669163555,
      "test_Sensitivity_mean": 0.8371428571428473,
      "test_Sensitivity_std": 0.020611234568085626,
      "test_Specificity_mean": 0.949085545722711,
      "test_Specificity_std": 0.014138331565004311,
      "val_Precision_mean": 0.7588494757479417,
      "val_Precision_std": 0.03894601921528223,
      "val_Sensitivity_mean": 0.7902380952380859,
      "val_Sensitivity_std": 0.01519041678460025,
      "val_Specificity_mean": 0.93687315634218,
      "val_Specificity_std": 0.014994055520149286,
      "val_score_mean": 0.7271112515802659,
      "val_score_std": 0.009229871989099914,
      "val_thr_mean": 0.2912060321099787,
      "val_thr_std": 0.032239951944233895
    }
  ],
  "task_id": 139,
  "thr_grid_size": 600
}