{
  "feature_set": "c110_d110_errors",
  "model": "rf",
  "n_bootstrap": 50,
  "param_hash": "82dc24b396d2",
  "param_index": 3,
  "params": {
    "bootstrap": true,
    "class_weight": null,
    "max_depth": 10,
    "max_features": "0.3",
    "min_samples_leaf": 4,
    "min_samples_split": 4,
    "n_estimators": 800
  },
  "runtime_s": 763.0278873443604,
  "summary_preview": [
    {
      "criterion": "f1",
      "feature_set": "c110_d110_errors",
      "model": "rf",
      "param_hash": "82dc24b396d2",
      "param_index": 3,
      "test_Brier_mean": 0.05086851753157415,
      "test_Brier_std": 0.00267976113387825,
      "test_LogLoss_mean": 0.18625602801279115,
      "test_LogLoss_std": 0.0074736028861923836,
      "test_PR_AUC_mean": 0.8960642981476157,
      "test_PR_AUC_std": 0.008020896357769326,
      "test_Precision_mean": 0.9032177269782654,
      "test_Precision_std": 0.022444265075943905,
      "test_ROC_AUC_mean": 0.9600618064334878,
      "test_ROC_AUC_std": 0.004072197201332225,
      "test_Sensitivity_mean": 0.7773809523809432,
      "test_Sensitivity_std": 0.049128764713109244,
      "test_Specificity_mean": 0.9791150442477847,
      "test_Specificity_std": 0.005984580017219301,
      "val_Precision_mean": 0.9062771398694628,
      "val_Precision_std": 0.032401991328253325,
      "val_Sensitivity_mean": 0.7395238095238008,
      "val_Sensitivity_std": 0.02790774353301465,
      "val_Specificity_mean": 0.980589970501472,
      "val_Specificity_std": 0.00770357808684399,
      "val_score_mean": 0.8135010328286567,
      "val_score_std": 0.010454869071011692,
      "val_thr_mean": 0.4685494966879878,
      "val_thr_std": 0.07818352625247436
    },
    {
      "criterion": "youden",
      "feature_set": "c110_d110_errors",
      "model": "rf",
      "param_hash": "82dc24b396d2",
      "param_index": 3,
      "test_Brier_mean": 0.05086851753157415,
      "test_Brier_std": 0.00267976113387825,
      "test_LogLoss_mean": 0.18625602801279115,
      "test_LogLoss_std": 0.0074736028861923836,
      "test_PR_AUC_mean": 0.8960642981476157,
      "test_PR_AUC_std": 0.008020896357769326,
      "test_Precision_mean": 0.8349638206024234,
      "test_Precision_std": 0.04739701680603558,
      "test_ROC_AUC_mean": 0.9600618064334878,
      "test_ROC_AUC_std": 0.004072197201332225,
      "test_Sensitivity_mean": 0.8483333333333234,
      "test_Sensitivity_std": 0.030688680085351795,
      "test_Specificity_mean": 0.9572861356932124,
      "test_Specificity_std": 0.016367111462537935,
      "val_Precision_mean": 0.7934436926496798,
      "val_Precision_std": 0.067898301375997,
      "val_Sensitivity_mean": 0.7909523809523716,
      "val_Sensitivity_std": 0.027121451672448116,
      "val_Specificity_mean": 0.9466076696165163,
      "val_Specificity_std": 0.023630780236239407,
      "val_score_mean": 0.737560050568888,
      "val_score_std": 0.018776496600948902,
      "val_thr_mean": 0.31506590931712347,
      "val_thr_std": 0.06970502540923733
    }
  ],
  "task_id": 291,
  "thr_grid_size": 600
}