{
  "feature_set": "c110_d110_errors_snr",
  "model": "bbag",
  "n_bootstrap": 50,
  "param_hash": "0c81cf660cb8",
  "param_index": 10,
  "params": {
    "base_max_depth": 20,
    "base_max_features": "0.5",
    "base_min_samples_leaf": 2,
    "base_min_samples_split": 8,
    "bootstrap": true,
    "max_features": 0.7,
    "max_samples": 0.9,
    "n_estimators": 500,
    "replacement": false,
    "sampling_strategy": "auto"
  },
  "runtime_s": 110.09541130065918,
  "summary_preview": [
    {
      "criterion": "f1",
      "feature_set": "c110_d110_errors_snr",
      "model": "bbag",
      "param_hash": "0c81cf660cb8",
      "param_index": 10,
      "test_Brier_mean": 0.060888564922030285,
      "test_Brier_std": 0.002072495758069542,
      "test_LogLoss_mean": 0.2335441935746519,
      "test_LogLoss_std": 0.007363808821428557,
      "test_PR_AUC_mean": 0.9056304828026619,
      "test_PR_AUC_std": 0.00554062865608663,
      "test_Precision_mean": 0.8822801413621181,
      "test_Precision_std": 0.03258226186910162,
      "test_ROC_AUC_mean": 0.966905464250597,
      "test_ROC_AUC_std": 0.0024350834253494724,
      "test_Sensitivity_mean": 0.7873809523809431,
      "test_Sensitivity_std": 0.049700035005708396,
      "test_Specificity_mean": 0.9732743362831829,
      "test_Specificity_std": 0.009635591019032039,
      "val_Precision_mean": 0.879035492501833,
      "val_Precision_std": 0.04965167310434191,
      "val_Sensitivity_mean": 0.7526190476190386,
      "val_Sensitivity_std": 0.031569500268715266,
      "val_Specificity_mean": 0.9732153392330355,
      "val_Specificity_std": 0.012931649802758578,
      "val_score_mean": 0.8090735690379582,
      "val_score_std": 0.00718200447344355,
      "val_thr_mean": 0.5737706427378966,
      "val_thr_std": 0.0811880954132218
    },
    {
      "criterion": "youden",
      "feature_set": "c110_d110_errors_snr",
      "model": "bbag",
      "param_hash": "0c81cf660cb8",
      "param_index": 10,
      "test_Brier_mean": 0.060888564922030285,
      "test_Brier_std": 0.002072495758069542,
      "test_LogLoss_mean": 0.2335441935746519,
      "test_LogLoss_std": 0.007363808821428557,
      "test_PR_AUC_mean": 0.9056304828026619,
      "test_PR_AUC_std": 0.00554062865608663,
      "test_Precision_mean": 0.8171934975962216,
      "test_Precision_std": 0.03652936219523785,
      "test_ROC_AUC_mean": 0.966905464250597,
      "test_ROC_AUC_std": 0.0024350834253494724,
      "test_Sensitivity_mean": 0.8669047619047516,
      "test_Sensitivity_std": 0.02842629969452085,
      "test_Specificity_mean": 0.9510914454277257,
      "test_Specificity_std": 0.01368231699457025,
      "val_Precision_mean": 0.7902871368258135,
      "val_Precision_std": 0.038823691133402664,
      "val_Sensitivity_mean": 0.7995238095238,
      "val_Sensitivity_std": 0.015279644520555085,
      "val_Specificity_mean": 0.9466076696165163,
      "val_Specificity_std": 0.013839243045657802,
      "val_score_mean": 0.7461314791403163,
      "val_score_std": 0.00711328713629404,
      "val_thr_mean": 0.44026051475702327,
      "val_thr_std": 0.04385540133713046
    }
  ],
  "task_id": 658,
  "thr_grid_size": 600
}