{
  "feature_set": "c110_d110_snr",
  "model": "brf",
  "n_bootstrap": 50,
  "param_hash": "3ea42a330d0c",
  "param_index": 9,
  "params": {
    "max_depth": 20,
    "max_features": "0.2",
    "min_samples_leaf": 2,
    "min_samples_split": 2,
    "n_estimators": 800,
    "replacement": false,
    "sampling_strategy": "auto"
  },
  "runtime_s": 366.6999759674072,
  "summary_preview": [
    {
      "criterion": "f1",
      "feature_set": "c110_d110_snr",
      "model": "brf",
      "param_hash": "3ea42a330d0c",
      "param_index": 9,
      "test_Brier_mean": 0.06117882511644522,
      "test_Brier_std": 0.0025882046175086685,
      "test_LogLoss_mean": 0.23339168477631345,
      "test_LogLoss_std": 0.008319937325718434,
      "test_PR_AUC_mean": 0.8934106499968617,
      "test_PR_AUC_std": 0.008731359040334332,
      "test_Precision_mean": 0.879470808924648,
      "test_Precision_std": 0.028845601152905544,
      "test_ROC_AUC_mean": 0.959598258182329,
      "test_ROC_AUC_std": 0.0036659186200270213,
      "test_Sensitivity_mean": 0.8145238095237999,
      "test_Sensitivity_std": 0.02345336138208032,
      "test_Specificity_mean": 0.971976401179938,
      "test_Specificity_std": 0.008412332396829801,
      "val_Precision_mean": 0.8947349958113006,
      "val_Precision_std": 0.02763367319429031,
      "val_Sensitivity_mean": 0.7673809523809433,
      "val_Sensitivity_std": 0.01942203676381941,
      "val_Specificity_mean": 0.9773451327433598,
      "val_Specificity_std": 0.007087668282049256,
      "val_score_mean": 0.8257030287652395,
      "val_score_std": 0.011814570673440926,
      "val_thr_mean": 0.5945615212976079,
      "val_thr_std": 0.050044323043699726
    },
    {
      "criterion": "youden",
      "feature_set": "c110_d110_snr",
      "model": "brf",
      "param_hash": "3ea42a330d0c",
      "param_index": 9,
      "test_Brier_mean": 0.06117882511644522,
      "test_Brier_std": 0.0025882046175086685,
      "test_LogLoss_mean": 0.23339168477631345,
      "test_LogLoss_std": 0.008319937325718434,
      "test_PR_AUC_mean": 0.8934106499968617,
      "test_PR_AUC_std": 0.008731359040334332,
      "test_Precision_mean": 0.8110145314024692,
      "test_Precision_std": 0.04989136634888374,
      "test_ROC_AUC_mean": 0.959598258182329,
      "test_ROC_AUC_std": 0.0036659186200270213,
      "test_Sensitivity_mean": 0.8628571428571327,
      "test_Sensitivity_std": 0.02817591486929589,
      "test_Specificity_mean": 0.9487905604719735,
      "test_Specificity_std": 0.017505005860618976,
      "val_Precision_mean": 0.8123412893505636,
      "val_Precision_std": 0.05608768801502326,
      "val_Sensitivity_mean": 0.8033333333333238,
      "val_Sensitivity_std": 0.018036834807568305,
      "val_Specificity_mean": 0.9525663716814131,
      "val_Specificity_std": 0.017906992662670904,
      "val_score_mean": 0.7558997050147369,
      "val_score_std": 0.01054657657311754,
      "val_thr_mean": 0.47748943805146365,
      "val_thr_std": 0.06824280503504049
    }
  ],
  "task_id": 537,
  "thr_grid_size": 600
}