{
  "feature_set": "c110_snr",
  "model": "bbag",
  "n_bootstrap": 50,
  "param_hash": "e8e57d59ac26",
  "param_index": 18,
  "params": {
    "base_max_depth": 20,
    "base_max_features": "0.3",
    "base_min_samples_leaf": 2,
    "base_min_samples_split": 2,
    "bootstrap": true,
    "max_features": 0.5,
    "max_samples": 0.5,
    "n_estimators": 500,
    "replacement": false,
    "sampling_strategy": "auto"
  },
  "runtime_s": 61.94797682762146,
  "summary_preview": [
    {
      "criterion": "f1",
      "feature_set": "c110_snr",
      "model": "bbag",
      "param_hash": "e8e57d59ac26",
      "param_index": 18,
      "test_Brier_mean": 0.09463424762042191,
      "test_Brier_std": 0.0033617596193671654,
      "test_LogLoss_mean": 0.3341456270866728,
      "test_LogLoss_std": 0.008411818931463642,
      "test_PR_AUC_mean": 0.8267949185894277,
      "test_PR_AUC_std": 0.01139373492504833,
      "test_Precision_mean": 0.8081209485276848,
      "test_Precision_std": 0.035288822944870964,
      "test_ROC_AUC_mean": 0.9308508919792104,
      "test_ROC_AUC_std": 0.007067695549258843,
      "test_Sensitivity_mean": 0.7016666666666583,
      "test_Sensitivity_std": 0.06269077506141411,
      "test_Specificity_mean": 0.9576401179940974,
      "test_Specificity_std": 0.014312477804637432,
      "val_Precision_mean": 0.7835041096130719,
      "val_Precision_std": 0.0497760183451451,
      "val_Sensitivity_mean": 0.695238095238087,
      "val_Sensitivity_std": 0.042889524533735846,
      "val_Specificity_mean": 0.9507374631268408,
      "val_Specificity_std": 0.01778169885026724,
      "val_score_mean": 0.734107567456762,
      "val_score_std": 0.013041432805083332,
      "val_thr_mean": 0.518010794657763,
      "val_thr_std": 0.04606299516010411
    },
    {
      "criterion": "youden",
      "feature_set": "c110_snr",
      "model": "bbag",
      "param_hash": "e8e57d59ac26",
      "param_index": 18,
      "test_Brier_mean": 0.09463424762042191,
      "test_Brier_std": 0.0033617596193671654,
      "test_LogLoss_mean": 0.3341456270866728,
      "test_LogLoss_std": 0.008411818931463642,
      "test_PR_AUC_mean": 0.8267949185894277,
      "test_PR_AUC_std": 0.01139373492504833,
      "test_Precision_mean": 0.6838021528432705,
      "test_Precision_std": 0.06789739992130188,
      "test_ROC_AUC_mean": 0.9308508919792104,
      "test_ROC_AUC_std": 0.007067695549258843,
      "test_Sensitivity_mean": 0.800476190476181,
      "test_Sensitivity_std": 0.02980414883374758,
      "test_Specificity_mean": 0.9046607669616492,
      "test_Specificity_std": 0.03289376414720572,
      "val_Precision_mean": 0.6613487445814665,
      "val_Precision_std": 0.04471063100404245,
      "val_Sensitivity_mean": 0.7752380952380861,
      "val_Sensitivity_std": 0.023887142674937745,
      "val_Specificity_mean": 0.8999999999999972,
      "val_Specificity_std": 0.021440077280935478,
      "val_score_mean": 0.6752380952380834,
      "val_score_std": 0.01743940672826699,
      "val_thr_mean": 0.4300182766949245,
      "val_thr_std": 0.02907806253276861
    }
  ],
  "task_id": 474,
  "thr_grid_size": 600
}