{
  "feature_set": "c110_errors",
  "model": "rf",
  "n_bootstrap": 50,
  "param_hash": "77d725949d24",
  "param_index": 11,
  "params": {
    "bootstrap": true,
    "class_weight": "balanced",
    "max_depth": 10,
    "max_features": "sqrt",
    "min_samples_leaf": 2,
    "min_samples_split": 8,
    "n_estimators": 800
  },
  "runtime_s": 183.84225511550903,
  "summary_preview": [
    {
      "criterion": "f1",
      "feature_set": "c110_errors",
      "model": "rf",
      "param_hash": "77d725949d24",
      "param_index": 11,
      "test_Brier_mean": 0.06043779149087989,
      "test_Brier_std": 0.0019609852093848733,
      "test_LogLoss_mean": 0.22289146302574117,
      "test_LogLoss_std": 0.005120285037014822,
      "test_PR_AUC_mean": 0.9004683913928091,
      "test_PR_AUC_std": 0.010588501777493165,
      "test_Precision_mean": 0.8730545477911765,
      "test_Precision_std": 0.02693769976795621,
      "test_ROC_AUC_mean": 0.9658266610478999,
      "test_ROC_AUC_std": 0.004530248081337921,
      "test_Sensitivity_mean": 0.7497619047618959,
      "test_Sensitivity_std": 0.05375279739961861,
      "test_Specificity_mean": 0.9725073746312656,
      "test_Specificity_std": 0.008049655445780832,
      "val_Precision_mean": 0.8749138891369452,
      "val_Precision_std": 0.04720258391080226,
      "val_Sensitivity_mean": 0.7304761904761818,
      "val_Sensitivity_std": 0.03170389169450586,
      "val_Specificity_mean": 0.9731563421828879,
      "val_Specificity_std": 0.011982357528961606,
      "val_score_mean": 0.7945442265901719,
      "val_score_std": 0.011494535871481217,
      "val_thr_mean": 0.428238388999227,
      "val_thr_std": 0.049946099924630054
    },
    {
      "criterion": "youden",
      "feature_set": "c110_errors",
      "model": "rf",
      "param_hash": "77d725949d24",
      "param_index": 11,
      "test_Brier_mean": 0.06043779149087989,
      "test_Brier_std": 0.0019609852093848733,
      "test_LogLoss_mean": 0.22289146302574117,
      "test_LogLoss_std": 0.005120285037014822,
      "test_PR_AUC_mean": 0.9004683913928091,
      "test_PR_AUC_std": 0.010588501777493165,
      "test_Precision_mean": 0.778221544717621,
      "test_Precision_std": 0.054990083088285145,
      "test_ROC_AUC_mean": 0.9658266610478999,
      "test_ROC_AUC_std": 0.004530248081337921,
      "test_Sensitivity_mean": 0.8769047619047515,
      "test_Sensitivity_std": 0.04100085837319225,
      "test_Specificity_mean": 0.9361061946902626,
      "test_Specificity_std": 0.02186946592438136,
      "val_Precision_mean": 0.7340728823770322,
      "val_Precision_std": 0.05924674556532955,
      "val_Sensitivity_mean": 0.8080952380952285,
      "val_Sensitivity_std": 0.029025386192765897,
      "val_Specificity_mean": 0.925132743362829,
      "val_Specificity_std": 0.02365061139975262,
      "val_score_mean": 0.7332279814580577,
      "val_score_std": 0.016094599143465747,
      "val_thr_mean": 0.29785174304030065,
      "val_thr_std": 0.04220395288888735
    }
  ],
  "task_id": 203,
  "thr_grid_size": 600
}