{
  "feature_set": "c110_d110_errors_snr",
  "model": "brf",
  "n_bootstrap": 50,
  "param_hash": "d46ad37179de",
  "param_index": 18,
  "params": {
    "max_depth": 20,
    "max_features": "sqrt",
    "min_samples_leaf": 1,
    "min_samples_split": 4,
    "n_estimators": 800,
    "replacement": true,
    "sampling_strategy": "auto"
  },
  "runtime_s": 257.52734422683716,
  "summary_preview": [
    {
      "criterion": "f1",
      "feature_set": "c110_d110_errors_snr",
      "model": "brf",
      "param_hash": "d46ad37179de",
      "param_index": 18,
      "test_Brier_mean": 0.07279408684956362,
      "test_Brier_std": 0.0028409222116334543,
      "test_LogLoss_mean": 0.26884180361859555,
      "test_LogLoss_std": 0.008174895692125235,
      "test_PR_AUC_mean": 0.9001292219283988,
      "test_PR_AUC_std": 0.007239357185673357,
      "test_Precision_mean": 0.8732444952989293,
      "test_Precision_std": 0.025228467672471864,
      "test_ROC_AUC_mean": 0.964578241326029,
      "test_ROC_AUC_std": 0.00315219510663403,
      "test_Sensitivity_mean": 0.7728571428571337,
      "test_Sensitivity_std": 0.040305763654075816,
      "test_Specificity_mean": 0.971858407079643,
      "test_Specificity_std": 0.0073283721620531666,
      "val_Precision_mean": 0.8706737539661329,
      "val_Precision_std": 0.037798772700861794,
      "val_Sensitivity_mean": 0.7469047619047531,
      "val_Sensitivity_std": 0.025770778027425074,
      "val_Specificity_mean": 0.971858407079643,
      "val_Specificity_std": 0.010047012368993335,
      "val_score_mean": 0.8029654574744812,
      "val_score_std": 0.008975137092402042,
      "val_thr_mean": 0.5924306722281929,
      "val_thr_std": 0.047262610568099245
    },
    {
      "criterion": "youden",
      "feature_set": "c110_d110_errors_snr",
      "model": "brf",
      "param_hash": "d46ad37179de",
      "param_index": 18,
      "test_Brier_mean": 0.07279408684956362,
      "test_Brier_std": 0.0028409222116334543,
      "test_LogLoss_mean": 0.26884180361859555,
      "test_LogLoss_std": 0.008174895692125235,
      "test_PR_AUC_mean": 0.9001292219283988,
      "test_PR_AUC_std": 0.007239357185673357,
      "test_Precision_mean": 0.8072164717884059,
      "test_Precision_std": 0.04174441555890869,
      "test_ROC_AUC_mean": 0.964578241326029,
      "test_ROC_AUC_std": 0.00315219510663403,
      "test_Sensitivity_mean": 0.8528571428571329,
      "test_Sensitivity_std": 0.03373697029109464,
      "test_Specificity_mean": 0.9484365781710886,
      "test_Specificity_std": 0.015103094334329234,
      "val_Precision_mean": 0.7841475738568146,
      "val_Precision_std": 0.0442129051853223,
      "val_Sensitivity_mean": 0.7959523809523715,
      "val_Sensitivity_std": 0.01799991515860716,
      "val_Specificity_mean": 0.944660766961649,
      "val_Specificity_std": 0.015305390488262419,
      "val_score_mean": 0.7406131479140206,
      "val_score_std": 0.009050862480452797,
      "val_thr_mean": 0.4985060344854188,
      "val_thr_std": 0.04168351613147381
    }
  ],
  "task_id": 642,
  "thr_grid_size": 600
}