{
  "feature_set": "c110_errors",
  "model": "brf",
  "n_bootstrap": 50,
  "param_hash": "0121368305ab",
  "param_index": 6,
  "params": {
    "max_depth": 10,
    "max_features": "0.3",
    "min_samples_leaf": 4,
    "min_samples_split": 4,
    "n_estimators": 4000,
    "replacement": false,
    "sampling_strategy": "auto"
  },
  "runtime_s": 1677.08451461792,
  "summary_preview": [
    {
      "criterion": "f1",
      "feature_set": "c110_errors",
      "model": "brf",
      "param_hash": "0121368305ab",
      "param_index": 6,
      "test_Brier_mean": 0.06244767373340155,
      "test_Brier_std": 0.0031918809871244354,
      "test_LogLoss_mean": 0.23276275027559987,
      "test_LogLoss_std": 0.008874085146571481,
      "test_PR_AUC_mean": 0.9078081169958248,
      "test_PR_AUC_std": 0.008801774729942773,
      "test_Precision_mean": 0.8858353902042774,
      "test_Precision_std": 0.038013028067123686,
      "test_ROC_AUC_mean": 0.9647408343868521,
      "test_ROC_AUC_std": 0.00360231696409831,
      "test_Sensitivity_mean": 0.7592857142857053,
      "test_Sensitivity_std": 0.05554172857689249,
      "test_Specificity_mean": 0.9748672566371652,
      "test_Specificity_std": 0.011863051536393008,
      "val_Precision_mean": 0.9158047688989365,
      "val_Precision_std": 0.05190815542116521,
      "val_Sensitivity_mean": 0.7342857142857057,
      "val_Sensitivity_std": 0.03682591344878458,
      "val_Specificity_mean": 0.9821238938053068,
      "val_Specificity_std": 0.013103130750674166,
      "val_score_mean": 0.8129701868225928,
      "val_score_std": 0.013101702913717688,
      "val_thr_mean": 0.6512952077006401,
      "val_thr_std": 0.09216498817835234
    },
    {
      "criterion": "youden",
      "feature_set": "c110_errors",
      "model": "brf",
      "param_hash": "0121368305ab",
      "param_index": 6,
      "test_Brier_mean": 0.06244767373340155,
      "test_Brier_std": 0.0031918809871244354,
      "test_LogLoss_mean": 0.23276275027559987,
      "test_LogLoss_std": 0.008874085146571481,
      "test_PR_AUC_mean": 0.9078081169958248,
      "test_PR_AUC_std": 0.008801774729942773,
      "test_Precision_mean": 0.7923225558547395,
      "test_Precision_std": 0.05041538532269298,
      "test_ROC_AUC_mean": 0.9647408343868521,
      "test_ROC_AUC_std": 0.00360231696409831,
      "test_Sensitivity_mean": 0.8740476190476087,
      "test_Sensitivity_std": 0.035842820210681685,
      "test_Specificity_mean": 0.9415929203539793,
      "test_Specificity_std": 0.019873284656639807,
      "val_Precision_mean": 0.776918261833513,
      "val_Precision_std": 0.05805882520522892,
      "val_Sensitivity_mean": 0.8045238095238,
      "val_Sensitivity_std": 0.020135652229849674,
      "val_Specificity_mean": 0.9410029498525045,
      "val_Specificity_std": 0.020730508008847553,
      "val_score_mean": 0.7455267593763045,
      "val_score_std": 0.01545707516395301,
      "val_thr_mean": 0.4540976218290909,
      "val_thr_std": 0.06095760299972744
    }
  ],
  "task_id": 246,
  "thr_grid_size": 600
}