{
  "feature_set": "c110_d110_errors_snr",
  "model": "rf",
  "n_bootstrap": 50,
  "param_hash": "ffc270778d3f",
  "param_index": 16,
  "params": {
    "bootstrap": true,
    "class_weight": null,
    "max_depth": 30,
    "max_features": "0.3",
    "min_samples_leaf": 1,
    "min_samples_split": 8,
    "n_estimators": 800
  },
  "runtime_s": 1765.2636983394623,
  "summary_preview": [
    {
      "criterion": "f1",
      "feature_set": "c110_d110_errors_snr",
      "model": "rf",
      "param_hash": "ffc270778d3f",
      "param_index": 16,
      "test_Brier_mean": 0.05544601463603461,
      "test_Brier_std": 0.0035372407231985628,
      "test_LogLoss_mean": 0.20944894542885184,
      "test_LogLoss_std": 0.015132941895844675,
      "test_PR_AUC_mean": 0.8764282899280542,
      "test_PR_AUC_std": 0.013827340584708624,
      "test_Precision_mean": 0.9158205471384772,
      "test_Precision_std": 0.03334322489550714,
      "test_ROC_AUC_mean": 0.9471818373367046,
      "test_ROC_AUC_std": 0.0057887888726188665,
      "test_Sensitivity_mean": 0.73357142857142,
      "test_Sensitivity_std": 0.048574596401965174,
      "test_Specificity_mean": 0.9827138643067818,
      "test_Specificity_std": 0.009609754330710416,
      "val_Precision_mean": 0.9232981559674278,
      "val_Precision_std": 0.04211617863815044,
      "val_Sensitivity_mean": 0.717619047619039,
      "val_Sensitivity_std": 0.02866440976622465,
      "val_Specificity_mean": 0.9844837758112065,
      "val_Specificity_std": 0.010657694798460418,
      "val_score_mean": 0.8062170025969203,
      "val_score_std": 0.010384005277197522,
      "val_thr_mean": 0.5585360133486966,
      "val_thr_std": 0.07387586173696792
    },
    {
      "criterion": "youden",
      "feature_set": "c110_d110_errors_snr",
      "model": "rf",
      "param_hash": "ffc270778d3f",
      "param_index": 16,
      "test_Brier_mean": 0.05544601463603461,
      "test_Brier_std": 0.0035372407231985628,
      "test_LogLoss_mean": 0.20944894542885184,
      "test_LogLoss_std": 0.015132941895844675,
      "test_PR_AUC_mean": 0.8764282899280542,
      "test_PR_AUC_std": 0.013827340584708624,
      "test_Precision_mean": 0.7851177269662984,
      "test_Precision_std": 0.08023737443541325,
      "test_ROC_AUC_mean": 0.9471818373367046,
      "test_ROC_AUC_std": 0.0057887888726188665,
      "test_Sensitivity_mean": 0.8352380952380853,
      "test_Sensitivity_std": 0.03820743923846701,
      "test_Specificity_mean": 0.9395870206489647,
      "test_Specificity_std": 0.031389852447591876,
      "val_Precision_mean": 0.7513275822239416,
      "val_Precision_std": 0.08399535805664199,
      "val_Sensitivity_mean": 0.7971428571428477,
      "val_Sensitivity_std": 0.0422755045939841,
      "val_Specificity_mean": 0.9298525073746284,
      "val_Specificity_std": 0.03467489852394034,
      "val_score_mean": 0.7269953645174762,
      "val_score_std": 0.018514420422529192,
      "val_thr_mean": 0.3294033669525336,
      "val_thr_std": 0.08651278295406527
    }
  ],
  "task_id": 592,
  "thr_grid_size": 600
}