{
  "feature_set": "c110_d110_snr",
  "model": "rf",
  "n_bootstrap": 50,
  "param_hash": "ffc270778d3f",
  "param_index": 16,
  "params": {
    "bootstrap": true,
    "class_weight": null,
    "max_depth": 30,
    "max_features": "0.3",
    "min_samples_leaf": 1,
    "min_samples_split": 8,
    "n_estimators": 800
  },
  "runtime_s": 1572.7687468528748,
  "summary_preview": [
    {
      "criterion": "f1",
      "feature_set": "c110_d110_snr",
      "model": "rf",
      "param_hash": "ffc270778d3f",
      "param_index": 16,
      "test_Brier_mean": 0.055371940646845114,
      "test_Brier_std": 0.0027968854466345256,
      "test_LogLoss_mean": 0.21306788334309698,
      "test_LogLoss_std": 0.01765148453039891,
      "test_PR_AUC_mean": 0.8753486973291257,
      "test_PR_AUC_std": 0.00912806857054759,
      "test_Precision_mean": 0.9145222563315599,
      "test_Precision_std": 0.026516968729545728,
      "test_ROC_AUC_mean": 0.9471210844219694,
      "test_ROC_AUC_std": 0.0041666161620552535,
      "test_Sensitivity_mean": 0.7404761904761817,
      "test_Sensitivity_std": 0.05716917113595717,
      "test_Specificity_mean": 0.9824778761061917,
      "test_Specificity_std": 0.006985965385249002,
      "val_Precision_mean": 0.9179110701612454,
      "val_Precision_std": 0.036016251639750765,
      "val_Sensitivity_mean": 0.7197619047618963,
      "val_Sensitivity_std": 0.027654755577280612,
      "val_Specificity_mean": 0.9835398230088466,
      "val_Specificity_std": 0.0081297797051323,
      "val_score_mean": 0.8058183005271583,
      "val_score_std": 0.011493394871751427,
      "val_thr_mean": 0.5415365432751328,
      "val_thr_std": 0.07753250528167575
    },
    {
      "criterion": "youden",
      "feature_set": "c110_d110_snr",
      "model": "rf",
      "param_hash": "ffc270778d3f",
      "param_index": 16,
      "test_Brier_mean": 0.055371940646845114,
      "test_Brier_std": 0.0027968854466345256,
      "test_LogLoss_mean": 0.21306788334309698,
      "test_LogLoss_std": 0.01765148453039891,
      "test_PR_AUC_mean": 0.8753486973291257,
      "test_PR_AUC_std": 0.00912806857054759,
      "test_Precision_mean": 0.7982547932280524,
      "test_Precision_std": 0.0797196599452198,
      "test_ROC_AUC_mean": 0.9471210844219694,
      "test_ROC_AUC_std": 0.0041666161620552535,
      "test_Sensitivity_mean": 0.8407142857142758,
      "test_Sensitivity_std": 0.03732906031554773,
      "test_Specificity_mean": 0.9436578171091417,
      "test_Specificity_std": 0.03127655698905272,
      "val_Precision_mean": 0.7707656340672442,
      "val_Precision_std": 0.07914688832338038,
      "val_Sensitivity_mean": 0.7909523809523716,
      "val_Sensitivity_std": 0.03624963197618652,
      "val_Specificity_mean": 0.9378761061946874,
      "val_Specificity_std": 0.030969351649812012,
      "val_score_mean": 0.7288284871470591,
      "val_score_std": 0.019088249015686735,
      "val_thr_mean": 0.33591367799448446,
      "val_thr_std": 0.08303270052599605
    }
  ],
  "task_id": 496,
  "thr_grid_size": 600
}