{
  "feature_set": "c110_d110",
  "model": "rf",
  "n_bootstrap": 50,
  "param_hash": "c9f085089650",
  "param_index": 7,
  "params": {
    "bootstrap": true,
    "class_weight": "balanced",
    "max_depth": 10,
    "max_features": "0.3",
    "min_samples_leaf": 1,
    "min_samples_split": 4,
    "n_estimators": 1500
  },
  "runtime_s": 863.5805077552795,
  "summary_preview": [
    {
      "criterion": "f1",
      "feature_set": "c110_d110",
      "model": "rf",
      "param_hash": "c9f085089650",
      "param_index": 7,
      "test_Brier_mean": 0.05038976264328961,
      "test_Brier_std": 0.001930303600554025,
      "test_LogLoss_mean": 0.18987668470319854,
      "test_LogLoss_std": 0.0052019339301685825,
      "test_PR_AUC_mean": 0.8994365901361979,
      "test_PR_AUC_std": 0.006232374509621752,
      "test_Precision_mean": 0.8898534262388834,
      "test_Precision_std": 0.018917076393304234,
      "test_ROC_AUC_mean": 0.9582321955330805,
      "test_ROC_AUC_std": 0.003440755089459859,
      "test_Sensitivity_mean": 0.8059523809523713,
      "test_Sensitivity_std": 0.030064063825958283,
      "test_Specificity_mean": 0.9751032448377552,
      "test_Specificity_std": 0.005097463303847432,
      "val_Precision_mean": 0.9081179212404988,
      "val_Precision_std": 0.0197732477509473,
      "val_Sensitivity_mean": 0.7714285714285622,
      "val_Sensitivity_std": 0.01595379510144001,
      "val_Specificity_mean": 0.9805309734513245,
      "val_Specificity_std": 0.004730287467476534,
      "val_score_mean": 0.8339659043598737,
      "val_score_std": 0.010404682247525736,
      "val_thr_mean": 0.4052701036141974,
      "val_thr_std": 0.044336187971487764
    },
    {
      "criterion": "youden",
      "feature_set": "c110_d110",
      "model": "rf",
      "param_hash": "c9f085089650",
      "param_index": 7,
      "test_Brier_mean": 0.05038976264328961,
      "test_Brier_std": 0.001930303600554025,
      "test_LogLoss_mean": 0.18987668470319854,
      "test_LogLoss_std": 0.0052019339301685825,
      "test_PR_AUC_mean": 0.8994365901361979,
      "test_PR_AUC_std": 0.006232374509621752,
      "test_Precision_mean": 0.864764784440409,
      "test_Precision_std": 0.03816338025455258,
      "test_ROC_AUC_mean": 0.9582321955330805,
      "test_ROC_AUC_std": 0.003440755089459859,
      "test_Sensitivity_mean": 0.8311904761904664,
      "test_Sensitivity_std": 0.03286231843295736,
      "test_Specificity_mean": 0.9670206489675486,
      "test_Specificity_std": 0.012915847737284413,
      "val_Precision_mean": 0.8753877397640416,
      "val_Precision_std": 0.04919546153195497,
      "val_Sensitivity_mean": 0.7866666666666573,
      "val_Sensitivity_std": 0.01628395810011657,
      "val_Specificity_mean": 0.9712684365781682,
      "val_Specificity_std": 0.01488481447110394,
      "val_score_mean": 0.7579351032448255,
      "val_score_std": 0.009314533834011969,
      "val_thr_mean": 0.35568496306464725,
      "val_thr_std": 0.05789443227556448
    }
  ],
  "task_id": 103,
  "thr_grid_size": 600
}