{
  "feature_set": "c110_d110_snr",
  "model": "rf",
  "n_bootstrap": 50,
  "param_hash": "82dc24b396d2",
  "param_index": 3,
  "params": {
    "bootstrap": true,
    "class_weight": null,
    "max_depth": 10,
    "max_features": "0.3",
    "min_samples_leaf": 4,
    "min_samples_split": 4,
    "n_estimators": 800
  },
  "runtime_s": 814.9221377372742,
  "summary_preview": [
    {
      "criterion": "f1",
      "feature_set": "c110_d110_snr",
      "model": "rf",
      "param_hash": "82dc24b396d2",
      "param_index": 3,
      "test_Brier_mean": 0.052287910119080495,
      "test_Brier_std": 0.0024192495793602924,
      "test_LogLoss_mean": 0.1924603885156943,
      "test_LogLoss_std": 0.00704054027848455,
      "test_PR_AUC_mean": 0.8878432230288829,
      "test_PR_AUC_std": 0.008119519915233672,
      "test_Precision_mean": 0.898949403083338,
      "test_Precision_std": 0.025585492793285723,
      "test_ROC_AUC_mean": 0.9559537856440511,
      "test_ROC_AUC_std": 0.004029556388964194,
      "test_Sensitivity_mean": 0.7842857142857049,
      "test_Sensitivity_std": 0.04259448722530995,
      "test_Specificity_mean": 0.9777581120943922,
      "test_Specificity_std": 0.007106934745061414,
      "val_Precision_mean": 0.89981498958778,
      "val_Precision_std": 0.028019118929076697,
      "val_Sensitivity_mean": 0.7440476190476102,
      "val_Sensitivity_std": 0.02744900066593326,
      "val_Specificity_mean": 0.9791150442477847,
      "val_Specificity_std": 0.007022222113423743,
      "val_score_mean": 0.8137746894966624,
      "val_score_std": 0.01179470095761258,
      "val_thr_mean": 0.4343374439559019,
      "val_thr_std": 0.07669411089917258
    },
    {
      "criterion": "youden",
      "feature_set": "c110_d110_snr",
      "model": "rf",
      "param_hash": "82dc24b396d2",
      "param_index": 3,
      "test_Brier_mean": 0.052287910119080495,
      "test_Brier_std": 0.0024192495793602924,
      "test_LogLoss_mean": 0.1924603885156943,
      "test_LogLoss_std": 0.00704054027848455,
      "test_PR_AUC_mean": 0.8878432230288829,
      "test_PR_AUC_std": 0.008119519915233672,
      "test_Precision_mean": 0.8303642620434952,
      "test_Precision_std": 0.04684747649546708,
      "test_ROC_AUC_mean": 0.9559537856440511,
      "test_ROC_AUC_std": 0.004029556388964194,
      "test_Sensitivity_mean": 0.8411904761904663,
      "test_Sensitivity_std": 0.03169020439442724,
      "test_Specificity_mean": 0.9562831858407052,
      "test_Specificity_std": 0.015260421870182566,
      "val_Precision_mean": 0.7998357412442989,
      "val_Precision_std": 0.06401389302755142,
      "val_Sensitivity_mean": 0.7897619047618955,
      "val_Sensitivity_std": 0.024949622990187173,
      "val_Specificity_mean": 0.9490265486725634,
      "val_Specificity_std": 0.02142176442981043,
      "val_score_mean": 0.7387884534344589,
      "val_score_std": 0.01756278035839863,
      "val_thr_mean": 0.29237515633234884,
      "val_thr_std": 0.07159501762516497
    }
  ],
  "task_id": 483,
  "thr_grid_size": 600
}