{
  "feature_set": "c110",
  "model": "bbag",
  "n_bootstrap": 50,
  "param_hash": "a7b61653c68d",
  "param_index": 22,
  "params": {
    "base_max_depth": 20,
    "base_max_features": "0.3",
    "base_min_samples_leaf": 4,
    "base_min_samples_split": 2,
    "bootstrap": true,
    "max_features": 0.5,
    "max_samples": 0.9,
    "n_estimators": 200,
    "replacement": true,
    "sampling_strategy": "auto"
  },
  "runtime_s": 26.36765217781067,
  "summary_preview": [
    {
      "criterion": "f1",
      "feature_set": "c110",
      "model": "bbag",
      "param_hash": "a7b61653c68d",
      "param_index": 22,
      "test_Brier_mean": 0.08332100362867627,
      "test_Brier_std": 0.002787974281137497,
      "test_LogLoss_mean": 0.30356299315142155,
      "test_LogLoss_std": 0.007580780388327785,
      "test_PR_AUC_mean": 0.8678450845347079,
      "test_PR_AUC_std": 0.009556120377609122,
      "test_Precision_mean": 0.822758310143697,
      "test_Precision_std": 0.02743588087845979,
      "test_ROC_AUC_mean": 0.9499624244978228,
      "test_ROC_AUC_std": 0.005136855342345791,
      "test_Sensitivity_mean": 0.7657142857142766,
      "test_Sensitivity_std": 0.04042041546767708,
      "test_Specificity_mean": 0.9586430678466047,
      "test_Specificity_std": 0.009998819882812638,
      "val_Precision_mean": 0.7887809776647675,
      "val_Precision_std": 0.035619820116962526,
      "val_Sensitivity_mean": 0.7499999999999912,
      "val_Sensitivity_std": 0.032088371197471065,
      "val_Specificity_mean": 0.9494395280235959,
      "val_Specificity_std": 0.012444157084389262,
      "val_score_mean": 0.767650851355667,
      "val_score_std": 0.012860904597294009,
      "val_thr_mean": 0.513047865864932,
      "val_thr_std": 0.037839289230564475
    },
    {
      "criterion": "youden",
      "feature_set": "c110",
      "model": "bbag",
      "param_hash": "a7b61653c68d",
      "param_index": 22,
      "test_Brier_mean": 0.08332100362867627,
      "test_Brier_std": 0.002787974281137497,
      "test_LogLoss_mean": 0.30356299315142155,
      "test_LogLoss_std": 0.007580780388327785,
      "test_PR_AUC_mean": 0.8678450845347079,
      "test_PR_AUC_std": 0.009556120377609122,
      "test_Precision_mean": 0.7500340688684567,
      "test_Precision_std": 0.06274183838463664,
      "test_ROC_AUC_mean": 0.9499624244978228,
      "test_ROC_AUC_std": 0.005136855342345791,
      "test_Sensitivity_mean": 0.8359523809523711,
      "test_Sensitivity_std": 0.033264714878653935,
      "test_Specificity_mean": 0.9283185840707937,
      "test_Specificity_std": 0.02663382087170347,
      "val_Precision_mean": 0.7063944223779782,
      "val_Precision_std": 0.0530208505487689,
      "val_Sensitivity_mean": 0.8028571428571334,
      "val_Sensitivity_std": 0.02126326477290833,
      "val_Specificity_mean": 0.9153392330383453,
      "val_Specificity_std": 0.02291348793981267,
      "val_score_mean": 0.7181963758954787,
      "val_score_std": 0.014959309754265212,
      "val_thr_mean": 0.4393459701703453,
      "val_thr_std": 0.03919562625302873
    }
  ],
  "task_id": 94,
  "thr_grid_size": 600
}