{
  "feature_set": "c110",
  "model": "rf",
  "n_bootstrap": 50,
  "param_hash": "82dc24b396d2",
  "param_index": 3,
  "params": {
    "bootstrap": true,
    "class_weight": null,
    "max_depth": 10,
    "max_features": "0.3",
    "min_samples_leaf": 4,
    "min_samples_split": 4,
    "n_estimators": 800
  },
  "runtime_s": 287.7131984233856,
  "summary_preview": [
    {
      "criterion": "f1",
      "feature_set": "c110",
      "model": "rf",
      "param_hash": "82dc24b396d2",
      "param_index": 3,
      "test_Brier_mean": 0.05439111802824923,
      "test_Brier_std": 0.0027100370479967227,
      "test_LogLoss_mean": 0.1950561451144373,
      "test_LogLoss_std": 0.00744265510036095,
      "test_PR_AUC_mean": 0.8953354812001253,
      "test_PR_AUC_std": 0.009935801047470154,
      "test_Precision_mean": 0.8966253027174902,
      "test_Precision_std": 0.02548906449308873,
      "test_ROC_AUC_mean": 0.9590995926394157,
      "test_ROC_AUC_std": 0.004646282234589619,
      "test_Sensitivity_mean": 0.7542857142857053,
      "test_Sensitivity_std": 0.044657674897518866,
      "test_Specificity_mean": 0.9781120943952772,
      "test_Specificity_std": 0.007128889801840271,
      "val_Precision_mean": 0.9058771443082827,
      "val_Precision_std": 0.04074388098713382,
      "val_Sensitivity_mean": 0.7197619047618963,
      "val_Sensitivity_std": 0.0306320797419232,
      "val_Specificity_mean": 0.9807669616519145,
      "val_Specificity_std": 0.010377924422229191,
      "val_score_mean": 0.8008577931729561,
      "val_score_std": 0.01295601801401255,
      "val_thr_mean": 0.456807887079307,
      "val_thr_std": 0.07436778398119356
    },
    {
      "criterion": "youden",
      "feature_set": "c110",
      "model": "rf",
      "param_hash": "82dc24b396d2",
      "param_index": 3,
      "test_Brier_mean": 0.05439111802824923,
      "test_Brier_std": 0.0027100370479967227,
      "test_LogLoss_mean": 0.1950561451144373,
      "test_LogLoss_std": 0.00744265510036095,
      "test_PR_AUC_mean": 0.8953354812001253,
      "test_PR_AUC_std": 0.009935801047470154,
      "test_Precision_mean": 0.8024344346340487,
      "test_Precision_std": 0.05338757570729407,
      "test_ROC_AUC_mean": 0.9590995926394157,
      "test_ROC_AUC_std": 0.004646282234589619,
      "test_Sensitivity_mean": 0.8397619047618948,
      "test_Sensitivity_std": 0.037662293234926716,
      "test_Specificity_mean": 0.9470796460176963,
      "test_Specificity_std": 0.019516309067021283,
      "val_Precision_mean": 0.767723303371096,
      "val_Precision_std": 0.065120849211407,
      "val_Sensitivity_mean": 0.7938095238095144,
      "val_Sensitivity_std": 0.02704455970324355,
      "val_Specificity_mean": 0.9381120943952774,
      "val_Specificity_std": 0.023564857265720544,
      "val_score_mean": 0.7319216182047918,
      "val_score_std": 0.01722551650798014,
      "val_thr_mean": 0.28204937130894353,
      "val_thr_std": 0.06071495461010375
    }
  ],
  "task_id": 3,
  "thr_grid_size": 600
}