{
  "feature_set": "c110_d110_errors_snr",
  "model": "brf",
  "n_bootstrap": 50,
  "param_hash": "65538c98d581",
  "param_index": 21,
  "params": {
    "max_depth": null,
    "max_features": "0.2",
    "min_samples_leaf": 4,
    "min_samples_split": 8,
    "n_estimators": 800,
    "replacement": false,
    "sampling_strategy": "auto"
  },
  "runtime_s": 377.18413972854614,
  "summary_preview": [
    {
      "criterion": "f1",
      "feature_set": "c110_d110_errors_snr",
      "model": "brf",
      "param_hash": "65538c98d581",
      "param_index": 21,
      "test_Brier_mean": 0.060883327738559506,
      "test_Brier_std": 0.0024983768142328748,
      "test_LogLoss_mean": 0.23299739210444428,
      "test_LogLoss_std": 0.007384519412591377,
      "test_PR_AUC_mean": 0.9003093448526462,
      "test_PR_AUC_std": 0.005952775582165991,
      "test_Precision_mean": 0.8917160763512869,
      "test_Precision_std": 0.028695875651771206,
      "test_ROC_AUC_mean": 0.9625172074729597,
      "test_ROC_AUC_std": 0.0027551607215654033,
      "test_Sensitivity_mean": 0.8073809523809429,
      "test_Sensitivity_std": 0.02696423074112066,
      "test_Specificity_mean": 0.9753392330383451,
      "test_Specificity_std": 0.008034639890645066,
      "val_Precision_mean": 0.9010509104902592,
      "val_Precision_std": 0.03370053984989989,
      "val_Sensitivity_mean": 0.7554761904761815,
      "val_Sensitivity_std": 0.02167416758422886,
      "val_Specificity_mean": 0.9789970501474897,
      "val_Specificity_std": 0.008710810065034439,
      "val_score_mean": 0.821134531338015,
      "val_score_std": 0.012036611885140587,
      "val_thr_mean": 0.6136566087493707,
      "val_thr_std": 0.049632634045281156
    },
    {
      "criterion": "youden",
      "feature_set": "c110_d110_errors_snr",
      "model": "brf",
      "param_hash": "65538c98d581",
      "param_index": 21,
      "test_Brier_mean": 0.060883327738559506,
      "test_Brier_std": 0.0024983768142328748,
      "test_LogLoss_mean": 0.23299739210444428,
      "test_LogLoss_std": 0.007384519412591377,
      "test_PR_AUC_mean": 0.9003093448526462,
      "test_PR_AUC_std": 0.005952775582165991,
      "test_Precision_mean": 0.8139214955304588,
      "test_Precision_std": 0.053704723807826545,
      "test_ROC_AUC_mean": 0.9625172074729597,
      "test_ROC_AUC_std": 0.0027551607215654033,
      "test_Sensitivity_mean": 0.8569047619047518,
      "test_Sensitivity_std": 0.02640056211950446,
      "test_Specificity_mean": 0.9498525073746283,
      "test_Specificity_std": 0.019348066217023095,
      "val_Precision_mean": 0.8153092503886649,
      "val_Precision_std": 0.05205219700730788,
      "val_Sensitivity_mean": 0.7978571428571334,
      "val_Sensitivity_std": 0.01759032933864051,
      "val_Specificity_mean": 0.9539233038348054,
      "val_Specificity_std": 0.0169706404349222,
      "val_score_mean": 0.7517804466919388,
      "val_score_std": 0.008416350144689598,
      "val_thr_mean": 0.4873167100425313,
      "val_thr_std": 0.06434040783883027
    }
  ],
  "task_id": 645,
  "thr_grid_size": 600
}