{
  "feature_set": "c110",
  "model": "bbag",
  "n_bootstrap": 50,
  "param_hash": "479020e468c4",
  "param_index": 12,
  "params": {
    "base_max_depth": null,
    "base_max_features": "0.3",
    "base_min_samples_leaf": 1,
    "base_min_samples_split": 8,
    "bootstrap": true,
    "max_features": 0.9,
    "max_samples": 0.7,
    "n_estimators": 800,
    "replacement": false,
    "sampling_strategy": "auto"
  },
  "runtime_s": 77.17923331260681,
  "summary_preview": [
    {
      "criterion": "f1",
      "feature_set": "c110",
      "model": "bbag",
      "param_hash": "479020e468c4",
      "param_index": 12,
      "test_Brier_mean": 0.07038590809570129,
      "test_Brier_std": 0.0022926223515927183,
      "test_LogLoss_mean": 0.2625816396505666,
      "test_LogLoss_std": 0.007887848788206253,
      "test_PR_AUC_mean": 0.8932320483272561,
      "test_PR_AUC_std": 0.006068636541504108,
      "test_Precision_mean": 0.8643538287292227,
      "test_Precision_std": 0.01567533792450138,
      "test_ROC_AUC_mean": 0.9605450203680291,
      "test_ROC_AUC_std": 0.0030258004551076377,
      "test_Sensitivity_mean": 0.7764285714285621,
      "test_Sensitivity_std": 0.021144592772332764,
      "test_Specificity_mean": 0.9696755162241858,
      "test_Specificity_std": 0.004694108829547159,
      "val_Precision_mean": 0.8604688062951317,
      "val_Precision_std": 0.025579518162692164,
      "val_Sensitivity_mean": 0.75904761904761,
      "val_Sensitivity_std": 0.014740101142870877,
      "val_Specificity_mean": 0.969203539823006,
      "val_Specificity_std": 0.007229564707629918,
      "val_score_mean": 0.8061452345553447,
      "val_score_std": 0.00663479220365786,
      "val_thr_mean": 0.5485158386994198,
      "val_thr_std": 0.03847163431987271
    },
    {
      "criterion": "youden",
      "feature_set": "c110",
      "model": "bbag",
      "param_hash": "479020e468c4",
      "param_index": 12,
      "test_Brier_mean": 0.07038590809570129,
      "test_Brier_std": 0.0022926223515927183,
      "test_LogLoss_mean": 0.2625816396505666,
      "test_LogLoss_std": 0.007887848788206253,
      "test_PR_AUC_mean": 0.8932320483272561,
      "test_PR_AUC_std": 0.006068636541504108,
      "test_Precision_mean": 0.8113583894440373,
      "test_Precision_std": 0.0312414195368827,
      "test_ROC_AUC_mean": 0.9605450203680291,
      "test_ROC_AUC_std": 0.0030258004551076377,
      "test_Sensitivity_mean": 0.8504761904761804,
      "test_Sensitivity_std": 0.02957032606249148,
      "test_Specificity_mean": 0.9503834808259559,
      "test_Specificity_std": 0.01138096760229284,
      "val_Precision_mean": 0.7687939858234657,
      "val_Precision_std": 0.044043541792031404,
      "val_Sensitivity_mean": 0.8057142857142762,
      "val_Sensitivity_std": 0.016390182045111074,
      "val_Specificity_mean": 0.9388790560471948,
      "val_Specificity_std": 0.01595838547756305,
      "val_score_mean": 0.744593341761471,
      "val_score_std": 0.009620557872890541,
      "val_thr_mean": 0.44595713878289217,
      "val_thr_std": 0.031990731407066285
    }
  ],
  "task_id": 84,
  "thr_grid_size": 600
}