{
  "feature_set": "c110_d110_errors",
  "model": "brf",
  "n_bootstrap": 50,
  "param_hash": "45c6b76660fe",
  "param_index": 8,
  "params": {
    "max_depth": null,
    "max_features": "0.3",
    "min_samples_leaf": 1,
    "min_samples_split": 2,
    "n_estimators": 1500,
    "replacement": false,
    "sampling_strategy": "auto"
  },
  "runtime_s": 822.9796903133392,
  "summary_preview": [
    {
      "criterion": "f1",
      "feature_set": "c110_d110_errors",
      "model": "brf",
      "param_hash": "45c6b76660fe",
      "param_index": 8,
      "test_Brier_mean": 0.06292026912529551,
      "test_Brier_std": 0.003085531106225467,
      "test_LogLoss_mean": 0.23600862347597382,
      "test_LogLoss_std": 0.009172222213582952,
      "test_PR_AUC_mean": 0.898986857039812,
      "test_PR_AUC_std": 0.007069388207823205,
      "test_Precision_mean": 0.8850109910102977,
      "test_Precision_std": 0.030964018356642798,
      "test_ROC_AUC_mean": 0.9610735356089338,
      "test_ROC_AUC_std": 0.003123558949186751,
      "test_Sensitivity_mean": 0.8028571428571334,
      "test_Sensitivity_std": 0.0340272081643528,
      "test_Specificity_mean": 0.9736873156342153,
      "test_Specificity_std": 0.008529521008057114,
      "val_Precision_mean": 0.8945493195366981,
      "val_Precision_std": 0.033011667375845724,
      "val_Sensitivity_mean": 0.7614285714285625,
      "val_Sensitivity_std": 0.025675203356143376,
      "val_Specificity_mean": 0.9772861356932124,
      "val_Specificity_std": 0.008558826806401116,
      "val_score_mean": 0.8217741455187412,
      "val_score_std": 0.011748394586803802,
      "val_thr_mean": 0.6197854424040067,
      "val_thr_std": 0.058897740451922954
    },
    {
      "criterion": "youden",
      "feature_set": "c110_d110_errors",
      "model": "brf",
      "param_hash": "45c6b76660fe",
      "param_index": 8,
      "test_Brier_mean": 0.06292026912529551,
      "test_Brier_std": 0.003085531106225467,
      "test_LogLoss_mean": 0.23600862347597382,
      "test_LogLoss_std": 0.009172222213582952,
      "test_PR_AUC_mean": 0.898986857039812,
      "test_PR_AUC_std": 0.007069388207823205,
      "test_Precision_mean": 0.8304926006252739,
      "test_Precision_std": 0.04857454854933768,
      "test_ROC_AUC_mean": 0.9610735356089338,
      "test_ROC_AUC_std": 0.003123558949186751,
      "test_Sensitivity_mean": 0.8507142857142757,
      "test_Sensitivity_std": 0.03617375323313684,
      "test_Specificity_mean": 0.9556342182890826,
      "test_Specificity_std": 0.016908473827863903,
      "val_Precision_mean": 0.8205374730960351,
      "val_Precision_std": 0.0653237585307103,
      "val_Sensitivity_mean": 0.7959523809523715,
      "val_Sensitivity_std": 0.020124157636516843,
      "val_Specificity_mean": 0.9548672566371653,
      "val_Specificity_std": 0.021719867517659707,
      "val_score_mean": 0.7508196375895367,
      "val_score_std": 0.01281451062898315,
      "val_thr_mean": 0.5263207122982749,
      "val_thr_std": 0.07313005243125208
    }
  ],
  "task_id": 344,
  "thr_grid_size": 600
}