{
  "feature_set": "c110_d110_errors",
  "model": "brf",
  "n_bootstrap": 50,
  "param_hash": "90cb8109e6a5",
  "param_index": 14,
  "params": {
    "max_depth": 30,
    "max_features": "0.3",
    "min_samples_leaf": 1,
    "min_samples_split": 4,
    "n_estimators": 800,
    "replacement": false,
    "sampling_strategy": "auto"
  },
  "runtime_s": 446.03737568855286,
  "summary_preview": [
    {
      "criterion": "f1",
      "feature_set": "c110_d110_errors",
      "model": "brf",
      "param_hash": "90cb8109e6a5",
      "param_index": 14,
      "test_Brier_mean": 0.06252015087544327,
      "test_Brier_std": 0.0031099887191141035,
      "test_LogLoss_mean": 0.2360713484838394,
      "test_LogLoss_std": 0.013510629289535727,
      "test_PR_AUC_mean": 0.8984426656594051,
      "test_PR_AUC_std": 0.007428381190000373,
      "test_Precision_mean": 0.8838891621689287,
      "test_Precision_std": 0.02644962111335911,
      "test_ROC_AUC_mean": 0.9600038629020929,
      "test_ROC_AUC_std": 0.0030863183202408952,
      "test_Sensitivity_mean": 0.8042857142857048,
      "test_Sensitivity_std": 0.03228247759919602,
      "test_Specificity_mean": 0.9735103244837728,
      "test_Specificity_std": 0.007359324310514722,
      "val_Precision_mean": 0.8961858705645424,
      "val_Precision_std": 0.026205627591936717,
      "val_Sensitivity_mean": 0.7621428571428481,
      "val_Sensitivity_std": 0.025958643514681055,
      "val_Specificity_mean": 0.9778171091445398,
      "val_Specificity_std": 0.006722473359497414,
      "val_score_mean": 0.8230904343383636,
      "val_score_std": 0.012344056959583597,
      "val_thr_mean": 0.6218624304396216,
      "val_thr_std": 0.05181683992802513
    },
    {
      "criterion": "youden",
      "feature_set": "c110_d110_errors",
      "model": "brf",
      "param_hash": "90cb8109e6a5",
      "param_index": 14,
      "test_Brier_mean": 0.06252015087544327,
      "test_Brier_std": 0.0031099887191141035,
      "test_LogLoss_mean": 0.2360713484838394,
      "test_LogLoss_std": 0.013510629289535727,
      "test_PR_AUC_mean": 0.8984426656594051,
      "test_PR_AUC_std": 0.007428381190000373,
      "test_Precision_mean": 0.835096757064546,
      "test_Precision_std": 0.047239400793629704,
      "test_ROC_AUC_mean": 0.9600038629020929,
      "test_ROC_AUC_std": 0.0030863183202408952,
      "test_Sensitivity_mean": 0.8449999999999901,
      "test_Sensitivity_std": 0.03204236892695344,
      "test_Specificity_mean": 0.9574041297935074,
      "test_Specificity_std": 0.016889558424439628,
      "val_Precision_mean": 0.8280255716720432,
      "val_Precision_std": 0.06147694928637956,
      "val_Sensitivity_mean": 0.791428571428562,
      "val_Sensitivity_std": 0.020862294183939426,
      "val_Specificity_mean": 0.9575811209439499,
      "val_Specificity_std": 0.01987230169109271,
      "val_score_mean": 0.7490096923725119,
      "val_score_std": 0.015062258182053614,
      "val_thr_mean": 0.5351194769059544,
      "val_thr_std": 0.0680926225648062
    }
  ],
  "task_id": 350,
  "thr_grid_size": 600
}