{
  "feature_set": "c110_d110",
  "model": "bbag",
  "n_bootstrap": 50,
  "param_hash": "53769ab18e2e",
  "param_index": 13,
  "params": {
    "base_max_depth": 20,
    "base_max_features": "0.3",
    "base_min_samples_leaf": 1,
    "base_min_samples_split": 2,
    "bootstrap": true,
    "max_features": 0.9,
    "max_samples": 0.5,
    "n_estimators": 500,
    "replacement": false,
    "sampling_strategy": "auto"
  },
  "runtime_s": 61.5663857460022,
  "summary_preview": [
    {
      "criterion": "f1",
      "feature_set": "c110_d110",
      "model": "bbag",
      "param_hash": "53769ab18e2e",
      "param_index": 13,
      "test_Brier_mean": 0.06903681990653077,
      "test_Brier_std": 0.002163909559006652,
      "test_LogLoss_mean": 0.25686399587146896,
      "test_LogLoss_std": 0.006893113486858467,
      "test_PR_AUC_mean": 0.8971151199553467,
      "test_PR_AUC_std": 0.005766417415781751,
      "test_Precision_mean": 0.873532626589259,
      "test_Precision_std": 0.03223256060513384,
      "test_ROC_AUC_mean": 0.9609611602753196,
      "test_ROC_AUC_std": 0.0033669900942989864,
      "test_Sensitivity_mean": 0.785238095238086,
      "test_Sensitivity_std": 0.04731193482827175,
      "test_Specificity_mean": 0.9711504424778732,
      "test_Specificity_std": 0.00976156616561109,
      "val_Precision_mean": 0.8682908600428781,
      "val_Precision_std": 0.04793025286634406,
      "val_Sensitivity_mean": 0.7576190476190386,
      "val_Sensitivity_std": 0.032156801496049915,
      "val_Specificity_mean": 0.9704424778761033,
      "val_Specificity_std": 0.012564588133429932,
      "val_score_mean": 0.8073752782376286,
      "val_score_std": 0.006840767798819597,
      "val_thr_mean": 0.5821615358931553,
      "val_thr_std": 0.06988575687882496
    },
    {
      "criterion": "youden",
      "feature_set": "c110_d110",
      "model": "bbag",
      "param_hash": "53769ab18e2e",
      "param_index": 13,
      "test_Brier_mean": 0.06903681990653077,
      "test_Brier_std": 0.002163909559006652,
      "test_LogLoss_mean": 0.25686399587146896,
      "test_LogLoss_std": 0.006893113486858467,
      "test_PR_AUC_mean": 0.8971151199553467,
      "test_PR_AUC_std": 0.005766417415781751,
      "test_Precision_mean": 0.8216263847318516,
      "test_Precision_std": 0.038080413772186066,
      "test_ROC_AUC_mean": 0.9609611602753196,
      "test_ROC_AUC_std": 0.0033669900942989864,
      "test_Sensitivity_mean": 0.8435714285714186,
      "test_Sensitivity_std": 0.0213785724865413,
      "test_Specificity_mean": 0.9539233038348054,
      "test_Specificity_std": 0.012822011407664325,
      "val_Precision_mean": 0.80056408588627,
      "val_Precision_std": 0.0310989288581506,
      "val_Sensitivity_mean": 0.7942857142857049,
      "val_Sensitivity_std": 0.012735813079489025,
      "val_Specificity_mean": 0.9505014749262508,
      "val_Specificity_std": 0.010223627373232057,
      "val_score_mean": 0.7447871892119556,
      "val_score_std": 0.009130620337013885,
      "val_thr_mean": 0.48738938230383977,
      "val_thr_std": 0.03373367000078127
    }
  ],
  "task_id": 181,
  "thr_grid_size": 600
}