{
  "feature_set": "c110_d110_errors_snr",
  "model": "rf",
  "n_bootstrap": 50,
  "param_hash": "70c8fabffc12",
  "param_index": 21,
  "params": {
    "bootstrap": true,
    "class_weight": null,
    "max_depth": 30,
    "max_features": "0.2",
    "min_samples_leaf": 4,
    "min_samples_split": 4,
    "n_estimators": 1500
  },
  "runtime_s": 1693.7510991096497,
  "summary_preview": [
    {
      "criterion": "f1",
      "feature_set": "c110_d110_errors_snr",
      "model": "rf",
      "param_hash": "70c8fabffc12",
      "param_index": 21,
      "test_Brier_mean": 0.05175382496660439,
      "test_Brier_std": 0.00224662726999994,
      "test_LogLoss_mean": 0.19188204969307013,
      "test_LogLoss_std": 0.00674202777792443,
      "test_PR_AUC_mean": 0.8922821242545402,
      "test_PR_AUC_std": 0.006562072064600416,
      "test_Precision_mean": 0.9029470255150548,
      "test_Precision_std": 0.028346179351681038,
      "test_ROC_AUC_mean": 0.9572355667930889,
      "test_ROC_AUC_std": 0.0039443671349423445,
      "test_Sensitivity_mean": 0.7854761904761811,
      "test_Sensitivity_std": 0.04703787724277585,
      "test_Specificity_mean": 0.9785840707964573,
      "test_Specificity_std": 0.007879531499608404,
      "val_Precision_mean": 0.9015665743328724,
      "val_Precision_std": 0.040397209345486323,
      "val_Sensitivity_mean": 0.7488095238095149,
      "val_Sensitivity_std": 0.031104321697570846,
      "val_Specificity_mean": 0.9789970501474897,
      "val_Specificity_std": 0.010384766860120439,
      "val_score_mean": 0.8167360656426258,
      "val_score_std": 0.009706075289499712,
      "val_thr_mean": 0.44611390129797834,
      "val_thr_std": 0.09191081125919666
    },
    {
      "criterion": "youden",
      "feature_set": "c110_d110_errors_snr",
      "model": "rf",
      "param_hash": "70c8fabffc12",
      "param_index": 21,
      "test_Brier_mean": 0.05175382496660439,
      "test_Brier_std": 0.00224662726999994,
      "test_LogLoss_mean": 0.19188204969307013,
      "test_LogLoss_std": 0.00674202777792443,
      "test_PR_AUC_mean": 0.8922821242545402,
      "test_PR_AUC_std": 0.006562072064600416,
      "test_Precision_mean": 0.8305984096818322,
      "test_Precision_std": 0.044386273608096126,
      "test_ROC_AUC_mean": 0.9572355667930889,
      "test_ROC_AUC_std": 0.0039443671349423445,
      "test_Sensitivity_mean": 0.8454761904761804,
      "test_Sensitivity_std": 0.027788303804159375,
      "test_Specificity_mean": 0.9562831858407052,
      "test_Specificity_std": 0.0152254710917029,
      "val_Precision_mean": 0.807981188641045,
      "val_Precision_std": 0.05562416509356901,
      "val_Sensitivity_mean": 0.7957142857142763,
      "val_Sensitivity_std": 0.020878924154044402,
      "val_Specificity_mean": 0.9516224188790532,
      "val_Specificity_std": 0.019172883550067094,
      "val_score_mean": 0.7473367045933295,
      "val_score_std": 0.015209605046948167,
      "val_thr_mean": 0.31046074443090466,
      "val_thr_std": 0.047917561033093484
    }
  ],
  "task_id": 597,
  "thr_grid_size": 600
}