{
  "feature_set": "c110_d110_errors_snr",
  "model": "brf",
  "n_bootstrap": 50,
  "param_hash": "46f99e841907",
  "param_index": 7,
  "params": {
    "max_depth": 30,
    "max_features": "sqrt",
    "min_samples_leaf": 2,
    "min_samples_split": 8,
    "n_estimators": 1500,
    "replacement": true,
    "sampling_strategy": "auto"
  },
  "runtime_s": 469.6642575263977,
  "summary_preview": [
    {
      "criterion": "f1",
      "feature_set": "c110_d110_errors_snr",
      "model": "brf",
      "param_hash": "46f99e841907",
      "param_index": 7,
      "test_Brier_mean": 0.07398009321491536,
      "test_Brier_std": 0.0030887370423703163,
      "test_LogLoss_mean": 0.2714686597494637,
      "test_LogLoss_std": 0.008764448380504986,
      "test_PR_AUC_mean": 0.8987387590585324,
      "test_PR_AUC_std": 0.007664119441399775,
      "test_Precision_mean": 0.8650839217482287,
      "test_Precision_std": 0.03429900360895362,
      "test_ROC_AUC_mean": 0.9639401601348504,
      "test_ROC_AUC_std": 0.003405570829537179,
      "test_Sensitivity_mean": 0.781190476190467,
      "test_Sensitivity_std": 0.04335167116981473,
      "test_Specificity_mean": 0.9691445427728584,
      "test_Specificity_std": 0.009868676299475129,
      "val_Precision_mean": 0.8581476517729683,
      "val_Precision_std": 0.044063163917046545,
      "val_Sensitivity_mean": 0.7552380952380863,
      "val_Sensitivity_std": 0.026799613066111505,
      "val_Specificity_mean": 0.9682005899704985,
      "val_Specificity_std": 0.011560552707614951,
      "val_score_mean": 0.8020492303783016,
      "val_score_std": 0.009659320669772082,
      "val_thr_mean": 0.5835125771523968,
      "val_thr_std": 0.04529993919386968
    },
    {
      "criterion": "youden",
      "feature_set": "c110_d110_errors_snr",
      "model": "brf",
      "param_hash": "46f99e841907",
      "param_index": 7,
      "test_Brier_mean": 0.07398009321491536,
      "test_Brier_std": 0.0030887370423703163,
      "test_LogLoss_mean": 0.2714686597494637,
      "test_LogLoss_std": 0.008764448380504986,
      "test_PR_AUC_mean": 0.8987387590585324,
      "test_PR_AUC_std": 0.007664119441399775,
      "test_Precision_mean": 0.8019077792175099,
      "test_Precision_std": 0.03802932240596154,
      "test_ROC_AUC_mean": 0.9639401601348504,
      "test_ROC_AUC_std": 0.003405570829537179,
      "test_Sensitivity_mean": 0.8492857142857042,
      "test_Sensitivity_std": 0.025748321785771577,
      "test_Specificity_mean": 0.9471976401179912,
      "test_Specificity_std": 0.013448776567410793,
      "val_Precision_mean": 0.778599422704541,
      "val_Precision_std": 0.040224145901954896,
      "val_Sensitivity_mean": 0.7969047619047526,
      "val_Sensitivity_std": 0.016384887203414154,
      "val_Specificity_mean": 0.9430088495575193,
      "val_Specificity_std": 0.013969388524298765,
      "val_score_mean": 0.7399136114622717,
      "val_score_std": 0.0116372893224598,
      "val_thr_mean": 0.5005026091634205,
      "val_thr_std": 0.036432057167753516
    }
  ],
  "task_id": 631,
  "thr_grid_size": 600
}