{
  "feature_set": "c110_d110_errors_snr",
  "model": "rf",
  "n_bootstrap": 50,
  "param_hash": "9de4c70c192e",
  "param_index": 18,
  "params": {
    "bootstrap": true,
    "class_weight": "balanced",
    "max_depth": null,
    "max_features": "0.5",
    "min_samples_leaf": 4,
    "min_samples_split": 8,
    "n_estimators": 800
  },
  "runtime_s": 1589.8398640155792,
  "summary_preview": [
    {
      "criterion": "f1",
      "feature_set": "c110_d110_errors_snr",
      "model": "rf",
      "param_hash": "9de4c70c192e",
      "param_index": 18,
      "test_Brier_mean": 0.05193164071416305,
      "test_Brier_std": 0.0022102877927977715,
      "test_LogLoss_mean": 0.19833694638004584,
      "test_LogLoss_std": 0.007638323479336408,
      "test_PR_AUC_mean": 0.8836513519569641,
      "test_PR_AUC_std": 0.009889595778758331,
      "test_Precision_mean": 0.8888025664144021,
      "test_Precision_std": 0.027866066412021783,
      "test_ROC_AUC_mean": 0.9540546425059699,
      "test_ROC_AUC_std": 0.004713778769791895,
      "test_Sensitivity_mean": 0.7933333333333239,
      "test_Sensitivity_std": 0.03295635786065085,
      "test_Specificity_mean": 0.9750442477876077,
      "test_Specificity_std": 0.007843388741551651,
      "val_Precision_mean": 0.9047892926638464,
      "val_Precision_std": 0.0288715258111767,
      "val_Sensitivity_mean": 0.7485714285714197,
      "val_Sensitivity_std": 0.025526072162304073,
      "val_Specificity_mean": 0.980117994100292,
      "val_Specificity_std": 0.007439006246767262,
      "val_score_mean": 0.8185731600260974,
      "val_score_std": 0.011600975970766689,
      "val_thr_mean": 0.47697859260291936,
      "val_thr_std": 0.07043829928835393
    },
    {
      "criterion": "youden",
      "feature_set": "c110_d110_errors_snr",
      "model": "rf",
      "param_hash": "9de4c70c192e",
      "param_index": 18,
      "test_Brier_mean": 0.05193164071416305,
      "test_Brier_std": 0.0022102877927977715,
      "test_LogLoss_mean": 0.19833694638004584,
      "test_LogLoss_std": 0.007638323479336408,
      "test_PR_AUC_mean": 0.8836513519569641,
      "test_PR_AUC_std": 0.009889595778758331,
      "test_Precision_mean": 0.7964028796779923,
      "test_Precision_std": 0.04895244690312214,
      "test_ROC_AUC_mean": 0.9540546425059699,
      "test_ROC_AUC_std": 0.004713778769791895,
      "test_Sensitivity_mean": 0.8626190476190374,
      "test_Sensitivity_std": 0.028580537906450515,
      "test_Specificity_mean": 0.9439528023598791,
      "test_Specificity_std": 0.018646984315075898,
      "val_Precision_mean": 0.7898055838827386,
      "val_Precision_std": 0.0557761770315177,
      "val_Sensitivity_mean": 0.8045238095238,
      "val_Sensitivity_std": 0.024420015854325305,
      "val_Specificity_mean": 0.945250737463124,
      "val_Specificity_std": 0.020096852592166398,
      "val_score_mean": 0.749774546986924,
      "val_score_std": 0.014811620197643536,
      "val_thr_mean": 0.29940270690873677,
      "val_thr_std": 0.062443815397072236
    }
  ],
  "task_id": 594,
  "thr_grid_size": 600
}