{
  "feature_set": "c110_d110_errors",
  "model": "rf",
  "n_bootstrap": 50,
  "param_hash": "e2827663f47c",
  "param_index": 8,
  "params": {
    "bootstrap": true,
    "class_weight": null,
    "max_depth": null,
    "max_features": "0.3",
    "min_samples_leaf": 2,
    "min_samples_split": 8,
    "n_estimators": 2500
  },
  "runtime_s": 3014.6771080493927,
  "summary_preview": [
    {
      "criterion": "f1",
      "feature_set": "c110_d110_errors",
      "model": "rf",
      "param_hash": "e2827663f47c",
      "param_index": 8,
      "test_Brier_mean": 0.05130594627800547,
      "test_Brier_std": 0.002152001448263176,
      "test_LogLoss_mean": 0.18910500541976893,
      "test_LogLoss_std": 0.005570456178182202,
      "test_PR_AUC_mean": 0.8959680731757566,
      "test_PR_AUC_std": 0.0062197652622132575,
      "test_Precision_mean": 0.9109796353975256,
      "test_Precision_std": 0.021377109847930086,
      "test_ROC_AUC_mean": 0.958629020929906,
      "test_ROC_AUC_std": 0.003018343556575433,
      "test_Sensitivity_mean": 0.7764285714285623,
      "test_Sensitivity_std": 0.04640645108594784,
      "test_Specificity_mean": 0.9809439528023569,
      "test_Specificity_std": 0.005691653952258143,
      "val_Precision_mean": 0.9111366664356647,
      "val_Precision_std": 0.03205264208195334,
      "val_Sensitivity_mean": 0.7352380952380865,
      "val_Sensitivity_std": 0.027164075385171647,
      "val_Specificity_mean": 0.9817699115044217,
      "val_Specificity_std": 0.007507442933745235,
      "val_score_mean": 0.8128287369544245,
      "val_score_std": 0.008459273684199436,
      "val_thr_mean": 0.5023186675398565,
      "val_thr_std": 0.06623839918629536
    },
    {
      "criterion": "youden",
      "feature_set": "c110_d110_errors",
      "model": "rf",
      "param_hash": "e2827663f47c",
      "param_index": 8,
      "test_Brier_mean": 0.05130594627800547,
      "test_Brier_std": 0.002152001448263176,
      "test_LogLoss_mean": 0.18910500541976893,
      "test_LogLoss_std": 0.005570456178182202,
      "test_PR_AUC_mean": 0.8959680731757566,
      "test_PR_AUC_std": 0.0062197652622132575,
      "test_Precision_mean": 0.8400217469846484,
      "test_Precision_std": 0.05263139064987476,
      "test_ROC_AUC_mean": 0.958629020929906,
      "test_ROC_AUC_std": 0.003018343556575433,
      "test_Sensitivity_mean": 0.8421428571428471,
      "test_Sensitivity_std": 0.03425171756885019,
      "test_Specificity_mean": 0.9588200589970473,
      "test_Specificity_std": 0.017688677113992232,
      "val_Precision_mean": 0.7973531943638242,
      "val_Precision_std": 0.07409543985020842,
      "val_Sensitivity_mean": 0.7873809523809431,
      "val_Sensitivity_std": 0.030707523682906208,
      "val_Specificity_mean": 0.9475516224188761,
      "val_Specificity_std": 0.02511737184398918,
      "val_score_mean": 0.7349325747998192,
      "val_score_std": 0.015903989031364824,
      "val_thr_mean": 0.36217727005493544,
      "val_thr_std": 0.07720908171550869
    }
  ],
  "task_id": 296,
  "thr_grid_size": 600
}