{
  "feature_set": "c110_d110",
  "model": "rf",
  "n_bootstrap": 50,
  "param_hash": "136da55ab336",
  "param_index": 19,
  "params": {
    "bootstrap": true,
    "class_weight": "balanced",
    "max_depth": 20,
    "max_features": "0.3",
    "min_samples_leaf": 4,
    "min_samples_split": 4,
    "n_estimators": 1500
  },
  "runtime_s": 917.4593439102173,
  "summary_preview": [
    {
      "criterion": "f1",
      "feature_set": "c110_d110",
      "model": "rf",
      "param_hash": "136da55ab336",
      "param_index": 19,
      "test_Brier_mean": 0.05022656658900299,
      "test_Brier_std": 0.00211083815849466,
      "test_LogLoss_mean": 0.1920210287999694,
      "test_LogLoss_std": 0.006532592373296282,
      "test_PR_AUC_mean": 0.8989633770754256,
      "test_PR_AUC_std": 0.006544731970505656,
      "test_Precision_mean": 0.8881871534317693,
      "test_Precision_std": 0.02214094408836595,
      "test_ROC_AUC_mean": 0.9588404270262677,
      "test_ROC_AUC_std": 0.0038540338207832033,
      "test_Sensitivity_mean": 0.8173809523809428,
      "test_Sensitivity_std": 0.027591932334898286,
      "test_Specificity_mean": 0.9742772861356903,
      "test_Specificity_std": 0.006336265024597532,
      "val_Precision_mean": 0.9049317813223625,
      "val_Precision_std": 0.024425807924879524,
      "val_Sensitivity_mean": 0.7654761904761814,
      "val_Sensitivity_std": 0.022336608055380163,
      "val_Specificity_mean": 0.9798230088495546,
      "val_Specificity_std": 0.006373152827782391,
      "val_score_mean": 0.8288777236150422,
      "val_score_std": 0.011658392981841294,
      "val_thr_mean": 0.46079918414415494,
      "val_thr_std": 0.0526181384734139
    },
    {
      "criterion": "youden",
      "feature_set": "c110_d110",
      "model": "rf",
      "param_hash": "136da55ab336",
      "param_index": 19,
      "test_Brier_mean": 0.05022656658900299,
      "test_Brier_std": 0.00211083815849466,
      "test_LogLoss_mean": 0.1920210287999694,
      "test_LogLoss_std": 0.006532592373296282,
      "test_PR_AUC_mean": 0.8989633770754256,
      "test_PR_AUC_std": 0.006544731970505656,
      "test_Precision_mean": 0.84341782557394,
      "test_Precision_std": 0.048019179850445605,
      "test_ROC_AUC_mean": 0.9588404270262677,
      "test_ROC_AUC_std": 0.0038540338207832033,
      "test_Sensitivity_mean": 0.8528571428571329,
      "test_Sensitivity_std": 0.02812659876112621,
      "test_Specificity_mean": 0.9595870206489647,
      "test_Specificity_std": 0.017089100375888355,
      "val_Precision_mean": 0.8467939329390387,
      "val_Precision_std": 0.05731457444219898,
      "val_Sensitivity_mean": 0.7921428571428477,
      "val_Sensitivity_std": 0.01787090496579148,
      "val_Specificity_mean": 0.9630678466076666,
      "val_Specificity_std": 0.01802954454258801,
      "val_score_mean": 0.7552107037505144,
      "val_score_std": 0.010480849444932631,
      "val_thr_mean": 0.3718709713756384,
      "val_thr_std": 0.07048464503980505
    }
  ],
  "task_id": 115,
  "thr_grid_size": 600
}