{
  "feature_set": "c110",
  "model": "rf",
  "n_bootstrap": 50,
  "param_hash": "d009d1a232be",
  "param_index": 20,
  "params": {
    "bootstrap": true,
    "class_weight": "balanced",
    "max_depth": 30,
    "max_features": "sqrt",
    "min_samples_leaf": 2,
    "min_samples_split": 8,
    "n_estimators": 4000
  },
  "runtime_s": 821.0715713500977,
  "summary_preview": [
    {
      "criterion": "f1",
      "feature_set": "c110",
      "model": "rf",
      "param_hash": "d009d1a232be",
      "param_index": 20,
      "test_Brier_mean": 0.056852497613275814,
      "test_Brier_std": 0.0017788407629975552,
      "test_LogLoss_mean": 0.20952554371798007,
      "test_LogLoss_std": 0.004953081336590699,
      "test_PR_AUC_mean": 0.9058808967018152,
      "test_PR_AUC_std": 0.006289084707782093,
      "test_Precision_mean": 0.8855788540047039,
      "test_Precision_std": 0.03774495611865419,
      "test_ROC_AUC_mean": 0.9644275881444022,
      "test_ROC_AUC_std": 0.0028631128666246133,
      "test_Sensitivity_mean": 0.7769047619047527,
      "test_Sensitivity_std": 0.05721013613041679,
      "test_Specificity_mean": 0.9741592920353953,
      "test_Specificity_std": 0.011822865135147879,
      "val_Precision_mean": 0.8927611151162949,
      "val_Precision_std": 0.048254185780479936,
      "val_Sensitivity_mean": 0.7578571428571338,
      "val_Sensitivity_std": 0.03329252673688826,
      "val_Specificity_mean": 0.976401179941,
      "val_Specificity_std": 0.012557660704383728,
      "val_score_mean": 0.8180047255871886,
      "val_score_std": 0.010065532901462228,
      "val_thr_mean": 0.41846483439742277,
      "val_thr_std": 0.06940092886816548
    },
    {
      "criterion": "youden",
      "feature_set": "c110",
      "model": "rf",
      "param_hash": "d009d1a232be",
      "param_index": 20,
      "test_Brier_mean": 0.056852497613275814,
      "test_Brier_std": 0.0017788407629975552,
      "test_LogLoss_mean": 0.20952554371798007,
      "test_LogLoss_std": 0.004953081336590699,
      "test_PR_AUC_mean": 0.9058808967018152,
      "test_PR_AUC_std": 0.006289084707782093,
      "test_Precision_mean": 0.8184380742546696,
      "test_Precision_std": 0.03351678368457477,
      "test_ROC_AUC_mean": 0.9644275881444022,
      "test_ROC_AUC_std": 0.0028631128666246133,
      "test_Sensitivity_mean": 0.8588095238095136,
      "test_Sensitivity_std": 0.023931901242481877,
      "test_Specificity_mean": 0.9522123893805281,
      "test_Specificity_std": 0.011494464135681292,
      "val_Precision_mean": 0.809459469519146,
      "val_Precision_std": 0.03558614347237222,
      "val_Sensitivity_mean": 0.8059523809523713,
      "val_Sensitivity_std": 0.010823062977345017,
      "val_Specificity_mean": 0.9524483775811181,
      "val_Specificity_std": 0.011333276642021044,
      "val_score_mean": 0.7584007585334895,
      "val_score_std": 0.010942255018000162,
      "val_thr_mean": 0.30437299787156896,
      "val_thr_std": 0.031203191929210745
    }
  ],
  "task_id": 20,
  "thr_grid_size": 600
}