{
  "feature_set": "c110_d110_errors",
  "model": "bbag",
  "n_bootstrap": 50,
  "param_hash": "f93e8d521957",
  "param_index": 3,
  "params": {
    "base_max_depth": 10,
    "base_max_features": "sqrt",
    "base_min_samples_leaf": 2,
    "base_min_samples_split": 4,
    "bootstrap": true,
    "max_features": 0.5,
    "max_samples": 0.7,
    "n_estimators": 500,
    "replacement": false,
    "sampling_strategy": "auto"
  },
  "runtime_s": 78.53454637527466,
  "summary_preview": [
    {
      "criterion": "f1",
      "feature_set": "c110_d110_errors",
      "model": "bbag",
      "param_hash": "f93e8d521957",
      "param_index": 3,
      "test_Brier_mean": 0.09408505315944174,
      "test_Brier_std": 0.0023136213460437038,
      "test_LogLoss_mean": 0.3325361471324789,
      "test_LogLoss_std": 0.006193145254952738,
      "test_PR_AUC_mean": 0.8319611057748406,
      "test_PR_AUC_std": 0.009482155217065602,
      "test_Precision_mean": 0.7647862614934204,
      "test_Precision_std": 0.05063354835431419,
      "test_ROC_AUC_mean": 0.9393622699817391,
      "test_ROC_AUC_std": 0.004896652145172737,
      "test_Sensitivity_mean": 0.7083333333333249,
      "test_Sensitivity_std": 0.06355403721447132,
      "test_Specificity_mean": 0.9438348082595841,
      "test_Specificity_std": 0.02073873005095115,
      "val_Precision_mean": 0.7572627585543824,
      "val_Precision_std": 0.06332045817490038,
      "val_Sensitivity_mean": 0.695238095238087,
      "val_Sensitivity_std": 0.05302196349700579,
      "val_Specificity_mean": 0.9418879056047169,
      "val_Specificity_std": 0.023517785740054645,
      "val_score_mean": 0.720592958830379,
      "val_score_std": 0.01209990440569047,
      "val_thr_mean": 0.5117760960622058,
      "val_thr_std": 0.053886511464158876
    },
    {
      "criterion": "youden",
      "feature_set": "c110_d110_errors",
      "model": "bbag",
      "param_hash": "f93e8d521957",
      "param_index": 3,
      "test_Brier_mean": 0.09408505315944174,
      "test_Brier_std": 0.0023136213460437038,
      "test_LogLoss_mean": 0.3325361471324789,
      "test_LogLoss_std": 0.006193145254952738,
      "test_PR_AUC_mean": 0.8319611057748406,
      "test_PR_AUC_std": 0.009482155217065602,
      "test_Precision_mean": 0.6461856110257443,
      "test_Precision_std": 0.052886382891389874,
      "test_ROC_AUC_mean": 0.9393622699817391,
      "test_ROC_AUC_std": 0.004896652145172737,
      "test_Sensitivity_mean": 0.8080952380952285,
      "test_Sensitivity_std": 0.035400304302741624,
      "test_Specificity_mean": 0.8876696165191714,
      "test_Specificity_std": 0.02844322698934525,
      "val_Precision_mean": 0.6362268588794392,
      "val_Precision_std": 0.0440438046769193,
      "val_Sensitivity_mean": 0.783333333333324,
      "val_Sensitivity_std": 0.027104383419233054,
      "val_Specificity_mean": 0.8869616519174015,
      "val_Specificity_std": 0.025217216411179095,
      "val_score_mean": 0.6702949852507255,
      "val_score_std": 0.015143159841574097,
      "val_thr_mean": 0.4208320500733398,
      "val_thr_std": 0.031209707853946597
    }
  ],
  "task_id": 363,
  "thr_grid_size": 600
}