{
  "feature_set": "c110_errors",
  "model": "brf",
  "n_bootstrap": 50,
  "param_hash": "90b0556e3e1a",
  "param_index": 17,
  "params": {
    "max_depth": 30,
    "max_features": "sqrt",
    "min_samples_leaf": 1,
    "min_samples_split": 2,
    "n_estimators": 800,
    "replacement": true,
    "sampling_strategy": "auto"
  },
  "runtime_s": 273.6998887062073,
  "summary_preview": [
    {
      "criterion": "f1",
      "feature_set": "c110_errors",
      "model": "brf",
      "param_hash": "90b0556e3e1a",
      "param_index": 17,
      "test_Brier_mean": 0.07934159293735225,
      "test_Brier_std": 0.002614984542052342,
      "test_LogLoss_mean": 0.2855977505975742,
      "test_LogLoss_std": 0.007561934508423184,
      "test_PR_AUC_mean": 0.8903968508549059,
      "test_PR_AUC_std": 0.00939404373755824,
      "test_Precision_mean": 0.865672371928665,
      "test_Precision_std": 0.03096997140018628,
      "test_ROC_AUC_mean": 0.961319356651215,
      "test_ROC_AUC_std": 0.004277856690376856,
      "test_Sensitivity_mean": 0.7407142857142769,
      "test_Sensitivity_std": 0.05823631884340607,
      "test_Specificity_mean": 0.9708554572271357,
      "test_Specificity_std": 0.009264066697621432,
      "val_Precision_mean": 0.8613046230927914,
      "val_Precision_std": 0.04514208035504977,
      "val_Sensitivity_mean": 0.7185714285714201,
      "val_Sensitivity_std": 0.033651129812330594,
      "val_Specificity_mean": 0.9703834808259557,
      "val_Specificity_std": 0.011978058818871038,
      "val_score_mean": 0.7818275936398753,
      "val_score_std": 0.01214450845520857,
      "val_thr_mean": 0.6045534641068449,
      "val_thr_std": 0.044432452465218444
    },
    {
      "criterion": "youden",
      "feature_set": "c110_errors",
      "model": "brf",
      "param_hash": "90b0556e3e1a",
      "param_index": 17,
      "test_Brier_mean": 0.07934159293735225,
      "test_Brier_std": 0.002614984542052342,
      "test_LogLoss_mean": 0.2855977505975742,
      "test_LogLoss_std": 0.007561934508423184,
      "test_PR_AUC_mean": 0.8903968508549059,
      "test_PR_AUC_std": 0.00939404373755824,
      "test_Precision_mean": 0.7707571507327498,
      "test_Precision_std": 0.06081042870373799,
      "test_ROC_AUC_mean": 0.961319356651215,
      "test_ROC_AUC_std": 0.004277856690376856,
      "test_Sensitivity_mean": 0.8659523809523706,
      "test_Sensitivity_std": 0.03646045912169854,
      "test_Specificity_mean": 0.9337463126843629,
      "test_Specificity_std": 0.024832382332522527,
      "val_Precision_mean": 0.7276439542458804,
      "val_Precision_std": 0.06634322706204378,
      "val_Sensitivity_mean": 0.7926190476190382,
      "val_Sensitivity_std": 0.033420855526971834,
      "val_Specificity_mean": 0.9234218289085518,
      "val_Specificity_std": 0.0278317881405043,
      "val_score_mean": 0.7160408765275901,
      "val_score_std": 0.017452920502723464,
      "val_thr_mean": 0.48445417362270454,
      "val_thr_std": 0.04863244328809772
    }
  ],
  "task_id": 257,
  "thr_grid_size": 600
}