{
  "feature_set": "c110_d110",
  "model": "bbag",
  "n_bootstrap": 50,
  "param_hash": "015dc37e99e6",
  "param_index": 20,
  "params": {
    "base_max_depth": 20,
    "base_max_features": "0.5",
    "base_min_samples_leaf": 4,
    "base_min_samples_split": 4,
    "bootstrap": true,
    "max_features": 0.7,
    "max_samples": 1.0,
    "n_estimators": 800,
    "replacement": true,
    "sampling_strategy": "auto"
  },
  "runtime_s": 95.6954734325409,
  "summary_preview": [
    {
      "criterion": "f1",
      "feature_set": "c110_d110",
      "model": "bbag",
      "param_hash": "015dc37e99e6",
      "param_index": 20,
      "test_Brier_mean": 0.06349869225444289,
      "test_Brier_std": 0.002605271150756176,
      "test_LogLoss_mean": 0.24116940209209722,
      "test_LogLoss_std": 0.008295910615107453,
      "test_PR_AUC_mean": 0.9017081570953083,
      "test_PR_AUC_std": 0.004910655835069938,
      "test_Precision_mean": 0.894630384243399,
      "test_Precision_std": 0.030040894213323035,
      "test_ROC_AUC_mean": 0.9632659081331647,
      "test_ROC_AUC_std": 0.003130190080044412,
      "test_Sensitivity_mean": 0.7749999999999908,
      "test_Sensitivity_std": 0.03774207656661886,
      "test_Specificity_mean": 0.97687315634218,
      "test_Specificity_std": 0.008435731945757136,
      "val_Precision_mean": 0.8953804126022559,
      "val_Precision_std": 0.045353400491889066,
      "val_Sensitivity_mean": 0.7442857142857054,
      "val_Sensitivity_std": 0.031196243504212143,
      "val_Specificity_mean": 0.9775221238938023,
      "val_Specificity_std": 0.011722250879535035,
      "val_score_mean": 0.8112506138786109,
      "val_score_std": 0.007986631634619957,
      "val_thr_mean": 0.6176591211588218,
      "val_thr_std": 0.07104998682550366
    },
    {
      "criterion": "youden",
      "feature_set": "c110_d110",
      "model": "bbag",
      "param_hash": "015dc37e99e6",
      "param_index": 20,
      "test_Brier_mean": 0.06349869225444289,
      "test_Brier_std": 0.002605271150756176,
      "test_LogLoss_mean": 0.24116940209209722,
      "test_LogLoss_std": 0.008295910615107453,
      "test_PR_AUC_mean": 0.9017081570953083,
      "test_PR_AUC_std": 0.004910655835069938,
      "test_Precision_mean": 0.822138827207723,
      "test_Precision_std": 0.03249409667570314,
      "test_ROC_AUC_mean": 0.9632659081331647,
      "test_ROC_AUC_std": 0.003130190080044412,
      "test_Sensitivity_mean": 0.8564285714285613,
      "test_Sensitivity_std": 0.022614571701793835,
      "test_Specificity_mean": 0.9535103244837729,
      "test_Specificity_std": 0.011332023030309654,
      "val_Precision_mean": 0.7941277363750544,
      "val_Precision_std": 0.034401917029821,
      "val_Sensitivity_mean": 0.800476190476181,
      "val_Sensitivity_std": 0.013723973470633881,
      "val_Specificity_mean": 0.9479646017699086,
      "val_Specificity_std": 0.012049012497918584,
      "val_score_mean": 0.7484407922460896,
      "val_score_std": 0.008326430645622196,
      "val_thr_mean": 0.46048333459355056,
      "val_thr_std": 0.042004804830587134
    }
  ],
  "task_id": 188,
  "thr_grid_size": 600
}