{
  "feature_set": "c110_d110_errors_snr",
  "model": "rf",
  "n_bootstrap": 50,
  "param_hash": "508de71c9f66",
  "param_index": 1,
  "params": {
    "bootstrap": true,
    "class_weight": null,
    "max_depth": 20,
    "max_features": "0.5",
    "min_samples_leaf": 1,
    "min_samples_split": 8,
    "n_estimators": 2500
  },
  "runtime_s": 8436.446950674057,
  "summary_preview": [
    {
      "criterion": "f1",
      "feature_set": "c110_d110_errors_snr",
      "model": "rf",
      "param_hash": "508de71c9f66",
      "param_index": 1,
      "test_Brier_mean": 0.057945285562582854,
      "test_Brier_std": 0.0037325553724453743,
      "test_LogLoss_mean": 0.21399610054352627,
      "test_LogLoss_std": 0.011084436479150866,
      "test_PR_AUC_mean": 0.8674977405284071,
      "test_PR_AUC_std": 0.012165704465568245,
      "test_Precision_mean": 0.8969818967227495,
      "test_Precision_std": 0.031451044098054846,
      "test_ROC_AUC_mean": 0.9427686472819217,
      "test_ROC_AUC_std": 0.006360506825956243,
      "test_Sensitivity_mean": 0.7321428571428484,
      "test_Sensitivity_std": 0.050464660288971466,
      "test_Specificity_mean": 0.9787020648967523,
      "test_Specificity_std": 0.008221011253021888,
      "val_Precision_mean": 0.9025363641499213,
      "val_Precision_std": 0.04278723954700135,
      "val_Sensitivity_mean": 0.7140476190476106,
      "val_Sensitivity_std": 0.028303938987209214,
      "val_Specificity_mean": 0.9801769911504395,
      "val_Specificity_std": 0.010149536455926176,
      "val_score_mean": 0.7960125903161474,
      "val_score_std": 0.012449612586502764,
      "val_thr_mean": 0.5405439621190096,
      "val_thr_std": 0.08521889032577055
    },
    {
      "criterion": "youden",
      "feature_set": "c110_d110_errors_snr",
      "model": "rf",
      "param_hash": "508de71c9f66",
      "param_index": 1,
      "test_Brier_mean": 0.057945285562582854,
      "test_Brier_std": 0.0037325553724453743,
      "test_LogLoss_mean": 0.21399610054352627,
      "test_LogLoss_std": 0.011084436479150866,
      "test_PR_AUC_mean": 0.8674977405284071,
      "test_PR_AUC_std": 0.012165704465568245,
      "test_Precision_mean": 0.7698381712739362,
      "test_Precision_std": 0.0759557314012649,
      "test_ROC_AUC_mean": 0.9427686472819217,
      "test_ROC_AUC_std": 0.006360506825956243,
      "test_Sensitivity_mean": 0.8333333333333235,
      "test_Sensitivity_std": 0.037182331818155036,
      "test_Specificity_mean": 0.9347492625368703,
      "test_Specificity_std": 0.029867299372466065,
      "val_Precision_mean": 0.732039600892804,
      "val_Precision_std": 0.08501102871111584,
      "val_Sensitivity_mean": 0.7949999999999906,
      "val_Sensitivity_std": 0.03577820648431876,
      "val_Specificity_mean": 0.9230088495575194,
      "val_Specificity_std": 0.035902583618616646,
      "val_score_mean": 0.7180088495575099,
      "val_score_std": 0.018479517997390685,
      "val_thr_mean": 0.31097494647958146,
      "val_thr_std": 0.09072729965095952
    }
  ],
  "task_id": 577,
  "thr_grid_size": 600
}