{
  "feature_set": "c110_d110_errors_snr",
  "model": "bbag",
  "n_bootstrap": 50,
  "param_hash": "3cf7bee03f20",
  "param_index": 23,
  "params": {
    "base_max_depth": 20,
    "base_max_features": "sqrt",
    "base_min_samples_leaf": 4,
    "base_min_samples_split": 4,
    "bootstrap": true,
    "max_features": 0.9,
    "max_samples": 0.7,
    "n_estimators": 200,
    "replacement": false,
    "sampling_strategy": "auto"
  },
  "runtime_s": 56.410117864608765,
  "summary_preview": [
    {
      "criterion": "f1",
      "feature_set": "c110_d110_errors_snr",
      "model": "bbag",
      "param_hash": "3cf7bee03f20",
      "param_index": 23,
      "test_Brier_mean": 0.09626457324605513,
      "test_Brier_std": 0.0027244618595238914,
      "test_LogLoss_mean": 0.3366819088843343,
      "test_LogLoss_std": 0.00682352445170027,
      "test_PR_AUC_mean": 0.8196733379691835,
      "test_PR_AUC_std": 0.012138986188982737,
      "test_Precision_mean": 0.7628606126773703,
      "test_Precision_std": 0.04849179933729655,
      "test_ROC_AUC_mean": 0.9321238938053098,
      "test_ROC_AUC_std": 0.007754831723749911,
      "test_Sensitivity_mean": 0.7026190476190394,
      "test_Sensitivity_std": 0.056276329957866786,
      "test_Specificity_mean": 0.9440707964601741,
      "test_Specificity_std": 0.01915397921462014,
      "val_Precision_mean": 0.748117471621593,
      "val_Precision_std": 0.05206494775127005,
      "val_Sensitivity_mean": 0.6978571428571345,
      "val_Sensitivity_std": 0.04123158938439623,
      "val_Specificity_mean": 0.9398820058997022,
      "val_Specificity_std": 0.018938880140736847,
      "val_score_mean": 0.7193594050863434,
      "val_score_std": 0.010862097852634471,
      "val_thr_mean": 0.5097148186234242,
      "val_thr_std": 0.0478591649104259
    },
    {
      "criterion": "youden",
      "feature_set": "c110_d110_errors_snr",
      "model": "bbag",
      "param_hash": "3cf7bee03f20",
      "param_index": 23,
      "test_Brier_mean": 0.09626457324605513,
      "test_Brier_std": 0.0027244618595238914,
      "test_LogLoss_mean": 0.3366819088843343,
      "test_LogLoss_std": 0.00682352445170027,
      "test_PR_AUC_mean": 0.8196733379691835,
      "test_PR_AUC_std": 0.012138986188982737,
      "test_Precision_mean": 0.6652489190273689,
      "test_Precision_std": 0.0488930701218325,
      "test_ROC_AUC_mean": 0.9321238938053098,
      "test_ROC_AUC_std": 0.007754831723749911,
      "test_Sensitivity_mean": 0.7780952380952288,
      "test_Sensitivity_std": 0.026971738233467712,
      "test_Specificity_mean": 0.9009439528023572,
      "test_Specificity_std": 0.024061519576052227,
      "val_Precision_mean": 0.6578847567599198,
      "val_Precision_std": 0.03606869284322467,
      "val_Sensitivity_mean": 0.7633333333333243,
      "val_Sensitivity_std": 0.02091767600207022,
      "val_Specificity_mean": 0.9004719764011772,
      "val_Specificity_std": 0.018152932139498593,
      "val_score_mean": 0.6638053097345015,
      "val_score_std": 0.013682048801171524,
      "val_thr_mean": 0.43650613858949766,
      "val_thr_std": 0.025043679189415264
    }
  ],
  "task_id": 671,
  "thr_grid_size": 600
}