{
  "feature_set": "c110_errors",
  "model": "rf",
  "n_bootstrap": 50,
  "param_hash": "557f79c76653",
  "param_index": 23,
  "params": {
    "bootstrap": true,
    "class_weight": "balanced",
    "max_depth": 20,
    "max_features": "0.5",
    "min_samples_leaf": 4,
    "min_samples_split": 4,
    "n_estimators": 800
  },
  "runtime_s": 773.8488726615906,
  "summary_preview": [
    {
      "criterion": "f1",
      "feature_set": "c110_errors",
      "model": "rf",
      "param_hash": "557f79c76653",
      "param_index": 23,
      "test_Brier_mean": 0.05183833031212651,
      "test_Brier_std": 0.0029099043653842364,
      "test_LogLoss_mean": 0.1929438238061026,
      "test_LogLoss_std": 0.007988925125502377,
      "test_PR_AUC_mean": 0.9064285753686134,
      "test_PR_AUC_std": 0.009252553413829415,
      "test_Precision_mean": 0.8786337813314837,
      "test_Precision_std": 0.04039370213056299,
      "test_ROC_AUC_mean": 0.9621316196094958,
      "test_ROC_AUC_std": 0.004399707051180959,
      "test_Sensitivity_mean": 0.7921428571428477,
      "test_Sensitivity_std": 0.05615902745309689,
      "test_Specificity_mean": 0.9719174041297906,
      "test_Specificity_std": 0.012246075878264552,
      "val_Precision_mean": 0.9015174321270172,
      "val_Precision_std": 0.04890823850342241,
      "val_Sensitivity_mean": 0.7597619047618958,
      "val_Sensitivity_std": 0.039497544166532075,
      "val_Specificity_mean": 0.9783480825958673,
      "val_Specificity_std": 0.012776502794142075,
      "val_score_mean": 0.8225561283443179,
      "val_score_std": 0.014968046260607423,
      "val_thr_mean": 0.4560584231970004,
      "val_thr_std": 0.09889056643373634
    },
    {
      "criterion": "youden",
      "feature_set": "c110_errors",
      "model": "rf",
      "param_hash": "557f79c76653",
      "param_index": 23,
      "test_Brier_mean": 0.05183833031212651,
      "test_Brier_std": 0.0029099043653842364,
      "test_LogLoss_mean": 0.1929438238061026,
      "test_LogLoss_std": 0.007988925125502377,
      "test_PR_AUC_mean": 0.9064285753686134,
      "test_PR_AUC_std": 0.009252553413829415,
      "test_Precision_mean": 0.7998479551165742,
      "test_Precision_std": 0.04421716514459635,
      "test_ROC_AUC_mean": 0.9621316196094958,
      "test_ROC_AUC_std": 0.004399707051180959,
      "test_Sensitivity_mean": 0.8676190476190374,
      "test_Sensitivity_std": 0.040506191362687786,
      "test_Specificity_mean": 0.945014749262534,
      "test_Specificity_std": 0.01666303023178406,
      "val_Precision_mean": 0.8016402344334225,
      "val_Precision_std": 0.05035831842525168,
      "val_Sensitivity_mean": 0.8104761904761808,
      "val_Sensitivity_std": 0.021758075634992238,
      "val_Specificity_mean": 0.9491445427728585,
      "val_Specificity_std": 0.016596822931189,
      "val_score_mean": 0.7596207332490394,
      "val_score_std": 0.01990489326777931,
      "val_thr_mean": 0.3128629136593604,
      "val_thr_std": 0.05548226234416247
    }
  ],
  "task_id": 215,
  "thr_grid_size": 600
}