{
  "feature_set": "c110",
  "model": "brf",
  "n_bootstrap": 50,
  "param_hash": "fc874b711781",
  "param_index": 11,
  "params": {
    "max_depth": 10,
    "max_features": "0.2",
    "min_samples_leaf": 2,
    "min_samples_split": 2,
    "n_estimators": 1500,
    "replacement": false,
    "sampling_strategy": "auto"
  },
  "runtime_s": 566.7195134162903,
  "summary_preview": [
    {
      "criterion": "f1",
      "feature_set": "c110",
      "model": "brf",
      "param_hash": "fc874b711781",
      "param_index": 11,
      "test_Brier_mean": 0.06375976582999467,
      "test_Brier_std": 0.0024379753638683554,
      "test_LogLoss_mean": 0.23832582406362296,
      "test_LogLoss_std": 0.008028590495308236,
      "test_PR_AUC_mean": 0.9054736027167078,
      "test_PR_AUC_std": 0.006164209630623855,
      "test_Precision_mean": 0.8852949387301569,
      "test_Precision_std": 0.041375626549730274,
      "test_ROC_AUC_mean": 0.9637800252844501,
      "test_ROC_AUC_std": 0.003564291254552744,
      "test_Sensitivity_mean": 0.7628571428571338,
      "test_Sensitivity_std": 0.05101133706208833,
      "test_Specificity_mean": 0.9744542772861329,
      "test_Specificity_std": 0.013146428217341206,
      "val_Precision_mean": 0.9090834501371671,
      "val_Precision_std": 0.04978418435306,
      "val_Sensitivity_mean": 0.7461904761904674,
      "val_Sensitivity_std": 0.030369407191223705,
      "val_Specificity_mean": 0.980471976401177,
      "val_Specificity_std": 0.012682755650858803,
      "val_score_mean": 0.8178913281692377,
      "val_score_std": 0.009684204697300365,
      "val_thr_mean": 0.623131824177685,
      "val_thr_std": 0.07667518374089598
    },
    {
      "criterion": "youden",
      "feature_set": "c110",
      "model": "brf",
      "param_hash": "fc874b711781",
      "param_index": 11,
      "test_Brier_mean": 0.06375976582999467,
      "test_Brier_std": 0.0024379753638683554,
      "test_LogLoss_mean": 0.23832582406362296,
      "test_LogLoss_std": 0.008028590495308236,
      "test_PR_AUC_mean": 0.9054736027167078,
      "test_PR_AUC_std": 0.006164209630623855,
      "test_Precision_mean": 0.777424759256797,
      "test_Precision_std": 0.05276417930438751,
      "test_ROC_AUC_mean": 0.9637800252844501,
      "test_ROC_AUC_std": 0.003564291254552744,
      "test_Sensitivity_mean": 0.8735714285714182,
      "test_Sensitivity_std": 0.03654603229193284,
      "test_Specificity_mean": 0.9361651917404101,
      "test_Specificity_std": 0.021252980327724297,
      "val_Precision_mean": 0.7805892603257162,
      "val_Precision_std": 0.046337445507130315,
      "val_Sensitivity_mean": 0.8123809523809428,
      "val_Sensitivity_std": 0.020906611375005643,
      "val_Specificity_mean": 0.9421828908554544,
      "val_Specificity_std": 0.016887876029931574,
      "val_score_mean": 0.7545638432363971,
      "val_score_std": 0.010648751933017333,
      "val_thr_mean": 0.44026458910020144,
      "val_thr_std": 0.051476197204543314
    }
  ],
  "task_id": 59,
  "thr_grid_size": 600
}