{
  "feature_set": "c110",
  "model": "rf",
  "n_bootstrap": 50,
  "param_hash": "58d13dbea0f4",
  "param_index": 6,
  "params": {
    "bootstrap": true,
    "class_weight": "balanced",
    "max_depth": 20,
    "max_features": "0.3",
    "min_samples_leaf": 4,
    "min_samples_split": 4,
    "n_estimators": 2500
  },
  "runtime_s": 833.5814297199249,
  "summary_preview": [
    {
      "criterion": "f1",
      "feature_set": "c110",
      "model": "rf",
      "param_hash": "58d13dbea0f4",
      "param_index": 6,
      "test_Brier_mean": 0.05236628581169379,
      "test_Brier_std": 0.0023927683005293926,
      "test_LogLoss_mean": 0.19470831806464795,
      "test_LogLoss_std": 0.006555184980383157,
      "test_PR_AUC_mean": 0.9072366638326234,
      "test_PR_AUC_std": 0.008395170328840932,
      "test_Precision_mean": 0.8887698104370437,
      "test_Precision_std": 0.031054046419545404,
      "test_ROC_AUC_mean": 0.962732125298497,
      "test_ROC_AUC_std": 0.0038994076877605353,
      "test_Sensitivity_mean": 0.7830952380952289,
      "test_Sensitivity_std": 0.04853885700702357,
      "test_Specificity_mean": 0.9751032448377552,
      "test_Specificity_std": 0.009556942392288771,
      "val_Precision_mean": 0.9100758224474745,
      "val_Precision_std": 0.040007235615263544,
      "val_Sensitivity_mean": 0.7583333333333243,
      "val_Sensitivity_std": 0.030635856351448307,
      "val_Specificity_mean": 0.9807079646017669,
      "val_Specificity_std": 0.010411579965805412,
      "val_score_mean": 0.8259655780064088,
      "val_score_std": 0.010487774220977254,
      "val_thr_mean": 0.4776065754970527,
      "val_thr_std": 0.08209898726053326
    },
    {
      "criterion": "youden",
      "feature_set": "c110",
      "model": "rf",
      "param_hash": "58d13dbea0f4",
      "param_index": 6,
      "test_Brier_mean": 0.05236628581169379,
      "test_Brier_std": 0.0023927683005293926,
      "test_LogLoss_mean": 0.19470831806464795,
      "test_LogLoss_std": 0.006555184980383157,
      "test_PR_AUC_mean": 0.9072366638326234,
      "test_PR_AUC_std": 0.008395170328840932,
      "test_Precision_mean": 0.7996980124064508,
      "test_Precision_std": 0.04506491129373948,
      "test_ROC_AUC_mean": 0.962732125298497,
      "test_ROC_AUC_std": 0.0038994076877605353,
      "test_Sensitivity_mean": 0.8664285714285611,
      "test_Sensitivity_std": 0.03343815948149507,
      "test_Specificity_mean": 0.9450737463126815,
      "test_Specificity_std": 0.01627626124509785,
      "val_Precision_mean": 0.8024826539341682,
      "val_Precision_std": 0.03840066069119166,
      "val_Sensitivity_mean": 0.8140476190476095,
      "val_Sensitivity_std": 0.018767682978549874,
      "val_Specificity_mean": 0.9496165191740384,
      "val_Specificity_std": 0.012484477264858126,
      "val_score_mean": 0.7636641382216479,
      "val_score_std": 0.012726374289536685,
      "val_thr_mean": 0.318688184230821,
      "val_thr_std": 0.04718766128279948
    }
  ],
  "task_id": 6,
  "thr_grid_size": 600
}