{
  "feature_set": "c110_d110",
  "model": "bbag",
  "n_bootstrap": 50,
  "param_hash": "ce452f8767aa",
  "param_index": 14,
  "params": {
    "base_max_depth": null,
    "base_max_features": "0.3",
    "base_min_samples_leaf": 2,
    "base_min_samples_split": 8,
    "bootstrap": true,
    "max_features": 1.0,
    "max_samples": 0.5,
    "n_estimators": 1200,
    "replacement": false,
    "sampling_strategy": "auto"
  },
  "runtime_s": 105.06035327911377,
  "summary_preview": [
    {
      "criterion": "f1",
      "feature_set": "c110_d110",
      "model": "bbag",
      "param_hash": "ce452f8767aa",
      "param_index": 14,
      "test_Brier_mean": 0.06825863574861293,
      "test_Brier_std": 0.002874766487748333,
      "test_LogLoss_mean": 0.25536572747677583,
      "test_LogLoss_std": 0.009071078718664973,
      "test_PR_AUC_mean": 0.8972344227285582,
      "test_PR_AUC_std": 0.0052577658329041235,
      "test_Precision_mean": 0.8804814664382227,
      "test_Precision_std": 0.0335709063257163,
      "test_ROC_AUC_mean": 0.9609172636606265,
      "test_ROC_AUC_std": 0.0029014709877242984,
      "test_Sensitivity_mean": 0.7683333333333242,
      "test_Sensitivity_std": 0.052485208553857826,
      "test_Specificity_mean": 0.9733923303834778,
      "test_Specificity_std": 0.009927523598228101,
      "val_Precision_mean": 0.8832747482811111,
      "val_Precision_std": 0.052077358951290675,
      "val_Sensitivity_mean": 0.7452380952380864,
      "val_Sensitivity_std": 0.03551124662894701,
      "val_Specificity_mean": 0.9743362831858378,
      "val_Specificity_std": 0.013645406539142093,
      "val_score_mean": 0.8062449943428136,
      "val_score_std": 0.007272137356731463,
      "val_thr_mean": 0.6100124995362642,
      "val_thr_std": 0.08072706636965357
    },
    {
      "criterion": "youden",
      "feature_set": "c110_d110",
      "model": "bbag",
      "param_hash": "ce452f8767aa",
      "param_index": 14,
      "test_Brier_mean": 0.06825863574861293,
      "test_Brier_std": 0.002874766487748333,
      "test_LogLoss_mean": 0.25536572747677583,
      "test_LogLoss_std": 0.009071078718664973,
      "test_PR_AUC_mean": 0.8972344227285582,
      "test_PR_AUC_std": 0.0052577658329041235,
      "test_Precision_mean": 0.8205708827315967,
      "test_Precision_std": 0.03441724327480907,
      "test_ROC_AUC_mean": 0.9609172636606265,
      "test_ROC_AUC_std": 0.0029014709877242984,
      "test_Sensitivity_mean": 0.8461904761904662,
      "test_Sensitivity_std": 0.020945311997742116,
      "test_Specificity_mean": 0.9535103244837729,
      "test_Specificity_std": 0.011912646699504925,
      "val_Precision_mean": 0.7941932785007616,
      "val_Precision_std": 0.03299809427076737,
      "val_Sensitivity_mean": 0.7949999999999906,
      "val_Sensitivity_std": 0.011607064986905703,
      "val_Specificity_mean": 0.9484365781710886,
      "val_Specificity_std": 0.010879171486384,
      "val_score_mean": 0.7434365781710791,
      "val_score_std": 0.009140166596017575,
      "val_thr_mean": 0.482040406365106,
      "val_thr_std": 0.03478060684587614
    }
  ],
  "task_id": 182,
  "thr_grid_size": 600
}