{
  "feature_set": "c110_d110_errors_snr",
  "model": "bbag",
  "n_bootstrap": 50,
  "param_hash": "5fe73619adf5",
  "param_index": 8,
  "params": {
    "base_max_depth": 10,
    "base_max_features": "0.3",
    "base_min_samples_leaf": 2,
    "base_min_samples_split": 4,
    "bootstrap": true,
    "max_features": 0.5,
    "max_samples": 1.0,
    "n_estimators": 200,
    "replacement": true,
    "sampling_strategy": "auto"
  },
  "runtime_s": 59.88747310638428,
  "summary_preview": [
    {
      "criterion": "f1",
      "feature_set": "c110_d110_errors_snr",
      "model": "bbag",
      "param_hash": "5fe73619adf5",
      "param_index": 8,
      "test_Brier_mean": 0.06992478673958794,
      "test_Brier_std": 0.003112087534924294,
      "test_LogLoss_mean": 0.2624523781587958,
      "test_LogLoss_std": 0.008904339449052983,
      "test_PR_AUC_mean": 0.8897628154579234,
      "test_PR_AUC_std": 0.009810947904787549,
      "test_Precision_mean": 0.8439310616923115,
      "test_Precision_std": 0.030611835223614617,
      "test_ROC_AUC_mean": 0.9630060401741818,
      "test_ROC_AUC_std": 0.0036029610682884825,
      "test_Sensitivity_mean": 0.7716666666666575,
      "test_Sensitivity_std": 0.057204069093445775,
      "test_Specificity_mean": 0.9639528023598791,
      "test_Specificity_std": 0.010223627373232043,
      "val_Precision_mean": 0.8346971874896545,
      "val_Precision_std": 0.045024638581086636,
      "val_Sensitivity_mean": 0.751904761904753,
      "val_Sensitivity_std": 0.03850904984889485,
      "val_Specificity_mean": 0.9619469026548643,
      "val_Specificity_std": 0.013316076956868875,
      "val_score_mean": 0.789114606921868,
      "val_score_std": 0.009004057367939257,
      "val_thr_mean": 0.5148605893403787,
      "val_thr_std": 0.06477248837454083
    },
    {
      "criterion": "youden",
      "feature_set": "c110_d110_errors_snr",
      "model": "bbag",
      "param_hash": "5fe73619adf5",
      "param_index": 8,
      "test_Brier_mean": 0.06992478673958794,
      "test_Brier_std": 0.003112087534924294,
      "test_LogLoss_mean": 0.2624523781587958,
      "test_LogLoss_std": 0.008904339449052983,
      "test_PR_AUC_mean": 0.8897628154579234,
      "test_PR_AUC_std": 0.009810947904787549,
      "test_Precision_mean": 0.793603482678334,
      "test_Precision_std": 0.04603412775992765,
      "test_ROC_AUC_mean": 0.9630060401741818,
      "test_ROC_AUC_std": 0.0036029610682884825,
      "test_Sensitivity_mean": 0.8419047619047519,
      "test_Sensitivity_std": 0.03818320746863555,
      "test_Specificity_mean": 0.9443657817109116,
      "test_Specificity_std": 0.01868513446534111,
      "val_Precision_mean": 0.7623524792072461,
      "val_Precision_std": 0.046188381940228916,
      "val_Sensitivity_mean": 0.7952380952380858,
      "val_Sensitivity_std": 0.018316887099096762,
      "val_Specificity_mean": 0.93734513274336,
      "val_Specificity_std": 0.0176545100449107,
      "val_score_mean": 0.7325832279814457,
      "val_score_std": 0.013011849918318191,
      "val_thr_mean": 0.4351437015815456,
      "val_thr_std": 0.04220889682590797
    }
  ],
  "task_id": 656,
  "thr_grid_size": 600
}