{
  "feature_set": "c110",
  "model": "brf",
  "n_bootstrap": 50,
  "param_hash": "45c6b76660fe",
  "param_index": 8,
  "params": {
    "max_depth": null,
    "max_features": "0.3",
    "min_samples_leaf": 1,
    "min_samples_split": 2,
    "n_estimators": 1500,
    "replacement": false,
    "sampling_strategy": "auto"
  },
  "runtime_s": 580.8472707271576,
  "summary_preview": [
    {
      "criterion": "f1",
      "feature_set": "c110",
      "model": "brf",
      "param_hash": "45c6b76660fe",
      "param_index": 8,
      "test_Brier_mean": 0.06636477102180194,
      "test_Brier_std": 0.0034640589625445453,
      "test_LogLoss_mean": 0.24259521808609832,
      "test_LogLoss_std": 0.009414596386244109,
      "test_PR_AUC_mean": 0.9030769999443412,
      "test_PR_AUC_std": 0.009187535715708897,
      "test_Precision_mean": 0.8824651592395625,
      "test_Precision_std": 0.034188200532281464,
      "test_ROC_AUC_mean": 0.9615384885517629,
      "test_ROC_AUC_std": 0.004237284083146699,
      "test_Sensitivity_mean": 0.7735714285714194,
      "test_Sensitivity_std": 0.054818388920161186,
      "test_Specificity_mean": 0.9737463126843628,
      "test_Specificity_std": 0.010514096038663807,
      "val_Precision_mean": 0.9130776745741354,
      "val_Precision_std": 0.041029168246958396,
      "val_Sensitivity_mean": 0.7564285714285625,
      "val_Sensitivity_std": 0.03544684445742605,
      "val_Specificity_mean": 0.9814159292035369,
      "val_Specificity_std": 0.01015321011644058,
      "val_score_mean": 0.8259056796720665,
      "val_score_std": 0.013998037575183439,
      "val_thr_mean": 0.6202595214245967,
      "val_thr_std": 0.07473988085919772
    },
    {
      "criterion": "youden",
      "feature_set": "c110",
      "model": "brf",
      "param_hash": "45c6b76660fe",
      "param_index": 8,
      "test_Brier_mean": 0.06636477102180194,
      "test_Brier_std": 0.0034640589625445453,
      "test_LogLoss_mean": 0.24259521808609832,
      "test_LogLoss_std": 0.009414596386244109,
      "test_PR_AUC_mean": 0.9030769999443412,
      "test_PR_AUC_std": 0.009187535715708897,
      "test_Precision_mean": 0.7969752864246198,
      "test_Precision_std": 0.04821911631448451,
      "test_ROC_AUC_mean": 0.9615384885517629,
      "test_ROC_AUC_std": 0.004237284083146699,
      "test_Sensitivity_mean": 0.8635714285714183,
      "test_Sensitivity_std": 0.030252037984440296,
      "test_Specificity_mean": 0.9442477876106166,
      "test_Specificity_std": 0.017109871092003143,
      "val_Precision_mean": 0.8043540350680007,
      "val_Precision_std": 0.05268850796141744,
      "val_Sensitivity_mean": 0.8140476190476095,
      "val_Sensitivity_std": 0.018456886813100138,
      "val_Specificity_mean": 0.949675516224186,
      "val_Specificity_std": 0.016976080950108528,
      "val_score_mean": 0.7637231352717953,
      "val_score_std": 0.014946709061182756,
      "val_thr_mean": 0.476195815247635,
      "val_thr_std": 0.05011677600793376
    }
  ],
  "task_id": 56,
  "thr_grid_size": 600
}