{
  "feature_set": "c110_d110_errors",
  "model": "rf",
  "n_bootstrap": 50,
  "param_hash": "93530ef68b1b",
  "param_index": 14,
  "params": {
    "bootstrap": true,
    "class_weight": "balanced",
    "max_depth": null,
    "max_features": "0.2",
    "min_samples_leaf": 2,
    "min_samples_split": 2,
    "n_estimators": 1500
  },
  "runtime_s": 901.8223700523376,
  "summary_preview": [
    {
      "criterion": "f1",
      "feature_set": "c110_d110_errors",
      "model": "rf",
      "param_hash": "93530ef68b1b",
      "param_index": 14,
      "test_Brier_mean": 0.049034923040671634,
      "test_Brier_std": 0.0016619492090610376,
      "test_LogLoss_mean": 0.1847489546704051,
      "test_LogLoss_std": 0.004872618081143546,
      "test_PR_AUC_mean": 0.9066962822646798,
      "test_PR_AUC_std": 0.005488885795404056,
      "test_Precision_mean": 0.9002003804702774,
      "test_Precision_std": 0.019077334830817045,
      "test_ROC_AUC_mean": 0.963150021070375,
      "test_ROC_AUC_std": 0.002634906163290188,
      "test_Sensitivity_mean": 0.8130952380952284,
      "test_Sensitivity_std": 0.026809324439514063,
      "test_Specificity_mean": 0.9774631268436549,
      "test_Specificity_std": 0.005388745845139724,
      "val_Precision_mean": 0.9086864128457964,
      "val_Precision_std": 0.019773903583817098,
      "val_Sensitivity_mean": 0.7685714285714195,
      "val_Sensitivity_std": 0.014857367120980468,
      "val_Specificity_mean": 0.9807079646017669,
      "val_Specificity_std": 0.004849300012893327,
      "val_score_mean": 0.8324928055452443,
      "val_score_std": 0.007142143118459229,
      "val_thr_mean": 0.4215508965096994,
      "val_thr_std": 0.04943324247970742
    },
    {
      "criterion": "youden",
      "feature_set": "c110_d110_errors",
      "model": "rf",
      "param_hash": "93530ef68b1b",
      "param_index": 14,
      "test_Brier_mean": 0.049034923040671634,
      "test_Brier_std": 0.0016619492090610376,
      "test_LogLoss_mean": 0.1847489546704051,
      "test_LogLoss_std": 0.004872618081143546,
      "test_PR_AUC_mean": 0.9066962822646798,
      "test_PR_AUC_std": 0.005488885795404056,
      "test_Precision_mean": 0.8498789429659414,
      "test_Precision_std": 0.048521212452001306,
      "test_ROC_AUC_mean": 0.963150021070375,
      "test_ROC_AUC_std": 0.002634906163290188,
      "test_Sensitivity_mean": 0.8519047619047518,
      "test_Sensitivity_std": 0.03325340966693903,
      "test_Specificity_mean": 0.9614159292035369,
      "test_Specificity_std": 0.016599818631754082,
      "val_Precision_mean": 0.8521690375897133,
      "val_Precision_std": 0.05562101946206797,
      "val_Sensitivity_mean": 0.7930952380952287,
      "val_Sensitivity_std": 0.021089806845901546,
      "val_Specificity_mean": 0.9644837758112065,
      "val_Specificity_std": 0.017738803253390965,
      "val_score_mean": 0.7575790139064352,
      "val_score_std": 0.009202015148290443,
      "val_thr_mean": 0.33597064693757994,
      "val_thr_std": 0.06821830121790244
    }
  ],
  "task_id": 302,
  "thr_grid_size": 600
}