{
  "feature_set": "c110",
  "model": "bbag",
  "n_bootstrap": 50,
  "param_hash": "015dc37e99e6",
  "param_index": 20,
  "params": {
    "base_max_depth": 20,
    "base_max_features": "0.5",
    "base_min_samples_leaf": 4,
    "base_min_samples_split": 4,
    "bootstrap": true,
    "max_features": 0.7,
    "max_samples": 1.0,
    "n_estimators": 800,
    "replacement": true,
    "sampling_strategy": "auto"
  },
  "runtime_s": 75.9522442817688,
  "summary_preview": [
    {
      "criterion": "f1",
      "feature_set": "c110",
      "model": "bbag",
      "param_hash": "015dc37e99e6",
      "param_index": 20,
      "test_Brier_mean": 0.06855251997372028,
      "test_Brier_std": 0.0025708852459990117,
      "test_LogLoss_mean": 0.25836505472618987,
      "test_LogLoss_std": 0.007566890499731594,
      "test_PR_AUC_mean": 0.8961366446883732,
      "test_PR_AUC_std": 0.0071193886971192616,
      "test_Precision_mean": 0.859796668697522,
      "test_Precision_std": 0.02068544443502204,
      "test_ROC_AUC_mean": 0.9623647984267453,
      "test_ROC_AUC_std": 0.0036138145095140845,
      "test_Sensitivity_mean": 0.7957142857142763,
      "test_Sensitivity_std": 0.03932655355862439,
      "test_Specificity_mean": 0.9674926253687286,
      "test_Specificity_std": 0.007138847052034243,
      "val_Precision_mean": 0.8433347795503575,
      "val_Precision_std": 0.03722474963332196,
      "val_Sensitivity_mean": 0.7685714285714195,
      "val_Sensitivity_std": 0.027227885845155442,
      "val_Specificity_mean": 0.9638938053097316,
      "val_Specificity_std": 0.011174214080667367,
      "val_score_mean": 0.8030697382836399,
      "val_score_std": 0.009008885992314062,
      "val_thr_mean": 0.5399427491470129,
      "val_thr_std": 0.05755559678072994
    },
    {
      "criterion": "youden",
      "feature_set": "c110",
      "model": "bbag",
      "param_hash": "015dc37e99e6",
      "param_index": 20,
      "test_Brier_mean": 0.06855251997372028,
      "test_Brier_std": 0.0025708852459990117,
      "test_LogLoss_mean": 0.25836505472618987,
      "test_LogLoss_std": 0.007566890499731594,
      "test_PR_AUC_mean": 0.8961366446883732,
      "test_PR_AUC_std": 0.0071193886971192616,
      "test_Precision_mean": 0.8020889555276056,
      "test_Precision_std": 0.037937042225697666,
      "test_ROC_AUC_mean": 0.9623647984267453,
      "test_ROC_AUC_std": 0.0036138145095140845,
      "test_Sensitivity_mean": 0.8628571428571327,
      "test_Sensitivity_std": 0.023838660500591857,
      "test_Specificity_mean": 0.9464306784660738,
      "test_Specificity_std": 0.014344701432039246,
      "val_Precision_mean": 0.7602256044456901,
      "val_Precision_std": 0.03796879760792897,
      "val_Sensitivity_mean": 0.8142857142857046,
      "val_Sensitivity_std": 0.012025625530383324,
      "val_Specificity_mean": 0.9355752212389352,
      "val_Specificity_std": 0.01400645950800429,
      "val_score_mean": 0.7498609355246398,
      "val_score_std": 0.009693925101431862,
      "val_thr_mean": 0.43499222221046857,
      "val_thr_std": 0.02936795470209674
    }
  ],
  "task_id": 92,
  "thr_grid_size": 600
}