{
  "feature_set": "c110_errors",
  "model": "brf",
  "n_bootstrap": 50,
  "param_hash": "97f9c5e2caa7",
  "param_index": 10,
  "params": {
    "max_depth": 20,
    "max_features": "0.5",
    "min_samples_leaf": 2,
    "min_samples_split": 4,
    "n_estimators": 2500,
    "replacement": false,
    "sampling_strategy": "auto"
  },
  "runtime_s": 1536.2077565193176,
  "summary_preview": [
    {
      "criterion": "f1",
      "feature_set": "c110_errors",
      "model": "brf",
      "param_hash": "97f9c5e2caa7",
      "param_index": 10,
      "test_Brier_mean": 0.06375391960149225,
      "test_Brier_std": 0.0030930238917279184,
      "test_LogLoss_mean": 0.23633689806777358,
      "test_LogLoss_std": 0.009828478779228229,
      "test_PR_AUC_mean": 0.9054231251293113,
      "test_PR_AUC_std": 0.01032026296230774,
      "test_Precision_mean": 0.8806318273563393,
      "test_Precision_std": 0.03494688645533329,
      "test_ROC_AUC_mean": 0.9620483916280377,
      "test_ROC_AUC_std": 0.004318335836647973,
      "test_Sensitivity_mean": 0.781190476190467,
      "test_Sensitivity_std": 0.05489220565151558,
      "test_Specificity_mean": 0.9729793510324454,
      "test_Specificity_std": 0.010650194015292878,
      "val_Precision_mean": 0.9056329641448262,
      "val_Precision_std": 0.04415082005853191,
      "val_Sensitivity_mean": 0.7516666666666577,
      "val_Sensitivity_std": 0.037105242472287726,
      "val_Specificity_mean": 0.9797050147492595,
      "val_Specificity_std": 0.011238867739289818,
      "val_score_mean": 0.8197598067773783,
      "val_score_std": 0.013483966610615917,
      "val_thr_mean": 0.6264019299364042,
      "val_thr_std": 0.08755442250798677
    },
    {
      "criterion": "youden",
      "feature_set": "c110_errors",
      "model": "brf",
      "param_hash": "97f9c5e2caa7",
      "param_index": 10,
      "test_Brier_mean": 0.06375391960149225,
      "test_Brier_std": 0.0030930238917279184,
      "test_LogLoss_mean": 0.23633689806777358,
      "test_LogLoss_std": 0.009828478779228229,
      "test_PR_AUC_mean": 0.9054231251293113,
      "test_PR_AUC_std": 0.01032026296230774,
      "test_Precision_mean": 0.8066818691162447,
      "test_Precision_std": 0.04468954815077175,
      "test_ROC_AUC_mean": 0.9620483916280377,
      "test_ROC_AUC_std": 0.004318335836647973,
      "test_Sensitivity_mean": 0.8697619047618944,
      "test_Sensitivity_std": 0.03873744999262475,
      "test_Specificity_mean": 0.9471386430678437,
      "test_Specificity_std": 0.015933885157422896,
      "val_Precision_mean": 0.802482156932696,
      "val_Precision_std": 0.05567938471134837,
      "val_Sensitivity_mean": 0.802619047619038,
      "val_Sensitivity_std": 0.0232054068390687,
      "val_Specificity_mean": 0.9496165191740384,
      "val_Specificity_std": 0.017667380696855712,
      "val_score_mean": 0.7522355667930765,
      "val_score_std": 0.017883674090872763,
      "val_thr_mean": 0.48314463741956104,
      "val_thr_std": 0.06380770864223265
    }
  ],
  "task_id": 250,
  "thr_grid_size": 600
}