{
  "feature_set": "c110_errors",
  "model": "brf",
  "n_bootstrap": 50,
  "param_hash": "406f8ac913b7",
  "param_index": 1,
  "params": {
    "max_depth": 10,
    "max_features": "sqrt",
    "min_samples_leaf": 1,
    "min_samples_split": 4,
    "n_estimators": 800,
    "replacement": true,
    "sampling_strategy": "auto"
  },
  "runtime_s": 320.47693634033203,
  "summary_preview": [
    {
      "criterion": "f1",
      "feature_set": "c110_errors",
      "model": "brf",
      "param_hash": "406f8ac913b7",
      "param_index": 1,
      "test_Brier_mean": 0.07741749502483197,
      "test_Brier_std": 0.0030436733464599235,
      "test_LogLoss_mean": 0.28089069165026825,
      "test_LogLoss_std": 0.008325049305384292,
      "test_PR_AUC_mean": 0.8888362786069193,
      "test_PR_AUC_std": 0.01057096140278643,
      "test_Precision_mean": 0.8549455485582463,
      "test_Precision_std": 0.031866510673962414,
      "test_ROC_AUC_mean": 0.9600449501334457,
      "test_ROC_AUC_std": 0.005419836048137103,
      "test_Sensitivity_mean": 0.7504761904761815,
      "test_Sensitivity_std": 0.059058433443368384,
      "test_Specificity_mean": 0.9677286135693186,
      "test_Specificity_std": 0.010103415113076785,
      "val_Precision_mean": 0.8514351593984241,
      "val_Precision_std": 0.050618791424020045,
      "val_Sensitivity_mean": 0.7283333333333247,
      "val_Sensitivity_std": 0.03700220684747201,
      "val_Specificity_mean": 0.9672566371681387,
      "val_Specificity_std": 0.014168945999540154,
      "val_score_mean": 0.7829815630605012,
      "val_score_std": 0.012717300112817825,
      "val_thr_mean": 0.585865737974906,
      "val_thr_std": 0.05229718959564014
    },
    {
      "criterion": "youden",
      "feature_set": "c110_errors",
      "model": "brf",
      "param_hash": "406f8ac913b7",
      "param_index": 1,
      "test_Brier_mean": 0.07741749502483197,
      "test_Brier_std": 0.0030436733464599235,
      "test_LogLoss_mean": 0.28089069165026825,
      "test_LogLoss_std": 0.008325049305384292,
      "test_PR_AUC_mean": 0.8888362786069193,
      "test_PR_AUC_std": 0.01057096140278643,
      "test_Precision_mean": 0.7747976787949146,
      "test_Precision_std": 0.058893345006396085,
      "test_ROC_AUC_mean": 0.9600449501334457,
      "test_ROC_AUC_std": 0.005419836048137103,
      "test_Sensitivity_mean": 0.8509523809523709,
      "test_Sensitivity_std": 0.04769430399269037,
      "test_Specificity_mean": 0.9362241887905576,
      "test_Specificity_std": 0.024089548871897157,
      "val_Precision_mean": 0.7331014815375505,
      "val_Precision_std": 0.06878385403530915,
      "val_Sensitivity_mean": 0.7940476190476096,
      "val_Sensitivity_std": 0.030635856351448325,
      "val_Specificity_mean": 0.925250737463124,
      "val_Specificity_std": 0.027592442538432273,
      "val_score_mean": 0.7192983565107337,
      "val_score_std": 0.014655902501088454,
      "val_thr_mean": 0.48248689179244425,
      "val_thr_std": 0.049870302954513904
    }
  ],
  "task_id": 241,
  "thr_grid_size": 600
}