{
  "feature_set": "c110",
  "model": "rf",
  "n_bootstrap": 50,
  "param_hash": "7d6e70e1e5a9",
  "param_index": 15,
  "params": {
    "bootstrap": true,
    "class_weight": "balanced",
    "max_depth": null,
    "max_features": "sqrt",
    "min_samples_leaf": 2,
    "min_samples_split": 8,
    "n_estimators": 2500
  },
  "runtime_s": 556.520672082901,
  "summary_preview": [
    {
      "criterion": "f1",
      "feature_set": "c110",
      "model": "rf",
      "param_hash": "7d6e70e1e5a9",
      "param_index": 15,
      "test_Brier_mean": 0.057111696954538944,
      "test_Brier_std": 0.001562555031268807,
      "test_LogLoss_mean": 0.2098030256037068,
      "test_LogLoss_std": 0.003889578770297571,
      "test_PR_AUC_mean": 0.9050379418964205,
      "test_PR_AUC_std": 0.006512718057796224,
      "test_Precision_mean": 0.8744401584494388,
      "test_Precision_std": 0.03792944930968851,
      "test_ROC_AUC_mean": 0.9641375193145104,
      "test_ROC_AUC_std": 0.0032699805716447103,
      "test_Sensitivity_mean": 0.7821428571428478,
      "test_Sensitivity_std": 0.05422210396914855,
      "test_Specificity_mean": 0.9712094395280206,
      "test_Specificity_std": 0.011702084920764712,
      "val_Precision_mean": 0.8787256465958119,
      "val_Precision_std": 0.0491542883919836,
      "val_Sensitivity_mean": 0.7602380952380863,
      "val_Sensitivity_std": 0.03042364426574507,
      "val_Specificity_mean": 0.972920353982298,
      "val_Specificity_std": 0.01294331719075491,
      "val_score_mean": 0.8134567216077631,
      "val_score_std": 0.008917959545593972,
      "val_thr_mean": 0.4093579256612349,
      "val_thr_std": 0.0701477170007139
    },
    {
      "criterion": "youden",
      "feature_set": "c110",
      "model": "rf",
      "param_hash": "7d6e70e1e5a9",
      "param_index": 15,
      "test_Brier_mean": 0.057111696954538944,
      "test_Brier_std": 0.001562555031268807,
      "test_LogLoss_mean": 0.2098030256037068,
      "test_LogLoss_std": 0.003889578770297571,
      "test_PR_AUC_mean": 0.9050379418964205,
      "test_PR_AUC_std": 0.006512718057796224,
      "test_Precision_mean": 0.8124880162689766,
      "test_Precision_std": 0.027583569173511832,
      "test_ROC_AUC_mean": 0.9641375193145104,
      "test_ROC_AUC_std": 0.0032699805716447103,
      "test_Sensitivity_mean": 0.8595238095237994,
      "test_Sensitivity_std": 0.01953932872972094,
      "test_Specificity_mean": 0.9504424778761034,
      "test_Specificity_std": 0.009846878588746633,
      "val_Precision_mean": 0.8015767102387518,
      "val_Precision_std": 0.025955947403999646,
      "val_Sensitivity_mean": 0.8040476190476096,
      "val_Sensitivity_std": 0.014472779123396633,
      "val_Specificity_mean": 0.9503244837758084,
      "val_Specificity_std": 0.009200977061618256,
      "val_score_mean": 0.7543721028234178,
      "val_score_std": 0.010964680529333972,
      "val_thr_mean": 0.30189024800305053,
      "val_thr_std": 0.026707550492088873
    }
  ],
  "task_id": 15,
  "thr_grid_size": 600
}