{
  "feature_set": "c110_snr",
  "model": "brf",
  "n_bootstrap": 50,
  "param_hash": "492e7573718e",
  "param_index": 15,
  "params": {
    "max_depth": null,
    "max_features": "0.2",
    "min_samples_leaf": 2,
    "min_samples_split": 2,
    "n_estimators": 4000,
    "replacement": false,
    "sampling_strategy": "auto"
  },
  "runtime_s": 1684.940148115158,
  "summary_preview": [
    {
      "criterion": "f1",
      "feature_set": "c110_snr",
      "model": "brf",
      "param_hash": "492e7573718e",
      "param_index": 15,
      "test_Brier_mean": 0.06505660929504985,
      "test_Brier_std": 0.003014284385109595,
      "test_LogLoss_mean": 0.24555118058031147,
      "test_LogLoss_std": 0.008851658147056388,
      "test_PR_AUC_mean": 0.8966515410931412,
      "test_PR_AUC_std": 0.008644969777697733,
      "test_Precision_mean": 0.878217602112952,
      "test_Precision_std": 0.04176427133653884,
      "test_ROC_AUC_mean": 0.9613081191178536,
      "test_ROC_AUC_std": 0.0036812924676447004,
      "test_Sensitivity_mean": 0.773095238095229,
      "test_Sensitivity_std": 0.05104364550190589,
      "test_Specificity_mean": 0.972448377581118,
      "test_Specificity_std": 0.01243844757658286,
      "val_Precision_mean": 0.8924466532858998,
      "val_Precision_std": 0.05574089852778191,
      "val_Sensitivity_mean": 0.7523809523809435,
      "val_Sensitivity_std": 0.03639614720923883,
      "val_Specificity_mean": 0.97616519174041,
      "val_Specificity_std": 0.014437005230733763,
      "val_score_mean": 0.8141444543453633,
      "val_score_std": 0.011514400248598176,
      "val_thr_mean": 0.5895982982749027,
      "val_thr_std": 0.0820338245983892
    },
    {
      "criterion": "youden",
      "feature_set": "c110_snr",
      "model": "brf",
      "param_hash": "492e7573718e",
      "param_index": 15,
      "test_Brier_mean": 0.06505660929504985,
      "test_Brier_std": 0.003014284385109595,
      "test_LogLoss_mean": 0.24555118058031147,
      "test_LogLoss_std": 0.008851658147056388,
      "test_PR_AUC_mean": 0.8966515410931412,
      "test_PR_AUC_std": 0.008644969777697733,
      "test_Precision_mean": 0.7810709735526303,
      "test_Precision_std": 0.0534664759722435,
      "test_ROC_AUC_mean": 0.9613081191178536,
      "test_ROC_AUC_std": 0.0036812924676447004,
      "test_Sensitivity_mean": 0.8711904761904659,
      "test_Sensitivity_std": 0.03731356078809184,
      "test_Specificity_mean": 0.937699115044245,
      "test_Specificity_std": 0.020864055182157327,
      "val_Precision_mean": 0.7808746380081772,
      "val_Precision_std": 0.04433168802328991,
      "val_Sensitivity_mean": 0.8161904761904666,
      "val_Sensitivity_std": 0.02085120016869921,
      "val_Specificity_mean": 0.9421828908554544,
      "val_Specificity_std": 0.015506421822986977,
      "val_score_mean": 0.758373367045921,
      "val_score_std": 0.013217138752884052,
      "val_thr_mean": 0.42849769184752384,
      "val_thr_std": 0.05848288832982812
    }
  ],
  "task_id": 447,
  "thr_grid_size": 600
}