{
  "feature_set": "c110_snr",
  "model": "brf",
  "n_bootstrap": 50,
  "param_hash": "45c6b76660fe",
  "param_index": 8,
  "params": {
    "max_depth": null,
    "max_features": "0.3",
    "min_samples_leaf": 1,
    "min_samples_split": 2,
    "n_estimators": 1500,
    "replacement": false,
    "sampling_strategy": "auto"
  },
  "runtime_s": 803.1282920837402,
  "summary_preview": [
    {
      "criterion": "f1",
      "feature_set": "c110_snr",
      "model": "brf",
      "param_hash": "45c6b76660fe",
      "param_index": 8,
      "test_Brier_mean": 0.06583925780929867,
      "test_Brier_std": 0.0036783943659493335,
      "test_LogLoss_mean": 0.24688241933146657,
      "test_LogLoss_std": 0.010545600134673485,
      "test_PR_AUC_mean": 0.8876670562334177,
      "test_PR_AUC_std": 0.013138961327383727,
      "test_Precision_mean": 0.882017350020214,
      "test_Precision_std": 0.046677965881796,
      "test_ROC_AUC_mean": 0.9567186402584633,
      "test_ROC_AUC_std": 0.006445106225406121,
      "test_Sensitivity_mean": 0.7671428571428481,
      "test_Sensitivity_std": 0.05501168370509606,
      "test_Specificity_mean": 0.9733333333333305,
      "test_Specificity_std": 0.014560955528356775,
      "val_Precision_mean": 0.9015090644880953,
      "val_Precision_std": 0.05052594003713616,
      "val_Sensitivity_mean": 0.7538095238095148,
      "val_Sensitivity_std": 0.036982660192164826,
      "val_Specificity_mean": 0.9784660766961621,
      "val_Specificity_std": 0.013114510172436058,
      "val_score_mean": 0.8190511579209037,
      "val_score_std": 0.01388409769822062,
      "val_thr_mean": 0.5954895269894269,
      "val_thr_std": 0.08697507227784605
    },
    {
      "criterion": "youden",
      "feature_set": "c110_snr",
      "model": "brf",
      "param_hash": "45c6b76660fe",
      "param_index": 8,
      "test_Brier_mean": 0.06583925780929867,
      "test_Brier_std": 0.0036783943659493335,
      "test_LogLoss_mean": 0.24688241933146657,
      "test_LogLoss_std": 0.010545600134673485,
      "test_PR_AUC_mean": 0.8876670562334177,
      "test_PR_AUC_std": 0.013138961327383727,
      "test_Precision_mean": 0.792365687429649,
      "test_Precision_std": 0.058386341452999604,
      "test_ROC_AUC_mean": 0.9567186402584633,
      "test_ROC_AUC_std": 0.006445106225406121,
      "test_Sensitivity_mean": 0.8554761904761803,
      "test_Sensitivity_std": 0.03885672959440246,
      "test_Specificity_mean": 0.9424778761061918,
      "test_Specificity_std": 0.021390322634994435,
      "val_Precision_mean": 0.7979327764074386,
      "val_Precision_std": 0.0517476879462021,
      "val_Sensitivity_mean": 0.8092857142857046,
      "val_Sensitivity_std": 0.021577873138717917,
      "val_Specificity_mean": 0.9479056047197613,
      "val_Specificity_std": 0.01712398078811854,
      "val_score_mean": 0.7571913190054659,
      "val_score_std": 0.015506346009706861,
      "val_thr_mean": 0.4500793544796884,
      "val_thr_std": 0.0647167851752034
    }
  ],
  "task_id": 440,
  "thr_grid_size": 600
}