{
  "feature_set": "c110_d110_errors",
  "model": "brf",
  "n_bootstrap": 50,
  "param_hash": "a4c66b67ae89",
  "param_index": 22,
  "params": {
    "max_depth": 10,
    "max_features": "0.2",
    "min_samples_leaf": 2,
    "min_samples_split": 4,
    "n_estimators": 4000,
    "replacement": true,
    "sampling_strategy": "auto"
  },
  "runtime_s": 1628.6926517486572,
  "summary_preview": [
    {
      "criterion": "f1",
      "feature_set": "c110_d110_errors",
      "model": "brf",
      "param_hash": "a4c66b67ae89",
      "param_index": 22,
      "test_Brier_mean": 0.061976799979666965,
      "test_Brier_std": 0.002770251712788449,
      "test_LogLoss_mean": 0.2346637186724035,
      "test_LogLoss_std": 0.008924183702343214,
      "test_PR_AUC_mean": 0.9045669036486349,
      "test_PR_AUC_std": 0.005960909506949003,
      "test_Precision_mean": 0.892073256145194,
      "test_Precision_std": 0.019511429841959794,
      "test_ROC_AUC_mean": 0.9637884534344711,
      "test_ROC_AUC_std": 0.002342694617818942,
      "test_Sensitivity_mean": 0.8030952380952285,
      "test_Sensitivity_std": 0.027019950876784576,
      "test_Specificity_mean": 0.9757522123893776,
      "test_Specificity_std": 0.005239368120578094,
      "val_Precision_mean": 0.8980274872982703,
      "val_Precision_std": 0.028175191417247097,
      "val_Sensitivity_mean": 0.756904761904753,
      "val_Sensitivity_std": 0.021253740963145536,
      "val_Specificity_mean": 0.9784070796460148,
      "val_Specificity_std": 0.006858463720205267,
      "val_score_mean": 0.8209055306806947,
      "val_score_std": 0.012168217309202,
      "val_thr_mean": 0.6392459709233559,
      "val_thr_std": 0.051544666689300536
    },
    {
      "criterion": "youden",
      "feature_set": "c110_d110_errors",
      "model": "brf",
      "param_hash": "a4c66b67ae89",
      "param_index": 22,
      "test_Brier_mean": 0.061976799979666965,
      "test_Brier_std": 0.002770251712788449,
      "test_LogLoss_mean": 0.2346637186724035,
      "test_LogLoss_std": 0.008924183702343214,
      "test_PR_AUC_mean": 0.9045669036486349,
      "test_PR_AUC_std": 0.005960909506949003,
      "test_Precision_mean": 0.8421348573213894,
      "test_Precision_std": 0.045155416010947046,
      "test_ROC_AUC_mean": 0.9637884534344711,
      "test_ROC_AUC_std": 0.002342694617818942,
      "test_Sensitivity_mean": 0.8483333333333234,
      "test_Sensitivity_std": 0.02402839150880911,
      "test_Specificity_mean": 0.9595870206489647,
      "test_Specificity_std": 0.014949575874476777,
      "val_Precision_mean": 0.8305159902245524,
      "val_Precision_std": 0.04744433092622707,
      "val_Sensitivity_mean": 0.7883333333333239,
      "val_Sensitivity_std": 0.013876967441377614,
      "val_Specificity_mean": 0.9591740412979323,
      "val_Specificity_std": 0.01471140768556833,
      "val_score_mean": 0.7475073746312562,
      "val_score_std": 0.009769040897852235,
      "val_thr_mean": 0.5383894656498555,
      "val_thr_std": 0.05823424401939876
    }
  ],
  "task_id": 358,
  "thr_grid_size": 600
}