{
  "feature_set": "c110_d110_errors",
  "model": "bbag",
  "n_bootstrap": 50,
  "param_hash": "19a109e32ad1",
  "param_index": 21,
  "params": {
    "base_max_depth": 10,
    "base_max_features": "0.5",
    "base_min_samples_leaf": 4,
    "base_min_samples_split": 4,
    "bootstrap": true,
    "max_features": 0.9,
    "max_samples": 0.9,
    "n_estimators": 1200,
    "replacement": true,
    "sampling_strategy": "auto"
  },
  "runtime_s": 208.43706274032593,
  "summary_preview": [
    {
      "criterion": "f1",
      "feature_set": "c110_d110_errors",
      "model": "bbag",
      "param_hash": "19a109e32ad1",
      "param_index": 21,
      "test_Brier_mean": 0.06137388772375465,
      "test_Brier_std": 0.0023556248572671645,
      "test_LogLoss_mean": 0.23532884951350638,
      "test_LogLoss_std": 0.007258211911423433,
      "test_PR_AUC_mean": 0.9071230836218542,
      "test_PR_AUC_std": 0.004986283668783557,
      "test_Precision_mean": 0.9066500554497088,
      "test_Precision_std": 0.028965918594083165,
      "test_ROC_AUC_mean": 0.9674469728894508,
      "test_ROC_AUC_std": 0.0024077762287248333,
      "test_Sensitivity_mean": 0.7688095238095147,
      "test_Sensitivity_std": 0.03359349397884184,
      "test_Specificity_mean": 0.979999999999997,
      "test_Specificity_std": 0.0076387592815335414,
      "val_Precision_mean": 0.9168066794841638,
      "val_Precision_std": 0.04312293066490962,
      "val_Sensitivity_mean": 0.7328571428571342,
      "val_Sensitivity_std": 0.02558492458379763,
      "val_Specificity_mean": 0.9827728613569292,
      "val_Specificity_std": 0.010650194015292887,
      "val_score_mean": 0.8133119354933375,
      "val_score_std": 0.008342824556005313,
      "val_thr_mean": 0.6520246792222284,
      "val_thr_std": 0.06936251440273598
    },
    {
      "criterion": "youden",
      "feature_set": "c110_d110_errors",
      "model": "bbag",
      "param_hash": "19a109e32ad1",
      "param_index": 21,
      "test_Brier_mean": 0.06137388772375465,
      "test_Brier_std": 0.0023556248572671645,
      "test_LogLoss_mean": 0.23532884951350638,
      "test_LogLoss_std": 0.007258211911423433,
      "test_PR_AUC_mean": 0.9071230836218542,
      "test_PR_AUC_std": 0.004986283668783557,
      "test_Precision_mean": 0.8293390293066527,
      "test_Precision_std": 0.038930363975680775,
      "test_ROC_AUC_mean": 0.9674469728894508,
      "test_ROC_AUC_std": 0.0024077762287248333,
      "test_Sensitivity_mean": 0.8588095238095137,
      "test_Sensitivity_std": 0.02886250339098326,
      "test_Specificity_mean": 0.9553392330383452,
      "test_Specificity_std": 0.014327978978666164,
      "val_Precision_mean": 0.7988581788107568,
      "val_Precision_std": 0.03652144710649645,
      "val_Sensitivity_mean": 0.7969047619047523,
      "val_Sensitivity_std": 0.01259192677579086,
      "val_Specificity_mean": 0.9496165191740384,
      "val_Specificity_std": 0.012498693577356331,
      "val_score_mean": 0.7465212810787908,
      "val_score_std": 0.0077926528861381695,
      "val_thr_mean": 0.47074860036844923,
      "val_thr_std": 0.045726152441142955
    }
  ],
  "task_id": 381,
  "thr_grid_size": 600
}