{
  "feature_set": "c110_d110",
  "model": "bbag",
  "n_bootstrap": 50,
  "param_hash": "428dcc1f4cee",
  "param_index": 11,
  "params": {
    "base_max_depth": 20,
    "base_max_features": "0.3",
    "base_min_samples_leaf": 1,
    "base_min_samples_split": 8,
    "bootstrap": true,
    "max_features": 1.0,
    "max_samples": 0.9,
    "n_estimators": 500,
    "replacement": false,
    "sampling_strategy": "auto"
  },
  "runtime_s": 65.58410739898682,
  "summary_preview": [
    {
      "criterion": "f1",
      "feature_set": "c110_d110",
      "model": "bbag",
      "param_hash": "428dcc1f4cee",
      "param_index": 11,
      "test_Brier_mean": 0.06139335840131438,
      "test_Brier_std": 0.0017552877704589444,
      "test_LogLoss_mean": 0.23330609041789097,
      "test_LogLoss_std": 0.006023929798301845,
      "test_PR_AUC_mean": 0.9036168428690879,
      "test_PR_AUC_std": 0.0038726616813866107,
      "test_Precision_mean": 0.8956570144344643,
      "test_Precision_std": 0.02879185868502089,
      "test_ROC_AUC_mean": 0.9628908554572271,
      "test_ROC_AUC_std": 0.0023875546476029553,
      "test_Sensitivity_mean": 0.7804761904761812,
      "test_Sensitivity_std": 0.05732881953244932,
      "test_Specificity_mean": 0.97687315634218,
      "test_Specificity_std": 0.008157474004256452,
      "val_Precision_mean": 0.8957732183559908,
      "val_Precision_std": 0.04920639123142262,
      "val_Sensitivity_mean": 0.7554761904761815,
      "val_Sensitivity_std": 0.032017084672932704,
      "val_Specificity_mean": 0.9771681415929174,
      "val_Specificity_std": 0.011990654125094218,
      "val_score_mean": 0.8178269155308863,
      "val_score_std": 0.006822954747971363,
      "val_thr_mean": 0.5863120813199046,
      "val_thr_std": 0.08602725040160002
    },
    {
      "criterion": "youden",
      "feature_set": "c110_d110",
      "model": "bbag",
      "param_hash": "428dcc1f4cee",
      "param_index": 11,
      "test_Brier_mean": 0.06139335840131438,
      "test_Brier_std": 0.0017552877704589444,
      "test_LogLoss_mean": 0.23330609041789097,
      "test_LogLoss_std": 0.006023929798301845,
      "test_PR_AUC_mean": 0.9036168428690879,
      "test_PR_AUC_std": 0.0038726616813866107,
      "test_Precision_mean": 0.8347994070936884,
      "test_Precision_std": 0.03801312868844499,
      "test_ROC_AUC_mean": 0.9628908554572271,
      "test_ROC_AUC_std": 0.0023875546476029553,
      "test_Sensitivity_mean": 0.8535714285714185,
      "test_Sensitivity_std": 0.02848322147014288,
      "test_Specificity_mean": 0.95734513274336,
      "test_Specificity_std": 0.012518143715151019,
      "val_Precision_mean": 0.8158701974354333,
      "val_Precision_std": 0.037124272875676705,
      "val_Sensitivity_mean": 0.796428571428562,
      "val_Sensitivity_std": 0.013658485037592568,
      "val_Specificity_mean": 0.9548082595870178,
      "val_Specificity_std": 0.011715431696229154,
      "val_score_mean": 0.7512368310155797,
      "val_score_std": 0.006140612955221972,
      "val_thr_mean": 0.4601603873297682,
      "val_thr_std": 0.04582343437454336
    }
  ],
  "task_id": 179,
  "thr_grid_size": 600
}