{
  "feature_set": "c110_d110_errors_snr",
  "model": "brf",
  "n_bootstrap": 50,
  "param_hash": "ab6f95159890",
  "param_index": 12,
  "params": {
    "max_depth": 10,
    "max_features": "0.3",
    "min_samples_leaf": 4,
    "min_samples_split": 8,
    "n_estimators": 4000,
    "replacement": false,
    "sampling_strategy": "auto"
  },
  "runtime_s": 2349.132990837097,
  "summary_preview": [
    {
      "criterion": "f1",
      "feature_set": "c110_d110_errors_snr",
      "model": "brf",
      "param_hash": "ab6f95159890",
      "param_index": 12,
      "test_Brier_mean": 0.059777093403260304,
      "test_Brier_std": 0.002702012709818559,
      "test_LogLoss_mean": 0.23108108489720633,
      "test_LogLoss_std": 0.008310861945809418,
      "test_PR_AUC_mean": 0.8932180637906888,
      "test_PR_AUC_std": 0.0063584447529963966,
      "test_Precision_mean": 0.882910808848099,
      "test_Precision_std": 0.024364692451333436,
      "test_ROC_AUC_mean": 0.9597464531535329,
      "test_ROC_AUC_std": 0.003592808618509987,
      "test_Sensitivity_mean": 0.8099999999999905,
      "test_Sensitivity_std": 0.029939702156006984,
      "test_Specificity_mean": 0.9730973451327404,
      "test_Specificity_std": 0.006889464919573787,
      "val_Precision_mean": 0.8937660889109996,
      "val_Precision_std": 0.034469271744451926,
      "val_Sensitivity_mean": 0.7580952380952292,
      "val_Sensitivity_std": 0.025616558345255076,
      "val_Specificity_mean": 0.9771681415929174,
      "val_Specificity_std": 0.008955479518798885,
      "val_score_mean": 0.8194645497306271,
      "val_score_std": 0.01217749840497274,
      "val_thr_mean": 0.615192758751852,
      "val_thr_std": 0.06371842582045975
    },
    {
      "criterion": "youden",
      "feature_set": "c110_d110_errors_snr",
      "model": "brf",
      "param_hash": "ab6f95159890",
      "param_index": 12,
      "test_Brier_mean": 0.059777093403260304,
      "test_Brier_std": 0.002702012709818559,
      "test_LogLoss_mean": 0.23108108489720633,
      "test_LogLoss_std": 0.008310861945809418,
      "test_PR_AUC_mean": 0.8932180637906888,
      "test_PR_AUC_std": 0.0063584447529963966,
      "test_Precision_mean": 0.7985523624373257,
      "test_Precision_std": 0.05472464846652607,
      "test_ROC_AUC_mean": 0.9597464531535329,
      "test_ROC_AUC_std": 0.003592808618509987,
      "test_Sensitivity_mean": 0.867380952380942,
      "test_Sensitivity_std": 0.030518564140281614,
      "test_Specificity_mean": 0.9440117994100267,
      "test_Specificity_std": 0.020424052648806448,
      "val_Precision_mean": 0.799476772875324,
      "val_Precision_std": 0.057919321443452805,
      "val_Sensitivity_mean": 0.8045238095238,
      "val_Sensitivity_std": 0.019846290262154533,
      "val_Specificity_mean": 0.9483185840707936,
      "val_Specificity_std": 0.019650788009694657,
      "val_score_mean": 0.7528423935945936,
      "val_score_std": 0.00996483431357704,
      "val_thr_mean": 0.4652384273272848,
      "val_thr_std": 0.07624318334960356
    }
  ],
  "task_id": 636,
  "thr_grid_size": 600
}