{
  "feature_set": "c110_d110_errors_snr",
  "model": "brf",
  "n_bootstrap": 50,
  "param_hash": "398f707beed4",
  "param_index": 4,
  "params": {
    "max_depth": 20,
    "max_features": "sqrt",
    "min_samples_leaf": 4,
    "min_samples_split": 2,
    "n_estimators": 2500,
    "replacement": true,
    "sampling_strategy": "auto"
  },
  "runtime_s": 775.0674951076508,
  "summary_preview": [
    {
      "criterion": "f1",
      "feature_set": "c110_d110_errors_snr",
      "model": "brf",
      "param_hash": "398f707beed4",
      "param_index": 4,
      "test_Brier_mean": 0.07490136953430214,
      "test_Brier_std": 0.0029012018950985226,
      "test_LogLoss_mean": 0.27380014314764395,
      "test_LogLoss_std": 0.007537688680717647,
      "test_PR_AUC_mean": 0.8963773169175976,
      "test_PR_AUC_std": 0.007833792053503003,
      "test_Precision_mean": 0.8571795766812059,
      "test_Precision_std": 0.027240009067897444,
      "test_ROC_AUC_mean": 0.9636946902654867,
      "test_ROC_AUC_std": 0.0032008468002049793,
      "test_Sensitivity_mean": 0.7702380952380861,
      "test_Sensitivity_std": 0.043773937674263894,
      "test_Specificity_mean": 0.967787610619466,
      "test_Specificity_std": 0.008124316950550948,
      "val_Precision_mean": 0.848940821917975,
      "val_Precision_std": 0.036762768888262916,
      "val_Sensitivity_mean": 0.7464285714285626,
      "val_Sensitivity_std": 0.0276589387198816,
      "val_Specificity_mean": 0.9664306784660738,
      "val_Specificity_std": 0.010234044059170017,
      "val_score_mean": 0.7932761487236749,
      "val_score_std": 0.010851976487273127,
      "val_thr_mean": 0.5902736560457907,
      "val_thr_std": 0.045187564072316076
    },
    {
      "criterion": "youden",
      "feature_set": "c110_d110_errors_snr",
      "model": "brf",
      "param_hash": "398f707beed4",
      "param_index": 4,
      "test_Brier_mean": 0.07490136953430214,
      "test_Brier_std": 0.0029012018950985226,
      "test_LogLoss_mean": 0.27380014314764395,
      "test_LogLoss_std": 0.007537688680717647,
      "test_PR_AUC_mean": 0.8963773169175976,
      "test_PR_AUC_std": 0.007833792053503003,
      "test_Precision_mean": 0.7957299065656038,
      "test_Precision_std": 0.037021854613888294,
      "test_ROC_AUC_mean": 0.9636946902654867,
      "test_ROC_AUC_std": 0.0032008468002049793,
      "test_Sensitivity_mean": 0.8433333333333234,
      "test_Sensitivity_std": 0.030646239627920457,
      "test_Specificity_mean": 0.945486725663714,
      "test_Specificity_std": 0.013645276396351368,
      "val_Precision_mean": 0.7685266791634959,
      "val_Precision_std": 0.04228912521761842,
      "val_Sensitivity_mean": 0.7923809523809431,
      "val_Sensitivity_std": 0.01580077503311132,
      "val_Specificity_mean": 0.9398820058997022,
      "val_Specificity_std": 0.015122482818706186,
      "val_score_mean": 0.7322629582806452,
      "val_score_std": 0.009302204244162636,
      "val_thr_mean": 0.4999536222487215,
      "val_thr_std": 0.037062367238794594
    }
  ],
  "task_id": 628,
  "thr_grid_size": 600
}