{
  "feature_set": "c110_d110",
  "model": "rf",
  "n_bootstrap": 50,
  "param_hash": "77d725949d24",
  "param_index": 11,
  "params": {
    "bootstrap": true,
    "class_weight": "balanced",
    "max_depth": 10,
    "max_features": "sqrt",
    "min_samples_leaf": 2,
    "min_samples_split": 8,
    "n_estimators": 800
  },
  "runtime_s": 185.43132400512695,
  "summary_preview": [
    {
      "criterion": "f1",
      "feature_set": "c110_d110",
      "model": "rf",
      "param_hash": "77d725949d24",
      "param_index": 11,
      "test_Brier_mean": 0.05417185355779492,
      "test_Brier_std": 0.0015609576530958885,
      "test_LogLoss_mean": 0.20285854378479512,
      "test_LogLoss_std": 0.004682967957408397,
      "test_PR_AUC_mean": 0.9063899063278917,
      "test_PR_AUC_std": 0.005513310900161583,
      "test_Precision_mean": 0.898120310002671,
      "test_Precision_std": 0.02979125261816156,
      "test_ROC_AUC_mean": 0.9633824975417896,
      "test_ROC_AUC_std": 0.0030855295630285323,
      "test_Sensitivity_mean": 0.7864285714285622,
      "test_Sensitivity_std": 0.0417557703379794,
      "test_Specificity_mean": 0.9774041297935073,
      "test_Specificity_std": 0.008075425686336176,
      "val_Precision_mean": 0.8982807159173192,
      "val_Precision_std": 0.03328648118496672,
      "val_Sensitivity_mean": 0.7573809523809435,
      "val_Sensitivity_std": 0.022929560127916943,
      "val_Specificity_mean": 0.9782890855457198,
      "val_Specificity_std": 0.008274194364112818,
      "val_score_mean": 0.8210291998337635,
      "val_score_std": 0.009468041422610724,
      "val_thr_mean": 0.433735407547038,
      "val_thr_std": 0.05643988580472987
    },
    {
      "criterion": "youden",
      "feature_set": "c110_d110",
      "model": "rf",
      "param_hash": "77d725949d24",
      "param_index": 11,
      "test_Brier_mean": 0.05417185355779492,
      "test_Brier_std": 0.0015609576530958885,
      "test_LogLoss_mean": 0.20285854378479512,
      "test_LogLoss_std": 0.004682967957408397,
      "test_PR_AUC_mean": 0.9063899063278917,
      "test_PR_AUC_std": 0.005513310900161583,
      "test_Precision_mean": 0.8391799920022168,
      "test_Precision_std": 0.038916575208244236,
      "test_ROC_AUC_mean": 0.9633824975417896,
      "test_ROC_AUC_std": 0.0030855295630285323,
      "test_Sensitivity_mean": 0.8566666666666565,
      "test_Sensitivity_std": 0.026778019626890234,
      "test_Specificity_mean": 0.9585250737463098,
      "test_Specificity_std": 0.013062409034232465,
      "val_Precision_mean": 0.8252749965622942,
      "val_Precision_std": 0.03940673067808083,
      "val_Sensitivity_mean": 0.7940476190476096,
      "val_Sensitivity_std": 0.01082306297734498,
      "val_Specificity_mean": 0.9576991150442449,
      "val_Specificity_std": 0.012032051293379982,
      "val_score_mean": 0.7517467340918544,
      "val_score_std": 0.008767116023802118,
      "val_thr_mean": 0.33524846195257035,
      "val_thr_std": 0.03759568710348821
    }
  ],
  "task_id": 107,
  "thr_grid_size": 600
}