{
  "feature_set": "c110_d110_errors_snr",
  "model": "brf",
  "n_bootstrap": 50,
  "param_hash": "4fb00555df7e",
  "param_index": 2,
  "params": {
    "max_depth": 20,
    "max_features": "0.2",
    "min_samples_leaf": 1,
    "min_samples_split": 4,
    "n_estimators": 1500,
    "replacement": true,
    "sampling_strategy": "auto"
  },
  "runtime_s": 812.4427344799042,
  "summary_preview": [
    {
      "criterion": "f1",
      "feature_set": "c110_d110_errors_snr",
      "model": "brf",
      "param_hash": "4fb00555df7e",
      "param_index": 2,
      "test_Brier_mean": 0.06609703961529591,
      "test_Brier_std": 0.003036637842635112,
      "test_LogLoss_mean": 0.24874325816873832,
      "test_LogLoss_std": 0.009218563514462545,
      "test_PR_AUC_mean": 0.8922603052625316,
      "test_PR_AUC_std": 0.00721330820615133,
      "test_Precision_mean": 0.8900128204312177,
      "test_Precision_std": 0.023181853425609,
      "test_ROC_AUC_mean": 0.9592702626773424,
      "test_ROC_AUC_std": 0.0036499817521694566,
      "test_Sensitivity_mean": 0.7940476190476096,
      "test_Sensitivity_std": 0.03411973239411337,
      "test_Specificity_mean": 0.9753982300884927,
      "test_Specificity_std": 0.006352220127117337,
      "val_Precision_mean": 0.9040628939735447,
      "val_Precision_std": 0.025035900920713273,
      "val_Sensitivity_mean": 0.7566666666666577,
      "val_Sensitivity_std": 0.025243503830311882,
      "val_Specificity_mean": 0.9798230088495545,
      "val_Specificity_std": 0.006058896167083494,
      "val_score_mean": 0.8231916170782536,
      "val_score_std": 0.011197448797483673,
      "val_thr_mean": 0.6373720179556169,
      "val_thr_std": 0.05584613234404015
    },
    {
      "criterion": "youden",
      "feature_set": "c110_d110_errors_snr",
      "model": "brf",
      "param_hash": "4fb00555df7e",
      "param_index": 2,
      "test_Brier_mean": 0.06609703961529591,
      "test_Brier_std": 0.003036637842635112,
      "test_LogLoss_mean": 0.24874325816873832,
      "test_LogLoss_std": 0.009218563514462545,
      "test_PR_AUC_mean": 0.8922603052625316,
      "test_PR_AUC_std": 0.00721330820615133,
      "test_Precision_mean": 0.8222037164333418,
      "test_Precision_std": 0.0516662506060006,
      "test_ROC_AUC_mean": 0.9592702626773424,
      "test_ROC_AUC_std": 0.0036499817521694566,
      "test_Sensitivity_mean": 0.8485714285714185,
      "test_Sensitivity_std": 0.026460748760240103,
      "test_Specificity_mean": 0.9530383480825929,
      "test_Specificity_std": 0.019465560117773072,
      "val_Precision_mean": 0.8177269744563682,
      "val_Precision_std": 0.055059722506821944,
      "val_Sensitivity_mean": 0.7976190476190382,
      "val_Sensitivity_std": 0.01878462758025024,
      "val_Specificity_mean": 0.9544542772861329,
      "val_Specificity_std": 0.019053584945204035,
      "val_score_mean": 0.752073324905171,
      "val_score_std": 0.009833123137468688,
      "val_thr_mean": 0.5219661201156894,
      "val_thr_std": 0.06166538386180779
    }
  ],
  "task_id": 626,
  "thr_grid_size": 600
}