{
  "feature_set": "c110_d110",
  "model": "bbag",
  "n_bootstrap": 50,
  "param_hash": "a7b61653c68d",
  "param_index": 22,
  "params": {
    "base_max_depth": 20,
    "base_max_features": "0.3",
    "base_min_samples_leaf": 4,
    "base_min_samples_split": 2,
    "bootstrap": true,
    "max_features": 0.5,
    "max_samples": 0.9,
    "n_estimators": 200,
    "replacement": true,
    "sampling_strategy": "auto"
  },
  "runtime_s": 33.0319447517395,
  "summary_preview": [
    {
      "criterion": "f1",
      "feature_set": "c110_d110",
      "model": "bbag",
      "param_hash": "a7b61653c68d",
      "param_index": 22,
      "test_Brier_mean": 0.07269862808938882,
      "test_Brier_std": 0.0023481431623702765,
      "test_LogLoss_mean": 0.2698675731715403,
      "test_LogLoss_std": 0.006928267551656196,
      "test_PR_AUC_mean": 0.886630470670821,
      "test_PR_AUC_std": 0.00756249493109146,
      "test_Precision_mean": 0.854237038685395,
      "test_Precision_std": 0.03164678398812688,
      "test_ROC_AUC_mean": 0.9568180221941285,
      "test_ROC_AUC_std": 0.0044452085081904185,
      "test_Sensitivity_mean": 0.7678571428571338,
      "test_Sensitivity_std": 0.046279132055059936,
      "test_Specificity_mean": 0.9669026548672537,
      "test_Specificity_std": 0.009559357708697336,
      "val_Precision_mean": 0.8455439924322371,
      "val_Precision_std": 0.046850214532377886,
      "val_Sensitivity_mean": 0.7449999999999912,
      "val_Sensitivity_std": 0.03333420101605621,
      "val_Specificity_mean": 0.9651917404129765,
      "val_Specificity_std": 0.012837375652530778,
      "val_score_mean": 0.7902872896927444,
      "val_score_std": 0.009173126958442872,
      "val_thr_mean": 0.5545857452235208,
      "val_thr_std": 0.0593157747212609
    },
    {
      "criterion": "youden",
      "feature_set": "c110_d110",
      "model": "bbag",
      "param_hash": "a7b61653c68d",
      "param_index": 22,
      "test_Brier_mean": 0.07269862808938882,
      "test_Brier_std": 0.0023481431623702765,
      "test_LogLoss_mean": 0.2698675731715403,
      "test_LogLoss_std": 0.006928267551656196,
      "test_PR_AUC_mean": 0.886630470670821,
      "test_PR_AUC_std": 0.00756249493109146,
      "test_Precision_mean": 0.7894999604692877,
      "test_Precision_std": 0.041465299983121706,
      "test_ROC_AUC_mean": 0.9568180221941285,
      "test_ROC_AUC_std": 0.0044452085081904185,
      "test_Sensitivity_mean": 0.8466666666666566,
      "test_Sensitivity_std": 0.02821694578497398,
      "test_Specificity_mean": 0.9430088495575193,
      "test_Specificity_std": 0.01543111181909129,
      "val_Precision_mean": 0.7551646190342406,
      "val_Precision_std": 0.04360049593827195,
      "val_Sensitivity_mean": 0.7966666666666572,
      "val_Sensitivity_std": 0.015924761783291847,
      "val_Specificity_mean": 0.9349262536873129,
      "val_Specificity_std": 0.016051256272648612,
      "val_score_mean": 0.73159292035397,
      "val_score_std": 0.01046691848003525,
      "val_thr_mean": 0.4501849368054502,
      "val_thr_std": 0.0414644834853238
    }
  ],
  "task_id": 190,
  "thr_grid_size": 600
}