{
  "feature_set": "c110_d110_errors",
  "model": "rf",
  "n_bootstrap": 50,
  "param_hash": "044085776d9d",
  "param_index": 10,
  "params": {
    "bootstrap": true,
    "class_weight": null,
    "max_depth": 20,
    "max_features": "sqrt",
    "min_samples_leaf": 2,
    "min_samples_split": 4,
    "n_estimators": 4000
  },
  "runtime_s": 1017.8384020328522,
  "summary_preview": [
    {
      "criterion": "f1",
      "feature_set": "c110_d110_errors",
      "model": "rf",
      "param_hash": "044085776d9d",
      "param_index": 10,
      "test_Brier_mean": 0.05511650270955579,
      "test_Brier_std": 0.001901344567213244,
      "test_LogLoss_mean": 0.20022168185730124,
      "test_LogLoss_std": 0.005026815429533988,
      "test_PR_AUC_mean": 0.9032496076039139,
      "test_PR_AUC_std": 0.006847993532571297,
      "test_Precision_mean": 0.9037098574342274,
      "test_Precision_std": 0.02157019046911362,
      "test_ROC_AUC_mean": 0.9633782834667791,
      "test_ROC_AUC_std": 0.0030229637720705065,
      "test_Sensitivity_mean": 0.7752380952380861,
      "test_Sensitivity_std": 0.04510106605691869,
      "test_Specificity_mean": 0.9792330383480796,
      "test_Specificity_std": 0.006017722723261303,
      "val_Precision_mean": 0.8927138953574071,
      "val_Precision_std": 0.039957401334339636,
      "val_Sensitivity_mean": 0.7361904761904675,
      "val_Sensitivity_std": 0.026495703529456058,
      "val_Specificity_mean": 0.9774041297935073,
      "val_Specificity_std": 0.010000950918617465,
      "val_score_mean": 0.805765553483118,
      "val_score_std": 0.010233303337057053,
      "val_thr_mean": 0.44467435410674716,
      "val_thr_std": 0.049247929281458935
    },
    {
      "criterion": "youden",
      "feature_set": "c110_d110_errors",
      "model": "rf",
      "param_hash": "044085776d9d",
      "param_index": 10,
      "test_Brier_mean": 0.05511650270955579,
      "test_Brier_std": 0.001901344567213244,
      "test_LogLoss_mean": 0.20022168185730124,
      "test_LogLoss_std": 0.005026815429533988,
      "test_PR_AUC_mean": 0.9032496076039139,
      "test_PR_AUC_std": 0.006847993532571297,
      "test_Precision_mean": 0.8472184064087961,
      "test_Precision_std": 0.037721248075633686,
      "test_ROC_AUC_mean": 0.9633782834667791,
      "test_ROC_AUC_std": 0.0030229637720705065,
      "test_Sensitivity_mean": 0.8430952380952281,
      "test_Sensitivity_std": 0.020646286521179013,
      "test_Specificity_mean": 0.9617109144542744,
      "test_Specificity_std": 0.012030280050724488,
      "val_Precision_mean": 0.792877192483006,
      "val_Precision_std": 0.04676814152133309,
      "val_Sensitivity_mean": 0.7840476190476098,
      "val_Sensitivity_std": 0.01893950121762282,
      "val_Specificity_mean": 0.9481415929203512,
      "val_Specificity_std": 0.016147002541177465,
      "val_score_mean": 0.7321892119679609,
      "val_score_std": 0.013759968814283869,
      "val_thr_mean": 0.34549468351491947,
      "val_thr_std": 0.03425776920427512
    }
  ],
  "task_id": 298,
  "thr_grid_size": 600
}