{
  "feature_set": "c110_errors",
  "model": "rf",
  "n_bootstrap": 50,
  "param_hash": "6cf4d44e3e25",
  "param_index": 5,
  "params": {
    "bootstrap": true,
    "class_weight": null,
    "max_depth": 20,
    "max_features": "sqrt",
    "min_samples_leaf": 1,
    "min_samples_split": 8,
    "n_estimators": 800
  },
  "runtime_s": 214.880366563797,
  "summary_preview": [
    {
      "criterion": "f1",
      "feature_set": "c110_errors",
      "model": "rf",
      "param_hash": "6cf4d44e3e25",
      "param_index": 5,
      "test_Brier_mean": 0.06190713484184389,
      "test_Brier_std": 0.0016553823362854105,
      "test_LogLoss_mean": 0.22000007304242494,
      "test_LogLoss_std": 0.004456364797283116,
      "test_PR_AUC_mean": 0.8907510440595189,
      "test_PR_AUC_std": 0.007115982208914738,
      "test_Precision_mean": 0.8958789501510824,
      "test_Precision_std": 0.030210955403400293,
      "test_ROC_AUC_mean": 0.9595083579154375,
      "test_ROC_AUC_std": 0.0038458004912537997,
      "test_Sensitivity_mean": 0.7019047619047537,
      "test_Sensitivity_std": 0.038328368292983125,
      "test_Specificity_mean": 0.9793510324483746,
      "test_Specificity_std": 0.007250168788067937,
      "val_Precision_mean": 0.8857928825698426,
      "val_Precision_std": 0.043528508321597575,
      "val_Sensitivity_mean": 0.7021428571428489,
      "val_Sensitivity_std": 0.026835204253542324,
      "val_Specificity_mean": 0.9768141592920324,
      "val_Specificity_std": 0.010166494173369015,
      "val_score_mean": 0.7820284311627705,
      "val_score_std": 0.009851115871535414,
      "val_thr_mean": 0.4665934125102767,
      "val_thr_std": 0.040567410762253224
    },
    {
      "criterion": "youden",
      "feature_set": "c110_errors",
      "model": "rf",
      "param_hash": "6cf4d44e3e25",
      "param_index": 5,
      "test_Brier_mean": 0.06190713484184389,
      "test_Brier_std": 0.0016553823362854105,
      "test_LogLoss_mean": 0.22000007304242494,
      "test_LogLoss_std": 0.004456364797283116,
      "test_PR_AUC_mean": 0.8907510440595189,
      "test_PR_AUC_std": 0.007115982208914738,
      "test_Precision_mean": 0.815614401344506,
      "test_Precision_std": 0.06997149672754224,
      "test_ROC_AUC_mean": 0.9595083579154375,
      "test_ROC_AUC_std": 0.0038458004912537997,
      "test_Sensitivity_mean": 0.8090476190476095,
      "test_Sensitivity_std": 0.06529194857524726,
      "test_Specificity_mean": 0.9512094395280206,
      "test_Specificity_std": 0.02729217953686124,
      "val_Precision_mean": 0.7542251489527864,
      "val_Precision_std": 0.08790126793720193,
      "val_Sensitivity_mean": 0.7671428571428481,
      "val_Sensitivity_std": 0.039968519242362464,
      "val_Specificity_mean": 0.9331563421828881,
      "val_Specificity_std": 0.03426957725211716,
      "val_score_mean": 0.700299199325736,
      "val_score_std": 0.013929078795675088,
      "val_thr_mean": 0.34866442638818834,
      "val_thr_std": 0.07145567195758469
    }
  ],
  "task_id": 197,
  "thr_grid_size": 600
}