{
  "feature_set": "c110_d110_snr",
  "model": "rf",
  "n_bootstrap": 50,
  "param_hash": "7d8e81e2a289",
  "param_index": 4,
  "params": {
    "bootstrap": true,
    "class_weight": null,
    "max_depth": 20,
    "max_features": "0.2",
    "min_samples_leaf": 1,
    "min_samples_split": 2,
    "n_estimators": 4000
  },
  "runtime_s": 4484.270588636398,
  "summary_preview": [
    {
      "criterion": "f1",
      "feature_set": "c110_d110_snr",
      "model": "rf",
      "param_hash": "7d8e81e2a289",
      "param_index": 4,
      "test_Brier_mean": 0.0529627811398736,
      "test_Brier_std": 0.002481333990984902,
      "test_LogLoss_mean": 0.1974960410427929,
      "test_LogLoss_std": 0.006773158250813334,
      "test_PR_AUC_mean": 0.8840426915095609,
      "test_PR_AUC_std": 0.008225779225178682,
      "test_Precision_mean": 0.9111238203281888,
      "test_Precision_std": 0.0351164578310797,
      "test_ROC_AUC_mean": 0.9527588144402305,
      "test_ROC_AUC_std": 0.0037618816893112495,
      "test_Sensitivity_mean": 0.7649999999999909,
      "test_Sensitivity_std": 0.053175026227713695,
      "test_Specificity_mean": 0.9808259587020619,
      "test_Specificity_std": 0.00997677252570729,
      "val_Precision_mean": 0.9156995879941641,
      "val_Precision_std": 0.04129456175537509,
      "val_Sensitivity_mean": 0.732619047619039,
      "val_Sensitivity_std": 0.031744918185846745,
      "val_Specificity_mean": 0.9825368731563393,
      "val_Specificity_std": 0.010198409790210515,
      "val_score_mean": 0.8125418107066272,
      "val_score_std": 0.01023605355534039,
      "val_thr_mean": 0.507246425327671,
      "val_thr_std": 0.09057641933537806
    },
    {
      "criterion": "youden",
      "feature_set": "c110_d110_snr",
      "model": "rf",
      "param_hash": "7d8e81e2a289",
      "param_index": 4,
      "test_Brier_mean": 0.0529627811398736,
      "test_Brier_std": 0.002481333990984902,
      "test_LogLoss_mean": 0.1974960410427929,
      "test_LogLoss_std": 0.006773158250813334,
      "test_PR_AUC_mean": 0.8840426915095609,
      "test_PR_AUC_std": 0.008225779225178682,
      "test_Precision_mean": 0.8038899393242415,
      "test_Precision_std": 0.060542378750205655,
      "test_ROC_AUC_mean": 0.9527588144402305,
      "test_ROC_AUC_std": 0.0037618816893112495,
      "test_Sensitivity_mean": 0.8497619047618947,
      "test_Sensitivity_std": 0.03662508843755709,
      "test_Specificity_mean": 0.9465486725663688,
      "test_Specificity_std": 0.02336163996840508,
      "val_Precision_mean": 0.7737413884033996,
      "val_Precision_std": 0.0622101946159634,
      "val_Sensitivity_mean": 0.8009523809523715,
      "val_Sensitivity_std": 0.028865509536431126,
      "val_Specificity_mean": 0.9397050147492597,
      "val_Specificity_std": 0.02356237026123856,
      "val_score_mean": 0.7406573957016311,
      "val_score_std": 0.0181488314367281,
      "val_thr_mean": 0.31790770071531005,
      "val_thr_std": 0.06608401784963608
    }
  ],
  "task_id": 484,
  "thr_grid_size": 600
}