{
  "feature_set": "c110",
  "model": "et",
  "n_bootstrap": 50,
  "param_hash": "843535797216",
  "param_index": 21,
  "params": {
    "bootstrap": true,
    "max_depth": 30,
    "max_features": "0.5",
    "max_samples": 0.8,
    "min_samples_leaf": 4,
    "min_samples_split": 8,
    "n_estimators": 4000
  },
  "runtime_s": 1002.8934791088104,
  "summary_preview": [
    {
      "criterion": "f1",
      "feature_set": "c110",
      "model": "et",
      "param_hash": "843535797216",
      "param_index": 21,
      "test_Brier_mean": 0.05210507325723055,
      "test_Brier_std": 0.001604451373222699,
      "test_LogLoss_mean": 0.1916904478150278,
      "test_LogLoss_std": 0.004178762874316917,
      "test_PR_AUC_mean": 0.9074843306457087,
      "test_PR_AUC_std": 0.004227192816285585,
      "test_Precision_mean": 0.8924818628255885,
      "test_Precision_std": 0.023664320019519992,
      "test_ROC_AUC_mean": 0.9654108723135272,
      "test_ROC_AUC_std": 0.0021439687552911235,
      "test_Sensitivity_mean": 0.7947619047618953,
      "test_Sensitivity_std": 0.03844891700482556,
      "test_Specificity_mean": 0.97592920353982,
      "test_Specificity_std": 0.006933658255778529,
      "val_Precision_mean": 0.8841381877001782,
      "val_Precision_std": 0.037547825223928674,
      "val_Sensitivity_mean": 0.7635714285714195,
      "val_Sensitivity_std": 0.02441053879338651,
      "val_Specificity_mean": 0.9745722713864278,
      "val_Specificity_std": 0.010320440912309622,
      "val_score_mean": 0.8184299651824308,
      "val_score_std": 0.00977106856761037,
      "val_thr_mean": 0.4184547722323277,
      "val_thr_std": 0.0658717419922597
    },
    {
      "criterion": "youden",
      "feature_set": "c110",
      "model": "et",
      "param_hash": "843535797216",
      "param_index": 21,
      "test_Brier_mean": 0.05210507325723055,
      "test_Brier_std": 0.001604451373222699,
      "test_LogLoss_mean": 0.1916904478150278,
      "test_LogLoss_std": 0.004178762874316917,
      "test_PR_AUC_mean": 0.9074843306457087,
      "test_PR_AUC_std": 0.004227192816285585,
      "test_Precision_mean": 0.8346486150238249,
      "test_Precision_std": 0.03645960296685852,
      "test_ROC_AUC_mean": 0.9654108723135272,
      "test_ROC_AUC_std": 0.0021439687552911235,
      "test_Sensitivity_mean": 0.8711904761904659,
      "test_Sensitivity_std": 0.01949338690191049,
      "test_Specificity_mean": 0.9565781710914425,
      "test_Specificity_std": 0.012473092548588277,
      "val_Precision_mean": 0.7933653240191632,
      "val_Precision_std": 0.03644097594390072,
      "val_Sensitivity_mean": 0.8095238095238,
      "val_Sensitivity_std": 0.010756046463157644,
      "val_Specificity_mean": 0.9471386430678437,
      "val_Specificity_std": 0.012254773582345205,
      "val_score_mean": 0.7566624525916437,
      "val_score_std": 0.010122702331906295,
      "val_thr_mean": 0.2831535234897135,
      "val_thr_std": 0.039345247481875095
    }
  ],
  "task_id": 45,
  "thr_grid_size": 600
}