{
  "feature_set": "c110_d110_errors_snr",
  "model": "brf",
  "n_bootstrap": 50,
  "param_hash": "0121368305ab",
  "param_index": 6,
  "params": {
    "max_depth": 10,
    "max_features": "0.3",
    "min_samples_leaf": 4,
    "min_samples_split": 4,
    "n_estimators": 4000,
    "replacement": false,
    "sampling_strategy": "auto"
  },
  "runtime_s": 2381.976989030838,
  "summary_preview": [
    {
      "criterion": "f1",
      "feature_set": "c110_d110_errors_snr",
      "model": "brf",
      "param_hash": "0121368305ab",
      "param_index": 6,
      "test_Brier_mean": 0.05964372382823363,
      "test_Brier_std": 0.002520513278697772,
      "test_LogLoss_mean": 0.23063236105177384,
      "test_LogLoss_std": 0.008241971365319513,
      "test_PR_AUC_mean": 0.8921153478046253,
      "test_PR_AUC_std": 0.008280441580947309,
      "test_Precision_mean": 0.8790068275194163,
      "test_Precision_std": 0.030800849643932995,
      "test_ROC_AUC_mean": 0.9598820058997051,
      "test_ROC_AUC_std": 0.0037318595229181967,
      "test_Sensitivity_mean": 0.8190476190476094,
      "test_Sensitivity_std": 0.025339565349916944,
      "test_Specificity_mean": 0.9716224188790531,
      "test_Specificity_std": 0.009133758480041628,
      "val_Precision_mean": 0.8914563709110951,
      "val_Precision_std": 0.030228298404958436,
      "val_Sensitivity_mean": 0.7657142857142766,
      "val_Sensitivity_std": 0.023496484407034456,
      "val_Specificity_mean": 0.9765191740412951,
      "val_Specificity_std": 0.00803905914178535,
      "val_score_mean": 0.82314391966742,
      "val_score_std": 0.0126341879468713,
      "val_thr_mean": 0.5877544093612471,
      "val_thr_std": 0.060903382329679075
    },
    {
      "criterion": "youden",
      "feature_set": "c110_d110_errors_snr",
      "model": "brf",
      "param_hash": "0121368305ab",
      "param_index": 6,
      "test_Brier_mean": 0.05964372382823363,
      "test_Brier_std": 0.002520513278697772,
      "test_LogLoss_mean": 0.23063236105177384,
      "test_LogLoss_std": 0.008241971365319513,
      "test_PR_AUC_mean": 0.8921153478046253,
      "test_PR_AUC_std": 0.008280441580947309,
      "test_Precision_mean": 0.8069981031302723,
      "test_Precision_std": 0.05258404253777208,
      "test_ROC_AUC_mean": 0.9598820058997051,
      "test_ROC_AUC_std": 0.0037318595229181967,
      "test_Sensitivity_mean": 0.8607142857142754,
      "test_Sensitivity_std": 0.029086107783140906,
      "test_Specificity_mean": 0.9474336283185812,
      "test_Specificity_std": 0.018890058349644582,
      "val_Precision_mean": 0.8114371612292985,
      "val_Precision_std": 0.06021802349581147,
      "val_Sensitivity_mean": 0.8021428571428477,
      "val_Sensitivity_std": 0.020106903425596734,
      "val_Specificity_mean": 0.9520943952802331,
      "val_Specificity_std": 0.019698806211591736,
      "val_score_mean": 0.7542372524230808,
      "val_score_std": 0.011628478045473654,
      "val_thr_mean": 0.475436054988216,
      "val_thr_std": 0.0800568281442041
    }
  ],
  "task_id": 630,
  "thr_grid_size": 600
}