{
  "feature_set": "c110",
  "model": "bbag",
  "n_bootstrap": 50,
  "param_hash": "4d6c70e4ab49",
  "param_index": 15,
  "params": {
    "base_max_depth": 20,
    "base_max_features": "0.5",
    "base_min_samples_leaf": 2,
    "base_min_samples_split": 2,
    "bootstrap": true,
    "max_features": 0.7,
    "max_samples": 0.5,
    "n_estimators": 500,
    "replacement": true,
    "sampling_strategy": "auto"
  },
  "runtime_s": 53.43162536621094,
  "summary_preview": [
    {
      "criterion": "f1",
      "feature_set": "c110",
      "model": "bbag",
      "param_hash": "4d6c70e4ab49",
      "param_index": 15,
      "test_Brier_mean": 0.07672440229758953,
      "test_Brier_std": 0.002997188373626889,
      "test_LogLoss_mean": 0.2823617538836427,
      "test_LogLoss_std": 0.009606952617493279,
      "test_PR_AUC_mean": 0.8882934306528177,
      "test_PR_AUC_std": 0.00724859000437665,
      "test_Precision_mean": 0.8535905090002315,
      "test_Precision_std": 0.017949701242429218,
      "test_ROC_AUC_mean": 0.9585271807838179,
      "test_ROC_AUC_std": 0.0032250736921224216,
      "test_Sensitivity_mean": 0.7826190476190383,
      "test_Sensitivity_std": 0.029339569024079845,
      "test_Specificity_mean": 0.9665486725663688,
      "test_Specificity_std": 0.005609945315789275,
      "val_Precision_mean": 0.8366746002945323,
      "val_Precision_std": 0.03185562427113266,
      "val_Sensitivity_mean": 0.7595238095238005,
      "val_Sensitivity_std": 0.02151209292631522,
      "val_Specificity_mean": 0.9627728613569293,
      "val_Specificity_std": 0.009307097348084813,
      "val_score_mean": 0.7954955099376257,
      "val_score_std": 0.009867102376293221,
      "val_thr_mean": 0.5550676595118849,
      "val_thr_std": 0.040016601586168196
    },
    {
      "criterion": "youden",
      "feature_set": "c110",
      "model": "bbag",
      "param_hash": "4d6c70e4ab49",
      "param_index": 15,
      "test_Brier_mean": 0.07672440229758953,
      "test_Brier_std": 0.002997188373626889,
      "test_LogLoss_mean": 0.2823617538836427,
      "test_LogLoss_std": 0.009606952617493279,
      "test_PR_AUC_mean": 0.8882934306528177,
      "test_PR_AUC_std": 0.00724859000437665,
      "test_Precision_mean": 0.8063444208210183,
      "test_Precision_std": 0.03300572017864903,
      "test_ROC_AUC_mean": 0.9585271807838179,
      "test_ROC_AUC_std": 0.0032250736921224216,
      "test_Sensitivity_mean": 0.8473809523809424,
      "test_Sensitivity_std": 0.029913607538391628,
      "test_Specificity_mean": 0.9489085545722685,
      "test_Specificity_std": 0.012059030508230855,
      "val_Precision_mean": 0.7571091038351756,
      "val_Precision_std": 0.038674533593923185,
      "val_Sensitivity_mean": 0.8038095238095143,
      "val_Sensitivity_std": 0.018196484183802878,
      "val_Specificity_mean": 0.9352212389380503,
      "val_Specificity_std": 0.014487595194353489,
      "val_score_mean": 0.7390307627475646,
      "val_score_std": 0.012579280767663362,
      "val_thr_mean": 0.4714938777327292,
      "val_thr_std": 0.031037439058263762
    }
  ],
  "task_id": 87,
  "thr_grid_size": 600
}