{
  "feature_set": "c110_d110_errors_snr",
  "model": "brf",
  "n_bootstrap": 50,
  "param_hash": "a4c66b67ae89",
  "param_index": 22,
  "params": {
    "max_depth": 10,
    "max_features": "0.2",
    "min_samples_leaf": 2,
    "min_samples_split": 4,
    "n_estimators": 4000,
    "replacement": true,
    "sampling_strategy": "auto"
  },
  "runtime_s": 1746.2627120018005,
  "summary_preview": [
    {
      "criterion": "f1",
      "feature_set": "c110_d110_errors_snr",
      "model": "brf",
      "param_hash": "a4c66b67ae89",
      "param_index": 22,
      "test_Brier_mean": 0.06247525738845316,
      "test_Brier_std": 0.0025108002266919028,
      "test_LogLoss_mean": 0.23906551418015845,
      "test_LogLoss_std": 0.008259400719010494,
      "test_PR_AUC_mean": 0.895432863726295,
      "test_PR_AUC_std": 0.007173945975767257,
      "test_Precision_mean": 0.8811865358640664,
      "test_Precision_std": 0.029280165088621482,
      "test_ROC_AUC_mean": 0.9609242871189774,
      "test_ROC_AUC_std": 0.003425111208868886,
      "test_Sensitivity_mean": 0.8104761904761808,
      "test_Sensitivity_std": 0.027300024062341343,
      "test_Specificity_mean": 0.9725073746312656,
      "test_Specificity_std": 0.008542003849520355,
      "val_Precision_mean": 0.8869018066268503,
      "val_Precision_std": 0.033484132473439475,
      "val_Sensitivity_mean": 0.7623809523809433,
      "val_Sensitivity_std": 0.02109940465206887,
      "val_Specificity_mean": 0.9754572271386401,
      "val_Specificity_std": 0.008808122450089403,
      "val_score_mean": 0.8192200576202877,
      "val_score_std": 0.0116158000022048,
      "val_thr_mean": 0.6092334861139093,
      "val_thr_std": 0.061768334347808936
    },
    {
      "criterion": "youden",
      "feature_set": "c110_d110_errors_snr",
      "model": "brf",
      "param_hash": "a4c66b67ae89",
      "param_index": 22,
      "test_Brier_mean": 0.06247525738845316,
      "test_Brier_std": 0.0025108002266919028,
      "test_LogLoss_mean": 0.23906551418015845,
      "test_LogLoss_std": 0.008259400719010494,
      "test_PR_AUC_mean": 0.895432863726295,
      "test_PR_AUC_std": 0.007173945975767257,
      "test_Precision_mean": 0.8114828046324145,
      "test_Precision_std": 0.05036729350506846,
      "test_ROC_AUC_mean": 0.9609242871189774,
      "test_ROC_AUC_std": 0.003425111208868886,
      "test_Sensitivity_mean": 0.8585714285714183,
      "test_Sensitivity_std": 0.027595076893838836,
      "test_Specificity_mean": 0.9491445427728585,
      "test_Specificity_std": 0.01813090775423262,
      "val_Precision_mean": 0.8078275661928538,
      "val_Precision_std": 0.05412716465636865,
      "val_Sensitivity_mean": 0.8002380952380858,
      "val_Sensitivity_std": 0.017391898519448088,
      "val_Specificity_mean": 0.9514454277286107,
      "val_Specificity_std": 0.017650989092073313,
      "val_score_mean": 0.7516835229666965,
      "val_score_std": 0.009611395903724439,
      "val_thr_mean": 0.49458834966573123,
      "val_thr_std": 0.06430264024431906
    }
  ],
  "task_id": 646,
  "thr_grid_size": 600
}