{
  "feature_set": "c110",
  "model": "et",
  "n_bootstrap": 50,
  "param_hash": "4581ab621f30",
  "param_index": 6,
  "params": {
    "bootstrap": false,
    "max_depth": 20,
    "max_features": "0.5",
    "max_samples": 1.0,
    "min_samples_leaf": 2,
    "min_samples_split": 8,
    "n_estimators": 1500
  },
  "runtime_s": 249.0670244693756,
  "summary_preview": [
    {
      "criterion": "f1",
      "feature_set": "c110",
      "model": "et",
      "param_hash": "4581ab621f30",
      "param_index": 6,
      "test_Brier_mean": 0.04832778402558024,
      "test_Brier_std": 0.0016333134959208874,
      "test_LogLoss_mean": 0.18110121997324605,
      "test_LogLoss_std": 0.00466566571483667,
      "test_PR_AUC_mean": 0.9113820897667683,
      "test_PR_AUC_std": 0.005036033616389034,
      "test_Precision_mean": 0.9041068500574068,
      "test_Precision_std": 0.026630484114449585,
      "test_ROC_AUC_mean": 0.9652100014046917,
      "test_ROC_AUC_std": 0.0027876324881272617,
      "test_Sensitivity_mean": 0.8145238095237999,
      "test_Sensitivity_std": 0.041733598885667585,
      "test_Specificity_mean": 0.9781710914454247,
      "test_Specificity_std": 0.007747482642583313,
      "val_Precision_mean": 0.8968644855275173,
      "val_Precision_std": 0.03340782690456183,
      "val_Sensitivity_mean": 0.7723809523809432,
      "val_Sensitivity_std": 0.02717259210442313,
      "val_Specificity_mean": 0.9774631268436549,
      "val_Specificity_std": 0.008894793381061005,
      "val_score_mean": 0.8290049224019505,
      "val_score_std": 0.009181124585930558,
      "val_thr_mean": 0.4493335613586954,
      "val_thr_std": 0.07600078600675678
    },
    {
      "criterion": "youden",
      "feature_set": "c110",
      "model": "et",
      "param_hash": "4581ab621f30",
      "param_index": 6,
      "test_Brier_mean": 0.04832778402558024,
      "test_Brier_std": 0.0016333134959208874,
      "test_LogLoss_mean": 0.18110121997324605,
      "test_LogLoss_std": 0.00466566571483667,
      "test_PR_AUC_mean": 0.9113820897667683,
      "test_PR_AUC_std": 0.005036033616389034,
      "test_Precision_mean": 0.8508459639459636,
      "test_Precision_std": 0.02970133823664577,
      "test_ROC_AUC_mean": 0.9652100014046917,
      "test_ROC_AUC_std": 0.0027876324881272617,
      "test_Sensitivity_mean": 0.867380952380942,
      "test_Sensitivity_std": 0.012728998232084336,
      "test_Specificity_mean": 0.9619469026548643,
      "test_Specificity_std": 0.009237383150772417,
      "val_Precision_mean": 0.8244917669257351,
      "val_Precision_std": 0.03587577296901821,
      "val_Sensitivity_mean": 0.8092857142857048,
      "val_Sensitivity_std": 0.007007958427903509,
      "val_Specificity_mean": 0.9568141592920325,
      "val_Specificity_std": 0.010968906176224435,
      "val_score_mean": 0.7660998735777372,
      "val_score_std": 0.009767790597915214,
      "val_thr_mean": 0.3284606244356167,
      "val_thr_std": 0.036895296704099224
    }
  ],
  "task_id": 30,
  "thr_grid_size": 600
}