{
  "feature_set": "c110_d110_errors",
  "model": "bbag",
  "n_bootstrap": 50,
  "param_hash": "45b09d797f91",
  "param_index": 7,
  "params": {
    "base_max_depth": 10,
    "base_max_features": "0.3",
    "base_min_samples_leaf": 4,
    "base_min_samples_split": 8,
    "bootstrap": true,
    "max_features": 0.9,
    "max_samples": 0.7,
    "n_estimators": 200,
    "replacement": false,
    "sampling_strategy": "auto"
  },
  "runtime_s": 53.862873792648315,
  "summary_preview": [
    {
      "criterion": "f1",
      "feature_set": "c110_d110_errors",
      "model": "bbag",
      "param_hash": "45b09d797f91",
      "param_index": 7,
      "test_Brier_mean": 0.06676804585526709,
      "test_Brier_std": 0.0027553506296163796,
      "test_LogLoss_mean": 0.25094686685007045,
      "test_LogLoss_std": 0.008458436805889083,
      "test_PR_AUC_mean": 0.8987263922798883,
      "test_PR_AUC_std": 0.007381786601187126,
      "test_Precision_mean": 0.8749957424856742,
      "test_Precision_std": 0.032187408556797,
      "test_ROC_AUC_mean": 0.9650280938334036,
      "test_ROC_AUC_std": 0.0033596987342961455,
      "test_Sensitivity_mean": 0.7735714285714194,
      "test_Sensitivity_std": 0.0440532000771803,
      "test_Specificity_mean": 0.971976401179938,
      "test_Specificity_std": 0.009577175033597554,
      "val_Precision_mean": 0.8726191470484449,
      "val_Precision_std": 0.050232924949622976,
      "val_Sensitivity_mean": 0.7421428571428484,
      "val_Sensitivity_std": 0.031415206098845426,
      "val_Specificity_mean": 0.9720353982300856,
      "val_Specificity_std": 0.012991932431408927,
      "val_score_mean": 0.8002723322406251,
      "val_score_std": 0.009575296317799974,
      "val_thr_mean": 0.5896876629240793,
      "val_thr_std": 0.06694201043473962
    },
    {
      "criterion": "youden",
      "feature_set": "c110_d110_errors",
      "model": "bbag",
      "param_hash": "45b09d797f91",
      "param_index": 7,
      "test_Brier_mean": 0.06676804585526709,
      "test_Brier_std": 0.0027553506296163796,
      "test_LogLoss_mean": 0.25094686685007045,
      "test_LogLoss_std": 0.008458436805889083,
      "test_PR_AUC_mean": 0.8987263922798883,
      "test_PR_AUC_std": 0.007381786601187126,
      "test_Precision_mean": 0.8104785781138815,
      "test_Precision_std": 0.037501312633243196,
      "test_ROC_AUC_mean": 0.9650280938334036,
      "test_ROC_AUC_std": 0.0033596987342961455,
      "test_Sensitivity_mean": 0.8461904761904662,
      "test_Sensitivity_std": 0.03287551774201391,
      "test_Specificity_mean": 0.9500884955752185,
      "test_Specificity_std": 0.013600955658173555,
      "val_Precision_mean": 0.7804981156548862,
      "val_Precision_std": 0.03581929399604932,
      "val_Sensitivity_mean": 0.7930952380952287,
      "val_Sensitivity_std": 0.01480471237606814,
      "val_Specificity_mean": 0.9440707964601741,
      "val_Specificity_std": 0.012256512382493359,
      "val_score_mean": 0.7371660345554027,
      "val_score_std": 0.010401263770380212,
      "val_thr_mean": 0.4696486057482863,
      "val_thr_std": 0.04896135232845608
    }
  ],
  "task_id": 367,
  "thr_grid_size": 600
}