{
  "feature_set": "c110",
  "model": "rf",
  "n_bootstrap": 50,
  "param_hash": "557f79c76653",
  "param_index": 23,
  "params": {
    "bootstrap": true,
    "class_weight": "balanced",
    "max_depth": 20,
    "max_features": "0.5",
    "min_samples_leaf": 4,
    "min_samples_split": 4,
    "n_estimators": 800
  },
  "runtime_s": 415.8920867443085,
  "summary_preview": [
    {
      "criterion": "f1",
      "feature_set": "c110",
      "model": "rf",
      "param_hash": "557f79c76653",
      "param_index": 23,
      "test_Brier_mean": 0.051706651522538075,
      "test_Brier_std": 0.002457957776243384,
      "test_LogLoss_mean": 0.1923798902909906,
      "test_LogLoss_std": 0.008107086595732893,
      "test_PR_AUC_mean": 0.9063401099756213,
      "test_PR_AUC_std": 0.009293235155640695,
      "test_Precision_mean": 0.8883083871319826,
      "test_Precision_std": 0.03724366616655062,
      "test_ROC_AUC_mean": 0.9614745750807698,
      "test_ROC_AUC_std": 0.004429361216819922,
      "test_Sensitivity_mean": 0.784285714285705,
      "test_Sensitivity_std": 0.05429619867043759,
      "test_Specificity_mean": 0.9746312684365752,
      "test_Specificity_std": 0.012023044768383515,
      "val_Precision_mean": 0.9134401485134046,
      "val_Precision_std": 0.03899251184098411,
      "val_Sensitivity_mean": 0.7571428571428481,
      "val_Sensitivity_std": 0.03501915013941113,
      "val_Specificity_mean": 0.9814749262536843,
      "val_Specificity_std": 0.010288558634778788,
      "val_score_mean": 0.826474046636578,
      "val_score_std": 0.010815667637896341,
      "val_thr_mean": 0.46506335723074427,
      "val_thr_std": 0.09949892297614639
    },
    {
      "criterion": "youden",
      "feature_set": "c110",
      "model": "rf",
      "param_hash": "557f79c76653",
      "param_index": 23,
      "test_Brier_mean": 0.051706651522538075,
      "test_Brier_std": 0.002457957776243384,
      "test_LogLoss_mean": 0.1923798902909906,
      "test_LogLoss_std": 0.008107086595732893,
      "test_PR_AUC_mean": 0.9063401099756213,
      "test_PR_AUC_std": 0.009293235155640695,
      "test_Precision_mean": 0.7998007287692048,
      "test_Precision_std": 0.05971382222933657,
      "test_ROC_AUC_mean": 0.9614745750807698,
      "test_ROC_AUC_std": 0.004429361216819922,
      "test_Sensitivity_mean": 0.8702380952380849,
      "test_Sensitivity_std": 0.03512223882323665,
      "test_Specificity_mean": 0.9438938053097317,
      "test_Specificity_std": 0.02310827523032563,
      "val_Precision_mean": 0.8044107876622251,
      "val_Precision_std": 0.059599105358290064,
      "val_Sensitivity_mean": 0.8121428571428475,
      "val_Sensitivity_std": 0.022599218969744754,
      "val_Specificity_mean": 0.9492625368731535,
      "val_Specificity_std": 0.020909627020742068,
      "val_score_mean": 0.7614053940160009,
      "val_score_std": 0.015862265672272002,
      "val_thr_mean": 0.30818141529461784,
      "val_thr_std": 0.050701552035224605
    }
  ],
  "task_id": 23,
  "thr_grid_size": 600
}