{
  "feature_set": "c110",
  "model": "bbag",
  "n_bootstrap": 50,
  "param_hash": "19a109e32ad1",
  "param_index": 21,
  "params": {
    "base_max_depth": 10,
    "base_max_features": "0.5",
    "base_min_samples_leaf": 4,
    "base_min_samples_split": 4,
    "bootstrap": true,
    "max_features": 0.9,
    "max_samples": 0.9,
    "n_estimators": 1200,
    "replacement": true,
    "sampling_strategy": "auto"
  },
  "runtime_s": 104.6079933643341,
  "summary_preview": [
    {
      "criterion": "f1",
      "feature_set": "c110",
      "model": "bbag",
      "param_hash": "19a109e32ad1",
      "param_index": 21,
      "test_Brier_mean": 0.06648566860573758,
      "test_Brier_std": 0.002425558608262376,
      "test_LogLoss_mean": 0.25368326345505143,
      "test_LogLoss_std": 0.007336217126086719,
      "test_PR_AUC_mean": 0.9005281182047945,
      "test_PR_AUC_std": 0.005276536158033272,
      "test_Precision_mean": 0.8675819225490425,
      "test_Precision_std": 0.02179532090817567,
      "test_ROC_AUC_mean": 0.9635608933839022,
      "test_ROC_AUC_std": 0.003307155423995433,
      "test_Sensitivity_mean": 0.7892857142857049,
      "test_Sensitivity_std": 0.03990261294778886,
      "test_Specificity_mean": 0.9697935103244808,
      "test_Specificity_std": 0.007115674983297211,
      "val_Precision_mean": 0.856384046145565,
      "val_Precision_std": 0.03783995427563055,
      "val_Sensitivity_mean": 0.7649999999999909,
      "val_Sensitivity_std": 0.026977099448856595,
      "val_Specificity_mean": 0.9674926253687286,
      "val_Specificity_std": 0.01085056806085958,
      "val_score_mean": 0.8069527130855857,
      "val_score_std": 0.008730376380558739,
      "val_thr_mean": 0.5616237148008757,
      "val_thr_std": 0.059736182538589123
    },
    {
      "criterion": "youden",
      "feature_set": "c110",
      "model": "bbag",
      "param_hash": "19a109e32ad1",
      "param_index": 21,
      "test_Brier_mean": 0.06648566860573758,
      "test_Brier_std": 0.002425558608262376,
      "test_LogLoss_mean": 0.25368326345505143,
      "test_LogLoss_std": 0.007336217126086719,
      "test_PR_AUC_mean": 0.9005281182047945,
      "test_PR_AUC_std": 0.005276536158033272,
      "test_Precision_mean": 0.8114523531955398,
      "test_Precision_std": 0.028314745506821837,
      "test_ROC_AUC_mean": 0.9635608933839022,
      "test_ROC_AUC_std": 0.003307155423995433,
      "test_Sensitivity_mean": 0.8676190476190374,
      "test_Sensitivity_std": 0.024953100531912926,
      "test_Specificity_mean": 0.949557522123891,
      "test_Specificity_std": 0.010343816020761487,
      "val_Precision_mean": 0.77126663164977,
      "val_Precision_std": 0.03243547540701029,
      "val_Sensitivity_mean": 0.8119047619047524,
      "val_Sensitivity_std": 0.012951995077999715,
      "val_Specificity_mean": 0.9397640117994073,
      "val_Specificity_std": 0.011755532166742376,
      "val_score_mean": 0.7516687737041594,
      "val_score_std": 0.009476085630576992,
      "val_thr_mean": 0.4384450978453276,
      "val_thr_std": 0.03452975376223628
    }
  ],
  "task_id": 93,
  "thr_grid_size": 600
}