{
  "feature_set": "c110_errors",
  "model": "et",
  "n_bootstrap": 50,
  "param_hash": "fd9ef44c080b",
  "param_index": 17,
  "params": {
    "bootstrap": true,
    "max_depth": 10,
    "max_features": "sqrt",
    "max_samples": 1.0,
    "min_samples_leaf": 4,
    "min_samples_split": 2,
    "n_estimators": 1500
  },
  "runtime_s": 508.0426745414734,
  "summary_preview": [
    {
      "criterion": "f1",
      "feature_set": "c110_errors",
      "model": "et",
      "param_hash": "fd9ef44c080b",
      "param_index": 17,
      "test_Brier_mean": 0.08425220793827769,
      "test_Brier_std": 0.001315059983134906,
      "test_LogLoss_mean": 0.2860185393723061,
      "test_LogLoss_std": 0.0036892163017358576,
      "test_PR_AUC_mean": 0.8288754577443094,
      "test_PR_AUC_std": 0.011669696367015498,
      "test_Precision_mean": 0.787636852079896,
      "test_Precision_std": 0.03083812482128587,
      "test_ROC_AUC_mean": 0.9405218429554714,
      "test_ROC_AUC_std": 0.005400589641239195,
      "test_Sensitivity_mean": 0.7095238095238011,
      "test_Sensitivity_std": 0.05681392206969343,
      "test_Specificity_mean": 0.9517994100294956,
      "test_Specificity_std": 0.011987691714206774,
      "val_Precision_mean": 0.722861279412773,
      "val_Precision_std": 0.03854240250538627,
      "val_Sensitivity_mean": 0.6833333333333251,
      "val_Sensitivity_std": 0.04200370420145689,
      "val_Specificity_mean": 0.933864306784658,
      "val_Specificity_std": 0.015655614783639287,
      "val_score_mean": 0.7005384886800939,
      "val_score_std": 0.014887780565834006,
      "val_thr_mean": 0.29809776097801366,
      "val_thr_std": 0.03515189903032554
    },
    {
      "criterion": "youden",
      "feature_set": "c110_errors",
      "model": "et",
      "param_hash": "fd9ef44c080b",
      "param_index": 17,
      "test_Brier_mean": 0.08425220793827769,
      "test_Brier_std": 0.001315059983134906,
      "test_LogLoss_mean": 0.2860185393723061,
      "test_LogLoss_std": 0.0036892163017358576,
      "test_PR_AUC_mean": 0.8288754577443094,
      "test_PR_AUC_std": 0.011669696367015498,
      "test_Precision_mean": 0.614506250633786,
      "test_Precision_std": 0.053292404564712896,
      "test_ROC_AUC_mean": 0.9405218429554714,
      "test_ROC_AUC_std": 0.005400589641239195,
      "test_Sensitivity_mean": 0.8528571428571327,
      "test_Sensitivity_std": 0.027185362180527674,
      "test_Specificity_mean": 0.8644247787610594,
      "test_Specificity_std": 0.031399581631153604,
      "val_Precision_mean": 0.585764087350729,
      "val_Precision_std": 0.03987036427562543,
      "val_Sensitivity_mean": 0.7935714285714193,
      "val_Sensitivity_std": 0.023517401345427492,
      "val_Specificity_mean": 0.8589380530973425,
      "val_Specificity_std": 0.026442707880270838,
      "val_score_mean": 0.6525094816687617,
      "val_score_std": 0.017746951332470673,
      "val_thr_mean": 0.20847024445529308,
      "val_thr_std": 0.018077006028018018
    }
  ],
  "task_id": 233,
  "thr_grid_size": 600
}