{
  "feature_set": "c110_errors",
  "model": "et",
  "n_bootstrap": 50,
  "param_hash": "409b2e1e8603",
  "param_index": 12,
  "params": {
    "bootstrap": true,
    "max_depth": 30,
    "max_features": "sqrt",
    "max_samples": 0.5,
    "min_samples_leaf": 4,
    "min_samples_split": 4,
    "n_estimators": 2500
  },
  "runtime_s": 968.7175664901733,
  "summary_preview": [
    {
      "criterion": "f1",
      "feature_set": "c110_errors",
      "model": "et",
      "param_hash": "409b2e1e8603",
      "param_index": 12,
      "test_Brier_mean": 0.08316579263055876,
      "test_Brier_std": 0.001154111888292434,
      "test_LogLoss_mean": 0.2818145163915286,
      "test_LogLoss_std": 0.0030992416686053165,
      "test_PR_AUC_mean": 0.8298032063274894,
      "test_PR_AUC_std": 0.010761551247060228,
      "test_Precision_mean": 0.7821812085222148,
      "test_Precision_std": 0.04793371463859238,
      "test_ROC_AUC_mean": 0.9407465936226999,
      "test_ROC_AUC_std": 0.005233326557314377,
      "test_Sensitivity_mean": 0.7154761904761819,
      "test_Sensitivity_std": 0.07382793901751017,
      "test_Specificity_mean": 0.9485545722713836,
      "test_Specificity_std": 0.020611609092467217,
      "val_Precision_mean": 0.7282893919644077,
      "val_Precision_std": 0.053062633296604836,
      "val_Sensitivity_mean": 0.6938095238095155,
      "val_Sensitivity_std": 0.05563278449050511,
      "val_Specificity_mean": 0.933392330383478,
      "val_Specificity_std": 0.02253714736897899,
      "val_score_mean": 0.7067708053194468,
      "val_score_std": 0.013581387348846218,
      "val_thr_mean": 0.3079448270801215,
      "val_thr_std": 0.047010715818897486
    },
    {
      "criterion": "youden",
      "feature_set": "c110_errors",
      "model": "et",
      "param_hash": "409b2e1e8603",
      "param_index": 12,
      "test_Brier_mean": 0.08316579263055876,
      "test_Brier_std": 0.001154111888292434,
      "test_LogLoss_mean": 0.2818145163915286,
      "test_LogLoss_std": 0.0030992416686053165,
      "test_PR_AUC_mean": 0.8298032063274894,
      "test_PR_AUC_std": 0.010761551247060228,
      "test_Precision_mean": 0.6305049132286523,
      "test_Precision_std": 0.05091897412139853,
      "test_ROC_AUC_mean": 0.9407465936226999,
      "test_ROC_AUC_std": 0.005233326557314377,
      "test_Sensitivity_mean": 0.8488095238095137,
      "test_Sensitivity_std": 0.029967704399159665,
      "test_Specificity_mean": 0.8741592920353957,
      "test_Specificity_std": 0.02823499442517052,
      "val_Precision_mean": 0.5939307530807063,
      "val_Precision_std": 0.03830599568039044,
      "val_Sensitivity_mean": 0.7978571428571334,
      "val_Sensitivity_std": 0.022879048864614254,
      "val_Specificity_mean": 0.8631268436578146,
      "val_Specificity_std": 0.02360634399352867,
      "val_score_mean": 0.6609839865149479,
      "val_score_std": 0.01761069667781708,
      "val_thr_mean": 0.2207413951210304,
      "val_thr_std": 0.018720695448478732
    }
  ],
  "task_id": 228,
  "thr_grid_size": 600
}