{
  "feature_set": "c110_d110_snr",
  "model": "brf",
  "n_bootstrap": 50,
  "param_hash": "1481bfd76716",
  "param_index": 3,
  "params": {
    "max_depth": null,
    "max_features": "sqrt",
    "min_samples_leaf": 2,
    "min_samples_split": 4,
    "n_estimators": 800,
    "replacement": false,
    "sampling_strategy": "auto"
  },
  "runtime_s": 299.0313630104065,
  "summary_preview": [
    {
      "criterion": "f1",
      "feature_set": "c110_d110_snr",
      "model": "brf",
      "param_hash": "1481bfd76716",
      "param_index": 3,
      "test_Brier_mean": 0.06761012742698828,
      "test_Brier_std": 0.0023138723443507786,
      "test_LogLoss_mean": 0.2537412146183903,
      "test_LogLoss_std": 0.006830213199491934,
      "test_PR_AUC_mean": 0.8989868169785913,
      "test_PR_AUC_std": 0.006273746928248779,
      "test_Precision_mean": 0.8618134111337007,
      "test_Precision_std": 0.03267491038259973,
      "test_ROC_AUC_mean": 0.9620167860654587,
      "test_ROC_AUC_std": 0.003185711713326731,
      "test_Sensitivity_mean": 0.8064285714285618,
      "test_Sensitivity_std": 0.03972535752800598,
      "test_Specificity_mean": 0.9673156342182861,
      "test_Specificity_std": 0.009897964268624151,
      "val_Precision_mean": 0.8592948858094951,
      "val_Precision_std": 0.037077647814564296,
      "val_Sensitivity_mean": 0.7719047619047528,
      "val_Sensitivity_std": 0.029295174149842496,
      "val_Specificity_mean": 0.9679646017699086,
      "val_Specificity_std": 0.010322505551083093,
      "val_score_mean": 0.8120100972254981,
      "val_score_std": 0.0068842426820246065,
      "val_thr_mean": 0.5418357749026156,
      "val_thr_std": 0.055963188593794344
    },
    {
      "criterion": "youden",
      "feature_set": "c110_d110_snr",
      "model": "brf",
      "param_hash": "1481bfd76716",
      "param_index": 3,
      "test_Brier_mean": 0.06761012742698828,
      "test_Brier_std": 0.0023138723443507786,
      "test_LogLoss_mean": 0.2537412146183903,
      "test_LogLoss_std": 0.006830213199491934,
      "test_PR_AUC_mean": 0.8989868169785913,
      "test_PR_AUC_std": 0.006273746928248779,
      "test_Precision_mean": 0.8127277253009916,
      "test_Precision_std": 0.033385393999688685,
      "test_ROC_AUC_mean": 0.9620167860654587,
      "test_ROC_AUC_std": 0.003185711713326731,
      "test_Sensitivity_mean": 0.8559523809523708,
      "test_Sensitivity_std": 0.02044356340165163,
      "test_Specificity_mean": 0.9505604719763983,
      "test_Specificity_std": 0.01154933356752263,
      "val_Precision_mean": 0.800975151684481,
      "val_Precision_std": 0.02961865733893562,
      "val_Sensitivity_mean": 0.8038095238095143,
      "val_Sensitivity_std": 0.010820390286113429,
      "val_Specificity_mean": 0.9500884955752185,
      "val_Specificity_std": 0.010022767911618935,
      "val_score_mean": 0.7538980193847327,
      "val_score_std": 0.008853600718098199,
      "val_thr_mean": 0.4670938439065109,
      "val_thr_std": 0.032224517934944595
    }
  ],
  "task_id": 531,
  "thr_grid_size": 600
}