{
  "feature_set": "c110_snr",
  "model": "brf",
  "n_bootstrap": 50,
  "param_hash": "97f9c5e2caa7",
  "param_index": 10,
  "params": {
    "max_depth": 20,
    "max_features": "0.5",
    "min_samples_leaf": 2,
    "min_samples_split": 4,
    "n_estimators": 2500,
    "replacement": false,
    "sampling_strategy": "auto"
  },
  "runtime_s": 1745.5411880016327,
  "summary_preview": [
    {
      "criterion": "f1",
      "feature_set": "c110_snr",
      "model": "brf",
      "param_hash": "97f9c5e2caa7",
      "param_index": 10,
      "test_Brier_mean": 0.06537210346897285,
      "test_Brier_std": 0.004125100418273181,
      "test_LogLoss_mean": 0.2441743847758192,
      "test_LogLoss_std": 0.011364434110741896,
      "test_PR_AUC_mean": 0.8836637459197269,
      "test_PR_AUC_std": 0.014079390677175029,
      "test_Precision_mean": 0.8792759141263677,
      "test_Precision_std": 0.03873710869844015,
      "test_ROC_AUC_mean": 0.953150021070375,
      "test_ROC_AUC_std": 0.006381884454477659,
      "test_Sensitivity_mean": 0.7609523809523719,
      "test_Sensitivity_std": 0.05924814691342839,
      "test_Specificity_mean": 0.9730973451327404,
      "test_Specificity_std": 0.012017726274947177,
      "val_Precision_mean": 0.9113359168170361,
      "val_Precision_std": 0.048665581122242715,
      "val_Sensitivity_mean": 0.7433333333333245,
      "val_Sensitivity_std": 0.043502856182059985,
      "val_Specificity_mean": 0.9809439528023569,
      "val_Specificity_std": 0.01233234490040828,
      "val_score_mean": 0.8164653782067454,
      "val_score_std": 0.013362352116994455,
      "val_thr_mean": 0.6282418984647964,
      "val_thr_std": 0.10937574252851842
    },
    {
      "criterion": "youden",
      "feature_set": "c110_snr",
      "model": "brf",
      "param_hash": "97f9c5e2caa7",
      "param_index": 10,
      "test_Brier_mean": 0.06537210346897285,
      "test_Brier_std": 0.004125100418273181,
      "test_LogLoss_mean": 0.2441743847758192,
      "test_LogLoss_std": 0.011364434110741896,
      "test_PR_AUC_mean": 0.8836637459197269,
      "test_PR_AUC_std": 0.014079390677175029,
      "test_Precision_mean": 0.7716984419408341,
      "test_Precision_std": 0.05481221156544661,
      "test_ROC_AUC_mean": 0.953150021070375,
      "test_ROC_AUC_std": 0.006381884454477659,
      "test_Sensitivity_mean": 0.8564285714285613,
      "test_Sensitivity_std": 0.03239427639896346,
      "test_Specificity_mean": 0.9355162241887878,
      "test_Specificity_std": 0.021462925687072962,
      "val_Precision_mean": 0.7811784113315606,
      "val_Precision_std": 0.057042005105476704,
      "val_Sensitivity_mean": 0.8119047619047522,
      "val_Sensitivity_std": 0.020122720350678747,
      "val_Specificity_mean": 0.9420058997050118,
      "val_Specificity_std": 0.020581000485371804,
      "val_score_mean": 0.7539106616097642,
      "val_score_std": 0.019253224133118967,
      "val_thr_mean": 0.4293336659803952,
      "val_thr_std": 0.054625535402747005
    }
  ],
  "task_id": 442,
  "thr_grid_size": 600
}