{
  "feature_set": "c110_errors",
  "model": "et",
  "n_bootstrap": 50,
  "param_hash": "97bf7f153894",
  "param_index": 10,
  "params": {
    "bootstrap": false,
    "max_depth": 10,
    "max_features": "0.3",
    "max_samples": 1.0,
    "min_samples_leaf": 2,
    "min_samples_split": 8,
    "n_estimators": 1500
  },
  "runtime_s": 240.73223519325256,
  "summary_preview": [
    {
      "criterion": "f1",
      "feature_set": "c110_errors",
      "model": "et",
      "param_hash": "97bf7f153894",
      "param_index": 10,
      "test_Brier_mean": 0.052021273373660415,
      "test_Brier_std": 0.0015791644624403834,
      "test_LogLoss_mean": 0.19086343084775909,
      "test_LogLoss_std": 0.0037929912814015977,
      "test_PR_AUC_mean": 0.9124654662361884,
      "test_PR_AUC_std": 0.004744150309617653,
      "test_Precision_mean": 0.8938024585875572,
      "test_Precision_std": 0.020734658407009728,
      "test_ROC_AUC_mean": 0.9693088916982723,
      "test_ROC_AUC_std": 0.0018812762627036,
      "test_Sensitivity_mean": 0.7809523809523716,
      "test_Sensitivity_std": 0.024527559697033654,
      "test_Specificity_mean": 0.9768141592920324,
      "test_Specificity_std": 0.0054948047841709875,
      "val_Precision_mean": 0.8852818957255887,
      "val_Precision_std": 0.02537410472888537,
      "val_Sensitivity_mean": 0.7552380952380863,
      "val_Sensitivity_std": 0.013639413371267462,
      "val_Specificity_mean": 0.9755162241887877,
      "val_Specificity_std": 0.006453178605610372,
      "val_score_mean": 0.8147613100834254,
      "val_score_std": 0.009350790928446361,
      "val_thr_mean": 0.4132569213972382,
      "val_thr_std": 0.036214979262624424
    },
    {
      "criterion": "youden",
      "feature_set": "c110_errors",
      "model": "et",
      "param_hash": "97bf7f153894",
      "param_index": 10,
      "test_Brier_mean": 0.052021273373660415,
      "test_Brier_std": 0.0015791644624403834,
      "test_LogLoss_mean": 0.19086343084775909,
      "test_LogLoss_std": 0.0037929912814015977,
      "test_PR_AUC_mean": 0.9124654662361884,
      "test_PR_AUC_std": 0.004744150309617653,
      "test_Precision_mean": 0.8175255266015724,
      "test_Precision_std": 0.03675724424809912,
      "test_ROC_AUC_mean": 0.9693088916982723,
      "test_ROC_AUC_std": 0.0018812762627036,
      "test_Sensitivity_mean": 0.8847619047618943,
      "test_Sensitivity_std": 0.03480707157949899,
      "test_Specificity_mean": 0.9502064896755134,
      "test_Specificity_std": 0.012887630783691158,
      "val_Precision_mean": 0.7711303747496469,
      "val_Precision_std": 0.04668458065524582,
      "val_Sensitivity_mean": 0.8116666666666571,
      "val_Sensitivity_std": 0.016257293667458008,
      "val_Specificity_mean": 0.9391740412979322,
      "val_Specificity_std": 0.01588980114358207,
      "val_score_mean": 0.7508407079645893,
      "val_score_std": 0.009661392609563547,
      "val_thr_mean": 0.2551521447475039,
      "val_thr_std": 0.047023482205039074
    }
  ],
  "task_id": 226,
  "thr_grid_size": 600
}