{
  "feature_set": "c110_d110",
  "model": "et",
  "n_bootstrap": 50,
  "param_hash": "8af79b22dbff",
  "param_index": 7,
  "params": {
    "bootstrap": false,
    "max_depth": null,
    "max_features": "0.3",
    "max_samples": 0.5,
    "min_samples_leaf": 4,
    "min_samples_split": 2,
    "n_estimators": 1500
  },
  "runtime_s": 252.98172163963318,
  "summary_preview": [
    {
      "criterion": "f1",
      "feature_set": "c110_d110",
      "model": "et",
      "param_hash": "8af79b22dbff",
      "param_index": 7,
      "test_Brier_mean": 0.04802067245992739,
      "test_Brier_std": 0.0012626831800561936,
      "test_LogLoss_mean": 0.1806671266564998,
      "test_LogLoss_std": 0.004116026202876963,
      "test_PR_AUC_mean": 0.9107236190848836,
      "test_PR_AUC_std": 0.004966962411508386,
      "test_Precision_mean": 0.9204987392179081,
      "test_Precision_std": 0.01755709157908417,
      "test_ROC_AUC_mean": 0.9656524792807979,
      "test_ROC_AUC_std": 0.002769774911531905,
      "test_Sensitivity_mean": 0.8009523809523715,
      "test_Sensitivity_std": 0.026678464695411384,
      "test_Specificity_mean": 0.9827138643067816,
      "test_Specificity_std": 0.004692973753039332,
      "val_Precision_mean": 0.9112649102036653,
      "val_Precision_std": 0.02962810975064897,
      "val_Sensitivity_mean": 0.7571428571428481,
      "val_Sensitivity_std": 0.022562073403777954,
      "val_Specificity_mean": 0.9813569321533894,
      "val_Specificity_std": 0.007285354499780633,
      "val_score_mean": 0.826379225684796,
      "val_score_std": 0.008590116444412287,
      "val_thr_mean": 0.4620093047495387,
      "val_thr_std": 0.05793284913360871
    },
    {
      "criterion": "youden",
      "feature_set": "c110_d110",
      "model": "et",
      "param_hash": "8af79b22dbff",
      "param_index": 7,
      "test_Brier_mean": 0.04802067245992739,
      "test_Brier_std": 0.0012626831800561936,
      "test_LogLoss_mean": 0.1806671266564998,
      "test_LogLoss_std": 0.004116026202876963,
      "test_PR_AUC_mean": 0.9107236190848836,
      "test_PR_AUC_std": 0.004966962411508386,
      "test_Precision_mean": 0.8237766872047085,
      "test_Precision_std": 0.06138114004485849,
      "test_ROC_AUC_mean": 0.9656524792807979,
      "test_ROC_AUC_std": 0.002769774911531905,
      "test_Sensitivity_mean": 0.8752380952380848,
      "test_Sensitivity_std": 0.03317329344282031,
      "test_Specificity_mean": 0.9515634218289057,
      "test_Specificity_std": 0.021364071937888342,
      "val_Precision_mean": 0.8022760534137953,
      "val_Precision_std": 0.05334966526962459,
      "val_Sensitivity_mean": 0.8104761904761808,
      "val_Sensitivity_std": 0.022541553096300296,
      "val_Specificity_mean": 0.9490265486725634,
      "val_Specificity_std": 0.017879203400656914,
      "val_score_mean": 0.7595027391487444,
      "val_score_std": 0.010480780070659093,
      "val_thr_mean": 0.28415715709604195,
      "val_thr_std": 0.07469709476849962
    }
  ],
  "task_id": 127,
  "thr_grid_size": 600
}