{
  "feature_set": "c110_d110_snr",
  "model": "brf",
  "n_bootstrap": 50,
  "param_hash": "a4699d913725",
  "param_index": 20,
  "params": {
    "max_depth": null,
    "max_features": "sqrt",
    "min_samples_leaf": 4,
    "min_samples_split": 4,
    "n_estimators": 4000,
    "replacement": false,
    "sampling_strategy": "auto"
  },
  "runtime_s": 1277.1574413776398,
  "summary_preview": [
    {
      "criterion": "f1",
      "feature_set": "c110_d110_snr",
      "model": "brf",
      "param_hash": "a4699d913725",
      "param_index": 20,
      "test_Brier_mean": 0.06979405356866553,
      "test_Brier_std": 0.002876846034550126,
      "test_LogLoss_mean": 0.2598689538445097,
      "test_LogLoss_std": 0.008155729056950696,
      "test_PR_AUC_mean": 0.8961765100276228,
      "test_PR_AUC_std": 0.006828948108373493,
      "test_Precision_mean": 0.8557707466044743,
      "test_Precision_std": 0.028983235111395774,
      "test_ROC_AUC_mean": 0.9611771316196095,
      "test_ROC_AUC_std": 0.003769578814836694,
      "test_Sensitivity_mean": 0.7980952380952285,
      "test_Sensitivity_std": 0.04261621079536956,
      "test_Specificity_mean": 0.9661356932153363,
      "test_Specificity_std": 0.008964002225239468,
      "val_Precision_mean": 0.8516197587171364,
      "val_Precision_std": 0.03468523653266773,
      "val_Sensitivity_mean": 0.7666666666666576,
      "val_Sensitivity_std": 0.025110243299716357,
      "val_Specificity_mean": 0.9663126843657789,
      "val_Specificity_std": 0.009666503890930963,
      "val_score_mean": 0.8059456850660821,
      "val_score_std": 0.008792520424396762,
      "val_thr_mean": 0.5493592652237858,
      "val_thr_std": 0.0490551935080402
    },
    {
      "criterion": "youden",
      "feature_set": "c110_d110_snr",
      "model": "brf",
      "param_hash": "a4699d913725",
      "param_index": 20,
      "test_Brier_mean": 0.06979405356866553,
      "test_Brier_std": 0.002876846034550126,
      "test_LogLoss_mean": 0.2598689538445097,
      "test_LogLoss_std": 0.008155729056950696,
      "test_PR_AUC_mean": 0.8961765100276228,
      "test_PR_AUC_std": 0.006828948108373493,
      "test_Precision_mean": 0.8117838269780343,
      "test_Precision_std": 0.0334153023766807,
      "test_ROC_AUC_mean": 0.9611771316196095,
      "test_ROC_AUC_std": 0.003769578814836694,
      "test_Sensitivity_mean": 0.8490476190476091,
      "test_Sensitivity_std": 0.019307028498392106,
      "test_Specificity_mean": 0.9506784660766933,
      "test_Specificity_std": 0.011402013029535097,
      "val_Precision_mean": 0.7966300926687145,
      "val_Precision_std": 0.03406370098595568,
      "val_Sensitivity_mean": 0.7969047619047526,
      "val_Sensitivity_std": 0.012591926775790888,
      "val_Specificity_mean": 0.9490265486725634,
      "val_Specificity_std": 0.01141757722503232,
      "val_score_mean": 0.745931310577316,
      "val_score_std": 0.009252571034087873,
      "val_thr_mean": 0.48256278737379765,
      "val_thr_std": 0.032895248799936605
    }
  ],
  "task_id": 548,
  "thr_grid_size": 600
}