{
  "feature_set": "c110_d110_errors_snr",
  "model": "brf",
  "n_bootstrap": 50,
  "param_hash": "97f9c5e2caa7",
  "param_index": 10,
  "params": {
    "max_depth": 20,
    "max_features": "0.5",
    "min_samples_leaf": 2,
    "min_samples_split": 4,
    "n_estimators": 2500,
    "replacement": false,
    "sampling_strategy": "auto"
  },
  "runtime_s": 2812.042669773102,
  "summary_preview": [
    {
      "criterion": "f1",
      "feature_set": "c110_d110_errors_snr",
      "model": "brf",
      "param_hash": "97f9c5e2caa7",
      "param_index": 10,
      "test_Brier_mean": 0.062272978434293594,
      "test_Brier_std": 0.0025961748448739795,
      "test_LogLoss_mean": 0.24032506074855228,
      "test_LogLoss_std": 0.013538628155782245,
      "test_PR_AUC_mean": 0.8819185818548051,
      "test_PR_AUC_std": 0.010420899126825206,
      "test_Precision_mean": 0.8857020253783306,
      "test_Precision_std": 0.029055661432655342,
      "test_ROC_AUC_mean": 0.9552152689984549,
      "test_ROC_AUC_std": 0.004885590263223106,
      "test_Sensitivity_mean": 0.7880952380952287,
      "test_Sensitivity_std": 0.04010144939643355,
      "test_Specificity_mean": 0.9743362831858378,
      "test_Specificity_std": 0.008284704277849763,
      "val_Precision_mean": 0.9038513649771999,
      "val_Precision_std": 0.032013192461052054,
      "val_Sensitivity_mean": 0.7416666666666579,
      "val_Sensitivity_std": 0.02888654379500479,
      "val_Specificity_mean": 0.979999999999997,
      "val_Specificity_std": 0.007890342043535652,
      "val_score_mean": 0.8138251729057627,
      "val_score_std": 0.012405126540024704,
      "val_thr_mean": 0.6500298138557666,
      "val_thr_std": 0.07547909848471743
    },
    {
      "criterion": "youden",
      "feature_set": "c110_d110_errors_snr",
      "model": "brf",
      "param_hash": "97f9c5e2caa7",
      "param_index": 10,
      "test_Brier_mean": 0.062272978434293594,
      "test_Brier_std": 0.0025961748448739795,
      "test_LogLoss_mean": 0.24032506074855228,
      "test_LogLoss_std": 0.013538628155782245,
      "test_PR_AUC_mean": 0.8819185818548051,
      "test_PR_AUC_std": 0.010420899126825206,
      "test_Precision_mean": 0.7896960057215029,
      "test_Precision_std": 0.0627883140795672,
      "test_ROC_AUC_mean": 0.9552152689984549,
      "test_ROC_AUC_std": 0.004885590263223106,
      "test_Sensitivity_mean": 0.8630952380952279,
      "test_Sensitivity_std": 0.03220084392646475,
      "test_Specificity_mean": 0.9406489675516195,
      "test_Specificity_std": 0.024828305746207487,
      "val_Precision_mean": 0.7825754419735848,
      "val_Precision_std": 0.07125742186010589,
      "val_Sensitivity_mean": 0.8023809523809429,
      "val_Sensitivity_std": 0.02656547508811757,
      "val_Specificity_mean": 0.9419469026548645,
      "val_Specificity_std": 0.026488000827687687,
      "val_score_mean": 0.7443278550358073,
      "val_score_std": 0.015399496476039873,
      "val_thr_mean": 0.47074702706910876,
      "val_thr_std": 0.08330092130791407
    }
  ],
  "task_id": 634,
  "thr_grid_size": 600
}