{
  "feature_set": "c110",
  "model": "rf",
  "n_bootstrap": 50,
  "param_hash": "8d6e87e8f14c",
  "param_index": 17,
  "params": {
    "bootstrap": true,
    "class_weight": "balanced",
    "max_depth": 10,
    "max_features": "0.2",
    "min_samples_leaf": 2,
    "min_samples_split": 4,
    "n_estimators": 1500
  },
  "runtime_s": 390.60979080200195,
  "summary_preview": [
    {
      "criterion": "f1",
      "feature_set": "c110",
      "model": "rf",
      "param_hash": "8d6e87e8f14c",
      "param_index": 17,
      "test_Brier_mean": 0.051839724487164264,
      "test_Brier_std": 0.0022310075739273446,
      "test_LogLoss_mean": 0.19309521912356878,
      "test_LogLoss_std": 0.006456789981840028,
      "test_PR_AUC_mean": 0.9111806171494072,
      "test_PR_AUC_std": 0.007889356555725525,
      "test_Precision_mean": 0.8919199345910935,
      "test_Precision_std": 0.026048320463920097,
      "test_ROC_AUC_mean": 0.9645666526197499,
      "test_ROC_AUC_std": 0.003948209255190046,
      "test_Sensitivity_mean": 0.7933333333333239,
      "test_Sensitivity_std": 0.046622219566476816,
      "test_Specificity_mean": 0.9758112094395252,
      "test_Specificity_std": 0.007347490844569183,
      "val_Precision_mean": 0.9089476875890924,
      "val_Precision_std": 0.03558644707777437,
      "val_Sensitivity_mean": 0.7707142857142766,
      "val_Sensitivity_std": 0.02531786904609655,
      "val_Specificity_mean": 0.980353982300882,
      "val_Specificity_std": 0.00868978643974064,
      "val_score_mean": 0.8332157486388594,
      "val_score_std": 0.010467827949558554,
      "val_thr_mean": 0.4174377722671237,
      "val_thr_std": 0.06185600928277946
    },
    {
      "criterion": "youden",
      "feature_set": "c110",
      "model": "rf",
      "param_hash": "8d6e87e8f14c",
      "param_index": 17,
      "test_Brier_mean": 0.051839724487164264,
      "test_Brier_std": 0.0022310075739273446,
      "test_LogLoss_mean": 0.19309521912356878,
      "test_LogLoss_std": 0.006456789981840028,
      "test_PR_AUC_mean": 0.9111806171494072,
      "test_PR_AUC_std": 0.007889356555725525,
      "test_Precision_mean": 0.8201065452385886,
      "test_Precision_std": 0.04251759109521253,
      "test_ROC_AUC_mean": 0.9645666526197499,
      "test_ROC_AUC_std": 0.003948209255190046,
      "test_Sensitivity_mean": 0.8699999999999897,
      "test_Sensitivity_std": 0.03115913602883987,
      "test_Specificity_mean": 0.9516814159292006,
      "test_Specificity_std": 0.015332401010671941,
      "val_Precision_mean": 0.8205168100510017,
      "val_Precision_std": 0.04716844427784143,
      "val_Sensitivity_mean": 0.8123809523809428,
      "val_Sensitivity_std": 0.016054998260143984,
      "val_Specificity_mean": 0.9549852507374602,
      "val_Specificity_std": 0.014765026793077687,
      "val_score_mean": 0.767366203118403,
      "val_score_std": 0.011486290310025819,
      "val_thr_mean": 0.2912603646405122,
      "val_thr_std": 0.05035338303520935
    }
  ],
  "task_id": 17,
  "thr_grid_size": 600
}