{
  "feature_set": "c110_d110_errors",
  "model": "rf",
  "n_bootstrap": 50,
  "param_hash": "bdb980b4c5bd",
  "param_index": 0,
  "params": {
    "bootstrap": true,
    "class_weight": null,
    "max_depth": null,
    "max_features": "sqrt",
    "min_samples_leaf": 2,
    "min_samples_split": 2,
    "n_estimators": 1500
  },
  "runtime_s": 430.92918062210083,
  "summary_preview": [
    {
      "criterion": "f1",
      "feature_set": "c110_d110_errors",
      "model": "rf",
      "param_hash": "bdb980b4c5bd",
      "param_index": 0,
      "test_Brier_mean": 0.054572923978256825,
      "test_Brier_std": 0.0020250109900456677,
      "test_LogLoss_mean": 0.1986967063187451,
      "test_LogLoss_std": 0.005339192595134863,
      "test_PR_AUC_mean": 0.9038982912843417,
      "test_PR_AUC_std": 0.00722998243306253,
      "test_Precision_mean": 0.9021965654274744,
      "test_Precision_std": 0.02673436587762325,
      "test_ROC_AUC_mean": 0.9636543053799691,
      "test_ROC_AUC_std": 0.0027929005430282106,
      "test_Sensitivity_mean": 0.7757142857142766,
      "test_Sensitivity_std": 0.050984114074970104,
      "test_Specificity_mean": 0.9787020648967523,
      "test_Specificity_std": 0.007402631810534146,
      "val_Precision_mean": 0.8920873116238738,
      "val_Precision_std": 0.04675300079262868,
      "val_Sensitivity_mean": 0.738809523809515,
      "val_Sensitivity_std": 0.03404845153827362,
      "val_Specificity_mean": 0.97687315634218,
      "val_Specificity_std": 0.011668651192500133,
      "val_score_mean": 0.8064474412073398,
      "val_score_std": 0.01012727201339784,
      "val_thr_mean": 0.4481163523950854,
      "val_thr_std": 0.060418866834548786
    },
    {
      "criterion": "youden",
      "feature_set": "c110_d110_errors",
      "model": "rf",
      "param_hash": "bdb980b4c5bd",
      "param_index": 0,
      "test_Brier_mean": 0.054572923978256825,
      "test_Brier_std": 0.0020250109900456677,
      "test_LogLoss_mean": 0.1986967063187451,
      "test_LogLoss_std": 0.005339192595134863,
      "test_PR_AUC_mean": 0.9038982912843417,
      "test_PR_AUC_std": 0.00722998243306253,
      "test_Precision_mean": 0.8509782345161131,
      "test_Precision_std": 0.040555687885436856,
      "test_ROC_AUC_mean": 0.9636543053799691,
      "test_ROC_AUC_std": 0.0027929005430282106,
      "test_Sensitivity_mean": 0.8445238095237996,
      "test_Sensitivity_std": 0.024457887375932134,
      "test_Specificity_mean": 0.9625958702064868,
      "test_Specificity_std": 0.01330527034616374,
      "val_Precision_mean": 0.8013739739408993,
      "val_Precision_std": 0.055145245283584804,
      "val_Sensitivity_mean": 0.7857142857142765,
      "val_Sensitivity_std": 0.01783688517296158,
      "val_Specificity_mean": 0.9502064896755134,
      "val_Specificity_std": 0.019372282037668557,
      "val_score_mean": 0.7359207753897897,
      "val_score_std": 0.010893249575996794,
      "val_thr_mean": 0.35506462413521683,
      "val_thr_std": 0.04016873017675845
    }
  ],
  "task_id": 288,
  "thr_grid_size": 600
}