{
  "feature_set": "c110_d110_errors_snr",
  "model": "rf",
  "n_bootstrap": 50,
  "param_hash": "2afd1857be47",
  "param_index": 12,
  "params": {
    "bootstrap": true,
    "class_weight": null,
    "max_depth": 20,
    "max_features": "0.3",
    "min_samples_leaf": 4,
    "min_samples_split": 4,
    "n_estimators": 2500
  },
  "runtime_s": 4277.311122179031,
  "summary_preview": [
    {
      "criterion": "f1",
      "feature_set": "c110_d110_errors_snr",
      "model": "rf",
      "param_hash": "2afd1857be47",
      "param_index": 12,
      "test_Brier_mean": 0.05326625863713185,
      "test_Brier_std": 0.0028014100599210983,
      "test_LogLoss_mean": 0.19724543521946297,
      "test_LogLoss_std": 0.008059427206176141,
      "test_PR_AUC_mean": 0.883396366195517,
      "test_PR_AUC_std": 0.009630419721108533,
      "test_Precision_mean": 0.9013763156654419,
      "test_Precision_std": 0.025773914508385225,
      "test_ROC_AUC_mean": 0.951487568478719,
      "test_ROC_AUC_std": 0.004851315387962216,
      "test_Sensitivity_mean": 0.772142857142848,
      "test_Sensitivity_std": 0.03973991640760054,
      "test_Specificity_mean": 0.9787610619468997,
      "test_Specificity_std": 0.006768806744293711,
      "val_Precision_mean": 0.9072417884089016,
      "val_Precision_std": 0.027958792253535543,
      "val_Sensitivity_mean": 0.7383333333333246,
      "val_Sensitivity_std": 0.024935707973494,
      "val_Specificity_mean": 0.9809439528023569,
      "val_Specificity_std": 0.006695209066813951,
      "val_score_mean": 0.8133778510072602,
      "val_score_std": 0.00914076589074067,
      "val_thr_mean": 0.47011294402077125,
      "val_thr_std": 0.07264212563895188
    },
    {
      "criterion": "youden",
      "feature_set": "c110_d110_errors_snr",
      "model": "rf",
      "param_hash": "2afd1857be47",
      "param_index": 12,
      "test_Brier_mean": 0.05326625863713185,
      "test_Brier_std": 0.0028014100599210983,
      "test_LogLoss_mean": 0.19724543521946297,
      "test_LogLoss_std": 0.008059427206176141,
      "test_PR_AUC_mean": 0.883396366195517,
      "test_PR_AUC_std": 0.009630419721108533,
      "test_Precision_mean": 0.8079862445716146,
      "test_Precision_std": 0.05133151137420543,
      "test_ROC_AUC_mean": 0.951487568478719,
      "test_ROC_AUC_std": 0.004851315387962216,
      "test_Sensitivity_mean": 0.8421428571428471,
      "test_Sensitivity_std": 0.02341880578981795,
      "test_Specificity_mean": 0.9490265486725634,
      "test_Specificity_std": 0.019594678469060222,
      "val_Precision_mean": 0.7772277234642005,
      "val_Precision_std": 0.059982474900847474,
      "val_Sensitivity_mean": 0.7978571428571334,
      "val_Sensitivity_std": 0.02562220312140732,
      "val_Specificity_mean": 0.9412389380530946,
      "val_Specificity_std": 0.022840442057494265,
      "val_score_mean": 0.7390960809102279,
      "val_score_std": 0.014261290314221112,
      "val_thr_mean": 0.2887406843710828,
      "val_thr_std": 0.053084714519548125
    }
  ],
  "task_id": 588,
  "thr_grid_size": 600
}