{
  "feature_set": "c110_d110",
  "model": "rf",
  "n_bootstrap": 50,
  "param_hash": "82dc24b396d2",
  "param_index": 3,
  "params": {
    "bootstrap": true,
    "class_weight": null,
    "max_depth": 10,
    "max_features": "0.3",
    "min_samples_leaf": 4,
    "min_samples_split": 4,
    "n_estimators": 800
  },
  "runtime_s": 492.3249833583832,
  "summary_preview": [
    {
      "criterion": "f1",
      "feature_set": "c110_d110",
      "model": "rf",
      "param_hash": "82dc24b396d2",
      "param_index": 3,
      "test_Brier_mean": 0.050748294332560506,
      "test_Brier_std": 0.002084907074199235,
      "test_LogLoss_mean": 0.18668098357574106,
      "test_LogLoss_std": 0.006538453652007859,
      "test_PR_AUC_mean": 0.89534291041795,
      "test_PR_AUC_std": 0.008710412299391988,
      "test_Precision_mean": 0.906515971894271,
      "test_Precision_std": 0.023613029631515164,
      "test_ROC_AUC_mean": 0.9588755443180221,
      "test_ROC_AUC_std": 0.0038540664719416656,
      "test_Sensitivity_mean": 0.7814285714285621,
      "test_Sensitivity_std": 0.04587173242852522,
      "test_Specificity_mean": 0.9797050147492595,
      "test_Specificity_std": 0.006599838837067634,
      "val_Precision_mean": 0.9091073117555954,
      "val_Precision_std": 0.03434027641248126,
      "val_Sensitivity_mean": 0.7404761904761817,
      "val_Sensitivity_std": 0.026782339707522827,
      "val_Specificity_mean": 0.9811209439527994,
      "val_Specificity_std": 0.00865682199080241,
      "val_score_mean": 0.8151524709321813,
      "val_score_std": 0.007865879333432127,
      "val_thr_mean": 0.47999308291526,
      "val_thr_std": 0.08123907580534667
    },
    {
      "criterion": "youden",
      "feature_set": "c110_d110",
      "model": "rf",
      "param_hash": "82dc24b396d2",
      "param_index": 3,
      "test_Brier_mean": 0.050748294332560506,
      "test_Brier_std": 0.002084907074199235,
      "test_LogLoss_mean": 0.18668098357574106,
      "test_LogLoss_std": 0.006538453652007859,
      "test_PR_AUC_mean": 0.89534291041795,
      "test_PR_AUC_std": 0.008710412299391988,
      "test_Precision_mean": 0.8394917318096502,
      "test_Precision_std": 0.04448040392828619,
      "test_ROC_AUC_mean": 0.9588755443180221,
      "test_ROC_AUC_std": 0.0038540664719416656,
      "test_Sensitivity_mean": 0.848095238095228,
      "test_Sensitivity_std": 0.03150254862181823,
      "test_Specificity_mean": 0.9588200589970473,
      "test_Specificity_std": 0.01419036183408067,
      "val_Precision_mean": 0.802141455884607,
      "val_Precision_std": 0.06210043209167119,
      "val_Sensitivity_mean": 0.7890476190476098,
      "val_Sensitivity_std": 0.021651470017468533,
      "val_Specificity_mean": 0.9499705014749235,
      "val_Specificity_std": 0.019584888109377904,
      "val_score_mean": 0.739018120522533,
      "val_score_std": 0.013336890832312893,
      "val_thr_mean": 0.31905022530057886,
      "val_thr_std": 0.07332901408347427
    }
  ],
  "task_id": 99,
  "thr_grid_size": 600
}