{
  "feature_set": "c110_d110_errors_snr",
  "model": "brf",
  "n_bootstrap": 50,
  "param_hash": "e36a6e0bcff3",
  "param_index": 5,
  "params": {
    "max_depth": 30,
    "max_features": "0.3",
    "min_samples_leaf": 4,
    "min_samples_split": 8,
    "n_estimators": 2500,
    "replacement": false,
    "sampling_strategy": "auto"
  },
  "runtime_s": 1645.868016242981,
  "summary_preview": [
    {
      "criterion": "f1",
      "feature_set": "c110_d110_errors_snr",
      "model": "brf",
      "param_hash": "e36a6e0bcff3",
      "param_index": 5,
      "test_Brier_mean": 0.059908474039004095,
      "test_Brier_std": 0.002589428898933444,
      "test_LogLoss_mean": 0.2316070306728009,
      "test_LogLoss_std": 0.00791321708545737,
      "test_PR_AUC_mean": 0.8923457730255012,
      "test_PR_AUC_std": 0.008009419878601752,
      "test_Precision_mean": 0.8799134726494259,
      "test_Precision_std": 0.02578450011521075,
      "test_ROC_AUC_mean": 0.9600793650793651,
      "test_ROC_AUC_std": 0.003338403564545317,
      "test_Sensitivity_mean": 0.8209523809523712,
      "test_Sensitivity_std": 0.027837180225319592,
      "test_Specificity_mean": 0.9719174041297906,
      "test_Specificity_std": 0.0073532892073113094,
      "val_Precision_mean": 0.8893898800711313,
      "val_Precision_std": 0.02756828219235026,
      "val_Sensitivity_mean": 0.7661904761904671,
      "val_Sensitivity_std": 0.019943694169073278,
      "val_Specificity_mean": 0.9761061946902625,
      "val_Specificity_std": 0.007132874369915991,
      "val_score_mean": 0.8227287162006673,
      "val_score_std": 0.01267507628308361,
      "val_thr_mean": 0.5928155683281662,
      "val_thr_std": 0.053482880574496544
    },
    {
      "criterion": "youden",
      "feature_set": "c110_d110_errors_snr",
      "model": "brf",
      "param_hash": "e36a6e0bcff3",
      "param_index": 5,
      "test_Brier_mean": 0.059908474039004095,
      "test_Brier_std": 0.002589428898933444,
      "test_LogLoss_mean": 0.2316070306728009,
      "test_LogLoss_std": 0.00791321708545737,
      "test_PR_AUC_mean": 0.8923457730255012,
      "test_PR_AUC_std": 0.008009419878601752,
      "test_Precision_mean": 0.8246406494780106,
      "test_Precision_std": 0.05858724160244767,
      "test_ROC_AUC_mean": 0.9600793650793651,
      "test_ROC_AUC_std": 0.003338403564545317,
      "test_Sensitivity_mean": 0.8561904761904661,
      "test_Sensitivity_std": 0.028339682100602653,
      "test_Specificity_mean": 0.9530973451327405,
      "test_Specificity_std": 0.020732649479645957,
      "val_Precision_mean": 0.8230070279812602,
      "val_Precision_std": 0.06543378593786066,
      "val_Sensitivity_mean": 0.7971428571428477,
      "val_Sensitivity_std": 0.019384771222822946,
      "val_Specificity_mean": 0.9555752212389352,
      "val_Specificity_std": 0.020972465310615227,
      "val_score_mean": 0.752718078381783,
      "val_score_std": 0.010292182673257266,
      "val_thr_mean": 0.4975222986511912,
      "val_thr_std": 0.07352531817529584
    }
  ],
  "task_id": 629,
  "thr_grid_size": 600
}