{
  "feature_set": "c110_d110_snr",
  "model": "bbag",
  "n_bootstrap": 50,
  "param_hash": "ce452f8767aa",
  "param_index": 14,
  "params": {
    "base_max_depth": null,
    "base_max_features": "0.3",
    "base_min_samples_leaf": 2,
    "base_min_samples_split": 8,
    "bootstrap": true,
    "max_features": 1.0,
    "max_samples": 0.5,
    "n_estimators": 1200,
    "replacement": false,
    "sampling_strategy": "auto"
  },
  "runtime_s": 124.90089416503906,
  "summary_preview": [
    {
      "criterion": "f1",
      "feature_set": "c110_d110_snr",
      "model": "bbag",
      "param_hash": "ce452f8767aa",
      "param_index": 14,
      "test_Brier_mean": 0.06941552145514734,
      "test_Brier_std": 0.0031762185594692723,
      "test_LogLoss_mean": 0.2593644418399988,
      "test_LogLoss_std": 0.009399047841079245,
      "test_PR_AUC_mean": 0.8926304111607436,
      "test_PR_AUC_std": 0.006972899151451005,
      "test_Precision_mean": 0.8469189660011367,
      "test_Precision_std": 0.03202091172170818,
      "test_ROC_AUC_mean": 0.960381724961371,
      "test_ROC_AUC_std": 0.003181298988379146,
      "test_Sensitivity_mean": 0.807619047619038,
      "test_Sensitivity_std": 0.04216589718996338,
      "test_Specificity_mean": 0.9631268436578142,
      "test_Specificity_std": 0.010395192906484604,
      "val_Precision_mean": 0.8322248874856817,
      "val_Precision_std": 0.041464793591220926,
      "val_Sensitivity_mean": 0.7702380952380861,
      "val_Sensitivity_std": 0.027658938719881607,
      "val_Specificity_mean": 0.9606489675516195,
      "val_Specificity_std": 0.012061533710697967,
      "val_score_mean": 0.7987004227977998,
      "val_score_std": 0.009413410193141208,
      "val_thr_mean": 0.5368381907676816,
      "val_thr_std": 0.06298780695610307
    },
    {
      "criterion": "youden",
      "feature_set": "c110_d110_snr",
      "model": "bbag",
      "param_hash": "ce452f8767aa",
      "param_index": 14,
      "test_Brier_mean": 0.06941552145514734,
      "test_Brier_std": 0.0031762185594692723,
      "test_LogLoss_mean": 0.2593644418399988,
      "test_LogLoss_std": 0.009399047841079245,
      "test_PR_AUC_mean": 0.8926304111607436,
      "test_PR_AUC_std": 0.006972899151451005,
      "test_Precision_mean": 0.8077151934952341,
      "test_Precision_std": 0.028111846349595022,
      "test_ROC_AUC_mean": 0.960381724961371,
      "test_ROC_AUC_std": 0.003181298988379146,
      "test_Sensitivity_mean": 0.852142857142847,
      "test_Sensitivity_std": 0.018012765358465226,
      "test_Specificity_mean": 0.949321533923301,
      "test_Specificity_std": 0.009787002094362032,
      "val_Precision_mean": 0.7813607406552009,
      "val_Precision_std": 0.03165557502260452,
      "val_Sensitivity_mean": 0.7978571428571334,
      "val_Sensitivity_std": 0.010342037956129688,
      "val_Specificity_mean": 0.9441887905604692,
      "val_Specificity_std": 0.01092152967748842,
      "val_score_mean": 0.7420459334176026,
      "val_score_std": 0.00933204600844852,
      "val_thr_mean": 0.4673764609004425,
      "val_thr_std": 0.028829550445970475
    }
  ],
  "task_id": 566,
  "thr_grid_size": 600
}