{
  "feature_set": "c110_errors",
  "model": "bbag",
  "n_bootstrap": 50,
  "param_hash": "d8ae138be48a",
  "param_index": 2,
  "params": {
    "base_max_depth": 20,
    "base_max_features": "sqrt",
    "base_min_samples_leaf": 2,
    "base_min_samples_split": 2,
    "bootstrap": true,
    "max_features": 0.9,
    "max_samples": 0.5,
    "n_estimators": 800,
    "replacement": false,
    "sampling_strategy": "auto"
  },
  "runtime_s": 88.20822095870972,
  "summary_preview": [
    {
      "criterion": "f1",
      "feature_set": "c110_errors",
      "model": "bbag",
      "param_hash": "d8ae138be48a",
      "param_index": 2,
      "test_Brier_mean": 0.10278804698348434,
      "test_Brier_std": 0.0028337236513795625,
      "test_LogLoss_mean": 0.3548025550894942,
      "test_LogLoss_std": 0.007513858661740812,
      "test_PR_AUC_mean": 0.8088591988023593,
      "test_PR_AUC_std": 0.014748049892498586,
      "test_Precision_mean": 0.7728362224467712,
      "test_Precision_std": 0.0516399170690397,
      "test_ROC_AUC_mean": 0.9282451889310296,
      "test_ROC_AUC_std": 0.0072961546059829895,
      "test_Sensitivity_mean": 0.6735714285714206,
      "test_Sensitivity_std": 0.07552590692886639,
      "test_Specificity_mean": 0.948613569321531,
      "test_Specificity_std": 0.02165304758003731,
      "val_Precision_mean": 0.7351250217779518,
      "val_Precision_std": 0.06666476206916874,
      "val_Sensitivity_mean": 0.6449999999999924,
      "val_Sensitivity_std": 0.04820401155094202,
      "val_Specificity_mean": 0.9393510324483748,
      "val_Specificity_std": 0.02452982621620201,
      "val_score_mean": 0.6828513265358217,
      "val_score_std": 0.016002533930342035,
      "val_thr_mean": 0.5368617171406822,
      "val_thr_std": 0.0453250729949543
    },
    {
      "criterion": "youden",
      "feature_set": "c110_errors",
      "model": "bbag",
      "param_hash": "d8ae138be48a",
      "param_index": 2,
      "test_Brier_mean": 0.10278804698348434,
      "test_Brier_std": 0.0028337236513795625,
      "test_LogLoss_mean": 0.3548025550894942,
      "test_LogLoss_std": 0.007513858661740812,
      "test_PR_AUC_mean": 0.8088591988023593,
      "test_PR_AUC_std": 0.014748049892498586,
      "test_Precision_mean": 0.6165205277937896,
      "test_Precision_std": 0.06634655060227197,
      "test_ROC_AUC_mean": 0.9282451889310296,
      "test_ROC_AUC_std": 0.0072961546059829895,
      "test_Sensitivity_mean": 0.831904761904752,
      "test_Sensitivity_std": 0.041909951971199975,
      "test_Specificity_mean": 0.8667846607669589,
      "test_Specificity_std": 0.04124785184355849,
      "val_Precision_mean": 0.5766297536543564,
      "val_Precision_std": 0.054355046317059875,
      "val_Sensitivity_mean": 0.7692857142857052,
      "val_Sensitivity_std": 0.04434114110906425,
      "val_Specificity_mean": 0.8555162241887879,
      "val_Specificity_std": 0.040073571215147416,
      "val_score_mean": 0.6248019384744932,
      "val_score_std": 0.01894682152516709,
      "val_thr_mean": 0.42477603802140235,
      "val_thr_std": 0.037262542635931546
    }
  ],
  "task_id": 266,
  "thr_grid_size": 600
}