{
  "feature_set": "c110_d110_errors_snr",
  "model": "bbag",
  "n_bootstrap": 50,
  "param_hash": "e8e57d59ac26",
  "param_index": 18,
  "params": {
    "base_max_depth": 20,
    "base_max_features": "0.3",
    "base_min_samples_leaf": 2,
    "base_min_samples_split": 2,
    "bootstrap": true,
    "max_features": 0.5,
    "max_samples": 0.5,
    "n_estimators": 500,
    "replacement": false,
    "sampling_strategy": "auto"
  },
  "runtime_s": 78.51736617088318,
  "summary_preview": [
    {
      "criterion": "f1",
      "feature_set": "c110_d110_errors_snr",
      "model": "bbag",
      "param_hash": "e8e57d59ac26",
      "param_index": 18,
      "test_Brier_mean": 0.07588253865678025,
      "test_Brier_std": 0.002958157951637177,
      "test_LogLoss_mean": 0.2787037722479824,
      "test_LogLoss_std": 0.008490091961392601,
      "test_PR_AUC_mean": 0.8820850829990077,
      "test_PR_AUC_std": 0.010052362232614409,
      "test_Precision_mean": 0.8358014405255642,
      "test_Precision_std": 0.0277552716886923,
      "test_ROC_AUC_mean": 0.9596709509762608,
      "test_ROC_AUC_std": 0.00465587751864335,
      "test_Sensitivity_mean": 0.7492857142857053,
      "test_Sensitivity_std": 0.05337047939367991,
      "test_Specificity_mean": 0.9629498525073718,
      "test_Specificity_std": 0.009482324273825072,
      "val_Precision_mean": 0.8296759080958597,
      "val_Precision_std": 0.04429752102966828,
      "val_Sensitivity_mean": 0.7361904761904674,
      "val_Sensitivity_std": 0.03759695996957873,
      "val_Specificity_mean": 0.9614159292035369,
      "val_Specificity_std": 0.013469755349549592,
      "val_score_mean": 0.7781776312499951,
      "val_score_std": 0.009541658905783686,
      "val_thr_mean": 0.5383571600286191,
      "val_thr_std": 0.05457028569449241
    },
    {
      "criterion": "youden",
      "feature_set": "c110_d110_errors_snr",
      "model": "bbag",
      "param_hash": "e8e57d59ac26",
      "param_index": 18,
      "test_Brier_mean": 0.07588253865678025,
      "test_Brier_std": 0.002958157951637177,
      "test_LogLoss_mean": 0.2787037722479824,
      "test_LogLoss_std": 0.008490091961392601,
      "test_PR_AUC_mean": 0.8820850829990077,
      "test_PR_AUC_std": 0.010052362232614409,
      "test_Precision_mean": 0.776233229529234,
      "test_Precision_std": 0.036708862794847134,
      "test_ROC_AUC_mean": 0.9596709509762608,
      "test_ROC_AUC_std": 0.00465587751864335,
      "test_Sensitivity_mean": 0.8397619047618948,
      "test_Sensitivity_std": 0.03902014369116866,
      "test_Specificity_mean": 0.9390560471976372,
      "test_Specificity_std": 0.01475058690098928,
      "val_Precision_mean": 0.7367310376136013,
      "val_Precision_std": 0.04058948735837621,
      "val_Sensitivity_mean": 0.7933333333333239,
      "val_Sensitivity_std": 0.01626974250762076,
      "val_Specificity_mean": 0.9287315634218261,
      "val_Specificity_std": 0.015961946027691628,
      "val_score_mean": 0.7220648967551501,
      "val_score_std": 0.010610670701448234,
      "val_thr_mean": 0.4473297820176485,
      "val_thr_std": 0.03362495770229273
    }
  ],
  "task_id": 666,
  "thr_grid_size": 600
}