{
  "feature_set": "c110_d110_errors_snr",
  "model": "rf",
  "n_bootstrap": 50,
  "param_hash": "c9076e29837d",
  "param_index": 2,
  "params": {
    "bootstrap": true,
    "class_weight": null,
    "max_depth": 20,
    "max_features": "0.2",
    "min_samples_leaf": 1,
    "min_samples_split": 4,
    "n_estimators": 1500
  },
  "runtime_s": 1960.623527765274,
  "summary_preview": [
    {
      "criterion": "f1",
      "feature_set": "c110_d110_errors_snr",
      "model": "rf",
      "param_hash": "c9076e29837d",
      "param_index": 2,
      "test_Brier_mean": 0.052634061159493116,
      "test_Brier_std": 0.002027165085291172,
      "test_LogLoss_mean": 0.19546555428105833,
      "test_LogLoss_std": 0.005735501887209621,
      "test_PR_AUC_mean": 0.8876113661863326,
      "test_PR_AUC_std": 0.007457359291747975,
      "test_Precision_mean": 0.9160304401527821,
      "test_Precision_std": 0.024806671778458803,
      "test_ROC_AUC_mean": 0.9540988902935805,
      "test_ROC_AUC_std": 0.0034222225800406383,
      "test_Sensitivity_mean": 0.7576190476190386,
      "test_Sensitivity_std": 0.04637340671334438,
      "test_Specificity_mean": 0.9824188790560443,
      "test_Specificity_std": 0.006608443584968455,
      "val_Precision_mean": 0.9176737248131134,
      "val_Precision_std": 0.03242250275437293,
      "val_Sensitivity_mean": 0.730714285714277,
      "val_Sensitivity_std": 0.025554383512992912,
      "val_Specificity_mean": 0.9833038348082566,
      "val_Specificity_std": 0.007761452191510409,
      "val_score_mean": 0.8126911980612513,
      "val_score_std": 0.008719292471034994,
      "val_thr_mean": 0.513896600510269,
      "val_thr_std": 0.06943785456368216
    },
    {
      "criterion": "youden",
      "feature_set": "c110_d110_errors_snr",
      "model": "rf",
      "param_hash": "c9076e29837d",
      "param_index": 2,
      "test_Brier_mean": 0.052634061159493116,
      "test_Brier_std": 0.002027165085291172,
      "test_LogLoss_mean": 0.19546555428105833,
      "test_LogLoss_std": 0.005735501887209621,
      "test_PR_AUC_mean": 0.8876113661863326,
      "test_PR_AUC_std": 0.007457359291747975,
      "test_Precision_mean": 0.8131857081228325,
      "test_Precision_std": 0.04739170588225706,
      "test_ROC_AUC_mean": 0.9540988902935805,
      "test_ROC_AUC_std": 0.0034222225800406383,
      "test_Sensitivity_mean": 0.8549999999999899,
      "test_Sensitivity_std": 0.022777690302765618,
      "test_Specificity_mean": 0.9502654867256608,
      "test_Specificity_std": 0.016190057190610358,
      "val_Precision_mean": 0.7683576311041034,
      "val_Precision_std": 0.05684280728157904,
      "val_Sensitivity_mean": 0.8038095238095143,
      "val_Sensitivity_std": 0.023594755368740727,
      "val_Specificity_mean": 0.9381120943952774,
      "val_Specificity_std": 0.020854264666864526,
      "val_score_mean": 0.7419216182047917,
      "val_score_std": 0.014028067857011953,
      "val_thr_mean": 0.3159495857777018,
      "val_thr_std": 0.05203741742177612
    }
  ],
  "task_id": 578,
  "thr_grid_size": 600
}