{
  "feature_set": "c110_d110",
  "model": "et",
  "n_bootstrap": 50,
  "param_hash": "01d64f770736",
  "param_index": 23,
  "params": {
    "bootstrap": true,
    "max_depth": 10,
    "max_features": "sqrt",
    "max_samples": 0.5,
    "min_samples_leaf": 4,
    "min_samples_split": 8,
    "n_estimators": 4000
  },
  "runtime_s": 1615.701072216034,
  "summary_preview": [
    {
      "criterion": "f1",
      "feature_set": "c110_d110",
      "model": "et",
      "param_hash": "01d64f770736",
      "param_index": 23,
      "test_Brier_mean": 0.0706194612577818,
      "test_Brier_std": 0.0011185957121175169,
      "test_LogLoss_mean": 0.24736293188861913,
      "test_LogLoss_std": 0.0030401732492679723,
      "test_PR_AUC_mean": 0.866349080664557,
      "test_PR_AUC_std": 0.006092059772773736,
      "test_Precision_mean": 0.8337997201945769,
      "test_Precision_std": 0.022941580147846516,
      "test_ROC_AUC_mean": 0.9485468464672004,
      "test_ROC_AUC_std": 0.0029058381794912053,
      "test_Sensitivity_mean": 0.711428571428563,
      "test_Sensitivity_std": 0.03363393542675536,
      "test_Specificity_mean": 0.9644837758112065,
      "test_Specificity_std": 0.008257006571633928,
      "val_Precision_mean": 0.8266901023402806,
      "val_Precision_std": 0.033498856920732734,
      "val_Sensitivity_mean": 0.7054761904761822,
      "val_Sensitivity_std": 0.024505144472215044,
      "val_Specificity_mean": 0.9627138643067817,
      "val_Specificity_std": 0.01101736848773243,
      "val_score_mean": 0.7603065105085135,
      "val_score_std": 0.008159459436968285,
      "val_thr_mean": 0.35269664876032164,
      "val_thr_std": 0.03541816562963815
    },
    {
      "criterion": "youden",
      "feature_set": "c110_d110",
      "model": "et",
      "param_hash": "01d64f770736",
      "param_index": 23,
      "test_Brier_mean": 0.0706194612577818,
      "test_Brier_std": 0.0011185957121175169,
      "test_LogLoss_mean": 0.24736293188861913,
      "test_LogLoss_std": 0.0030401732492679723,
      "test_PR_AUC_mean": 0.866349080664557,
      "test_PR_AUC_std": 0.006092059772773736,
      "test_Precision_mean": 0.7372885979464864,
      "test_Precision_std": 0.037312524211501275,
      "test_ROC_AUC_mean": 0.9485468464672004,
      "test_ROC_AUC_std": 0.0029058381794912053,
      "test_Sensitivity_mean": 0.8359523809523711,
      "test_Sensitivity_std": 0.02002040931901105,
      "test_Specificity_mean": 0.925250737463124,
      "test_Specificity_std": 0.015841895686095786,
      "val_Precision_mean": 0.7011158861454831,
      "val_Precision_std": 0.020886948474486872,
      "val_Sensitivity_mean": 0.793571428571419,
      "val_Sensitivity_std": 0.010092932057794306,
      "val_Specificity_mean": 0.9158702064896727,
      "val_Specificity_std": 0.008983791207390486,
      "val_score_mean": 0.7094416350610919,
      "val_score_std": 0.008078966142574999,
      "val_thr_mean": 0.23586259411278568,
      "val_thr_std": 0.018219301537704385
    }
  ],
  "task_id": 143,
  "thr_grid_size": 600
}