{
  "feature_set": "c110_d110",
  "model": "et",
  "n_bootstrap": 50,
  "param_hash": "409b2e1e8603",
  "param_index": 12,
  "params": {
    "bootstrap": true,
    "max_depth": 30,
    "max_features": "sqrt",
    "max_samples": 0.5,
    "min_samples_leaf": 4,
    "min_samples_split": 4,
    "n_estimators": 2500
  },
  "runtime_s": 1009.7192401885986,
  "summary_preview": [
    {
      "criterion": "f1",
      "feature_set": "c110_d110",
      "model": "et",
      "param_hash": "409b2e1e8603",
      "param_index": 12,
      "test_Brier_mean": 0.06923490714573359,
      "test_Brier_std": 0.0012905894379929904,
      "test_LogLoss_mean": 0.24346840288397967,
      "test_LogLoss_std": 0.0037673672994742316,
      "test_PR_AUC_mean": 0.8716600145846791,
      "test_PR_AUC_std": 0.006115925706974735,
      "test_Precision_mean": 0.8388062801515074,
      "test_Precision_std": 0.02346439572057594,
      "test_ROC_AUC_mean": 0.9507550217727209,
      "test_ROC_AUC_std": 0.0034813846606269023,
      "test_Sensitivity_mean": 0.7295238095238009,
      "test_Sensitivity_std": 0.0343554252971872,
      "test_Specificity_mean": 0.9648967551622389,
      "test_Specificity_std": 0.007844294340070038,
      "val_Precision_mean": 0.8265260897930848,
      "val_Precision_std": 0.035404410844768266,
      "val_Sensitivity_mean": 0.7207142857142772,
      "val_Sensitivity_std": 0.027019950876784566,
      "val_Specificity_mean": 0.9617699115044219,
      "val_Specificity_std": 0.012007673804534776,
      "val_score_mean": 0.7688489104763945,
      "val_score_std": 0.008272345748891918,
      "val_thr_mean": 0.3524153694539066,
      "val_thr_std": 0.03293372821949838
    },
    {
      "criterion": "youden",
      "feature_set": "c110_d110",
      "model": "et",
      "param_hash": "409b2e1e8603",
      "param_index": 12,
      "test_Brier_mean": 0.06923490714573359,
      "test_Brier_std": 0.0012905894379929904,
      "test_LogLoss_mean": 0.24346840288397967,
      "test_LogLoss_std": 0.0037673672994742316,
      "test_PR_AUC_mean": 0.8716600145846791,
      "test_PR_AUC_std": 0.006115925706974735,
      "test_Precision_mean": 0.7498056717802934,
      "test_Precision_std": 0.04273672051417501,
      "test_ROC_AUC_mean": 0.9507550217727209,
      "test_ROC_AUC_std": 0.0034813846606269023,
      "test_Sensitivity_mean": 0.8385714285714186,
      "test_Sensitivity_std": 0.02754472087214642,
      "test_Specificity_mean": 0.9293215339233011,
      "test_Specificity_std": 0.018694161123826113,
      "val_Precision_mean": 0.7102541860762951,
      "val_Precision_std": 0.030265401322692984,
      "val_Sensitivity_mean": 0.7919047619047526,
      "val_Sensitivity_std": 0.014277613511438822,
      "val_Specificity_mean": 0.9192920353982273,
      "val_Specificity_std": 0.012971686815049953,
      "val_score_mean": 0.7111967973029798,
      "val_score_std": 0.007938854112315851,
      "val_thr_mean": 0.24687478275413752,
      "val_thr_std": 0.025781146049852724
    }
  ],
  "task_id": 132,
  "thr_grid_size": 600
}