{
  "feature_set": "c110",
  "model": "bbag",
  "n_bootstrap": 50,
  "param_hash": "d8ae138be48a",
  "param_index": 2,
  "params": {
    "base_max_depth": 20,
    "base_max_features": "sqrt",
    "base_min_samples_leaf": 2,
    "base_min_samples_split": 2,
    "bootstrap": true,
    "max_features": 0.9,
    "max_samples": 0.5,
    "n_estimators": 800,
    "replacement": false,
    "sampling_strategy": "auto"
  },
  "runtime_s": 69.49735522270203,
  "summary_preview": [
    {
      "criterion": "f1",
      "feature_set": "c110",
      "model": "bbag",
      "param_hash": "d8ae138be48a",
      "param_index": 2,
      "test_Brier_mean": 0.0919559353446297,
      "test_Brier_std": 0.002686840240849077,
      "test_LogLoss_mean": 0.3273056155384299,
      "test_LogLoss_std": 0.007876821022326988,
      "test_PR_AUC_mean": 0.8463560771575507,
      "test_PR_AUC_std": 0.00893617611368239,
      "test_Precision_mean": 0.8019140985088081,
      "test_Precision_std": 0.031835269129953804,
      "test_ROC_AUC_mean": 0.9399480264082034,
      "test_ROC_AUC_std": 0.004321283502224145,
      "test_Sensitivity_mean": 0.7464285714285626,
      "test_Sensitivity_std": 0.043040988894025876,
      "test_Specificity_mean": 0.9536283185840679,
      "test_Specificity_std": 0.011633289714608393,
      "val_Precision_mean": 0.7498739554542202,
      "val_Precision_std": 0.03914615740229462,
      "val_Sensitivity_mean": 0.72857142857142,
      "val_Sensitivity_std": 0.03686986970863696,
      "val_Specificity_mean": 0.9386430678466049,
      "val_Specificity_std": 0.015391472707753574,
      "val_score_mean": 0.7373733224421315,
      "val_score_std": 0.012712212937251518,
      "val_thr_mean": 0.5011246618079412,
      "val_thr_std": 0.031126033312804776
    },
    {
      "criterion": "youden",
      "feature_set": "c110",
      "model": "bbag",
      "param_hash": "d8ae138be48a",
      "param_index": 2,
      "test_Brier_mean": 0.0919559353446297,
      "test_Brier_std": 0.002686840240849077,
      "test_LogLoss_mean": 0.3273056155384299,
      "test_LogLoss_std": 0.007876821022326988,
      "test_PR_AUC_mean": 0.8463560771575507,
      "test_PR_AUC_std": 0.00893617611368239,
      "test_Precision_mean": 0.670785796043028,
      "test_Precision_std": 0.05285724328042418,
      "test_ROC_AUC_mean": 0.9399480264082034,
      "test_ROC_AUC_std": 0.004321283502224145,
      "test_Sensitivity_mean": 0.8357142857142759,
      "test_Sensitivity_std": 0.02784133595874951,
      "test_Specificity_mean": 0.8959882005899678,
      "test_Specificity_std": 0.02632235525402343,
      "val_Precision_mean": 0.6493952033723376,
      "val_Precision_std": 0.030176304286551468,
      "val_Sensitivity_mean": 0.7997619047618953,
      "val_Sensitivity_std": 0.01745829272354926,
      "val_Specificity_mean": 0.8922713864306757,
      "val_Specificity_std": 0.014637345540773523,
      "val_score_mean": 0.6920332911925711,
      "val_score_std": 0.015554643582407924,
      "val_thr_mean": 0.4221444000641765,
      "val_thr_std": 0.024262328526348197
    }
  ],
  "task_id": 74,
  "thr_grid_size": 600
}