{
  "feature_set": "c110",
  "model": "brf",
  "n_bootstrap": 50,
  "param_hash": "8a29145b4a25",
  "param_index": 23,
  "params": {
    "max_depth": 20,
    "max_features": "0.5",
    "min_samples_leaf": 2,
    "min_samples_split": 4,
    "n_estimators": 800,
    "replacement": false,
    "sampling_strategy": "auto"
  },
  "runtime_s": 310.62841033935547,
  "summary_preview": [
    {
      "criterion": "f1",
      "feature_set": "c110",
      "model": "brf",
      "param_hash": "8a29145b4a25",
      "param_index": 23,
      "test_Brier_mean": 0.06454035810116872,
      "test_Brier_std": 0.004001102428609682,
      "test_LogLoss_mean": 0.23749411413497612,
      "test_LogLoss_std": 0.014285708522835396,
      "test_PR_AUC_mean": 0.9026466794486854,
      "test_PR_AUC_std": 0.0122990700591066,
      "test_Precision_mean": 0.8841904141901742,
      "test_Precision_std": 0.03562051516738793,
      "test_ROC_AUC_mean": 0.9591596432083158,
      "test_ROC_AUC_std": 0.005628714578503183,
      "test_Sensitivity_mean": 0.7785714285714194,
      "test_Sensitivity_std": 0.059693635288381085,
      "test_Specificity_mean": 0.9739823008849529,
      "test_Specificity_std": 0.010672347762013376,
      "val_Precision_mean": 0.9142734295006527,
      "val_Precision_std": 0.04014046617520782,
      "val_Sensitivity_mean": 0.7490476190476102,
      "val_Sensitivity_std": 0.03391482254289464,
      "val_Specificity_mean": 0.9818879056047167,
      "val_Specificity_std": 0.009954676338811124,
      "val_score_mean": 0.8220316792128619,
      "val_score_std": 0.013196558302717338,
      "val_thr_mean": 0.63351652754591,
      "val_thr_std": 0.08551348477400526
    },
    {
      "criterion": "youden",
      "feature_set": "c110",
      "model": "brf",
      "param_hash": "8a29145b4a25",
      "param_index": 23,
      "test_Brier_mean": 0.06454035810116872,
      "test_Brier_std": 0.004001102428609682,
      "test_LogLoss_mean": 0.23749411413497612,
      "test_LogLoss_std": 0.014285708522835396,
      "test_PR_AUC_mean": 0.9026466794486854,
      "test_PR_AUC_std": 0.0122990700591066,
      "test_Precision_mean": 0.8027790263230844,
      "test_Precision_std": 0.05436882087244819,
      "test_ROC_AUC_mean": 0.9591596432083158,
      "test_ROC_AUC_std": 0.005628714578503183,
      "test_Sensitivity_mean": 0.857142857142847,
      "test_Sensitivity_std": 0.03749218994055838,
      "test_Specificity_mean": 0.9461946902654839,
      "test_Specificity_std": 0.019842521593387757,
      "val_Precision_mean": 0.8075577950114977,
      "val_Precision_std": 0.06590680634694517,
      "val_Sensitivity_mean": 0.8009523809523715,
      "val_Sensitivity_std": 0.023199174020380603,
      "val_Specificity_mean": 0.9506194690265458,
      "val_Specificity_std": 0.022297275784645496,
      "val_score_mean": 0.7515718499789172,
      "val_score_std": 0.017003124197613562,
      "val_thr_mean": 0.48609754521424603,
      "val_thr_std": 0.06966651947150015
    }
  ],
  "task_id": 71,
  "thr_grid_size": 600
}