{
  "feature_set": "c110_d110_errors_snr",
  "model": "bbag",
  "n_bootstrap": 50,
  "param_hash": "1336419b5077",
  "param_index": 17,
  "params": {
    "base_max_depth": 10,
    "base_max_features": "sqrt",
    "base_min_samples_leaf": 4,
    "base_min_samples_split": 2,
    "bootstrap": true,
    "max_features": 1.0,
    "max_samples": 0.9,
    "n_estimators": 500,
    "replacement": true,
    "sampling_strategy": "auto"
  },
  "runtime_s": 75.15618395805359,
  "summary_preview": [
    {
      "criterion": "f1",
      "feature_set": "c110_d110_errors_snr",
      "model": "bbag",
      "param_hash": "1336419b5077",
      "param_index": 17,
      "test_Brier_mean": 0.09553092480461751,
      "test_Brier_std": 0.0029313680286313336,
      "test_LogLoss_mean": 0.3345605486737113,
      "test_LogLoss_std": 0.007799011115579434,
      "test_PR_AUC_mean": 0.8240490773839142,
      "test_PR_AUC_std": 0.010552300315106455,
      "test_Precision_mean": 0.7786185720971166,
      "test_Precision_std": 0.04766598447123188,
      "test_ROC_AUC_mean": 0.934188790560472,
      "test_ROC_AUC_std": 0.006525979888330461,
      "test_Sensitivity_mean": 0.6895238095238014,
      "test_Sensitivity_std": 0.05816425984748562,
      "test_Specificity_mean": 0.9495575221238909,
      "test_Specificity_std": 0.019350360680857694,
      "val_Precision_mean": 0.7726071769847965,
      "val_Precision_std": 0.05693316399421466,
      "val_Sensitivity_mean": 0.6876190476190395,
      "val_Sensitivity_std": 0.04312892980415886,
      "val_Specificity_mean": 0.9476696165191711,
      "val_Specificity_std": 0.020522242439471237,
      "val_score_mean": 0.7244430096613751,
      "val_score_std": 0.010116033391053807,
      "val_thr_mean": 0.5292423277276298,
      "val_thr_std": 0.04917094417049521
    },
    {
      "criterion": "youden",
      "feature_set": "c110_d110_errors_snr",
      "model": "bbag",
      "param_hash": "1336419b5077",
      "param_index": 17,
      "test_Brier_mean": 0.09553092480461751,
      "test_Brier_std": 0.0029313680286313336,
      "test_LogLoss_mean": 0.3345605486737113,
      "test_LogLoss_std": 0.007799011115579434,
      "test_PR_AUC_mean": 0.8240490773839142,
      "test_PR_AUC_std": 0.010552300315106455,
      "test_Precision_mean": 0.6631839649428306,
      "test_Precision_std": 0.05276040073337424,
      "test_ROC_AUC_mean": 0.934188790560472,
      "test_ROC_AUC_std": 0.006525979888330461,
      "test_Sensitivity_mean": 0.7916666666666573,
      "test_Sensitivity_std": 0.03119717062558492,
      "test_Specificity_mean": 0.897935103244835,
      "test_Specificity_std": 0.02700955812720105,
      "val_Precision_mean": 0.6499072071460035,
      "val_Precision_std": 0.03958924753108501,
      "val_Sensitivity_mean": 0.7728571428571337,
      "val_Sensitivity_std": 0.022541553096300262,
      "val_Specificity_mean": 0.8952802359881978,
      "val_Specificity_std": 0.021907111218828487,
      "val_score_mean": 0.6681373788453315,
      "val_score_std": 0.012344834145342865,
      "val_thr_mean": 0.43242505377679463,
      "val_thr_std": 0.028826657457367198
    }
  ],
  "task_id": 665,
  "thr_grid_size": 600
}