{
  "feature_set": "c110_d110",
  "model": "bbag",
  "n_bootstrap": 50,
  "param_hash": "7e933b59b165",
  "param_index": 1,
  "params": {
    "base_max_depth": 10,
    "base_max_features": "0.3",
    "base_min_samples_leaf": 4,
    "base_min_samples_split": 4,
    "bootstrap": true,
    "max_features": 0.9,
    "max_samples": 0.5,
    "n_estimators": 500,
    "replacement": false,
    "sampling_strategy": "auto"
  },
  "runtime_s": 62.61340570449829,
  "summary_preview": [
    {
      "criterion": "f1",
      "feature_set": "c110_d110",
      "model": "bbag",
      "param_hash": "7e933b59b165",
      "param_index": 1,
      "test_Brier_mean": 0.07114752828203812,
      "test_Brier_std": 0.0022301504758020815,
      "test_LogLoss_mean": 0.26532024675417293,
      "test_LogLoss_std": 0.007924875239382125,
      "test_PR_AUC_mean": 0.8908521559580872,
      "test_PR_AUC_std": 0.004988397492103983,
      "test_Precision_mean": 0.854910919188298,
      "test_Precision_std": 0.025396522538003508,
      "test_ROC_AUC_mean": 0.9587371821885097,
      "test_ROC_AUC_std": 0.003629316964550093,
      "test_Sensitivity_mean": 0.7797619047618956,
      "test_Sensitivity_std": 0.04357526522217278,
      "test_Specificity_mean": 0.9667256637168112,
      "test_Specificity_std": 0.008237196273321918,
      "val_Precision_mean": 0.8439468725218684,
      "val_Precision_std": 0.03894550443941016,
      "val_Sensitivity_mean": 0.7497619047618959,
      "val_Sensitivity_std": 0.02920915272948845,
      "val_Specificity_mean": 0.9648377581120914,
      "val_Specificity_std": 0.011210390030960173,
      "val_score_mean": 0.7927180674491736,
      "val_score_std": 0.006352553477986006,
      "val_thr_mean": 0.5690908626889855,
      "val_thr_std": 0.06115222938032191
    },
    {
      "criterion": "youden",
      "feature_set": "c110_d110",
      "model": "bbag",
      "param_hash": "7e933b59b165",
      "param_index": 1,
      "test_Brier_mean": 0.07114752828203812,
      "test_Brier_std": 0.0022301504758020815,
      "test_LogLoss_mean": 0.26532024675417293,
      "test_LogLoss_std": 0.007924875239382125,
      "test_PR_AUC_mean": 0.8908521559580872,
      "test_PR_AUC_std": 0.004988397492103983,
      "test_Precision_mean": 0.7865127956809493,
      "test_Precision_std": 0.04274058462418729,
      "test_ROC_AUC_mean": 0.9587371821885097,
      "test_ROC_AUC_std": 0.003629316964550093,
      "test_Sensitivity_mean": 0.8492857142857042,
      "test_Sensitivity_std": 0.02552267268982381,
      "test_Specificity_mean": 0.9417699115044219,
      "test_Specificity_std": 0.016066737812004187,
      "val_Precision_mean": 0.7528317761909007,
      "val_Precision_std": 0.04233241034735905,
      "val_Sensitivity_mean": 0.798571428571419,
      "val_Sensitivity_std": 0.015557274321128103,
      "val_Specificity_mean": 0.9339823008849529,
      "val_Specificity_std": 0.015912137427459533,
      "val_score_mean": 0.7325537294563721,
      "val_score_std": 0.008382283150718442,
      "val_thr_mean": 0.4514942308331617,
      "val_thr_std": 0.05109338014606448
    }
  ],
  "task_id": 169,
  "thr_grid_size": 600
}