{
  "feature_set": "c110_errors",
  "model": "brf",
  "n_bootstrap": 50,
  "param_hash": "ab6f95159890",
  "param_index": 12,
  "params": {
    "max_depth": 10,
    "max_features": "0.3",
    "min_samples_leaf": 4,
    "min_samples_split": 8,
    "n_estimators": 4000,
    "replacement": false,
    "sampling_strategy": "auto"
  },
  "runtime_s": 1486.3668987751007,
  "summary_preview": [
    {
      "criterion": "f1",
      "feature_set": "c110_errors",
      "model": "brf",
      "param_hash": "ab6f95159890",
      "param_index": 12,
      "test_Brier_mean": 0.061817595616961325,
      "test_Brier_std": 0.0026393116363313683,
      "test_LogLoss_mean": 0.2318262721169542,
      "test_LogLoss_std": 0.008071536196723461,
      "test_PR_AUC_mean": 0.9088781133691508,
      "test_PR_AUC_std": 0.008280105915264112,
      "test_Precision_mean": 0.8962729083373575,
      "test_Precision_std": 0.03003849492982722,
      "test_ROC_AUC_mean": 0.9653659221800815,
      "test_ROC_AUC_std": 0.003750390399913514,
      "test_Sensitivity_mean": 0.7604761904761814,
      "test_Sensitivity_std": 0.04667678040383195,
      "test_Specificity_mean": 0.9776401179940973,
      "test_Specificity_std": 0.009272688802700565,
      "val_Precision_mean": 0.9183416151063264,
      "val_Precision_std": 0.04101196400604818,
      "val_Sensitivity_mean": 0.7361904761904675,
      "val_Sensitivity_std": 0.029687467651740157,
      "val_Specificity_mean": 0.9830678466076667,
      "val_Specificity_std": 0.010232655780388678,
      "val_score_mean": 0.8159196786844771,
      "val_score_std": 0.010476089026586654,
      "val_thr_mean": 0.6499616080015609,
      "val_thr_std": 0.081633242058682
    },
    {
      "criterion": "youden",
      "feature_set": "c110_errors",
      "model": "brf",
      "param_hash": "ab6f95159890",
      "param_index": 12,
      "test_Brier_mean": 0.061817595616961325,
      "test_Brier_std": 0.0026393116363313683,
      "test_LogLoss_mean": 0.2318262721169542,
      "test_LogLoss_std": 0.008071536196723461,
      "test_PR_AUC_mean": 0.9088781133691508,
      "test_PR_AUC_std": 0.008280105915264112,
      "test_Precision_mean": 0.7990881126218877,
      "test_Precision_std": 0.04392937077642205,
      "test_ROC_AUC_mean": 0.9653659221800815,
      "test_ROC_AUC_std": 0.003750390399913514,
      "test_Sensitivity_mean": 0.8728571428571326,
      "test_Sensitivity_std": 0.03464048178632341,
      "test_Specificity_mean": 0.9444837758112066,
      "test_Specificity_std": 0.015965617013351648,
      "val_Precision_mean": 0.7848842542705706,
      "val_Precision_std": 0.04618647558241701,
      "val_Sensitivity_mean": 0.801428571428562,
      "val_Sensitivity_std": 0.021165100933474682,
      "val_Specificity_mean": 0.9444837758112066,
      "val_Specificity_std": 0.015594241373298937,
      "val_score_mean": 0.7459123472397685,
      "val_score_std": 0.01496792839484322,
      "val_thr_mean": 0.45366908172034753,
      "val_thr_std": 0.05835215128335528
    }
  ],
  "task_id": 252,
  "thr_grid_size": 600
}