{
  "feature_set": "c110",
  "model": "rf",
  "n_bootstrap": 50,
  "param_hash": "3bf84fe8cddf",
  "param_index": 13,
  "params": {
    "bootstrap": true,
    "class_weight": "balanced",
    "max_depth": 20,
    "max_features": "0.2",
    "min_samples_leaf": 4,
    "min_samples_split": 2,
    "n_estimators": 2500
  },
  "runtime_s": 665.4058742523193,
  "summary_preview": [
    {
      "criterion": "f1",
      "feature_set": "c110",
      "model": "rf",
      "param_hash": "3bf84fe8cddf",
      "param_index": 13,
      "test_Brier_mean": 0.05242584972179449,
      "test_Brier_std": 0.001963380677567475,
      "test_LogLoss_mean": 0.19597268125045925,
      "test_LogLoss_std": 0.005934170755760184,
      "test_PR_AUC_mean": 0.9099568859213563,
      "test_PR_AUC_std": 0.0059026777644906134,
      "test_Precision_mean": 0.9021267528104482,
      "test_Precision_std": 0.02538411136250415,
      "test_ROC_AUC_mean": 0.9645708666947606,
      "test_ROC_AUC_std": 0.0029892511227004813,
      "test_Sensitivity_mean": 0.7726190476190385,
      "test_Sensitivity_std": 0.04545940953953569,
      "test_Specificity_mean": 0.9788200589970473,
      "test_Specificity_std": 0.007601471808735085,
      "val_Precision_mean": 0.9178474004029803,
      "val_Precision_std": 0.0365894643800211,
      "val_Sensitivity_mean": 0.750952380952372,
      "val_Sensitivity_std": 0.03087940863643772,
      "val_Specificity_mean": 0.9827728613569292,
      "val_Specificity_std": 0.008846747692708016,
      "val_score_mean": 0.8248916535430604,
      "val_score_std": 0.012433316604098597,
      "val_thr_mean": 0.48738984192491136,
      "val_thr_std": 0.06967697406611308
    },
    {
      "criterion": "youden",
      "feature_set": "c110",
      "model": "rf",
      "param_hash": "3bf84fe8cddf",
      "param_index": 13,
      "test_Brier_mean": 0.05242584972179449,
      "test_Brier_std": 0.001963380677567475,
      "test_LogLoss_mean": 0.19597268125045925,
      "test_LogLoss_std": 0.005934170755760184,
      "test_PR_AUC_mean": 0.9099568859213563,
      "test_PR_AUC_std": 0.0059026777644906134,
      "test_Precision_mean": 0.8090424100005335,
      "test_Precision_std": 0.045867390022409485,
      "test_ROC_AUC_mean": 0.9645708666947606,
      "test_ROC_AUC_std": 0.0029892511227004813,
      "test_Sensitivity_mean": 0.8730952380952277,
      "test_Sensitivity_std": 0.028721866661278947,
      "test_Specificity_mean": 0.9477286135693187,
      "test_Specificity_std": 0.01665535514900084,
      "val_Precision_mean": 0.8022657902724586,
      "val_Precision_std": 0.046696171109459186,
      "val_Sensitivity_mean": 0.8109523809523713,
      "val_Sensitivity_std": 0.014755790451349473,
      "val_Specificity_mean": 0.9494985250737434,
      "val_Specificity_std": 0.014811019944622165,
      "val_score_mean": 0.7604509060261148,
      "val_score_std": 0.011462673716467985,
      "val_thr_mean": 0.31473339788831917,
      "val_thr_std": 0.04911786627016092
    }
  ],
  "task_id": 13,
  "thr_grid_size": 600
}