{
  "feature_set": "c110_snr",
  "model": "rf",
  "n_bootstrap": 50,
  "param_hash": "2afd1857be47",
  "param_index": 12,
  "params": {
    "bootstrap": true,
    "class_weight": null,
    "max_depth": 20,
    "max_features": "0.3",
    "min_samples_leaf": 4,
    "min_samples_split": 4,
    "n_estimators": 2500
  },
  "runtime_s": 2463.4604563713074,
  "summary_preview": [
    {
      "criterion": "f1",
      "feature_set": "c110_snr",
      "model": "rf",
      "param_hash": "2afd1857be47",
      "param_index": 12,
      "test_Brier_mean": 0.056093723802607603,
      "test_Brier_std": 0.0026445449358914112,
      "test_LogLoss_mean": 0.20303990745214887,
      "test_LogLoss_std": 0.007499582342481564,
      "test_PR_AUC_mean": 0.8859847702406306,
      "test_PR_AUC_std": 0.011356167586363135,
      "test_Precision_mean": 0.8950037223172163,
      "test_Precision_std": 0.03623160685135985,
      "test_ROC_AUC_mean": 0.9539471835932012,
      "test_ROC_AUC_std": 0.0053729292437800615,
      "test_Sensitivity_mean": 0.7430952380952293,
      "test_Sensitivity_std": 0.05666558459085535,
      "test_Specificity_mean": 0.9775811209439499,
      "test_Specificity_std": 0.010610769753067125,
      "val_Precision_mean": 0.9031704804611108,
      "val_Precision_std": 0.06164699922470389,
      "val_Sensitivity_mean": 0.7223809523809439,
      "val_Sensitivity_std": 0.043187904066009454,
      "val_Specificity_mean": 0.9791740412979322,
      "val_Specificity_std": 0.015613816123504078,
      "val_score_mean": 0.7997831537654614,
      "val_score_std": 0.01458129999785898,
      "val_thr_mean": 0.4648454282067938,
      "val_thr_std": 0.1053250322222305
    },
    {
      "criterion": "youden",
      "feature_set": "c110_snr",
      "model": "rf",
      "param_hash": "2afd1857be47",
      "param_index": 12,
      "test_Brier_mean": 0.056093723802607603,
      "test_Brier_std": 0.0026445449358914112,
      "test_LogLoss_mean": 0.20303990745214887,
      "test_LogLoss_std": 0.007499582342481564,
      "test_PR_AUC_mean": 0.8859847702406306,
      "test_PR_AUC_std": 0.011356167586363135,
      "test_Precision_mean": 0.7745791064178627,
      "test_Precision_std": 0.0713275962939924,
      "test_ROC_AUC_mean": 0.9539471835932012,
      "test_ROC_AUC_std": 0.0053729292437800615,
      "test_Sensitivity_mean": 0.8430952380952281,
      "test_Sensitivity_std": 0.03499353714882359,
      "test_Specificity_mean": 0.9362241887905576,
      "test_Specificity_std": 0.027984060013367684,
      "val_Precision_mean": 0.7446081769879591,
      "val_Precision_std": 0.0721321465344115,
      "val_Sensitivity_mean": 0.8061904761904667,
      "val_Sensitivity_std": 0.028155376988536932,
      "val_Specificity_mean": 0.9282595870206461,
      "val_Specificity_std": 0.029651281081797366,
      "val_score_mean": 0.7344500632111128,
      "val_score_std": 0.021615140048824734,
      "val_thr_mean": 0.2582893035127764,
      "val_thr_std": 0.05650328813703272
    }
  ],
  "task_id": 396,
  "thr_grid_size": 600
}