{
  "feature_set": "c110",
  "model": "brf",
  "n_bootstrap": 50,
  "param_hash": "d46ad37179de",
  "param_index": 18,
  "params": {
    "max_depth": 20,
    "max_features": "sqrt",
    "min_samples_leaf": 1,
    "min_samples_split": 4,
    "n_estimators": 800,
    "replacement": true,
    "sampling_strategy": "auto"
  },
  "runtime_s": 272.2394530773163,
  "summary_preview": [
    {
      "criterion": "f1",
      "feature_set": "c110",
      "model": "brf",
      "param_hash": "d46ad37179de",
      "param_index": 18,
      "test_Brier_mean": 0.07474866366534365,
      "test_Brier_std": 0.002740840216854596,
      "test_LogLoss_mean": 0.27174373601433016,
      "test_LogLoss_std": 0.0077984839125233895,
      "test_PR_AUC_mean": 0.8974048793999698,
      "test_PR_AUC_std": 0.006545679874197414,
      "test_Precision_mean": 0.8751684580527062,
      "test_Precision_std": 0.03954770424746333,
      "test_ROC_AUC_mean": 0.9606528304537154,
      "test_ROC_AUC_std": 0.0034579775966902724,
      "test_Sensitivity_mean": 0.7630952380952291,
      "test_Sensitivity_std": 0.05336180778822126,
      "test_Specificity_mean": 0.9720353982300856,
      "test_Specificity_std": 0.011997020831444405,
      "val_Precision_mean": 0.8876949451660736,
      "val_Precision_std": 0.04578837576131789,
      "val_Sensitivity_mean": 0.7466666666666577,
      "val_Sensitivity_std": 0.03191121585941164,
      "val_Specificity_mean": 0.9756342182890826,
      "val_Specificity_std": 0.012064477989829516,
      "val_score_mean": 0.8094402011989956,
      "val_score_std": 0.009539348152518086,
      "val_thr_mean": 0.6002586578724488,
      "val_thr_std": 0.05965780208716334
    },
    {
      "criterion": "youden",
      "feature_set": "c110",
      "model": "brf",
      "param_hash": "d46ad37179de",
      "param_index": 18,
      "test_Brier_mean": 0.07474866366534365,
      "test_Brier_std": 0.002740840216854596,
      "test_LogLoss_mean": 0.27174373601433016,
      "test_LogLoss_std": 0.0077984839125233895,
      "test_PR_AUC_mean": 0.8974048793999698,
      "test_PR_AUC_std": 0.006545679874197414,
      "test_Precision_mean": 0.8019374173543525,
      "test_Precision_std": 0.02785210214518596,
      "test_ROC_AUC_mean": 0.9606528304537154,
      "test_ROC_AUC_std": 0.0034579775966902724,
      "test_Sensitivity_mean": 0.8514285714285613,
      "test_Sensitivity_std": 0.020862294183939416,
      "test_Specificity_mean": 0.9474926253687288,
      "test_Specificity_std": 0.00982882746708013,
      "val_Precision_mean": 0.7877199299380319,
      "val_Precision_std": 0.031049891822449324,
      "val_Sensitivity_mean": 0.8002380952380858,
      "val_Sensitivity_std": 0.012792462291898841,
      "val_Specificity_mean": 0.9460766961651889,
      "val_Specificity_std": 0.011054057749086778,
      "val_score_mean": 0.7463147914032747,
      "val_score_std": 0.011389373932811324,
      "val_thr_mean": 0.4833918812500142,
      "val_thr_std": 0.031023006451948696
    }
  ],
  "task_id": 66,
  "thr_grid_size": 600
}