{
  "feature_set": "c110_d110",
  "model": "et",
  "n_bootstrap": 50,
  "param_hash": "5f51dcecd0b8",
  "param_index": 14,
  "params": {
    "bootstrap": false,
    "max_depth": 20,
    "max_features": "0.2",
    "max_samples": null,
    "min_samples_leaf": 4,
    "min_samples_split": 2,
    "n_estimators": 2500
  },
  "runtime_s": 403.3134779930115,
  "summary_preview": [
    {
      "criterion": "f1",
      "feature_set": "c110_d110",
      "model": "et",
      "param_hash": "5f51dcecd0b8",
      "param_index": 14,
      "test_Brier_mean": 0.050105806364820475,
      "test_Brier_std": 0.0012287094601921714,
      "test_LogLoss_mean": 0.18647778566151946,
      "test_LogLoss_std": 0.003740715348842042,
      "test_PR_AUC_mean": 0.9099608143336423,
      "test_PR_AUC_std": 0.004221478588408425,
      "test_Precision_mean": 0.9050644459073132,
      "test_Precision_std": 0.02762775761945549,
      "test_ROC_AUC_mean": 0.9656721449641803,
      "test_ROC_AUC_std": 0.0023780824537278666,
      "test_Sensitivity_mean": 0.8007142857142762,
      "test_Sensitivity_std": 0.03278477544877066,
      "test_Specificity_mean": 0.9787610619468997,
      "test_Specificity_std": 0.007724527087999706,
      "val_Precision_mean": 0.8958216090484088,
      "val_Precision_std": 0.03968201439469422,
      "val_Sensitivity_mean": 0.7559523809523719,
      "val_Sensitivity_std": 0.026592679882843005,
      "val_Specificity_mean": 0.9775221238938023,
      "val_Specificity_std": 0.010094271112563103,
      "val_score_mean": 0.8187658519004496,
      "val_score_std": 0.007646100339185914,
      "val_thr_mean": 0.4381341123183758,
      "val_thr_std": 0.06925087915441129
    },
    {
      "criterion": "youden",
      "feature_set": "c110_d110",
      "model": "et",
      "param_hash": "5f51dcecd0b8",
      "param_index": 14,
      "test_Brier_mean": 0.050105806364820475,
      "test_Brier_std": 0.0012287094601921714,
      "test_LogLoss_mean": 0.18647778566151946,
      "test_LogLoss_std": 0.003740715348842042,
      "test_PR_AUC_mean": 0.9099608143336423,
      "test_PR_AUC_std": 0.004221478588408425,
      "test_Precision_mean": 0.8262157586095569,
      "test_Precision_std": 0.04780067783851875,
      "test_ROC_AUC_mean": 0.9656721449641803,
      "test_ROC_AUC_std": 0.0023780824537278666,
      "test_Sensitivity_mean": 0.8757142857142753,
      "test_Sensitivity_std": 0.024309616850619616,
      "test_Specificity_mean": 0.9531563421828879,
      "test_Specificity_std": 0.01646878629795446,
      "val_Precision_mean": 0.799714310632032,
      "val_Precision_std": 0.039826638213918464,
      "val_Sensitivity_mean": 0.8061904761904667,
      "val_Sensitivity_std": 0.016495721976846282,
      "val_Specificity_mean": 0.9491445427728585,
      "val_Specificity_std": 0.013346847751579263,
      "val_score_mean": 0.7553350189633251,
      "val_score_std": 0.007159428731169945,
      "val_thr_mean": 0.2868524900692115,
      "val_thr_std": 0.05321251992060654
    }
  ],
  "task_id": 134,
  "thr_grid_size": 600
}