{
  "feature_set": "c110_d110",
  "model": "rf",
  "n_bootstrap": 50,
  "param_hash": "ffc270778d3f",
  "param_index": 16,
  "params": {
    "bootstrap": true,
    "class_weight": null,
    "max_depth": 30,
    "max_features": "0.3",
    "min_samples_leaf": 1,
    "min_samples_split": 8,
    "n_estimators": 800
  },
  "runtime_s": 751.7527108192444,
  "summary_preview": [
    {
      "criterion": "f1",
      "feature_set": "c110_d110",
      "model": "rf",
      "param_hash": "ffc270778d3f",
      "param_index": 16,
      "test_Brier_mean": 0.05253189906837883,
      "test_Brier_std": 0.0024164912333175456,
      "test_LogLoss_mean": 0.19499019902802114,
      "test_LogLoss_std": 0.006193683564259777,
      "test_PR_AUC_mean": 0.891108152332547,
      "test_PR_AUC_std": 0.00784840300104358,
      "test_Precision_mean": 0.9198290527469084,
      "test_Precision_std": 0.018106084007499947,
      "test_ROC_AUC_mean": 0.9551344992274196,
      "test_ROC_AUC_std": 0.0027949672778653034,
      "test_Sensitivity_mean": 0.761904761904753,
      "test_Sensitivity_std": 0.0506220274358403,
      "test_Specificity_mean": 0.9833628318584041,
      "test_Specificity_std": 0.004607046057721511,
      "val_Precision_mean": 0.9220503048449551,
      "val_Precision_std": 0.029674629597805736,
      "val_Sensitivity_mean": 0.72857142857142,
      "val_Sensitivity_std": 0.02429057288619987,
      "val_Specificity_mean": 0.9843657817109116,
      "val_Specificity_std": 0.006669697341485246,
      "val_score_mean": 0.813187546281014,
      "val_score_std": 0.008366573536435974,
      "val_thr_mean": 0.5408363075645807,
      "val_thr_std": 0.06355433632141165
    },
    {
      "criterion": "youden",
      "feature_set": "c110_d110",
      "model": "rf",
      "param_hash": "ffc270778d3f",
      "param_index": 16,
      "test_Brier_mean": 0.05253189906837883,
      "test_Brier_std": 0.0024164912333175456,
      "test_LogLoss_mean": 0.19499019902802114,
      "test_LogLoss_std": 0.006193683564259777,
      "test_PR_AUC_mean": 0.891108152332547,
      "test_PR_AUC_std": 0.00784840300104358,
      "test_Precision_mean": 0.870099239276704,
      "test_Precision_std": 0.05766644618152225,
      "test_ROC_AUC_mean": 0.9551344992274196,
      "test_ROC_AUC_std": 0.0027949672778653034,
      "test_Sensitivity_mean": 0.8228571428571331,
      "test_Sensitivity_std": 0.04142404720445756,
      "test_Specificity_mean": 0.9679056047197611,
      "test_Specificity_std": 0.01899271966379628,
      "val_Precision_mean": 0.8373502748667794,
      "val_Precision_std": 0.07243437382566496,
      "val_Sensitivity_mean": 0.7673809523809433,
      "val_Sensitivity_std": 0.029280360900323897,
      "val_Specificity_mean": 0.9605309734513245,
      "val_Specificity_std": 0.023515067200246705,
      "val_score_mean": 0.7279119258322679,
      "val_score_std": 0.012707072469411452,
      "val_thr_mean": 0.4212531364966634,
      "val_thr_std": 0.08392374594799495
    }
  ],
  "task_id": 112,
  "thr_grid_size": 600
}