{
  "feature_set": "c110_d110",
  "model": "rf",
  "n_bootstrap": 50,
  "param_hash": "70c8fabffc12",
  "param_index": 21,
  "params": {
    "bootstrap": true,
    "class_weight": null,
    "max_depth": 30,
    "max_features": "0.2",
    "min_samples_leaf": 4,
    "min_samples_split": 4,
    "n_estimators": 1500
  },
  "runtime_s": 809.7522082328796,
  "summary_preview": [
    {
      "criterion": "f1",
      "feature_set": "c110_d110",
      "model": "rf",
      "param_hash": "70c8fabffc12",
      "param_index": 21,
      "test_Brier_mean": 0.050795923035218224,
      "test_Brier_std": 0.0022070299187256903,
      "test_LogLoss_mean": 0.187734884117999,
      "test_LogLoss_std": 0.006134155698092827,
      "test_PR_AUC_mean": 0.8981295191046823,
      "test_PR_AUC_std": 0.00718489754805055,
      "test_Precision_mean": 0.9143937367677129,
      "test_Precision_std": 0.019057071050861456,
      "test_ROC_AUC_mean": 0.9597548813035539,
      "test_ROC_AUC_std": 0.0032069628888210127,
      "test_Sensitivity_mean": 0.7823809523809432,
      "test_Sensitivity_std": 0.044546137533999185,
      "test_Specificity_mean": 0.9815929203539794,
      "test_Specificity_std": 0.0054477412932801735,
      "val_Precision_mean": 0.9173296061702096,
      "val_Precision_std": 0.027160041732676825,
      "val_Sensitivity_mean": 0.7407142857142769,
      "val_Sensitivity_std": 0.023230321390843273,
      "val_Specificity_mean": 0.9831268436578142,
      "val_Specificity_std": 0.0066105930218718825,
      "val_score_mean": 0.8189333222778246,
      "val_score_std": 0.007501078976313125,
      "val_thr_mean": 0.4868479111260487,
      "val_thr_std": 0.06223316932878053
    },
    {
      "criterion": "youden",
      "feature_set": "c110_d110",
      "model": "rf",
      "param_hash": "70c8fabffc12",
      "param_index": 21,
      "test_Brier_mean": 0.050795923035218224,
      "test_Brier_std": 0.0022070299187256903,
      "test_LogLoss_mean": 0.187734884117999,
      "test_LogLoss_std": 0.006134155698092827,
      "test_PR_AUC_mean": 0.8981295191046823,
      "test_PR_AUC_std": 0.00718489754805055,
      "test_Precision_mean": 0.8446648264918035,
      "test_Precision_std": 0.03889058156698177,
      "test_ROC_AUC_mean": 0.9597548813035539,
      "test_ROC_AUC_std": 0.0032069628888210127,
      "test_Sensitivity_mean": 0.8502380952380852,
      "test_Sensitivity_std": 0.026792057342036723,
      "test_Specificity_mean": 0.9605309734513245,
      "test_Specificity_std": 0.012385223092772074,
      "val_Precision_mean": 0.8074822777716498,
      "val_Precision_std": 0.05417523781256826,
      "val_Sensitivity_mean": 0.7888095238095144,
      "val_Sensitivity_std": 0.020802594287819123,
      "val_Specificity_mean": 0.9520353982300856,
      "val_Specificity_std": 0.01696980327777272,
      "val_score_mean": 0.7408449220396001,
      "val_score_std": 0.013342556939846107,
      "val_thr_mean": 0.3346528804463545,
      "val_thr_std": 0.06152837330334155
    }
  ],
  "task_id": 117,
  "thr_grid_size": 600
}