{
  "feature_set": "c110_d110_errors",
  "model": "brf",
  "n_bootstrap": 50,
  "param_hash": "8a29145b4a25",
  "param_index": 23,
  "params": {
    "max_depth": 20,
    "max_features": "0.5",
    "min_samples_leaf": 2,
    "min_samples_split": 4,
    "n_estimators": 800,
    "replacement": false,
    "sampling_strategy": "auto"
  },
  "runtime_s": 737.9743311405182,
  "summary_preview": [
    {
      "criterion": "f1",
      "feature_set": "c110_d110_errors",
      "model": "brf",
      "param_hash": "8a29145b4a25",
      "param_index": 23,
      "test_Brier_mean": 0.06260784319596241,
      "test_Brier_std": 0.0025208763929051034,
      "test_LogLoss_mean": 0.2461475521116892,
      "test_LogLoss_std": 0.02723833738073813,
      "test_PR_AUC_mean": 0.8936094811387763,
      "test_PR_AUC_std": 0.009550595991211663,
      "test_Precision_mean": 0.8813581766599071,
      "test_Precision_std": 0.03302355238720287,
      "test_ROC_AUC_mean": 0.9587614131198202,
      "test_ROC_AUC_std": 0.0027723055778789162,
      "test_Sensitivity_mean": 0.8011904761904667,
      "test_Sensitivity_std": 0.04877425306020347,
      "test_Specificity_mean": 0.9726253687315605,
      "test_Specificity_std": 0.010079306326063365,
      "val_Precision_mean": 0.8924300978752115,
      "val_Precision_std": 0.033318805554107954,
      "val_Sensitivity_mean": 0.751904761904753,
      "val_Sensitivity_std": 0.027670439101241468,
      "val_Specificity_mean": 0.9770501474926224,
      "val_Specificity_std": 0.008601049945925351,
      "val_score_mean": 0.8152225707645087,
      "val_score_std": 0.012086999439488957,
      "val_thr_mean": 0.6442604319699501,
      "val_thr_std": 0.08262873303517482
    },
    {
      "criterion": "youden",
      "feature_set": "c110_d110_errors",
      "model": "brf",
      "param_hash": "8a29145b4a25",
      "param_index": 23,
      "test_Brier_mean": 0.06260784319596241,
      "test_Brier_std": 0.0025208763929051034,
      "test_LogLoss_mean": 0.2461475521116892,
      "test_LogLoss_std": 0.02723833738073813,
      "test_PR_AUC_mean": 0.8936094811387763,
      "test_PR_AUC_std": 0.009550595991211663,
      "test_Precision_mean": 0.8177257603966845,
      "test_Precision_std": 0.039566196383424276,
      "test_ROC_AUC_mean": 0.9587614131198202,
      "test_ROC_AUC_std": 0.0027723055778789162,
      "test_Sensitivity_mean": 0.8592857142857041,
      "test_Sensitivity_std": 0.019933539907282263,
      "test_Specificity_mean": 0.9517994100294956,
      "test_Specificity_std": 0.013360811049330757,
      "val_Precision_mean": 0.8073078778680959,
      "val_Precision_std": 0.05478806376927734,
      "val_Sensitivity_mean": 0.7923809523809431,
      "val_Sensitivity_std": 0.022064319374458023,
      "val_Specificity_mean": 0.9517404129793482,
      "val_Specificity_std": 0.018044509764199038,
      "val_score_mean": 0.744121365360291,
      "val_score_std": 0.017913991912292992,
      "val_thr_mean": 0.5122249109627157,
      "val_thr_std": 0.05755956000710478
    }
  ],
  "task_id": 359,
  "thr_grid_size": 600
}