{
  "feature_set": "c110_d110",
  "model": "rf",
  "n_bootstrap": 50,
  "param_hash": "58d13dbea0f4",
  "param_index": 6,
  "params": {
    "bootstrap": true,
    "class_weight": "balanced",
    "max_depth": 20,
    "max_features": "0.3",
    "min_samples_leaf": 4,
    "min_samples_split": 4,
    "n_estimators": 2500
  },
  "runtime_s": 1430.519994020462,
  "summary_preview": [
    {
      "criterion": "f1",
      "feature_set": "c110_d110",
      "model": "rf",
      "param_hash": "58d13dbea0f4",
      "param_index": 6,
      "test_Brier_mean": 0.04989964056068719,
      "test_Brier_std": 0.0017281269909832548,
      "test_LogLoss_mean": 0.1902564138831728,
      "test_LogLoss_std": 0.005865398146779705,
      "test_PR_AUC_mean": 0.9011130538545509,
      "test_PR_AUC_std": 0.005375372217843012,
      "test_Precision_mean": 0.8956989971471772,
      "test_Precision_std": 0.0231411368660245,
      "test_ROC_AUC_mean": 0.9598967551622419,
      "test_ROC_AUC_std": 0.0029485510205153544,
      "test_Sensitivity_mean": 0.8095238095238,
      "test_Sensitivity_std": 0.027737255833843337,
      "test_Specificity_mean": 0.976401179941,
      "test_Specificity_std": 0.006307049956635363,
      "val_Precision_mean": 0.9099115427667699,
      "val_Precision_std": 0.025749402639598195,
      "val_Sensitivity_mean": 0.7607142857142768,
      "val_Sensitivity_std": 0.023100472291166605,
      "val_Specificity_mean": 0.9810619469026518,
      "val_Specificity_std": 0.006393461505155816,
      "val_score_mean": 0.8280812495512038,
      "val_score_std": 0.011672293031999901,
      "val_thr_mean": 0.4782689620881483,
      "val_thr_std": 0.06031861350286598
    },
    {
      "criterion": "youden",
      "feature_set": "c110_d110",
      "model": "rf",
      "param_hash": "58d13dbea0f4",
      "param_index": 6,
      "test_Brier_mean": 0.04989964056068719,
      "test_Brier_std": 0.0017281269909832548,
      "test_LogLoss_mean": 0.1902564138831728,
      "test_LogLoss_std": 0.005865398146779705,
      "test_PR_AUC_mean": 0.9011130538545509,
      "test_PR_AUC_std": 0.005375372217843012,
      "test_Precision_mean": 0.8457647919128775,
      "test_Precision_std": 0.04677660646114411,
      "test_ROC_AUC_mean": 0.9598967551622419,
      "test_ROC_AUC_std": 0.0029485510205153544,
      "test_Sensitivity_mean": 0.8523809523809424,
      "test_Sensitivity_std": 0.028151267614365014,
      "test_Specificity_mean": 0.9603539823008821,
      "test_Specificity_std": 0.015667747273206356,
      "val_Precision_mean": 0.8449117602044544,
      "val_Precision_std": 0.05491161243022056,
      "val_Sensitivity_mean": 0.7904761904761811,
      "val_Sensitivity_std": 0.01502000147334654,
      "val_Specificity_mean": 0.9627728613569292,
      "val_Specificity_std": 0.017095749750685892,
      "val_score_mean": 0.7532490518331103,
      "val_score_std": 0.009850428735986225,
      "val_thr_mean": 0.3775215230422666,
      "val_thr_std": 0.06642519467124432
    }
  ],
  "task_id": 102,
  "thr_grid_size": 600
}