{
  "feature_set": "c110_snr",
  "model": "bbag",
  "n_bootstrap": 50,
  "param_hash": "3b90164009b1",
  "param_index": 16,
  "params": {
    "base_max_depth": 10,
    "base_max_features": "sqrt",
    "base_min_samples_leaf": 2,
    "base_min_samples_split": 2,
    "bootstrap": true,
    "max_features": 0.9,
    "max_samples": 0.9,
    "n_estimators": 800,
    "replacement": false,
    "sampling_strategy": "auto"
  },
  "runtime_s": 102.07373809814453,
  "summary_preview": [
    {
      "criterion": "f1",
      "feature_set": "c110_snr",
      "model": "bbag",
      "param_hash": "3b90164009b1",
      "param_index": 16,
      "test_Brier_mean": 0.10697186036605548,
      "test_Brier_std": 0.0027879689467980606,
      "test_LogLoss_mean": 0.36787111516254994,
      "test_LogLoss_std": 0.007738742210215638,
      "test_PR_AUC_mean": 0.7877365214258625,
      "test_PR_AUC_std": 0.009754299105449732,
      "test_Precision_mean": 0.740674773990391,
      "test_Precision_std": 0.060367073286023934,
      "test_ROC_AUC_mean": 0.9049290630706559,
      "test_ROC_AUC_std": 0.006302992619072193,
      "test_Sensitivity_mean": 0.7126190476190392,
      "test_Sensitivity_std": 0.04512478777099809,
      "test_Specificity_mean": 0.9356342182890828,
      "test_Specificity_std": 0.024598722133698864,
      "val_Precision_mean": 0.7081190498237416,
      "val_Precision_std": 0.04099849727788806,
      "val_Sensitivity_mean": 0.6978571428571345,
      "val_Sensitivity_std": 0.03243710474541258,
      "val_Specificity_mean": 0.9274336283185812,
      "val_Specificity_std": 0.01686683193947699,
      "val_score_mean": 0.7012979908361432,
      "val_score_std": 0.013487549156713187,
      "val_thr_mean": 0.4733735999133602,
      "val_thr_std": 0.026748058080288076
    },
    {
      "criterion": "youden",
      "feature_set": "c110_snr",
      "model": "bbag",
      "param_hash": "3b90164009b1",
      "param_index": 16,
      "test_Brier_mean": 0.10697186036605548,
      "test_Brier_std": 0.0027879689467980606,
      "test_LogLoss_mean": 0.36787111516254994,
      "test_LogLoss_std": 0.007738742210215638,
      "test_PR_AUC_mean": 0.7877365214258625,
      "test_PR_AUC_std": 0.009754299105449732,
      "test_Precision_mean": 0.6489760673521604,
      "test_Precision_std": 0.06288114257571455,
      "test_ROC_AUC_mean": 0.9049290630706559,
      "test_ROC_AUC_std": 0.006302992619072193,
      "test_Sensitivity_mean": 0.7642857142857052,
      "test_Sensitivity_std": 0.026997462357801594,
      "test_Specificity_mean": 0.894218289085543,
      "test_Specificity_std": 0.030429065015911073,
      "val_Precision_mean": 0.6445156387306501,
      "val_Precision_std": 0.04270477964150521,
      "val_Sensitivity_mean": 0.7423809523809436,
      "val_Sensitivity_std": 0.025652663448931384,
      "val_Specificity_mean": 0.8968141592920327,
      "val_Specificity_std": 0.02200610790612719,
      "val_score_mean": 0.6391951116729763,
      "val_score_std": 0.01444629047678523,
      "val_thr_mean": 0.43319958800183966,
      "val_thr_std": 0.02413894719942447
    }
  ],
  "task_id": 472,
  "thr_grid_size": 600
}