{
  "feature_set": "c110",
  "model": "brf",
  "n_bootstrap": 50,
  "param_hash": "3ea42a330d0c",
  "param_index": 9,
  "params": {
    "max_depth": 20,
    "max_features": "0.2",
    "min_samples_leaf": 2,
    "min_samples_split": 2,
    "n_estimators": 800,
    "replacement": false,
    "sampling_strategy": "auto"
  },
  "runtime_s": 315.4348313808441,
  "summary_preview": [
    {
      "criterion": "f1",
      "feature_set": "c110",
      "model": "brf",
      "param_hash": "3ea42a330d0c",
      "param_index": 9,
      "test_Brier_mean": 0.06403510047998028,
      "test_Brier_std": 0.002862972914844378,
      "test_LogLoss_mean": 0.2374542639094066,
      "test_LogLoss_std": 0.008312024248113597,
      "test_PR_AUC_mean": 0.9069547088470816,
      "test_PR_AUC_std": 0.0064136791629371215,
      "test_Precision_mean": 0.8897611044134724,
      "test_Precision_std": 0.034000756443791566,
      "test_ROC_AUC_mean": 0.9644265346256496,
      "test_ROC_AUC_std": 0.0031270037740991465,
      "test_Sensitivity_mean": 0.7707142857142766,
      "test_Sensitivity_std": 0.052573306152298986,
      "test_Specificity_mean": 0.975575221238935,
      "test_Specificity_std": 0.010544285999516814,
      "val_Precision_mean": 0.9116292743609329,
      "val_Precision_std": 0.04507862148675958,
      "val_Sensitivity_mean": 0.7488095238095149,
      "val_Sensitivity_std": 0.03420439687265056,
      "val_Specificity_mean": 0.9811209439527994,
      "val_Specificity_std": 0.011602106951484328,
      "val_score_mean": 0.8205857210144756,
      "val_score_std": 0.012665788967601836,
      "val_thr_mean": 0.6173716068447415,
      "val_thr_std": 0.07841012277685852
    },
    {
      "criterion": "youden",
      "feature_set": "c110",
      "model": "brf",
      "param_hash": "3ea42a330d0c",
      "param_index": 9,
      "test_Brier_mean": 0.06403510047998028,
      "test_Brier_std": 0.002862972914844378,
      "test_LogLoss_mean": 0.2374542639094066,
      "test_LogLoss_std": 0.008312024248113597,
      "test_PR_AUC_mean": 0.9069547088470816,
      "test_PR_AUC_std": 0.0064136791629371215,
      "test_Precision_mean": 0.7965337006550146,
      "test_Precision_std": 0.04663154244071388,
      "test_ROC_AUC_mean": 0.9644265346256496,
      "test_ROC_AUC_std": 0.0031270037740991465,
      "test_Sensitivity_mean": 0.8654761904761803,
      "test_Sensitivity_std": 0.030917787351526553,
      "test_Specificity_mean": 0.9439528023598791,
      "test_Specificity_std": 0.017231393426262797,
      "val_Precision_mean": 0.7991136444331614,
      "val_Precision_std": 0.047856179299266825,
      "val_Sensitivity_mean": 0.8099999999999905,
      "val_Sensitivity_std": 0.02293838816338392,
      "val_Specificity_mean": 0.9483185840707936,
      "val_Specificity_std": 0.01648603020226258,
      "val_score_mean": 0.758318584070784,
      "val_score_std": 0.013264178755861469,
      "val_thr_mean": 0.4567389287701725,
      "val_thr_std": 0.05305917041456781
    }
  ],
  "task_id": 57,
  "thr_grid_size": 600
}