{
  "feature_set": "c110_d110_errors",
  "model": "brf",
  "n_bootstrap": 50,
  "param_hash": "406f8ac913b7",
  "param_index": 1,
  "params": {
    "max_depth": 10,
    "max_features": "sqrt",
    "min_samples_leaf": 1,
    "min_samples_split": 4,
    "n_estimators": 800,
    "replacement": true,
    "sampling_strategy": "auto"
  },
  "runtime_s": 276.96073746681213,
  "summary_preview": [
    {
      "criterion": "f1",
      "feature_set": "c110_d110_errors",
      "model": "brf",
      "param_hash": "406f8ac913b7",
      "param_index": 1,
      "test_Brier_mean": 0.07043135577525603,
      "test_Brier_std": 0.0027468468634349124,
      "test_LogLoss_mean": 0.2598506776468154,
      "test_LogLoss_std": 0.008089542873100822,
      "test_PR_AUC_mean": 0.9056758940411247,
      "test_PR_AUC_std": 0.006173355667879236,
      "test_Precision_mean": 0.8820756601601661,
      "test_Precision_std": 0.03267130117483792,
      "test_ROC_AUC_mean": 0.9657220115184717,
      "test_ROC_AUC_std": 0.0026248542633135084,
      "test_Sensitivity_mean": 0.7704761904761814,
      "test_Sensitivity_std": 0.051192453687480204,
      "test_Specificity_mean": 0.9738053097345103,
      "test_Specificity_std": 0.009547275016270545,
      "val_Precision_mean": 0.8826261802836538,
      "val_Precision_std": 0.04765258352341995,
      "val_Sensitivity_mean": 0.7464285714285626,
      "val_Sensitivity_std": 0.03360726674382527,
      "val_Specificity_mean": 0.9743362831858378,
      "val_Specificity_std": 0.012645736273176274,
      "val_score_mean": 0.8069878331701184,
      "val_score_std": 0.008342450982220488,
      "val_thr_mean": 0.6131000742323569,
      "val_thr_std": 0.061479089570892084
    },
    {
      "criterion": "youden",
      "feature_set": "c110_d110_errors",
      "model": "brf",
      "param_hash": "406f8ac913b7",
      "param_index": 1,
      "test_Brier_mean": 0.07043135577525603,
      "test_Brier_std": 0.0027468468634349124,
      "test_LogLoss_mean": 0.2598506776468154,
      "test_LogLoss_std": 0.008089542873100822,
      "test_PR_AUC_mean": 0.9056758940411247,
      "test_PR_AUC_std": 0.006173355667879236,
      "test_Precision_mean": 0.8268741754457394,
      "test_Precision_std": 0.030552591765357396,
      "test_ROC_AUC_mean": 0.9657220115184717,
      "test_ROC_AUC_std": 0.0026248542633135084,
      "test_Sensitivity_mean": 0.8471428571428471,
      "test_Sensitivity_std": 0.0244519738171581,
      "test_Specificity_mean": 0.9555752212389352,
      "test_Specificity_std": 0.010050546813755092,
      "val_Precision_mean": 0.7995963433209602,
      "val_Precision_std": 0.027500866940187173,
      "val_Sensitivity_mean": 0.7933333333333239,
      "val_Sensitivity_std": 0.011723597237832603,
      "val_Specificity_mean": 0.9503834808259559,
      "val_Specificity_std": 0.008873405148442561,
      "val_score_mean": 0.7437168141592798,
      "val_score_std": 0.009804178399462368,
      "val_thr_mean": 0.5171306435181064,
      "val_thr_std": 0.030715418685848584
    }
  ],
  "task_id": 337,
  "thr_grid_size": 600
}