{
  "feature_set": "c110_errors",
  "model": "rf",
  "n_bootstrap": 50,
  "param_hash": "70c8fabffc12",
  "param_index": 21,
  "params": {
    "bootstrap": true,
    "class_weight": null,
    "max_depth": 30,
    "max_features": "0.2",
    "min_samples_leaf": 4,
    "min_samples_split": 4,
    "n_estimators": 1500
  },
  "runtime_s": 773.2465560436249,
  "summary_preview": [
    {
      "criterion": "f1",
      "feature_set": "c110_errors",
      "model": "rf",
      "param_hash": "70c8fabffc12",
      "param_index": 21,
      "test_Brier_mean": 0.05380141280914695,
      "test_Brier_std": 0.0021098148231313593,
      "test_LogLoss_mean": 0.1930530950085783,
      "test_LogLoss_std": 0.0058966593922390835,
      "test_PR_AUC_mean": 0.9039752408531067,
      "test_PR_AUC_std": 0.008448686060811929,
      "test_Precision_mean": 0.9046389425271439,
      "test_Precision_std": 0.025568523858286493,
      "test_ROC_AUC_mean": 0.9646705998033431,
      "test_ROC_AUC_std": 0.003521183497436439,
      "test_Sensitivity_mean": 0.7502380952380864,
      "test_Sensitivity_std": 0.052555698446648744,
      "test_Specificity_mean": 0.9799410029498496,
      "test_Specificity_std": 0.007419644695178669,
      "val_Precision_mean": 0.9094250815001691,
      "val_Precision_std": 0.04252313018984435,
      "val_Sensitivity_mean": 0.7197619047618963,
      "val_Sensitivity_std": 0.029867160814320795,
      "val_Specificity_mean": 0.9815339233038318,
      "val_Specificity_std": 0.010075253209965818,
      "val_score_mean": 0.8022427043684446,
      "val_score_std": 0.014118696535399397,
      "val_thr_mean": 0.4648607168508931,
      "val_thr_std": 0.06893529988444685
    },
    {
      "criterion": "youden",
      "feature_set": "c110_errors",
      "model": "rf",
      "param_hash": "70c8fabffc12",
      "param_index": 21,
      "test_Brier_mean": 0.05380141280914695,
      "test_Brier_std": 0.0021098148231313593,
      "test_LogLoss_mean": 0.1930530950085783,
      "test_LogLoss_std": 0.0058966593922390835,
      "test_PR_AUC_mean": 0.9039752408531067,
      "test_PR_AUC_std": 0.008448686060811929,
      "test_Precision_mean": 0.797495818079429,
      "test_Precision_std": 0.06712910610513796,
      "test_ROC_AUC_mean": 0.9646705998033431,
      "test_ROC_AUC_std": 0.003521183497436439,
      "test_Sensitivity_mean": 0.8599999999999898,
      "test_Sensitivity_std": 0.04691905333474879,
      "test_Specificity_mean": 0.9430088495575193,
      "test_Specificity_std": 0.02586384890092455,
      "val_Precision_mean": 0.756532794674548,
      "val_Precision_std": 0.08467072828448684,
      "val_Sensitivity_mean": 0.7988095238095144,
      "val_Sensitivity_std": 0.03593630375699862,
      "val_Specificity_mean": 0.9320353982300857,
      "val_Specificity_std": 0.031697912557415525,
      "val_score_mean": 0.7308449220396,
      "val_score_std": 0.01655273169887141,
      "val_thr_mean": 0.2882992588234664,
      "val_thr_std": 0.0721798044213851
    }
  ],
  "task_id": 213,
  "thr_grid_size": 600
}