{
  "feature_set": "c110",
  "model": "brf",
  "n_bootstrap": 50,
  "param_hash": "0121368305ab",
  "param_index": 6,
  "params": {
    "max_depth": 10,
    "max_features": "0.3",
    "min_samples_leaf": 4,
    "min_samples_split": 4,
    "n_estimators": 4000,
    "replacement": false,
    "sampling_strategy": "auto"
  },
  "runtime_s": 1231.0496797561646,
  "summary_preview": [
    {
      "criterion": "f1",
      "feature_set": "c110",
      "model": "brf",
      "param_hash": "0121368305ab",
      "param_index": 6,
      "test_Brier_mean": 0.06303894761188318,
      "test_Brier_std": 0.0030984742039793654,
      "test_LogLoss_mean": 0.2350324048653161,
      "test_LogLoss_std": 0.008354987099262424,
      "test_PR_AUC_mean": 0.9053708275104914,
      "test_PR_AUC_std": 0.00886177614975814,
      "test_Precision_mean": 0.8923750601259502,
      "test_Precision_std": 0.03716918291428554,
      "test_ROC_AUC_mean": 0.9631710914454277,
      "test_ROC_AUC_std": 0.004180495044612303,
      "test_Sensitivity_mean": 0.772142857142848,
      "test_Sensitivity_std": 0.048223208211105484,
      "test_Specificity_mean": 0.9762241887905576,
      "test_Specificity_std": 0.01117182997704504,
      "val_Precision_mean": 0.9153970554772449,
      "val_Precision_std": 0.04296874432156899,
      "val_Sensitivity_mean": 0.7452380952380864,
      "val_Sensitivity_std": 0.030706581777665918,
      "val_Specificity_mean": 0.9821238938053068,
      "val_Specificity_std": 0.011092066634156147,
      "val_score_mean": 0.8201400065474179,
      "val_score_std": 0.010515247752951049,
      "val_thr_mean": 0.6368012215275946,
      "val_thr_std": 0.07913952525376937
    },
    {
      "criterion": "youden",
      "feature_set": "c110",
      "model": "brf",
      "param_hash": "0121368305ab",
      "param_index": 6,
      "test_Brier_mean": 0.06303894761188318,
      "test_Brier_std": 0.0030984742039793654,
      "test_LogLoss_mean": 0.2350324048653161,
      "test_LogLoss_std": 0.008354987099262424,
      "test_PR_AUC_mean": 0.9053708275104914,
      "test_PR_AUC_std": 0.00886177614975814,
      "test_Precision_mean": 0.7958236084274846,
      "test_Precision_std": 0.051870330084716,
      "test_ROC_AUC_mean": 0.9631710914454277,
      "test_ROC_AUC_std": 0.004180495044612303,
      "test_Sensitivity_mean": 0.8614285714285611,
      "test_Sensitivity_std": 0.03549169377073582,
      "test_Specificity_mean": 0.9437168141592892,
      "test_Specificity_std": 0.018338151570756415,
      "val_Precision_mean": 0.7978583671946463,
      "val_Precision_std": 0.05221002883915923,
      "val_Sensitivity_mean": 0.8066666666666572,
      "val_Sensitivity_std": 0.021985527362166163,
      "val_Specificity_mean": 0.9480235988200562,
      "val_Specificity_std": 0.016568229577829337,
      "val_score_mean": 0.7546902654867133,
      "val_score_std": 0.012743431456572241,
      "val_thr_mean": 0.46716616239323044,
      "val_thr_std": 0.06715573848637554
    }
  ],
  "task_id": 54,
  "thr_grid_size": 600
}