{
  "feature_set": "c110_d110_errors",
  "model": "rf",
  "n_bootstrap": 50,
  "param_hash": "ffc270778d3f",
  "param_index": 16,
  "params": {
    "bootstrap": true,
    "class_weight": null,
    "max_depth": 30,
    "max_features": "0.3",
    "min_samples_leaf": 1,
    "min_samples_split": 8,
    "n_estimators": 800
  },
  "runtime_s": 1243.5045566558838,
  "summary_preview": [
    {
      "criterion": "f1",
      "feature_set": "c110_d110_errors",
      "model": "rf",
      "param_hash": "ffc270778d3f",
      "param_index": 16,
      "test_Brier_mean": 0.052040040141176795,
      "test_Brier_std": 0.0024853911022616536,
      "test_LogLoss_mean": 0.19178688862811213,
      "test_LogLoss_std": 0.007207314417850067,
      "test_PR_AUC_mean": 0.8941287178681735,
      "test_PR_AUC_std": 0.008559953702103352,
      "test_Precision_mean": 0.9128653046432912,
      "test_Precision_std": 0.021624911446406513,
      "test_ROC_AUC_mean": 0.9570385587863464,
      "test_ROC_AUC_std": 0.004296903188739669,
      "test_Sensitivity_mean": 0.76404761904761,
      "test_Sensitivity_std": 0.049272203234371356,
      "test_Specificity_mean": 0.9816519174041268,
      "test_Specificity_std": 0.005694149470936533,
      "val_Precision_mean": 0.9075443412281188,
      "val_Precision_std": 0.03687234675004649,
      "val_Sensitivity_mean": 0.7304761904761818,
      "val_Sensitivity_std": 0.025539665527337264,
      "val_Specificity_mean": 0.9810029498525045,
      "val_Specificity_std": 0.00882262673254224,
      "val_score_mean": 0.8084183557393436,
      "val_score_std": 0.00874982473205162,
      "val_thr_mean": 0.5208986105884251,
      "val_thr_std": 0.0697968291405154
    },
    {
      "criterion": "youden",
      "feature_set": "c110_d110_errors",
      "model": "rf",
      "param_hash": "ffc270778d3f",
      "param_index": 16,
      "test_Brier_mean": 0.052040040141176795,
      "test_Brier_std": 0.0024853911022616536,
      "test_LogLoss_mean": 0.19178688862811213,
      "test_LogLoss_std": 0.007207314417850067,
      "test_PR_AUC_mean": 0.8941287178681735,
      "test_PR_AUC_std": 0.008559953702103352,
      "test_Precision_mean": 0.8378800316277354,
      "test_Precision_std": 0.06944544919647866,
      "test_ROC_AUC_mean": 0.9570385587863464,
      "test_ROC_AUC_std": 0.004296903188739669,
      "test_Sensitivity_mean": 0.8352380952380853,
      "test_Sensitivity_std": 0.04351615126998445,
      "test_Specificity_mean": 0.95734513274336,
      "test_Specificity_std": 0.025031818393745377,
      "val_Precision_mean": 0.7933693220565543,
      "val_Precision_std": 0.08187835089631662,
      "val_Sensitivity_mean": 0.7830952380952289,
      "val_Sensitivity_std": 0.033524545280820425,
      "val_Specificity_mean": 0.9457227138643038,
      "val_Specificity_std": 0.029708481638456817,
      "val_score_mean": 0.7288179519595327,
      "val_score_std": 0.014036267628647615,
      "val_thr_mean": 0.3783210771547551,
      "val_thr_std": 0.08748656316466136
    }
  ],
  "task_id": 304,
  "thr_grid_size": 600
}