{
  "feature_set": "c110_errors",
  "model": "rf",
  "n_bootstrap": 50,
  "param_hash": "58d13dbea0f4",
  "param_index": 6,
  "params": {
    "bootstrap": true,
    "class_weight": "balanced",
    "max_depth": 20,
    "max_features": "0.3",
    "min_samples_leaf": 4,
    "min_samples_split": 4,
    "n_estimators": 2500
  },
  "runtime_s": 1518.4064319133759,
  "summary_preview": [
    {
      "criterion": "f1",
      "feature_set": "c110_errors",
      "model": "rf",
      "param_hash": "58d13dbea0f4",
      "param_index": 6,
      "test_Brier_mean": 0.0510196959822618,
      "test_Brier_std": 0.0021509533109449453,
      "test_LogLoss_mean": 0.19166622302531708,
      "test_LogLoss_std": 0.006126667426534769,
      "test_PR_AUC_mean": 0.9124175512431739,
      "test_PR_AUC_std": 0.0068552138554244125,
      "test_Precision_mean": 0.8960102284682531,
      "test_Precision_std": 0.028044715909858783,
      "test_ROC_AUC_mean": 0.9653694339092569,
      "test_ROC_AUC_std": 0.0029930826305905227,
      "test_Sensitivity_mean": 0.772142857142848,
      "test_Sensitivity_std": 0.04682340647930675,
      "test_Specificity_mean": 0.9772861356932124,
      "test_Specificity_std": 0.008433415969738496,
      "val_Precision_mean": 0.919025470063533,
      "val_Precision_std": 0.04432131396619841,
      "val_Sensitivity_mean": 0.7483333333333245,
      "val_Sensitivity_std": 0.03135991706250841,
      "val_Specificity_mean": 0.9828318584070768,
      "val_Specificity_std": 0.010967772832409588,
      "val_score_mean": 0.8234222519887389,
      "val_score_std": 0.010640712332969232,
      "val_thr_mean": 0.4861493807655303,
      "val_thr_std": 0.07899170788373866
    },
    {
      "criterion": "youden",
      "feature_set": "c110_errors",
      "model": "rf",
      "param_hash": "58d13dbea0f4",
      "param_index": 6,
      "test_Brier_mean": 0.0510196959822618,
      "test_Brier_std": 0.0021509533109449453,
      "test_LogLoss_mean": 0.19166622302531708,
      "test_LogLoss_std": 0.006126667426534769,
      "test_PR_AUC_mean": 0.9124175512431739,
      "test_PR_AUC_std": 0.0068552138554244125,
      "test_Precision_mean": 0.8071857047104568,
      "test_Precision_std": 0.04746963535036694,
      "test_ROC_AUC_mean": 0.9653694339092569,
      "test_ROC_AUC_std": 0.0029930826305905227,
      "test_Sensitivity_mean": 0.8766666666666564,
      "test_Sensitivity_std": 0.03499932236573172,
      "test_Specificity_mean": 0.9467256637168113,
      "test_Specificity_std": 0.0179324613321803,
      "val_Precision_mean": 0.7951887021630817,
      "val_Precision_std": 0.05290827391695426,
      "val_Sensitivity_mean": 0.8078571428571333,
      "val_Sensitivity_std": 0.01983462797804937,
      "val_Specificity_mean": 0.9470206489675488,
      "val_Specificity_std": 0.01798733874033965,
      "val_score_mean": 0.7548777918246821,
      "val_score_std": 0.01132464905848701,
      "val_thr_mean": 0.31512771658528116,
      "val_thr_std": 0.05445649740418011
    }
  ],
  "task_id": 198,
  "thr_grid_size": 600
}