{
  "feature_set": "c110_d110",
  "model": "brf",
  "n_bootstrap": 50,
  "param_hash": "1481bfd76716",
  "param_index": 3,
  "params": {
    "max_depth": null,
    "max_features": "sqrt",
    "min_samples_leaf": 2,
    "min_samples_split": 4,
    "n_estimators": 800,
    "replacement": false,
    "sampling_strategy": "auto"
  },
  "runtime_s": 278.92358779907227,
  "summary_preview": [
    {
      "criterion": "f1",
      "feature_set": "c110_d110",
      "model": "brf",
      "param_hash": "1481bfd76716",
      "param_index": 3,
      "test_Brier_mean": 0.06724197219838347,
      "test_Brier_std": 0.002403169563062039,
      "test_LogLoss_mean": 0.24964069675854728,
      "test_LogLoss_std": 0.007580471025128794,
      "test_PR_AUC_mean": 0.9026105898108163,
      "test_PR_AUC_std": 0.005180416783166953,
      "test_Precision_mean": 0.8844185064294389,
      "test_Precision_std": 0.029973257100027375,
      "test_ROC_AUC_mean": 0.9624150161539542,
      "test_ROC_AUC_std": 0.0029025092080468134,
      "test_Sensitivity_mean": 0.7971428571428477,
      "test_Sensitivity_std": 0.030228126728562777,
      "test_Specificity_mean": 0.9737463126843628,
      "test_Specificity_std": 0.008155079005631508,
      "val_Precision_mean": 0.8780904350232835,
      "val_Precision_std": 0.036281176605104555,
      "val_Sensitivity_mean": 0.7657142857142766,
      "val_Sensitivity_std": 0.022361197161759702,
      "val_Specificity_mean": 0.9730973451327404,
      "val_Specificity_std": 0.009187070127218217,
      "val_score_mean": 0.8171477523831063,
      "val_score_std": 0.008461163887404217,
      "val_thr_mean": 0.5822719984696718,
      "val_thr_std": 0.05026260194217365
    },
    {
      "criterion": "youden",
      "feature_set": "c110_d110",
      "model": "brf",
      "param_hash": "1481bfd76716",
      "param_index": 3,
      "test_Brier_mean": 0.06724197219838347,
      "test_Brier_std": 0.002403169563062039,
      "test_LogLoss_mean": 0.24964069675854728,
      "test_LogLoss_std": 0.007580471025128794,
      "test_PR_AUC_mean": 0.9026105898108163,
      "test_PR_AUC_std": 0.005180416783166953,
      "test_Precision_mean": 0.8326742187401684,
      "test_Precision_std": 0.03569456532827443,
      "test_ROC_AUC_mean": 0.9624150161539542,
      "test_ROC_AUC_std": 0.0029025092080468134,
      "test_Sensitivity_mean": 0.8466666666666566,
      "test_Sensitivity_std": 0.021192414276795947,
      "test_Specificity_mean": 0.957227138643065,
      "test_Specificity_std": 0.011863201230728364,
      "val_Precision_mean": 0.8185650506096954,
      "val_Precision_std": 0.03196180041055642,
      "val_Sensitivity_mean": 0.7961904761904667,
      "val_Sensitivity_std": 0.010383903076512645,
      "val_Specificity_mean": 0.9558112094395251,
      "val_Specificity_std": 0.010122380105298742,
      "val_score_mean": 0.7520016856299918,
      "val_score_std": 0.006754536086314112,
      "val_thr_mean": 0.5002512527824151,
      "val_thr_std": 0.03343172989126363
    }
  ],
  "task_id": 147,
  "thr_grid_size": 600
}