{
  "feature_set": "c110_snr",
  "model": "rf",
  "n_bootstrap": 50,
  "param_hash": "7d8e81e2a289",
  "param_index": 4,
  "params": {
    "bootstrap": true,
    "class_weight": null,
    "max_depth": 20,
    "max_features": "0.2",
    "min_samples_leaf": 1,
    "min_samples_split": 2,
    "n_estimators": 4000
  },
  "runtime_s": 2903.491044998169,
  "summary_preview": [
    {
      "criterion": "f1",
      "feature_set": "c110_snr",
      "model": "rf",
      "param_hash": "7d8e81e2a289",
      "param_index": 4,
      "test_Brier_mean": 0.05698628008093392,
      "test_Brier_std": 0.001781805410509878,
      "test_LogLoss_mean": 0.2064898823806929,
      "test_LogLoss_std": 0.00555769875702491,
      "test_PR_AUC_mean": 0.8854535814231927,
      "test_PR_AUC_std": 0.009278844633077607,
      "test_Precision_mean": 0.9048296835655263,
      "test_Precision_std": 0.029401263944714644,
      "test_ROC_AUC_mean": 0.9545561174322237,
      "test_ROC_AUC_std": 0.004469696794721903,
      "test_Sensitivity_mean": 0.7264285714285629,
      "test_Sensitivity_std": 0.060535140342221065,
      "test_Specificity_mean": 0.980471976401177,
      "test_Specificity_std": 0.00873625621728014,
      "val_Precision_mean": 0.9156932916585351,
      "val_Precision_std": 0.05578275872392541,
      "val_Sensitivity_mean": 0.7076190476190392,
      "val_Sensitivity_std": 0.041039638546962166,
      "val_Specificity_mean": 0.9824778761061917,
      "val_Specificity_std": 0.014108154198500415,
      "val_score_mean": 0.7957231764184255,
      "val_score_std": 0.011660048583342074,
      "val_thr_mean": 0.49152353420006584,
      "val_thr_std": 0.08904002069939344
    },
    {
      "criterion": "youden",
      "feature_set": "c110_snr",
      "model": "rf",
      "param_hash": "7d8e81e2a289",
      "param_index": 4,
      "test_Brier_mean": 0.05698628008093392,
      "test_Brier_std": 0.001781805410509878,
      "test_LogLoss_mean": 0.2064898823806929,
      "test_LogLoss_std": 0.00555769875702491,
      "test_PR_AUC_mean": 0.8854535814231927,
      "test_PR_AUC_std": 0.009278844633077607,
      "test_Precision_mean": 0.7639000518531905,
      "test_Precision_std": 0.07075436466161315,
      "test_ROC_AUC_mean": 0.9545561174322237,
      "test_ROC_AUC_std": 0.004469696794721903,
      "test_Sensitivity_mean": 0.8535714285714185,
      "test_Sensitivity_std": 0.03939195517653174,
      "test_Specificity_mean": 0.9314454277286107,
      "test_Specificity_std": 0.02879517880672325,
      "val_Precision_mean": 0.7279578214811278,
      "val_Precision_std": 0.06581724507574588,
      "val_Sensitivity_mean": 0.8111904761904666,
      "val_Sensitivity_std": 0.033413931436044056,
      "val_Specificity_mean": 0.921887905604717,
      "val_Specificity_std": 0.027383317527714196,
      "val_score_mean": 0.7330783817951836,
      "val_score_std": 0.018564099934523005,
      "val_thr_mean": 0.27118086817454645,
      "val_thr_std": 0.05722766311003642
    }
  ],
  "task_id": 388,
  "thr_grid_size": 600
}