{
  "feature_set": "c110_snr",
  "model": "bbag",
  "n_bootstrap": 50,
  "param_hash": "4d6c70e4ab49",
  "param_index": 15,
  "params": {
    "base_max_depth": 20,
    "base_max_features": "0.5",
    "base_min_samples_leaf": 2,
    "base_min_samples_split": 2,
    "bootstrap": true,
    "max_features": 0.7,
    "max_samples": 0.5,
    "n_estimators": 500,
    "replacement": true,
    "sampling_strategy": "auto"
  },
  "runtime_s": 63.88804006576538,
  "summary_preview": [
    {
      "criterion": "f1",
      "feature_set": "c110_snr",
      "model": "bbag",
      "param_hash": "4d6c70e4ab49",
      "param_index": 15,
      "test_Brier_mean": 0.08267916973845116,
      "test_Brier_std": 0.0031067681636697342,
      "test_LogLoss_mean": 0.3018975472135704,
      "test_LogLoss_std": 0.008605917212396681,
      "test_PR_AUC_mean": 0.8739352222204879,
      "test_PR_AUC_std": 0.011101099898166246,
      "test_Precision_mean": 0.831487776200786,
      "test_Precision_std": 0.021958332983864792,
      "test_ROC_AUC_mean": 0.9538987217305801,
      "test_ROC_AUC_std": 0.005298171914402896,
      "test_Sensitivity_mean": 0.7854761904761811,
      "test_Sensitivity_std": 0.03714263910628443,
      "test_Specificity_mean": 0.9602359882005871,
      "test_Specificity_std": 0.007544018205006373,
      "val_Precision_mean": 0.7959489494782369,
      "val_Precision_std": 0.033570817145858745,
      "val_Sensitivity_mean": 0.7661904761904671,
      "val_Sensitivity_std": 0.030965460344873186,
      "val_Specificity_mean": 0.9506194690265458,
      "val_Specificity_std": 0.011491528346539633,
      "val_score_mean": 0.7796417122842297,
      "val_score_std": 0.011571110251291893,
      "val_thr_mean": 0.5088037176246125,
      "val_thr_std": 0.03897589562068196
    },
    {
      "criterion": "youden",
      "feature_set": "c110_snr",
      "model": "bbag",
      "param_hash": "4d6c70e4ab49",
      "param_index": 15,
      "test_Brier_mean": 0.08267916973845116,
      "test_Brier_std": 0.0031067681636697342,
      "test_LogLoss_mean": 0.3018975472135704,
      "test_LogLoss_std": 0.008605917212396681,
      "test_PR_AUC_mean": 0.8739352222204879,
      "test_PR_AUC_std": 0.011101099898166246,
      "test_Precision_mean": 0.771519960487759,
      "test_Precision_std": 0.06156772416760662,
      "test_ROC_AUC_mean": 0.9538987217305801,
      "test_ROC_AUC_std": 0.005298171914402896,
      "test_Sensitivity_mean": 0.8435714285714186,
      "test_Sensitivity_std": 0.029457628259074088,
      "test_Specificity_mean": 0.9358702064896727,
      "test_Specificity_std": 0.025290138424606617,
      "val_Precision_mean": 0.7269849911098442,
      "val_Precision_std": 0.05054162246716661,
      "val_Sensitivity_mean": 0.8066666666666572,
      "val_Sensitivity_std": 0.01887065511112933,
      "val_Specificity_mean": 0.9232448377581093,
      "val_Specificity_std": 0.021607071193143815,
      "val_score_mean": 0.7299115044247664,
      "val_score_std": 0.014461865618853159,
      "val_thr_mean": 0.44902059098497504,
      "val_thr_std": 0.027121615047459118
    }
  ],
  "task_id": 471,
  "thr_grid_size": 600
}