{
  "feature_set": "c110_d110_errors_snr",
  "model": "bbag",
  "n_bootstrap": 50,
  "param_hash": "ce452f8767aa",
  "param_index": 14,
  "params": {
    "base_max_depth": null,
    "base_max_features": "0.3",
    "base_min_samples_leaf": 2,
    "base_min_samples_split": 8,
    "bootstrap": true,
    "max_features": 1.0,
    "max_samples": 0.5,
    "n_estimators": 1200,
    "replacement": false,
    "sampling_strategy": "auto"
  },
  "runtime_s": 130.09912657737732,
  "summary_preview": [
    {
      "criterion": "f1",
      "feature_set": "c110_d110_errors_snr",
      "model": "bbag",
      "param_hash": "ce452f8767aa",
      "param_index": 14,
      "test_Brier_mean": 0.06813464542755461,
      "test_Brier_std": 0.0024739494122084,
      "test_LogLoss_mean": 0.2570877642594241,
      "test_LogLoss_std": 0.007587094824718038,
      "test_PR_AUC_mean": 0.8991266773737248,
      "test_PR_AUC_std": 0.006446130112054902,
      "test_Precision_mean": 0.8603585341418861,
      "test_Precision_std": 0.029110024301625383,
      "test_ROC_AUC_mean": 0.9655481809242872,
      "test_ROC_AUC_std": 0.0026033102734505315,
      "test_Sensitivity_mean": 0.7923809523809431,
      "test_Sensitivity_std": 0.0528668163693854,
      "test_Specificity_mean": 0.9674926253687286,
      "test_Specificity_std": 0.009125978114491454,
      "val_Precision_mean": 0.8491822613683858,
      "val_Precision_std": 0.04696107711262406,
      "val_Sensitivity_mean": 0.7571428571428481,
      "val_Sensitivity_std": 0.03583555698249187,
      "val_Specificity_mean": 0.9655457227138613,
      "val_Specificity_std": 0.012801913221102381,
      "val_score_mean": 0.7985626471763669,
      "val_score_std": 0.007810247284482303,
      "val_thr_mean": 0.5563098915189337,
      "val_thr_std": 0.06884996262580512
    },
    {
      "criterion": "youden",
      "feature_set": "c110_d110_errors_snr",
      "model": "bbag",
      "param_hash": "ce452f8767aa",
      "param_index": 14,
      "test_Brier_mean": 0.06813464542755461,
      "test_Brier_std": 0.0024739494122084,
      "test_LogLoss_mean": 0.2570877642594241,
      "test_LogLoss_std": 0.007587094824718038,
      "test_PR_AUC_mean": 0.8991266773737248,
      "test_PR_AUC_std": 0.006446130112054902,
      "test_Precision_mean": 0.8094228788704457,
      "test_Precision_std": 0.03905782730794086,
      "test_ROC_AUC_mean": 0.9655481809242872,
      "test_ROC_AUC_std": 0.0026033102734505315,
      "test_Sensitivity_mean": 0.8597619047618946,
      "test_Sensitivity_std": 0.02702851300989236,
      "test_Specificity_mean": 0.9489085545722685,
      "test_Specificity_std": 0.01480862174840107,
      "val_Precision_mean": 0.7769244895659538,
      "val_Precision_std": 0.0395181672267631,
      "val_Sensitivity_mean": 0.7976190476190382,
      "val_Sensitivity_std": 0.012263779848516856,
      "val_Specificity_mean": 0.9424188790560443,
      "val_Specificity_std": 0.014417310787036973,
      "val_score_mean": 0.7400379266750825,
      "val_score_std": 0.008460932400081077,
      "val_thr_mean": 0.4610224509654538,
      "val_thr_std": 0.040563994625386283
    }
  ],
  "task_id": 662,
  "thr_grid_size": 600
}