{
  "feature_set": "c110_errors",
  "model": "brf",
  "n_bootstrap": 50,
  "param_hash": "39773404cc03",
  "param_index": 16,
  "params": {
    "max_depth": null,
    "max_features": "0.2",
    "min_samples_leaf": 1,
    "min_samples_split": 2,
    "n_estimators": 4000,
    "replacement": false,
    "sampling_strategy": "auto"
  },
  "runtime_s": 1330.0770609378815,
  "summary_preview": [
    {
      "criterion": "f1",
      "feature_set": "c110_errors",
      "model": "brf",
      "param_hash": "39773404cc03",
      "param_index": 16,
      "test_Brier_mean": 0.06307644171690308,
      "test_Brier_std": 0.0024277486093264578,
      "test_LogLoss_mean": 0.2365748101097838,
      "test_LogLoss_std": 0.007116593292212313,
      "test_PR_AUC_mean": 0.9118223564665981,
      "test_PR_AUC_std": 0.007987486440125416,
      "test_Precision_mean": 0.8951982786371481,
      "test_Precision_std": 0.030192754176487594,
      "test_ROC_AUC_mean": 0.966748138783537,
      "test_ROC_AUC_std": 0.003453052773426803,
      "test_Sensitivity_mean": 0.755952380952372,
      "test_Sensitivity_std": 0.049363691407142224,
      "test_Specificity_mean": 0.9775221238938023,
      "test_Specificity_std": 0.008530561942514817,
      "val_Precision_mean": 0.9173571292965746,
      "val_Precision_std": 0.04612745047066902,
      "val_Sensitivity_mean": 0.7366666666666579,
      "val_Sensitivity_std": 0.03141796799661318,
      "val_Specificity_mean": 0.9826548672566342,
      "val_Specificity_std": 0.011317596515192232,
      "val_score_mean": 0.8155073399679581,
      "val_score_std": 0.008952974435100569,
      "val_thr_mean": 0.6380490734557597,
      "val_thr_std": 0.06432014215697714
    },
    {
      "criterion": "youden",
      "feature_set": "c110_errors",
      "model": "brf",
      "param_hash": "39773404cc03",
      "param_index": 16,
      "test_Brier_mean": 0.06307644171690308,
      "test_Brier_std": 0.0024277486093264578,
      "test_LogLoss_mean": 0.2365748101097838,
      "test_LogLoss_std": 0.007116593292212313,
      "test_PR_AUC_mean": 0.9118223564665981,
      "test_PR_AUC_std": 0.007987486440125416,
      "test_Precision_mean": 0.7961392597746375,
      "test_Precision_std": 0.04626398014301401,
      "test_ROC_AUC_mean": 0.966748138783537,
      "test_ROC_AUC_std": 0.003453052773426803,
      "test_Sensitivity_mean": 0.8857142857142751,
      "test_Sensitivity_std": 0.034183250411975404,
      "test_Specificity_mean": 0.9425368731563394,
      "test_Specificity_std": 0.01777160920547346,
      "val_Precision_mean": 0.7753365839791239,
      "val_Precision_std": 0.049009315093659335,
      "val_Sensitivity_mean": 0.8102380952380857,
      "val_Sensitivity_std": 0.018693563157700276,
      "val_Specificity_mean": 0.9405309734513245,
      "val_Specificity_std": 0.017551609771590513,
      "val_score_mean": 0.7507690686894102,
      "val_score_std": 0.012221044579898116,
      "val_thr_mean": 0.4543423205342238,
      "val_thr_std": 0.047360774922362354
    }
  ],
  "task_id": 256,
  "thr_grid_size": 600
}