{
  "feature_set": "c110_d110_snr",
  "model": "rf",
  "n_bootstrap": 50,
  "param_hash": "9de4c70c192e",
  "param_index": 18,
  "params": {
    "bootstrap": true,
    "class_weight": "balanced",
    "max_depth": null,
    "max_features": "0.5",
    "min_samples_leaf": 4,
    "min_samples_split": 8,
    "n_estimators": 800
  },
  "runtime_s": 1400.8991363048553,
  "summary_preview": [
    {
      "criterion": "f1",
      "feature_set": "c110_d110_snr",
      "model": "rf",
      "param_hash": "9de4c70c192e",
      "param_index": 18,
      "test_Brier_mean": 0.051543590812003465,
      "test_Brier_std": 0.0016178607232756094,
      "test_LogLoss_mean": 0.19674347648729593,
      "test_LogLoss_std": 0.00476384716584583,
      "test_PR_AUC_mean": 0.8851279264174575,
      "test_PR_AUC_std": 0.007551421882647447,
      "test_Precision_mean": 0.8802886642006789,
      "test_Precision_std": 0.023729165434808762,
      "test_ROC_AUC_mean": 0.9540799269560332,
      "test_ROC_AUC_std": 0.0034844459190913313,
      "test_Sensitivity_mean": 0.8049999999999905,
      "test_Sensitivity_std": 0.0385488362010565,
      "test_Specificity_mean": 0.9725663716814129,
      "test_Specificity_std": 0.006879404853482724,
      "val_Precision_mean": 0.896242222857995,
      "val_Precision_std": 0.025799150027379984,
      "val_Sensitivity_mean": 0.756904761904753,
      "val_Sensitivity_std": 0.025005205622127952,
      "val_Specificity_mean": 0.9779941002949823,
      "val_Specificity_std": 0.006424495218261441,
      "val_score_mean": 0.8200712020138051,
      "val_score_std": 0.011710034989096025,
      "val_thr_mean": 0.4570019382415108,
      "val_thr_std": 0.08226132954145471
    },
    {
      "criterion": "youden",
      "feature_set": "c110_d110_snr",
      "model": "rf",
      "param_hash": "9de4c70c192e",
      "param_index": 18,
      "test_Brier_mean": 0.051543590812003465,
      "test_Brier_std": 0.0016178607232756094,
      "test_LogLoss_mean": 0.19674347648729593,
      "test_LogLoss_std": 0.00476384716584583,
      "test_PR_AUC_mean": 0.8851279264174575,
      "test_PR_AUC_std": 0.007551421882647447,
      "test_Precision_mean": 0.8039454460863719,
      "test_Precision_std": 0.06508174769304087,
      "test_ROC_AUC_mean": 0.9540799269560332,
      "test_ROC_AUC_std": 0.0034844459190913313,
      "test_Sensitivity_mean": 0.861190476190466,
      "test_Sensitivity_std": 0.028008092349839264,
      "test_Specificity_mean": 0.9455457227138615,
      "test_Specificity_std": 0.02558613391359914,
      "val_Precision_mean": 0.8066889463686948,
      "val_Precision_std": 0.06353772190869408,
      "val_Sensitivity_mean": 0.8016666666666572,
      "val_Sensitivity_std": 0.023640067529890767,
      "val_Specificity_mean": 0.9503244837758084,
      "val_Specificity_std": 0.02206147758446897,
      "val_score_mean": 0.7519911504424656,
      "val_score_std": 0.011020275409993376,
      "val_thr_mean": 0.3111822459461835,
      "val_thr_std": 0.06445254828846242
    }
  ],
  "task_id": 498,
  "thr_grid_size": 600
}