{
  "feature_set": "c110_d110",
  "model": "et",
  "n_bootstrap": 50,
  "param_hash": "5b75ec82da58",
  "param_index": 8,
  "params": {
    "bootstrap": false,
    "max_depth": null,
    "max_features": "sqrt",
    "max_samples": null,
    "min_samples_leaf": 4,
    "min_samples_split": 8,
    "n_estimators": 2500
  },
  "runtime_s": 560.3186764717102,
  "summary_preview": [
    {
      "criterion": "f1",
      "feature_set": "c110_d110",
      "model": "et",
      "param_hash": "5b75ec82da58",
      "param_index": 8,
      "test_Brier_mean": 0.06152025998109154,
      "test_Brier_std": 0.0011320437416324218,
      "test_LogLoss_mean": 0.22108178891775754,
      "test_LogLoss_std": 0.0035728949929527487,
      "test_PR_AUC_mean": 0.8937802751908296,
      "test_PR_AUC_std": 0.004034479050919453,
      "test_Precision_mean": 0.8656335816276942,
      "test_Precision_std": 0.022439320632656464,
      "test_ROC_AUC_mean": 0.9600323079084141,
      "test_ROC_AUC_std": 0.0025111621415832507,
      "test_Sensitivity_mean": 0.784285714285705,
      "test_Sensitivity_std": 0.048915774751864254,
      "test_Specificity_mean": 0.9694395280235959,
      "test_Specificity_std": 0.0073174594424435585,
      "val_Precision_mean": 0.8479021385868005,
      "val_Precision_std": 0.04046832961368337,
      "val_Sensitivity_mean": 0.7469047619047531,
      "val_Sensitivity_std": 0.0326078556129432,
      "val_Specificity_mean": 0.9658997050147464,
      "val_Specificity_std": 0.011801817826693128,
      "val_score_mean": 0.7926461545842192,
      "val_score_std": 0.00664290743132913,
      "val_thr_mean": 0.3594177242269666,
      "val_thr_std": 0.04802495850389105
    },
    {
      "criterion": "youden",
      "feature_set": "c110_d110",
      "model": "et",
      "param_hash": "5b75ec82da58",
      "param_index": 8,
      "test_Brier_mean": 0.06152025998109154,
      "test_Brier_std": 0.0011320437416324218,
      "test_LogLoss_mean": 0.22108178891775754,
      "test_LogLoss_std": 0.0035728949929527487,
      "test_PR_AUC_mean": 0.8937802751908296,
      "test_PR_AUC_std": 0.004034479050919453,
      "test_Precision_mean": 0.7997788755943183,
      "test_Precision_std": 0.043962261175666914,
      "test_ROC_AUC_mean": 0.9600323079084141,
      "test_ROC_AUC_std": 0.0025111621415832507,
      "test_Sensitivity_mean": 0.8540476190476088,
      "test_Sensitivity_std": 0.018128007257769883,
      "test_Specificity_mean": 0.945958702064894,
      "test_Specificity_std": 0.01631494800851286,
      "val_Precision_mean": 0.7554042034234394,
      "val_Precision_std": 0.039983620999881425,
      "val_Sensitivity_mean": 0.7983333333333239,
      "val_Sensitivity_std": 0.016384887203414165,
      "val_Specificity_mean": 0.9349852507374602,
      "val_Specificity_std": 0.015620070315102109,
      "val_score_mean": 0.7333185840707841,
      "val_score_std": 0.010203717800369015,
      "val_thr_mean": 0.2700748024880342,
      "val_thr_std": 0.030781825082327387
    }
  ],
  "task_id": 128,
  "thr_grid_size": 600
}