{
  "feature_set": "c110_d110_errors_snr",
  "model": "brf",
  "n_bootstrap": 50,
  "param_hash": "a4699d913725",
  "param_index": 20,
  "params": {
    "max_depth": null,
    "max_features": "sqrt",
    "min_samples_leaf": 4,
    "min_samples_split": 4,
    "n_estimators": 4000,
    "replacement": false,
    "sampling_strategy": "auto"
  },
  "runtime_s": 1266.3768668174744,
  "summary_preview": [
    {
      "criterion": "f1",
      "feature_set": "c110_d110_errors_snr",
      "model": "brf",
      "param_hash": "a4699d913725",
      "param_index": 20,
      "test_Brier_mean": 0.07054817775252141,
      "test_Brier_std": 0.0023667703997125745,
      "test_LogLoss_mean": 0.2611454465833296,
      "test_LogLoss_std": 0.006540975943662749,
      "test_PR_AUC_mean": 0.9004485161434042,
      "test_PR_AUC_std": 0.005973177198393026,
      "test_Precision_mean": 0.8698150804509764,
      "test_Precision_std": 0.03191504557619658,
      "test_ROC_AUC_mean": 0.9649697991290911,
      "test_ROC_AUC_std": 0.002346922301722071,
      "test_Sensitivity_mean": 0.767142857142848,
      "test_Sensitivity_std": 0.04396579219607167,
      "test_Specificity_mean": 0.9709734513274307,
      "test_Specificity_std": 0.00916229456853729,
      "val_Precision_mean": 0.8670984315423246,
      "val_Precision_std": 0.04689560684801493,
      "val_Sensitivity_mean": 0.7423809523809436,
      "val_Sensitivity_std": 0.030871914543708405,
      "val_Specificity_mean": 0.9707964601769882,
      "val_Specificity_std": 0.012376043114697326,
      "val_score_mean": 0.7982328864275963,
      "val_score_std": 0.00988995704828467,
      "val_thr_mean": 0.5861868303621116,
      "val_thr_std": 0.05038019504939388
    },
    {
      "criterion": "youden",
      "feature_set": "c110_d110_errors_snr",
      "model": "brf",
      "param_hash": "a4699d913725",
      "param_index": 20,
      "test_Brier_mean": 0.07054817775252141,
      "test_Brier_std": 0.0023667703997125745,
      "test_LogLoss_mean": 0.2611454465833296,
      "test_LogLoss_std": 0.006540975943662749,
      "test_PR_AUC_mean": 0.9004485161434042,
      "test_PR_AUC_std": 0.005973177198393026,
      "test_Precision_mean": 0.8022890546203277,
      "test_Precision_std": 0.04329146644462731,
      "test_ROC_AUC_mean": 0.9649697991290911,
      "test_ROC_AUC_std": 0.002346922301722071,
      "test_Sensitivity_mean": 0.8511904761904661,
      "test_Sensitivity_std": 0.03917106396694179,
      "test_Specificity_mean": 0.9467256637168113,
      "test_Specificity_std": 0.016595217869153096,
      "val_Precision_mean": 0.7710532207188031,
      "val_Precision_std": 0.04940338693774973,
      "val_Sensitivity_mean": 0.7930952380952287,
      "val_Sensitivity_std": 0.01829950939385289,
      "val_Specificity_mean": 0.9402949852507346,
      "val_Specificity_std": 0.01756374697639593,
      "val_score_mean": 0.7333902233459634,
      "val_score_std": 0.008056733554145908,
      "val_thr_mean": 0.4836358104049077,
      "val_thr_std": 0.047945179883860524
    }
  ],
  "task_id": 644,
  "thr_grid_size": 600
}