{
  "feature_set": "c110_errors",
  "model": "brf",
  "n_bootstrap": 50,
  "param_hash": "11adde929458",
  "param_index": 13,
  "params": {
    "max_depth": 30,
    "max_features": "sqrt",
    "min_samples_leaf": 4,
    "min_samples_split": 2,
    "n_estimators": 4000,
    "replacement": false,
    "sampling_strategy": "auto"
  },
  "runtime_s": 1390.336801290512,
  "summary_preview": [
    {
      "criterion": "f1",
      "feature_set": "c110_errors",
      "model": "brf",
      "param_hash": "11adde929458",
      "param_index": 13,
      "test_Brier_mean": 0.07695200888674655,
      "test_Brier_std": 0.0024888983899228143,
      "test_LogLoss_mean": 0.27836066133519166,
      "test_LogLoss_std": 0.006722677329998529,
      "test_PR_AUC_mean": 0.8851960536057176,
      "test_PR_AUC_std": 0.009927397600958036,
      "test_Precision_mean": 0.8525620995114968,
      "test_Precision_std": 0.025269342941006356,
      "test_ROC_AUC_mean": 0.959244275881444,
      "test_ROC_AUC_std": 0.004650465997160828,
      "test_Sensitivity_mean": 0.743809523809515,
      "test_Sensitivity_std": 0.04539510372980318,
      "test_Specificity_mean": 0.9677286135693186,
      "test_Specificity_std": 0.007664752582619386,
      "val_Precision_mean": 0.8380053776164997,
      "val_Precision_std": 0.04129620377698867,
      "val_Sensitivity_mean": 0.7145238095238011,
      "val_Sensitivity_std": 0.024585273067666568,
      "val_Specificity_mean": 0.9650147492625339,
      "val_Specificity_std": 0.011510057602635612,
      "val_score_mean": 0.7702247265557203,
      "val_score_std": 0.012354818135437455,
      "val_thr_mean": 0.58115769082068,
      "val_thr_std": 0.038742526510141755
    },
    {
      "criterion": "youden",
      "feature_set": "c110_errors",
      "model": "brf",
      "param_hash": "11adde929458",
      "param_index": 13,
      "test_Brier_mean": 0.07695200888674655,
      "test_Brier_std": 0.0024888983899228143,
      "test_LogLoss_mean": 0.27836066133519166,
      "test_LogLoss_std": 0.006722677329998529,
      "test_PR_AUC_mean": 0.8851960536057176,
      "test_PR_AUC_std": 0.009927397600958036,
      "test_Precision_mean": 0.7457548819356883,
      "test_Precision_std": 0.06631348937814951,
      "test_ROC_AUC_mean": 0.959244275881444,
      "test_ROC_AUC_std": 0.004650465997160828,
      "test_Sensitivity_mean": 0.8602380952380851,
      "test_Sensitivity_std": 0.0380899230986167,
      "test_Specificity_mean": 0.9241297935103217,
      "test_Specificity_std": 0.030106550479681367,
      "val_Precision_mean": 0.6905771457484117,
      "val_Precision_std": 0.06630341662739161,
      "val_Sensitivity_mean": 0.795476190476181,
      "val_Sensitivity_std": 0.034325946862090416,
      "val_Specificity_mean": 0.9080235988200562,
      "val_Specificity_std": 0.03208618962197747,
      "val_score_mean": 0.7034997892962374,
      "val_score_std": 0.0175006193795867,
      "val_thr_mean": 0.455584793637544,
      "val_thr_std": 0.049194022238368
    }
  ],
  "task_id": 253,
  "thr_grid_size": 600
}