{
  "feature_set": "c110_d110_errors_snr",
  "model": "bbag",
  "n_bootstrap": 50,
  "param_hash": "f2c3f79325ee",
  "param_index": 9,
  "params": {
    "base_max_depth": null,
    "base_max_features": "0.5",
    "base_min_samples_leaf": 1,
    "base_min_samples_split": 2,
    "bootstrap": true,
    "max_features": 0.5,
    "max_samples": 1.0,
    "n_estimators": 1200,
    "replacement": true,
    "sampling_strategy": "auto"
  },
  "runtime_s": 208.38199996948242,
  "summary_preview": [
    {
      "criterion": "f1",
      "feature_set": "c110_d110_errors_snr",
      "model": "bbag",
      "param_hash": "f2c3f79325ee",
      "param_index": 9,
      "test_Brier_mean": 0.06417272406094038,
      "test_Brier_std": 0.002168530503753372,
      "test_LogLoss_mean": 0.24482073208076063,
      "test_LogLoss_std": 0.006571432693150904,
      "test_PR_AUC_mean": 0.9036435336389684,
      "test_PR_AUC_std": 0.005908082044922585,
      "test_Precision_mean": 0.8738658322929618,
      "test_Precision_std": 0.03490199573777915,
      "test_ROC_AUC_mean": 0.9667695603315073,
      "test_ROC_AUC_std": 0.002358145365638886,
      "test_Sensitivity_mean": 0.7992857142857048,
      "test_Sensitivity_std": 0.046013381165047454,
      "test_Specificity_mean": 0.9706784660766933,
      "test_Specificity_std": 0.010397925876502952,
      "val_Precision_mean": 0.8647703171137696,
      "val_Precision_std": 0.04737759292225681,
      "val_Sensitivity_mean": 0.7611904761904671,
      "val_Sensitivity_std": 0.03121200082221574,
      "val_Specificity_mean": 0.9694395280235959,
      "val_Specificity_std": 0.012652896184601713,
      "val_score_mean": 0.8079344741145098,
      "val_score_std": 0.007241382501690412,
      "val_thr_mean": 0.5391569003895382,
      "val_thr_std": 0.0679743655013324
    },
    {
      "criterion": "youden",
      "feature_set": "c110_d110_errors_snr",
      "model": "bbag",
      "param_hash": "f2c3f79325ee",
      "param_index": 9,
      "test_Brier_mean": 0.06417272406094038,
      "test_Brier_std": 0.002168530503753372,
      "test_LogLoss_mean": 0.24482073208076063,
      "test_LogLoss_std": 0.006571432693150904,
      "test_PR_AUC_mean": 0.9036435336389684,
      "test_PR_AUC_std": 0.005908082044922585,
      "test_Precision_mean": 0.8267600822026053,
      "test_Precision_std": 0.029233450397856277,
      "test_ROC_AUC_mean": 0.9667695603315073,
      "test_ROC_AUC_std": 0.002358145365638886,
      "test_Sensitivity_mean": 0.8628571428571327,
      "test_Sensitivity_std": 0.01972202586982863,
      "test_Specificity_mean": 0.9547492625368703,
      "test_Specificity_std": 0.010159504729640664,
      "val_Precision_mean": 0.7987982906231486,
      "val_Precision_std": 0.02714877883609764,
      "val_Sensitivity_mean": 0.7983333333333239,
      "val_Sensitivity_std": 0.011385670206337344,
      "val_Specificity_mean": 0.9497935103244809,
      "val_Specificity_std": 0.009600140136653505,
      "val_score_mean": 0.7481268436578047,
      "val_score_std": 0.008448638900675523,
      "val_thr_mean": 0.44895158597662777,
      "val_thr_std": 0.02592570899873591
    }
  ],
  "task_id": 657,
  "thr_grid_size": 600
}