{
  "feature_set": "c110_errors",
  "model": "bbag",
  "n_bootstrap": 50,
  "param_hash": "4d6c70e4ab49",
  "param_index": 15,
  "params": {
    "base_max_depth": 20,
    "base_max_features": "0.5",
    "base_min_samples_leaf": 2,
    "base_min_samples_split": 2,
    "bootstrap": true,
    "max_features": 0.7,
    "max_samples": 0.5,
    "n_estimators": 500,
    "replacement": true,
    "sampling_strategy": "auto"
  },
  "runtime_s": 65.8206398487091,
  "summary_preview": [
    {
      "criterion": "f1",
      "feature_set": "c110_errors",
      "model": "bbag",
      "param_hash": "4d6c70e4ab49",
      "param_index": 15,
      "test_Brier_mean": 0.07660368290934107,
      "test_Brier_std": 0.003383142502790535,
      "test_LogLoss_mean": 0.2811717654234495,
      "test_LogLoss_std": 0.008596983270486212,
      "test_PR_AUC_mean": 0.8926979770112466,
      "test_PR_AUC_std": 0.009143948454730043,
      "test_Precision_mean": 0.852102362208746,
      "test_Precision_std": 0.01627052547162548,
      "test_ROC_AUC_mean": 0.9644679730299199,
      "test_ROC_AUC_std": 0.0036672878829061874,
      "test_Sensitivity_mean": 0.7740476190476099,
      "test_Sensitivity_std": 0.03814152314559729,
      "test_Specificity_mean": 0.9666076696165163,
      "test_Specificity_std": 0.004894136077861905,
      "val_Precision_mean": 0.8342613580491333,
      "val_Precision_std": 0.031767017648036765,
      "val_Sensitivity_mean": 0.7457142857142769,
      "val_Sensitivity_std": 0.02686428924350735,
      "val_Specificity_mean": 0.9627728613569292,
      "val_Specificity_std": 0.009570497423915036,
      "val_score_mean": 0.7866250312923073,
      "val_score_std": 0.012453974364064323,
      "val_thr_mean": 0.5681843418395739,
      "val_thr_std": 0.03595730465858789
    },
    {
      "criterion": "youden",
      "feature_set": "c110_errors",
      "model": "bbag",
      "param_hash": "4d6c70e4ab49",
      "param_index": 15,
      "test_Brier_mean": 0.07660368290934107,
      "test_Brier_std": 0.003383142502790535,
      "test_LogLoss_mean": 0.2811717654234495,
      "test_LogLoss_std": 0.008596983270486212,
      "test_PR_AUC_mean": 0.8926979770112466,
      "test_PR_AUC_std": 0.009143948454730043,
      "test_Precision_mean": 0.779601250929122,
      "test_Precision_std": 0.04815614384023651,
      "test_ROC_AUC_mean": 0.9644679730299199,
      "test_ROC_AUC_std": 0.0036672878829061874,
      "test_Sensitivity_mean": 0.8711904761904659,
      "test_Sensitivity_std": 0.03942424848251736,
      "test_Specificity_mean": 0.9374041297935075,
      "test_Specificity_std": 0.01987587587824404,
      "val_Precision_mean": 0.7217566758130611,
      "val_Precision_std": 0.047767239501530584,
      "val_Sensitivity_mean": 0.805476190476181,
      "val_Sensitivity_std": 0.018724482072572955,
      "val_Specificity_mean": 0.921533923303832,
      "val_Specificity_std": 0.02019241222201585,
      "val_score_mean": 0.727010113780013,
      "val_score_std": 0.014158971605681957,
      "val_thr_mean": 0.4653084229271007,
      "val_thr_std": 0.03685870017386311
    }
  ],
  "task_id": 279,
  "thr_grid_size": 600
}