{
  "feature_set": "c110_d110_errors_snr",
  "model": "rf",
  "n_bootstrap": 50,
  "param_hash": "7d8e81e2a289",
  "param_index": 4,
  "params": {
    "bootstrap": true,
    "class_weight": null,
    "max_depth": 20,
    "max_features": "0.2",
    "min_samples_leaf": 1,
    "min_samples_split": 2,
    "n_estimators": 4000
  },
  "runtime_s": 5238.488607168198,
  "summary_preview": [
    {
      "criterion": "f1",
      "feature_set": "c110_d110_errors_snr",
      "model": "rf",
      "param_hash": "7d8e81e2a289",
      "param_index": 4,
      "test_Brier_mean": 0.0529216470459116,
      "test_Brier_std": 0.0018606228158742357,
      "test_LogLoss_mean": 0.1956667618141872,
      "test_LogLoss_std": 0.005179917540611545,
      "test_PR_AUC_mean": 0.8874063881056142,
      "test_PR_AUC_std": 0.006039340151082957,
      "test_Precision_mean": 0.9138204940460768,
      "test_Precision_std": 0.030876032321034235,
      "test_ROC_AUC_mean": 0.9542049445146791,
      "test_ROC_AUC_std": 0.0031903070214382625,
      "test_Sensitivity_mean": 0.7516666666666577,
      "test_Sensitivity_std": 0.05016343781855149,
      "test_Specificity_mean": 0.9818289085545693,
      "test_Specificity_std": 0.008846747692708032,
      "val_Precision_mean": 0.9154818120196506,
      "val_Precision_std": 0.046478530303135424,
      "val_Sensitivity_mean": 0.7304761904761818,
      "val_Sensitivity_std": 0.03629747366518081,
      "val_Specificity_mean": 0.9823008849557493,
      "val_Specificity_std": 0.011934093770338201,
      "val_score_mean": 0.8106957646222307,
      "val_score_std": 0.009828558640375662,
      "val_thr_mean": 0.5106924272517844,
      "val_thr_std": 0.07506982196661205
    },
    {
      "criterion": "youden",
      "feature_set": "c110_d110_errors_snr",
      "model": "rf",
      "param_hash": "7d8e81e2a289",
      "param_index": 4,
      "test_Brier_mean": 0.0529216470459116,
      "test_Brier_std": 0.0018606228158742357,
      "test_LogLoss_mean": 0.1956667618141872,
      "test_LogLoss_std": 0.005179917540611545,
      "test_PR_AUC_mean": 0.8874063881056142,
      "test_PR_AUC_std": 0.006039340151082957,
      "test_Precision_mean": 0.8061259302261532,
      "test_Precision_std": 0.05670379777332925,
      "test_ROC_AUC_mean": 0.9542049445146791,
      "test_ROC_AUC_std": 0.0031903070214382625,
      "test_Sensitivity_mean": 0.8547619047618946,
      "test_Sensitivity_std": 0.0249947932937056,
      "test_Specificity_mean": 0.9473746312684337,
      "test_Specificity_std": 0.020492366949647834,
      "val_Precision_mean": 0.7563659442856223,
      "val_Precision_std": 0.06384996345397959,
      "val_Sensitivity_mean": 0.805476190476181,
      "val_Sensitivity_std": 0.027062734453380803,
      "val_Specificity_mean": 0.933274336283183,
      "val_Specificity_std": 0.02495849740104803,
      "val_score_mean": 0.738750526759364,
      "val_score_std": 0.019453195108917718,
      "val_thr_mean": 0.30695312939269515,
      "val_thr_std": 0.059703133536380334
    }
  ],
  "task_id": 580,
  "thr_grid_size": 600
}