{
  "feature_set": "c110_d110_errors",
  "model": "rf",
  "n_bootstrap": 50,
  "param_hash": "58d13dbea0f4",
  "param_index": 6,
  "params": {
    "bootstrap": true,
    "class_weight": "balanced",
    "max_depth": 20,
    "max_features": "0.3",
    "min_samples_leaf": 4,
    "min_samples_split": 4,
    "n_estimators": 2500
  },
  "runtime_s": 2347.4966144561768,
  "summary_preview": [
    {
      "criterion": "f1",
      "feature_set": "c110_d110_errors",
      "model": "rf",
      "param_hash": "58d13dbea0f4",
      "param_index": 6,
      "test_Brier_mean": 0.049334926197730014,
      "test_Brier_std": 0.0019922292417283126,
      "test_LogLoss_mean": 0.18798707139245363,
      "test_LogLoss_std": 0.005634984445258799,
      "test_PR_AUC_mean": 0.9027632174065249,
      "test_PR_AUC_std": 0.006595978395613083,
      "test_Precision_mean": 0.8903235217082051,
      "test_Precision_std": 0.023436175291952265,
      "test_ROC_AUC_mean": 0.9617102121084422,
      "test_ROC_AUC_std": 0.003432741507430026,
      "test_Sensitivity_mean": 0.8133333333333238,
      "test_Sensitivity_std": 0.019604351633999196,
      "test_Specificity_mean": 0.9749852507374602,
      "test_Specificity_std": 0.006285614611709754,
      "val_Precision_mean": 0.9013116861001456,
      "val_Precision_std": 0.02215679990353186,
      "val_Sensitivity_mean": 0.7654761904761814,
      "val_Sensitivity_std": 0.016878769762992307,
      "val_Specificity_mean": 0.9790560471976372,
      "val_Specificity_std": 0.00550255577631714,
      "val_score_mean": 0.8275427862558986,
      "val_score_std": 0.010417557100687383,
      "val_thr_mean": 0.4656174532529954,
      "val_thr_std": 0.04641421302188368
    },
    {
      "criterion": "youden",
      "feature_set": "c110_d110_errors",
      "model": "rf",
      "param_hash": "58d13dbea0f4",
      "param_index": 6,
      "test_Brier_mean": 0.049334926197730014,
      "test_Brier_std": 0.0019922292417283126,
      "test_LogLoss_mean": 0.18798707139245363,
      "test_LogLoss_std": 0.005634984445258799,
      "test_PR_AUC_mean": 0.9027632174065249,
      "test_PR_AUC_std": 0.006595978395613083,
      "test_Precision_mean": 0.8507704832561725,
      "test_Precision_std": 0.05507643745893241,
      "test_ROC_AUC_mean": 0.9617102121084422,
      "test_ROC_AUC_std": 0.003432741507430026,
      "test_Sensitivity_mean": 0.8449999999999901,
      "test_Sensitivity_std": 0.030846608539101122,
      "test_Specificity_mean": 0.9616519174041269,
      "test_Specificity_std": 0.01918214357647031,
      "val_Precision_mean": 0.8513275671371022,
      "val_Precision_std": 0.06273970126056748,
      "val_Sensitivity_mean": 0.7883333333333239,
      "val_Sensitivity_std": 0.02086922494861817,
      "val_Specificity_mean": 0.9641297935103217,
      "val_Specificity_std": 0.01997453774007316,
      "val_score_mean": 0.7524631268436456,
      "val_score_std": 0.00895633564449143,
      "val_thr_mean": 0.39406935340598565,
      "val_thr_std": 0.07898987088849074
    }
  ],
  "task_id": 294,
  "thr_grid_size": 600
}