{
  "feature_set": "c110_d110_errors",
  "model": "rf",
  "n_bootstrap": 50,
  "param_hash": "3bf84fe8cddf",
  "param_index": 13,
  "params": {
    "bootstrap": true,
    "class_weight": "balanced",
    "max_depth": 20,
    "max_features": "0.2",
    "min_samples_leaf": 4,
    "min_samples_split": 2,
    "n_estimators": 2500
  },
  "runtime_s": 1426.8278000354767,
  "summary_preview": [
    {
      "criterion": "f1",
      "feature_set": "c110_d110_errors",
      "model": "rf",
      "param_hash": "3bf84fe8cddf",
      "param_index": 13,
      "test_Brier_mean": 0.049185703742368886,
      "test_Brier_std": 0.0016463506572841917,
      "test_LogLoss_mean": 0.187883913457588,
      "test_LogLoss_std": 0.005344198312039683,
      "test_PR_AUC_mean": 0.9072862911588301,
      "test_PR_AUC_std": 0.005084334484932426,
      "test_Precision_mean": 0.8978880423357748,
      "test_Precision_std": 0.018526902192741303,
      "test_ROC_AUC_mean": 0.96393735075151,
      "test_ROC_AUC_std": 0.0023232384004401433,
      "test_Sensitivity_mean": 0.8190476190476094,
      "test_Sensitivity_std": 0.030136131201818295,
      "test_Specificity_mean": 0.976755162241885,
      "test_Specificity_std": 0.005148765056654483,
      "val_Precision_mean": 0.9042301834063619,
      "val_Precision_std": 0.0203121351530634,
      "val_Sensitivity_mean": 0.7642857142857052,
      "val_Sensitivity_std": 0.016134069694736426,
      "val_Specificity_mean": 0.9797640117994071,
      "val_Specificity_std": 0.005057241173367114,
      "val_score_mean": 0.8280513672811242,
      "val_score_std": 0.0064386782386849604,
      "val_thr_mean": 0.46388793976727655,
      "val_thr_std": 0.050723020777638454
    },
    {
      "criterion": "youden",
      "feature_set": "c110_d110_errors",
      "model": "rf",
      "param_hash": "3bf84fe8cddf",
      "param_index": 13,
      "test_Brier_mean": 0.049185703742368886,
      "test_Brier_std": 0.0016463506572841917,
      "test_LogLoss_mean": 0.187883913457588,
      "test_LogLoss_std": 0.005344198312039683,
      "test_PR_AUC_mean": 0.9072862911588301,
      "test_PR_AUC_std": 0.005084334484932426,
      "test_Precision_mean": 0.8338062959387984,
      "test_Precision_std": 0.05595928555446994,
      "test_ROC_AUC_mean": 0.96393735075151,
      "test_ROC_AUC_std": 0.0023232384004401433,
      "test_Sensitivity_mean": 0.866190476190466,
      "test_Sensitivity_std": 0.03439917518304866,
      "test_Specificity_mean": 0.9554572271386402,
      "test_Specificity_std": 0.019866581654147713,
      "val_Precision_mean": 0.8286544972749469,
      "val_Precision_std": 0.05565459188485806,
      "val_Sensitivity_mean": 0.7971428571428477,
      "val_Sensitivity_std": 0.021640780572226778,
      "val_Specificity_mean": 0.9576401179940974,
      "val_Specificity_std": 0.018288891347686558,
      "val_score_mean": 0.7547829751369451,
      "val_score_std": 0.008663831522056707,
      "val_thr_mean": 0.3572005021066205,
      "val_thr_std": 0.0672479305367591
    }
  ],
  "task_id": 301,
  "thr_grid_size": 600
}