{
  "feature_set": "c110_snr",
  "model": "brf",
  "n_bootstrap": 50,
  "param_hash": "1481bfd76716",
  "param_index": 3,
  "params": {
    "max_depth": null,
    "max_features": "sqrt",
    "min_samples_leaf": 2,
    "min_samples_split": 4,
    "n_estimators": 800,
    "replacement": false,
    "sampling_strategy": "auto"
  },
  "runtime_s": 283.3059983253479,
  "summary_preview": [
    {
      "criterion": "f1",
      "feature_set": "c110_snr",
      "model": "brf",
      "param_hash": "1481bfd76716",
      "param_index": 3,
      "test_Brier_mean": 0.0764073098799083,
      "test_Brier_std": 0.0032624535373536293,
      "test_LogLoss_mean": 0.28162947995791404,
      "test_LogLoss_std": 0.008501973390470076,
      "test_PR_AUC_mean": 0.8760982338825078,
      "test_PR_AUC_std": 0.012992189280018477,
      "test_Precision_mean": 0.852598877216085,
      "test_Precision_std": 0.03231724486476287,
      "test_ROC_AUC_mean": 0.9546284590532379,
      "test_ROC_AUC_std": 0.006280103880843665,
      "test_Sensitivity_mean": 0.7654761904761814,
      "test_Sensitivity_std": 0.05464717351380763,
      "test_Specificity_mean": 0.9664896755162212,
      "test_Specificity_std": 0.010179586445433939,
      "val_Precision_mean": 0.8470502165575167,
      "val_Precision_std": 0.04294572635008234,
      "val_Sensitivity_mean": 0.7476190476190387,
      "val_Sensitivity_std": 0.035996616477068824,
      "val_Specificity_mean": 0.9655457227138613,
      "val_Specificity_std": 0.012364414933190208,
      "val_score_mean": 0.7924517676948208,
      "val_score_std": 0.009381115757010311,
      "val_thr_mean": 0.5271994233444631,
      "val_thr_std": 0.05965761761055863
    },
    {
      "criterion": "youden",
      "feature_set": "c110_snr",
      "model": "brf",
      "param_hash": "1481bfd76716",
      "param_index": 3,
      "test_Brier_mean": 0.0764073098799083,
      "test_Brier_std": 0.0032624535373536293,
      "test_LogLoss_mean": 0.28162947995791404,
      "test_LogLoss_std": 0.008501973390470076,
      "test_PR_AUC_mean": 0.8760982338825078,
      "test_PR_AUC_std": 0.012992189280018477,
      "test_Precision_mean": 0.7434296817353251,
      "test_Precision_std": 0.0616417775394375,
      "test_ROC_AUC_mean": 0.9546284590532379,
      "test_ROC_AUC_std": 0.006280103880843665,
      "test_Sensitivity_mean": 0.8590476190476088,
      "test_Sensitivity_std": 0.03404420392394822,
      "test_Specificity_mean": 0.9241297935103217,
      "test_Specificity_std": 0.026411460887638474,
      "val_Precision_mean": 0.7190957140230145,
      "val_Precision_std": 0.04683735336883695,
      "val_Sensitivity_mean": 0.8183333333333236,
      "val_Sensitivity_std": 0.023664524465388505,
      "val_Specificity_mean": 0.9192920353982273,
      "val_Specificity_std": 0.020128638576447845,
      "val_score_mean": 0.737625368731551,
      "val_score_std": 0.01906881664274374,
      "val_thr_mean": 0.41656546605453537,
      "val_thr_std": 0.030843810399581166
    }
  ],
  "task_id": 435,
  "thr_grid_size": 600
}