{
  "feature_set": "c110_d110",
  "model": "bbag",
  "n_bootstrap": 50,
  "param_hash": "b0056c8d90e7",
  "param_index": 6,
  "params": {
    "base_max_depth": 10,
    "base_max_features": "0.3",
    "base_min_samples_leaf": 4,
    "base_min_samples_split": 4,
    "bootstrap": true,
    "max_features": 0.9,
    "max_samples": 0.5,
    "n_estimators": 1200,
    "replacement": true,
    "sampling_strategy": "auto"
  },
  "runtime_s": 112.10052299499512,
  "summary_preview": [
    {
      "criterion": "f1",
      "feature_set": "c110_d110",
      "model": "bbag",
      "param_hash": "b0056c8d90e7",
      "param_index": 6,
      "test_Brier_mean": 0.07448996744131665,
      "test_Brier_std": 0.0022162060443636144,
      "test_LogLoss_mean": 0.2755065837116446,
      "test_LogLoss_std": 0.006419557560828085,
      "test_PR_AUC_mean": 0.8903213050762337,
      "test_PR_AUC_std": 0.00566492862284161,
      "test_Precision_mean": 0.8550613286828478,
      "test_Precision_std": 0.03226800899351536,
      "test_ROC_AUC_mean": 0.9582806573957017,
      "test_ROC_AUC_std": 0.003537520923021092,
      "test_Sensitivity_mean": 0.7757142857142766,
      "test_Sensitivity_std": 0.05137968738169519,
      "test_Specificity_mean": 0.9666666666666637,
      "test_Specificity_std": 0.009923229531661672,
      "val_Precision_mean": 0.8437024061253611,
      "val_Precision_std": 0.05099201083254402,
      "val_Sensitivity_mean": 0.747857142857134,
      "val_Sensitivity_std": 0.03286231843295736,
      "val_Specificity_mean": 0.9644247787610589,
      "val_Specificity_std": 0.013660494689160169,
      "val_score_mean": 0.7908961727984675,
      "val_score_std": 0.008503938447533622,
      "val_thr_mean": 0.5831779424489381,
      "val_thr_std": 0.07202455398302851
    },
    {
      "criterion": "youden",
      "feature_set": "c110_d110",
      "model": "bbag",
      "param_hash": "b0056c8d90e7",
      "param_index": 6,
      "test_Brier_mean": 0.07448996744131665,
      "test_Brier_std": 0.0022162060443636144,
      "test_LogLoss_mean": 0.2755065837116446,
      "test_LogLoss_std": 0.006419557560828085,
      "test_PR_AUC_mean": 0.8903213050762337,
      "test_PR_AUC_std": 0.00566492862284161,
      "test_Precision_mean": 0.7836945580692394,
      "test_Precision_std": 0.04248681499238914,
      "test_ROC_AUC_mean": 0.9582806573957017,
      "test_ROC_AUC_std": 0.003537520923021092,
      "test_Sensitivity_mean": 0.8509523809523709,
      "test_Sensitivity_std": 0.027866257344576595,
      "test_Specificity_mean": 0.9406489675516195,
      "test_Specificity_std": 0.016142052695089375,
      "val_Precision_mean": 0.7511810174352727,
      "val_Precision_std": 0.044398015004260015,
      "val_Sensitivity_mean": 0.7995238095238001,
      "val_Sensitivity_std": 0.016551734776321544,
      "val_Specificity_mean": 0.9332153392330355,
      "val_Specificity_std": 0.016523903448483368,
      "val_score_mean": 0.7327391487568355,
      "val_score_std": 0.008358397947628588,
      "val_thr_mean": 0.4628514004745158,
      "val_thr_std": 0.049904782811560126
    }
  ],
  "task_id": 174,
  "thr_grid_size": 600
}