{
  "feature_set": "c110_d110_errors_snr",
  "model": "bbag",
  "n_bootstrap": 50,
  "param_hash": "19a109e32ad1",
  "param_index": 21,
  "params": {
    "base_max_depth": 10,
    "base_max_features": "0.5",
    "base_min_samples_leaf": 4,
    "base_min_samples_split": 4,
    "bootstrap": true,
    "max_features": 0.9,
    "max_samples": 0.9,
    "n_estimators": 1200,
    "replacement": true,
    "sampling_strategy": "auto"
  },
  "runtime_s": 243.19450402259827,
  "summary_preview": [
    {
      "criterion": "f1",
      "feature_set": "c110_d110_errors_snr",
      "model": "bbag",
      "param_hash": "19a109e32ad1",
      "param_index": 21,
      "test_Brier_mean": 0.06201820650107291,
      "test_Brier_std": 0.0026341341584300714,
      "test_LogLoss_mean": 0.23954619647216913,
      "test_LogLoss_std": 0.007987083538937286,
      "test_PR_AUC_mean": 0.9059907775064749,
      "test_PR_AUC_std": 0.00555672848511621,
      "test_Precision_mean": 0.8934785936758655,
      "test_Precision_std": 0.030359541912427856,
      "test_ROC_AUC_mean": 0.9676000842815001,
      "test_ROC_AUC_std": 0.0024718803414647324,
      "test_Sensitivity_mean": 0.7804761904761812,
      "test_Sensitivity_std": 0.04805196794992243,
      "test_Specificity_mean": 0.976401179941,
      "test_Specificity_std": 0.008553638065817258,
      "val_Precision_mean": 0.8941969680875923,
      "val_Precision_std": 0.04637642512079529,
      "val_Sensitivity_mean": 0.743809523809515,
      "val_Sensitivity_std": 0.032109996520287926,
      "val_Specificity_mean": 0.9772271386430649,
      "val_Specificity_std": 0.011904892428493564,
      "val_score_mean": 0.8104048644771211,
      "val_score_std": 0.008923749367120658,
      "val_thr_mean": 0.6133570659283594,
      "val_thr_std": 0.07542740384618521
    },
    {
      "criterion": "youden",
      "feature_set": "c110_d110_errors_snr",
      "model": "bbag",
      "param_hash": "19a109e32ad1",
      "param_index": 21,
      "test_Brier_mean": 0.06201820650107291,
      "test_Brier_std": 0.0026341341584300714,
      "test_LogLoss_mean": 0.23954619647216913,
      "test_LogLoss_std": 0.007987083538937286,
      "test_PR_AUC_mean": 0.9059907775064749,
      "test_PR_AUC_std": 0.00555672848511621,
      "test_Precision_mean": 0.8201817848093634,
      "test_Precision_std": 0.03852497249293201,
      "test_ROC_AUC_mean": 0.9676000842815001,
      "test_ROC_AUC_std": 0.0024718803414647324,
      "test_Sensitivity_mean": 0.8716666666666564,
      "test_Sensitivity_std": 0.025372644991953748,
      "test_Specificity_mean": 0.9517994100294956,
      "test_Specificity_std": 0.014047604983839808,
      "val_Precision_mean": 0.7911860914466828,
      "val_Precision_std": 0.03423646527275645,
      "val_Sensitivity_mean": 0.8011904761904667,
      "val_Sensitivity_std": 0.014874877282768486,
      "val_Specificity_mean": 0.9469616519174012,
      "val_Specificity_std": 0.012350762992803459,
      "val_score_mean": 0.7481521281078679,
      "val_score_std": 0.008756028304755782,
      "val_thr_mean": 0.45086438122866906,
      "val_thr_std": 0.04913416016570945
    }
  ],
  "task_id": 669,
  "thr_grid_size": 600
}