{
  "feature_set": "c110_errors",
  "model": "bbag",
  "n_bootstrap": 50,
  "param_hash": "428dcc1f4cee",
  "param_index": 11,
  "params": {
    "base_max_depth": 20,
    "base_max_features": "0.3",
    "base_min_samples_leaf": 1,
    "base_min_samples_split": 8,
    "bootstrap": true,
    "max_features": 1.0,
    "max_samples": 0.9,
    "n_estimators": 500,
    "replacement": false,
    "sampling_strategy": "auto"
  },
  "runtime_s": 72.20131158828735,
  "summary_preview": [
    {
      "criterion": "f1",
      "feature_set": "c110_errors",
      "model": "bbag",
      "param_hash": "428dcc1f4cee",
      "param_index": 11,
      "test_Brier_mean": 0.06561777062655826,
      "test_Brier_std": 0.002688554403165703,
      "test_LogLoss_mean": 0.24818998773405265,
      "test_LogLoss_std": 0.007821304957663184,
      "test_PR_AUC_mean": 0.9038717197183815,
      "test_PR_AUC_std": 0.008528656122532147,
      "test_Precision_mean": 0.868247691449238,
      "test_Precision_std": 0.019852518210044294,
      "test_ROC_AUC_mean": 0.9674462705436158,
      "test_ROC_AUC_std": 0.0029535530299525147,
      "test_Sensitivity_mean": 0.7745238095238004,
      "test_Sensitivity_std": 0.03497038671059917,
      "test_Specificity_mean": 0.9706784660766933,
      "test_Specificity_std": 0.0058212226104647985,
      "val_Precision_mean": 0.8662453961144589,
      "val_Precision_std": 0.03131539238333978,
      "val_Sensitivity_mean": 0.7557142857142768,
      "val_Sensitivity_std": 0.019426503824889044,
      "val_Specificity_mean": 0.9706784660766933,
      "val_Specificity_std": 0.008478777566173053,
      "val_score_mean": 0.8065894390390433,
      "val_score_std": 0.011132446523426069,
      "val_thr_mean": 0.5460529896967107,
      "val_thr_std": 0.040982548410320924
    },
    {
      "criterion": "youden",
      "feature_set": "c110_errors",
      "model": "bbag",
      "param_hash": "428dcc1f4cee",
      "param_index": 11,
      "test_Brier_mean": 0.06561777062655826,
      "test_Brier_std": 0.002688554403165703,
      "test_LogLoss_mean": 0.24818998773405265,
      "test_LogLoss_std": 0.007821304957663184,
      "test_PR_AUC_mean": 0.9038717197183815,
      "test_PR_AUC_std": 0.008528656122532147,
      "test_Precision_mean": 0.8180819633121079,
      "test_Precision_std": 0.037053307358844004,
      "test_ROC_AUC_mean": 0.9674462705436158,
      "test_ROC_AUC_std": 0.0029535530299525147,
      "test_Sensitivity_mean": 0.8633333333333231,
      "test_Sensitivity_std": 0.041743993220176925,
      "test_Specificity_mean": 0.9515044247787582,
      "test_Specificity_std": 0.01400392353008923,
      "val_Precision_mean": 0.780357798424829,
      "val_Precision_std": 0.04947853139157071,
      "val_Sensitivity_mean": 0.7980952380952285,
      "val_Sensitivity_std": 0.01953340682362052,
      "val_Specificity_mean": 0.9430088495575193,
      "val_Specificity_std": 0.017511902946389043,
      "val_score_mean": 0.7411040876527479,
      "val_score_std": 0.011153236787470187,
      "val_thr_mean": 0.444098309800883,
      "val_thr_std": 0.048207526593646875
    }
  ],
  "task_id": 275,
  "thr_grid_size": 600
}