{
  "feature_set": "c110_d110_errors",
  "model": "rf",
  "n_bootstrap": 50,
  "param_hash": "9de4c70c192e",
  "param_index": 18,
  "params": {
    "bootstrap": true,
    "class_weight": "balanced",
    "max_depth": null,
    "max_features": "0.5",
    "min_samples_leaf": 4,
    "min_samples_split": 8,
    "n_estimators": 800
  },
  "runtime_s": 1280.6282246112823,
  "summary_preview": [
    {
      "criterion": "f1",
      "feature_set": "c110_d110_errors",
      "model": "rf",
      "param_hash": "9de4c70c192e",
      "param_index": 18,
      "test_Brier_mean": 0.05030744797441645,
      "test_Brier_std": 0.0019357227070299638,
      "test_LogLoss_mean": 0.190998520837504,
      "test_LogLoss_std": 0.006430331143604334,
      "test_PR_AUC_mean": 0.8970701051229512,
      "test_PR_AUC_std": 0.006953129519364011,
      "test_Precision_mean": 0.8806173880958891,
      "test_Precision_std": 0.0284558846461117,
      "test_ROC_AUC_mean": 0.9589752774266048,
      "test_ROC_AUC_std": 0.0035321474260197037,
      "test_Sensitivity_mean": 0.8123809523809428,
      "test_Sensitivity_std": 0.04057183007142386,
      "test_Specificity_mean": 0.9722713864306755,
      "test_Specificity_std": 0.008428150021070372,
      "val_Precision_mean": 0.9010874652055938,
      "val_Precision_std": 0.030098138206821768,
      "val_Sensitivity_mean": 0.7578571428571338,
      "val_Sensitivity_std": 0.025972010479271675,
      "val_Specificity_mean": 0.9789970501474896,
      "val_Specificity_std": 0.0076700795903605215,
      "val_score_mean": 0.8225229591864555,
      "val_score_std": 0.012016752919691186,
      "val_thr_mean": 0.4690931558780633,
      "val_thr_std": 0.07470916684312977
    },
    {
      "criterion": "youden",
      "feature_set": "c110_d110_errors",
      "model": "rf",
      "param_hash": "9de4c70c192e",
      "param_index": 18,
      "test_Brier_mean": 0.05030744797441645,
      "test_Brier_std": 0.0019357227070299638,
      "test_LogLoss_mean": 0.190998520837504,
      "test_LogLoss_std": 0.006430331143604334,
      "test_PR_AUC_mean": 0.8970701051229512,
      "test_PR_AUC_std": 0.006953129519364011,
      "test_Precision_mean": 0.8337209475628932,
      "test_Precision_std": 0.042510530368504745,
      "test_ROC_AUC_mean": 0.9589752774266048,
      "test_ROC_AUC_std": 0.0035321474260197037,
      "test_Sensitivity_mean": 0.8499999999999899,
      "test_Sensitivity_std": 0.028151267614365042,
      "test_Specificity_mean": 0.9571091445427701,
      "test_Specificity_std": 0.013991871358074021,
      "val_Precision_mean": 0.8350814787936817,
      "val_Precision_std": 0.05713236212419179,
      "val_Sensitivity_mean": 0.7890476190476098,
      "val_Sensitivity_std": 0.018480377832933305,
      "val_Specificity_mean": 0.9599999999999972,
      "val_Specificity_std": 0.017660544330914192,
      "val_score_mean": 0.7490476190476067,
      "val_score_std": 0.013369669969735088,
      "val_thr_mean": 0.36932158289569933,
      "val_thr_std": 0.06494071568661332
    }
  ],
  "task_id": 306,
  "thr_grid_size": 600
}