{
  "feature_set": "c110_d110",
  "model": "brf",
  "n_bootstrap": 50,
  "param_hash": "492e7573718e",
  "param_index": 15,
  "params": {
    "max_depth": null,
    "max_features": "0.2",
    "min_samples_leaf": 2,
    "min_samples_split": 2,
    "n_estimators": 4000,
    "replacement": false,
    "sampling_strategy": "auto"
  },
  "runtime_s": 1655.900775194168,
  "summary_preview": [
    {
      "criterion": "f1",
      "feature_set": "c110_d110",
      "model": "brf",
      "param_hash": "492e7573718e",
      "param_index": 15,
      "test_Brier_mean": 0.06231909732461979,
      "test_Brier_std": 0.002141480124055063,
      "test_LogLoss_mean": 0.23426328196478954,
      "test_LogLoss_std": 0.006880297706617495,
      "test_PR_AUC_mean": 0.90221473645456,
      "test_PR_AUC_std": 0.004765367268067556,
      "test_Precision_mean": 0.8908208832364087,
      "test_Precision_std": 0.024705483846752554,
      "test_ROC_AUC_mean": 0.9607968113499087,
      "test_ROC_AUC_std": 0.0028931728861698505,
      "test_Sensitivity_mean": 0.8161904761904666,
      "test_Sensitivity_std": 0.02085120016869925,
      "test_Specificity_mean": 0.9749852507374602,
      "test_Specificity_std": 0.006696004742028201,
      "val_Precision_mean": 0.8972623361154579,
      "val_Precision_std": 0.02497734585416125,
      "val_Sensitivity_mean": 0.7664285714285622,
      "val_Sensitivity_std": 0.013793345303395474,
      "val_Specificity_mean": 0.9780530973451298,
      "val_Specificity_std": 0.006140414867285951,
      "val_score_mean": 0.8264033710331085,
      "val_score_std": 0.010808031398387418,
      "val_thr_mean": 0.6033331100445187,
      "val_thr_std": 0.04771076661297029
    },
    {
      "criterion": "youden",
      "feature_set": "c110_d110",
      "model": "brf",
      "param_hash": "492e7573718e",
      "param_index": 15,
      "test_Brier_mean": 0.06231909732461979,
      "test_Brier_std": 0.002141480124055063,
      "test_LogLoss_mean": 0.23426328196478954,
      "test_LogLoss_std": 0.006880297706617495,
      "test_PR_AUC_mean": 0.90221473645456,
      "test_PR_AUC_std": 0.004765367268067556,
      "test_Precision_mean": 0.8425765886822237,
      "test_Precision_std": 0.05479267027665962,
      "test_ROC_AUC_mean": 0.9607968113499087,
      "test_ROC_AUC_std": 0.0028931728861698505,
      "test_Sensitivity_mean": 0.8471428571428471,
      "test_Sensitivity_std": 0.03083441675925914,
      "test_Specificity_mean": 0.9591740412979323,
      "test_Specificity_std": 0.019148415564107835,
      "val_Precision_mean": 0.8401419208513156,
      "val_Precision_std": 0.06444067438427878,
      "val_Sensitivity_mean": 0.7899999999999906,
      "val_Sensitivity_std": 0.01950377032221946,
      "val_Specificity_mean": 0.9608849557522094,
      "val_Specificity_std": 0.020746007264182915,
      "val_score_mean": 0.7508849557522,
      "val_score_std": 0.00929994524501833,
      "val_thr_mean": 0.5276234994435172,
      "val_thr_std": 0.07104596089666115
    }
  ],
  "task_id": 159,
  "thr_grid_size": 600
}