{
  "feature_set": "c110_snr",
  "model": "brf",
  "n_bootstrap": 50,
  "param_hash": "a4c66b67ae89",
  "param_index": 22,
  "params": {
    "max_depth": 10,
    "max_features": "0.2",
    "min_samples_leaf": 2,
    "min_samples_split": 4,
    "n_estimators": 4000,
    "replacement": true,
    "sampling_strategy": "auto"
  },
  "runtime_s": 1337.4682099819183,
  "summary_preview": [
    {
      "criterion": "f1",
      "feature_set": "c110_snr",
      "model": "brf",
      "param_hash": "a4c66b67ae89",
      "param_index": 22,
      "test_Brier_mean": 0.06670795916339213,
      "test_Brier_std": 0.0031721884861763174,
      "test_LogLoss_mean": 0.2527778619422693,
      "test_LogLoss_std": 0.009250182371111587,
      "test_PR_AUC_mean": 0.8955169669551516,
      "test_PR_AUC_std": 0.008904630987756143,
      "test_Precision_mean": 0.8855430698395427,
      "test_Precision_std": 0.03567725300297924,
      "test_ROC_AUC_mean": 0.9616196094957157,
      "test_ROC_AUC_std": 0.004339820653462394,
      "test_Sensitivity_mean": 0.7661904761904671,
      "test_Sensitivity_std": 0.054832632738466384,
      "test_Specificity_mean": 0.9746312684365752,
      "test_Specificity_std": 0.010793298335327155,
      "val_Precision_mean": 0.8949090097045223,
      "val_Precision_std": 0.05537247651535071,
      "val_Sensitivity_mean": 0.745952380952372,
      "val_Sensitivity_std": 0.03722975183598024,
      "val_Specificity_mean": 0.9769321533923274,
      "val_Specificity_std": 0.014261889245580823,
      "val_score_mean": 0.8113171716578979,
      "val_score_std": 0.01104071463311275,
      "val_thr_mean": 0.6080223062120367,
      "val_thr_std": 0.07795821247047455
    },
    {
      "criterion": "youden",
      "feature_set": "c110_snr",
      "model": "brf",
      "param_hash": "a4c66b67ae89",
      "param_index": 22,
      "test_Brier_mean": 0.06670795916339213,
      "test_Brier_std": 0.0031721884861763174,
      "test_LogLoss_mean": 0.2527778619422693,
      "test_LogLoss_std": 0.009250182371111587,
      "test_PR_AUC_mean": 0.8955169669551516,
      "test_PR_AUC_std": 0.008904630987756143,
      "test_Precision_mean": 0.7851892200510652,
      "test_Precision_std": 0.04847145934178518,
      "test_ROC_AUC_mean": 0.9616196094957157,
      "test_ROC_AUC_std": 0.004339820653462394,
      "test_Sensitivity_mean": 0.8733333333333229,
      "test_Sensitivity_std": 0.02739732049741771,
      "test_Specificity_mean": 0.9394100294985221,
      "test_Specificity_std": 0.019007393689637192,
      "val_Precision_mean": 0.7787774248874633,
      "val_Precision_std": 0.04171784673256091,
      "val_Sensitivity_mean": 0.8104761904761808,
      "val_Sensitivity_std": 0.01680836612327307,
      "val_Specificity_mean": 0.9420058997050118,
      "val_Specificity_std": 0.015036750295757297,
      "val_score_mean": 0.7524820901811928,
      "val_score_std": 0.01106957506548888,
      "val_thr_mean": 0.43576522664719014,
      "val_thr_std": 0.046796986192848763
    }
  ],
  "task_id": 454,
  "thr_grid_size": 600
}