{
  "feature_set": "c110_d110",
  "model": "brf",
  "n_bootstrap": 50,
  "param_hash": "e36a6e0bcff3",
  "param_index": 5,
  "params": {
    "max_depth": 30,
    "max_features": "0.3",
    "min_samples_leaf": 4,
    "min_samples_split": 8,
    "n_estimators": 2500,
    "replacement": false,
    "sampling_strategy": "auto"
  },
  "runtime_s": 1008.2680382728577,
  "summary_preview": [
    {
      "criterion": "f1",
      "feature_set": "c110_d110",
      "model": "brf",
      "param_hash": "e36a6e0bcff3",
      "param_index": 5,
      "test_Brier_mean": 0.06239821690384401,
      "test_Brier_std": 0.0024813483353147573,
      "test_LogLoss_mean": 0.23504560617301634,
      "test_LogLoss_std": 0.007679097452029534,
      "test_PR_AUC_mean": 0.8981436862339873,
      "test_PR_AUC_std": 0.006632359017941086,
      "test_Precision_mean": 0.8889383183313475,
      "test_Precision_std": 0.025500531371675256,
      "test_ROC_AUC_mean": 0.9588945076555696,
      "test_ROC_AUC_std": 0.0034875817791182153,
      "test_Sensitivity_mean": 0.807619047619038,
      "test_Sensitivity_std": 0.04304838015443797,
      "test_Specificity_mean": 0.9745722713864278,
      "test_Specificity_std": 0.007535774789635552,
      "val_Precision_mean": 0.9042200303413764,
      "val_Precision_std": 0.030908525048945742,
      "val_Sensitivity_mean": 0.7526190476190386,
      "val_Sensitivity_std": 0.02807822614206107,
      "val_Specificity_mean": 0.9798230088495545,
      "val_Specificity_std": 0.007475916346072187,
      "val_score_mean": 0.8205905896023532,
      "val_score_std": 0.011788741330151049,
      "val_thr_mean": 0.6292175190343697,
      "val_thr_std": 0.07160141115302947
    },
    {
      "criterion": "youden",
      "feature_set": "c110_d110",
      "model": "brf",
      "param_hash": "e36a6e0bcff3",
      "param_index": 5,
      "test_Brier_mean": 0.06239821690384401,
      "test_Brier_std": 0.0024813483353147573,
      "test_LogLoss_mean": 0.23504560617301634,
      "test_LogLoss_std": 0.007679097452029534,
      "test_PR_AUC_mean": 0.8981436862339873,
      "test_PR_AUC_std": 0.006632359017941086,
      "test_Precision_mean": 0.8076649288591404,
      "test_Precision_std": 0.06578908254021136,
      "test_ROC_AUC_mean": 0.9588945076555696,
      "test_ROC_AUC_std": 0.0034875817791182153,
      "test_Sensitivity_mean": 0.862142857142847,
      "test_Sensitivity_std": 0.03289750482178612,
      "test_Specificity_mean": 0.9466076696165163,
      "test_Specificity_std": 0.025412304918876916,
      "val_Precision_mean": 0.8063249323814559,
      "val_Precision_std": 0.0705436360459593,
      "val_Sensitivity_mean": 0.7973809523809429,
      "val_Sensitivity_std": 0.02446734609711181,
      "val_Specificity_mean": 0.9500294985250709,
      "val_Specificity_std": 0.024364570371106727,
      "val_score_mean": 0.7474104509060138,
      "val_score_std": 0.011904506751468114,
      "val_thr_mean": 0.49067260238492727,
      "val_thr_std": 0.0820503938708935
    }
  ],
  "task_id": 149,
  "thr_grid_size": 600
}