{
  "feature_set": "c110_d110_errors",
  "model": "rf",
  "n_bootstrap": 50,
  "param_hash": "300eb462f60e",
  "param_index": 9,
  "params": {
    "bootstrap": true,
    "class_weight": null,
    "max_depth": null,
    "max_features": "sqrt",
    "min_samples_leaf": 2,
    "min_samples_split": 4,
    "n_estimators": 4000
  },
  "runtime_s": 1019.8982758522034,
  "summary_preview": [
    {
      "criterion": "f1",
      "feature_set": "c110_d110_errors",
      "model": "rf",
      "param_hash": "300eb462f60e",
      "param_index": 9,
      "test_Brier_mean": 0.05479896218802976,
      "test_Brier_std": 0.001510887198619349,
      "test_LogLoss_mean": 0.19952221807725246,
      "test_LogLoss_std": 0.0041488708569461345,
      "test_PR_AUC_mean": 0.9040495159865671,
      "test_PR_AUC_std": 0.005520053125775212,
      "test_Precision_mean": 0.908678066414979,
      "test_Precision_std": 0.02042173434909442,
      "test_ROC_AUC_mean": 0.9638411293721029,
      "test_ROC_AUC_std": 0.0023119093781924995,
      "test_Sensitivity_mean": 0.767142857142848,
      "test_Sensitivity_std": 0.046522854109172694,
      "test_Specificity_mean": 0.9806489675516193,
      "test_Specificity_std": 0.005627328776274269,
      "val_Precision_mean": 0.9000366723045004,
      "val_Precision_std": 0.04267177204037726,
      "val_Sensitivity_mean": 0.7323809523809437,
      "val_Sensitivity_std": 0.03035035366830468,
      "val_Specificity_mean": 0.9790560471976372,
      "val_Specificity_std": 0.010614952985933401,
      "val_score_mean": 0.8061642959329519,
      "val_score_std": 0.010161416083326155,
      "val_thr_mean": 0.45641197137906625,
      "val_thr_std": 0.051825212437696284
    },
    {
      "criterion": "youden",
      "feature_set": "c110_d110_errors",
      "model": "rf",
      "param_hash": "300eb462f60e",
      "param_index": 9,
      "test_Brier_mean": 0.05479896218802976,
      "test_Brier_std": 0.001510887198619349,
      "test_LogLoss_mean": 0.19952221807725246,
      "test_LogLoss_std": 0.0041488708569461345,
      "test_PR_AUC_mean": 0.9040495159865671,
      "test_PR_AUC_std": 0.005520053125775212,
      "test_Precision_mean": 0.8463320897382977,
      "test_Precision_std": 0.03326829860109327,
      "test_ROC_AUC_mean": 0.9638411293721029,
      "test_ROC_AUC_std": 0.0023119093781924995,
      "test_Sensitivity_mean": 0.8516666666666566,
      "test_Sensitivity_std": 0.02193943467870121,
      "test_Specificity_mean": 0.9611799410029469,
      "test_Specificity_std": 0.01043117640694626,
      "val_Precision_mean": 0.789769613052609,
      "val_Precision_std": 0.04464718093369348,
      "val_Sensitivity_mean": 0.7885714285714193,
      "val_Sensitivity_std": 0.017270071122157764,
      "val_Specificity_mean": 0.9469616519174012,
      "val_Specificity_std": 0.015339348809202654,
      "val_score_mean": 0.7355330804888205,
      "val_score_std": 0.011230897548689516,
      "val_thr_mean": 0.34245268387504263,
      "val_thr_std": 0.039448305801251755
    }
  ],
  "task_id": 297,
  "thr_grid_size": 600
}