{
  "feature_set": "c110_snr",
  "model": "brf",
  "n_bootstrap": 50,
  "param_hash": "11adde929458",
  "param_index": 13,
  "params": {
    "max_depth": 30,
    "max_features": "sqrt",
    "min_samples_leaf": 4,
    "min_samples_split": 2,
    "n_estimators": 4000,
    "replacement": false,
    "sampling_strategy": "auto"
  },
  "runtime_s": 1618.1916992664337,
  "summary_preview": [
    {
      "criterion": "f1",
      "feature_set": "c110_snr",
      "model": "brf",
      "param_hash": "11adde929458",
      "param_index": 13,
      "test_Brier_mean": 0.07822571904984071,
      "test_Brier_std": 0.0030705975413589702,
      "test_LogLoss_mean": 0.2867639196716182,
      "test_LogLoss_std": 0.008103197384783076,
      "test_PR_AUC_mean": 0.8769034615042139,
      "test_PR_AUC_std": 0.01012636275096349,
      "test_Precision_mean": 0.847260166128149,
      "test_Precision_std": 0.02549573135929883,
      "test_ROC_AUC_mean": 0.9541930046354825,
      "test_ROC_AUC_std": 0.005515826794259623,
      "test_Sensitivity_mean": 0.7647619047618958,
      "test_Sensitivity_std": 0.054663578435268194,
      "test_Specificity_mean": 0.965368731563419,
      "test_Specificity_std": 0.00875493733688268,
      "val_Precision_mean": 0.8321580304131503,
      "val_Precision_std": 0.04269277563502167,
      "val_Sensitivity_mean": 0.7428571428571341,
      "val_Sensitivity_std": 0.038482001697226605,
      "val_Specificity_mean": 0.9617699115044219,
      "val_Specificity_std": 0.01339200948405641,
      "val_score_mean": 0.7830321724722683,
      "val_score_std": 0.009024429119197977,
      "val_thr_mean": 0.5315132421429897,
      "val_thr_std": 0.05452862068593995
    },
    {
      "criterion": "youden",
      "feature_set": "c110_snr",
      "model": "brf",
      "param_hash": "11adde929458",
      "param_index": 13,
      "test_Brier_mean": 0.07822571904984071,
      "test_Brier_std": 0.0030705975413589702,
      "test_LogLoss_mean": 0.2867639196716182,
      "test_LogLoss_std": 0.008103197384783076,
      "test_PR_AUC_mean": 0.8769034615042139,
      "test_PR_AUC_std": 0.01012636275096349,
      "test_Precision_mean": 0.7626334311658922,
      "test_Precision_std": 0.05849373601969661,
      "test_ROC_AUC_mean": 0.9541930046354825,
      "test_ROC_AUC_std": 0.005515826794259623,
      "test_Sensitivity_mean": 0.8502380952380852,
      "test_Sensitivity_std": 0.03477797596998433,
      "test_Specificity_mean": 0.9324483775811181,
      "test_Specificity_std": 0.023167833135109,
      "val_Precision_mean": 0.7174449022342211,
      "val_Precision_std": 0.05077144606785379,
      "val_Sensitivity_mean": 0.8114285714285618,
      "val_Sensitivity_std": 0.02468741130833176,
      "val_Specificity_mean": 0.9190560471976373,
      "val_Specificity_std": 0.020927963738609313,
      "val_score_mean": 0.7304846186261992,
      "val_score_std": 0.016515028115611785,
      "val_thr_mean": 0.4338497181943451,
      "val_thr_std": 0.03539189053850722
    }
  ],
  "task_id": 445,
  "thr_grid_size": 600
}