{
  "feature_set": "c110_d110",
  "model": "brf",
  "n_bootstrap": 50,
  "param_hash": "90b0556e3e1a",
  "param_index": 17,
  "params": {
    "max_depth": 30,
    "max_features": "sqrt",
    "min_samples_leaf": 1,
    "min_samples_split": 2,
    "n_estimators": 800,
    "replacement": true,
    "sampling_strategy": "auto"
  },
  "runtime_s": 278.97853207588196,
  "summary_preview": [
    {
      "criterion": "f1",
      "feature_set": "c110_d110",
      "model": "brf",
      "param_hash": "90b0556e3e1a",
      "param_index": 17,
      "test_Brier_mean": 0.07219845441784871,
      "test_Brier_std": 0.0024624587281666006,
      "test_LogLoss_mean": 0.2634406234104252,
      "test_LogLoss_std": 0.007815725589204986,
      "test_PR_AUC_mean": 0.9016037605662841,
      "test_PR_AUC_std": 0.00516033495720793,
      "test_Precision_mean": 0.8825082934529249,
      "test_Precision_std": 0.03231469723560029,
      "test_ROC_AUC_mean": 0.9613165472678747,
      "test_ROC_AUC_std": 0.0028541092531430595,
      "test_Sensitivity_mean": 0.7897619047618955,
      "test_Sensitivity_std": 0.03556089508821717,
      "test_Specificity_mean": 0.9733923303834778,
      "test_Specificity_std": 0.00924199588452123,
      "val_Precision_mean": 0.8806910533121642,
      "val_Precision_std": 0.03417230428557817,
      "val_Sensitivity_mean": 0.7647619047618958,
      "val_Sensitivity_std": 0.02276117690383862,
      "val_Specificity_mean": 0.9738053097345103,
      "val_Specificity_std": 0.008952107838702868,
      "val_score_mean": 0.8177717625368673,
      "val_score_std": 0.007548235889815685,
      "val_thr_mean": 0.5992318864774626,
      "val_thr_std": 0.04506723403823116
    },
    {
      "criterion": "youden",
      "feature_set": "c110_d110",
      "model": "brf",
      "param_hash": "90b0556e3e1a",
      "param_index": 17,
      "test_Brier_mean": 0.07219845441784871,
      "test_Brier_std": 0.0024624587281666006,
      "test_LogLoss_mean": 0.2634406234104252,
      "test_LogLoss_std": 0.007815725589204986,
      "test_PR_AUC_mean": 0.9016037605662841,
      "test_PR_AUC_std": 0.00516033495720793,
      "test_Precision_mean": 0.8336507030540016,
      "test_Precision_std": 0.03872863946689667,
      "test_ROC_AUC_mean": 0.9613165472678747,
      "test_ROC_AUC_std": 0.0028541092531430595,
      "test_Sensitivity_mean": 0.844047619047609,
      "test_Sensitivity_std": 0.028483221470142896,
      "test_Specificity_mean": 0.9574631268436549,
      "test_Specificity_std": 0.012907595501656445,
      "val_Precision_mean": 0.8233152100607235,
      "val_Precision_std": 0.0377471450676843,
      "val_Sensitivity_mean": 0.793571428571419,
      "val_Sensitivity_std": 0.011180598580879875,
      "val_Specificity_mean": 0.9571681415929174,
      "val_Specificity_std": 0.011787966276490347,
      "val_score_mean": 0.7507395701643366,
      "val_score_std": 0.006141707672374328,
      "val_thr_mean": 0.5252739983305509,
      "val_thr_std": 0.040508226101124256
    }
  ],
  "task_id": 161,
  "thr_grid_size": 600
}