{
  "feature_set": "c110_d110",
  "model": "bbag",
  "n_bootstrap": 50,
  "param_hash": "3b90164009b1",
  "param_index": 16,
  "params": {
    "base_max_depth": 10,
    "base_max_features": "sqrt",
    "base_min_samples_leaf": 2,
    "base_min_samples_split": 2,
    "bootstrap": true,
    "max_features": 0.9,
    "max_samples": 0.9,
    "n_estimators": 800,
    "replacement": false,
    "sampling_strategy": "auto"
  },
  "runtime_s": 97.35603904724121,
  "summary_preview": [
    {
      "criterion": "f1",
      "feature_set": "c110_d110",
      "model": "bbag",
      "param_hash": "3b90164009b1",
      "param_index": 16,
      "test_Brier_mean": 0.0780378446715961,
      "test_Brier_std": 0.002240366284783638,
      "test_LogLoss_mean": 0.2892592878014885,
      "test_LogLoss_std": 0.006794789536367578,
      "test_PR_AUC_mean": 0.8734475322028888,
      "test_PR_AUC_std": 0.0071419917751151364,
      "test_Precision_mean": 0.8390705806680355,
      "test_Precision_std": 0.017327628005296507,
      "test_ROC_AUC_mean": 0.9506019103806714,
      "test_ROC_AUC_std": 0.004052344121719932,
      "test_Sensitivity_mean": 0.7178571428571344,
      "test_Sensitivity_std": 0.023718240954049664,
      "test_Specificity_mean": 0.9657817109144514,
      "test_Specificity_std": 0.004616287884577864,
      "val_Precision_mean": 0.8456782230199726,
      "val_Precision_std": 0.02321646139106428,
      "val_Sensitivity_mean": 0.719523809523801,
      "val_Sensitivity_std": 0.014857367120980444,
      "val_Specificity_mean": 0.9672566371681387,
      "val_Specificity_std": 0.006200564251817161,
      "val_score_mean": 0.7772001043658426,
      "val_score_std": 0.0098837079726732,
      "val_thr_mean": 0.5279722971879182,
      "val_thr_std": 0.022652007978980468
    },
    {
      "criterion": "youden",
      "feature_set": "c110_d110",
      "model": "bbag",
      "param_hash": "3b90164009b1",
      "param_index": 16,
      "test_Brier_mean": 0.0780378446715961,
      "test_Brier_std": 0.002240366284783638,
      "test_LogLoss_mean": 0.2892592878014885,
      "test_LogLoss_std": 0.006794789536367578,
      "test_PR_AUC_mean": 0.8734475322028888,
      "test_PR_AUC_std": 0.0071419917751151364,
      "test_Precision_mean": 0.7701486963774223,
      "test_Precision_std": 0.0347304960292132,
      "test_ROC_AUC_mean": 0.9506019103806714,
      "test_ROC_AUC_std": 0.004052344121719932,
      "test_Sensitivity_mean": 0.8333333333333235,
      "test_Sensitivity_std": 0.034436150903599236,
      "test_Specificity_mean": 0.9375221238938025,
      "test_Specificity_std": 0.013870517631749563,
      "val_Precision_mean": 0.7240582627223283,
      "val_Precision_std": 0.03871621869998912,
      "val_Sensitivity_mean": 0.7888095238095144,
      "val_Sensitivity_std": 0.015919312141274056,
      "val_Specificity_mean": 0.9246017699115017,
      "val_Specificity_std": 0.014366967759041858,
      "val_score_mean": 0.7134112937210161,
      "val_score_std": 0.009433751147532598,
      "val_thr_mean": 0.41891539768272723,
      "val_thr_std": 0.03403068613517505
    }
  ],
  "task_id": 184,
  "thr_grid_size": 600
}