{
  "feature_set": "c110_d110",
  "model": "brf",
  "n_bootstrap": 50,
  "param_hash": "fc874b711781",
  "param_index": 11,
  "params": {
    "max_depth": 10,
    "max_features": "0.2",
    "min_samples_leaf": 2,
    "min_samples_split": 2,
    "n_estimators": 1500,
    "replacement": false,
    "sampling_strategy": "auto"
  },
  "runtime_s": 596.2911314964294,
  "summary_preview": [
    {
      "criterion": "f1",
      "feature_set": "c110_d110",
      "model": "brf",
      "param_hash": "fc874b711781",
      "param_index": 11,
      "test_Brier_mean": 0.06084700203328763,
      "test_Brier_std": 0.002598906772210242,
      "test_LogLoss_mean": 0.2299504675938961,
      "test_LogLoss_std": 0.009030367563867396,
      "test_PR_AUC_mean": 0.9024751128041357,
      "test_PR_AUC_std": 0.006039002485941012,
      "test_Precision_mean": 0.8980133361260448,
      "test_Precision_std": 0.021566880166476378,
      "test_ROC_AUC_mean": 0.9608196375895491,
      "test_ROC_AUC_std": 0.0036876620130039495,
      "test_Sensitivity_mean": 0.8028571428571334,
      "test_Sensitivity_std": 0.03183135601986176,
      "test_Specificity_mean": 0.9771681415929174,
      "test_Specificity_std": 0.005802889930220414,
      "val_Precision_mean": 0.9086280963849467,
      "val_Precision_std": 0.026643304884645034,
      "val_Sensitivity_mean": 0.7597619047618958,
      "val_Sensitivity_std": 0.024372593698971518,
      "val_Specificity_mean": 0.9807669616519145,
      "val_Specificity_std": 0.006452903410889477,
      "val_score_mean": 0.8269149470321383,
      "val_score_std": 0.011399956686290652,
      "val_thr_mean": 0.6259157133308831,
      "val_thr_std": 0.05502648651705744
    },
    {
      "criterion": "youden",
      "feature_set": "c110_d110",
      "model": "brf",
      "param_hash": "fc874b711781",
      "param_index": 11,
      "test_Brier_mean": 0.06084700203328763,
      "test_Brier_std": 0.002598906772210242,
      "test_LogLoss_mean": 0.2299504675938961,
      "test_LogLoss_std": 0.009030367563867396,
      "test_PR_AUC_mean": 0.9024751128041357,
      "test_PR_AUC_std": 0.006039002485941012,
      "test_Precision_mean": 0.8346241209107045,
      "test_Precision_std": 0.06371413449734467,
      "test_ROC_AUC_mean": 0.9608196375895491,
      "test_ROC_AUC_std": 0.0036876620130039495,
      "test_Sensitivity_mean": 0.8490476190476091,
      "test_Sensitivity_std": 0.03167468497094604,
      "test_Specificity_mean": 0.95616519174041,
      "test_Specificity_std": 0.022568014363286797,
      "val_Precision_mean": 0.8340542714776652,
      "val_Precision_std": 0.0658308887887504,
      "val_Sensitivity_mean": 0.7923809523809431,
      "val_Sensitivity_std": 0.018809247024079403,
      "val_Specificity_mean": 0.9589970501474897,
      "val_Specificity_std": 0.021164979357518134,
      "val_score_mean": 0.7513780025284328,
      "val_score_std": 0.009543836147719616,
      "val_thr_mean": 0.5217856907257802,
      "val_thr_std": 0.0760425231420148
    }
  ],
  "task_id": 155,
  "thr_grid_size": 600
}