{
  "feature_set": "c110_d110_errors_snr",
  "model": "et",
  "n_bootstrap": 50,
  "param_hash": "5b75ec82da58",
  "param_index": 8,
  "params": {
    "bootstrap": false,
    "max_depth": null,
    "max_features": "sqrt",
    "max_samples": null,
    "min_samples_leaf": 4,
    "min_samples_split": 8,
    "n_estimators": 2500
  },
  "runtime_s": 498.0446741580963,
  "summary_preview": [
    {
      "criterion": "f1",
      "feature_set": "c110_d110_errors_snr",
      "model": "et",
      "param_hash": "5b75ec82da58",
      "param_index": 8,
      "test_Brier_mean": 0.06888098328847733,
      "test_Brier_std": 0.0015667753981386165,
      "test_LogLoss_mean": 0.24087177201374568,
      "test_LogLoss_std": 0.004371355273959407,
      "test_PR_AUC_mean": 0.8805199948624144,
      "test_PR_AUC_std": 0.00860172583327908,
      "test_Precision_mean": 0.8339073065323891,
      "test_Precision_std": 0.02466932190249809,
      "test_ROC_AUC_mean": 0.9589872173058014,
      "test_ROC_AUC_std": 0.004230024628232653,
      "test_Sensitivity_mean": 0.7223809523809439,
      "test_Sensitivity_std": 0.03729417732022863,
      "test_Specificity_mean": 0.9639528023598791,
      "test_Specificity_std": 0.00868324446436098,
      "val_Precision_mean": 0.8338743578182423,
      "val_Precision_std": 0.03331795481391435,
      "val_Sensitivity_mean": 0.7142857142857058,
      "val_Sensitivity_std": 0.02533956534991696,
      "val_Specificity_mean": 0.9641297935103217,
      "val_Specificity_std": 0.010832058288531874,
      "val_score_mean": 0.7685043124971581,
      "val_score_std": 0.009912879470531755,
      "val_thr_mean": 0.34953165683546655,
      "val_thr_std": 0.02956375899487675
    },
    {
      "criterion": "youden",
      "feature_set": "c110_d110_errors_snr",
      "model": "et",
      "param_hash": "5b75ec82da58",
      "param_index": 8,
      "test_Brier_mean": 0.06888098328847733,
      "test_Brier_std": 0.0015667753981386165,
      "test_LogLoss_mean": 0.24087177201374568,
      "test_LogLoss_std": 0.004371355273959407,
      "test_PR_AUC_mean": 0.8805199948624144,
      "test_PR_AUC_std": 0.00860172583327908,
      "test_Precision_mean": 0.7583392658014486,
      "test_Precision_std": 0.03520533933254969,
      "test_ROC_AUC_mean": 0.9589872173058014,
      "test_ROC_AUC_std": 0.004230024628232653,
      "test_Sensitivity_mean": 0.8461904761904662,
      "test_Sensitivity_std": 0.032253794805794704,
      "test_Specificity_mean": 0.9323303834808232,
      "test_Specificity_std": 0.014987066140129814,
      "val_Precision_mean": 0.7053932062045343,
      "val_Precision_std": 0.030379038804198368,
      "val_Sensitivity_mean": 0.7973809523809429,
      "val_Sensitivity_std": 0.013918590112659805,
      "val_Specificity_mean": 0.9168141592920327,
      "val_Specificity_std": 0.013419033567712256,
      "val_score_mean": 0.7141951116729756,
      "val_score_std": 0.009769305221189564,
      "val_thr_mean": 0.24868481926227953,
      "val_thr_std": 0.021467300914082214
    }
  ],
  "task_id": 608,
  "thr_grid_size": 600
}