{
  "feature_set": "c110_d110_snr",
  "model": "brf",
  "n_bootstrap": 50,
  "param_hash": "90cb8109e6a5",
  "param_index": 14,
  "params": {
    "max_depth": 30,
    "max_features": "0.3",
    "min_samples_leaf": 1,
    "min_samples_split": 4,
    "n_estimators": 800,
    "replacement": false,
    "sampling_strategy": "auto"
  },
  "runtime_s": 483.98923993110657,
  "summary_preview": [
    {
      "criterion": "f1",
      "feature_set": "c110_d110_snr",
      "model": "brf",
      "param_hash": "90cb8109e6a5",
      "param_index": 14,
      "test_Brier_mean": 0.0630754058477804,
      "test_Brier_std": 0.0029959077507920257,
      "test_LogLoss_mean": 0.2434578389366192,
      "test_LogLoss_std": 0.016520083173091157,
      "test_PR_AUC_mean": 0.8817213933730305,
      "test_PR_AUC_std": 0.008614356821204367,
      "test_Precision_mean": 0.8817444955793593,
      "test_Precision_std": 0.028129412565468036,
      "test_ROC_AUC_mean": 0.9554358055906728,
      "test_ROC_AUC_std": 0.0035020612818467876,
      "test_Sensitivity_mean": 0.8061904761904667,
      "test_Sensitivity_std": 0.02975364316820246,
      "test_Specificity_mean": 0.972802359882003,
      "test_Specificity_std": 0.008221011253021888,
      "val_Precision_mean": 0.8977176378590092,
      "val_Precision_std": 0.030368708149253666,
      "val_Sensitivity_mean": 0.7607142857142768,
      "val_Sensitivity_std": 0.02272175036715513,
      "val_Specificity_mean": 0.9781710914454248,
      "val_Specificity_std": 0.007724527087999732,
      "val_score_mean": 0.8229322428705214,
      "val_score_std": 0.013095559675498917,
      "val_thr_mean": 0.607039906789093,
      "val_thr_std": 0.06372431415799193
    },
    {
      "criterion": "youden",
      "feature_set": "c110_d110_snr",
      "model": "brf",
      "param_hash": "90cb8109e6a5",
      "param_index": 14,
      "test_Brier_mean": 0.0630754058477804,
      "test_Brier_std": 0.0029959077507920257,
      "test_LogLoss_mean": 0.2434578389366192,
      "test_LogLoss_std": 0.016520083173091157,
      "test_PR_AUC_mean": 0.8817213933730305,
      "test_PR_AUC_std": 0.008614356821204367,
      "test_Precision_mean": 0.7967890360521294,
      "test_Precision_std": 0.07377114482875687,
      "test_ROC_AUC_mean": 0.9554358055906728,
      "test_ROC_AUC_std": 0.0035020612818467876,
      "test_Sensitivity_mean": 0.8538095238095137,
      "test_Sensitivity_std": 0.034355425297187235,
      "test_Specificity_mean": 0.9427728613569293,
      "test_Specificity_std": 0.029055733967025942,
      "val_Precision_mean": 0.8046738207684906,
      "val_Precision_std": 0.07104560519869473,
      "val_Sensitivity_mean": 0.8038095238095143,
      "val_Sensitivity_std": 0.027447946941267738,
      "val_Specificity_mean": 0.9490265486725634,
      "val_Specificity_std": 0.024902580574944398,
      "val_score_mean": 0.7528360724820778,
      "val_score_std": 0.012472955985121116,
      "val_thr_mean": 0.4800487061769616,
      "val_thr_std": 0.08032587060997506
    }
  ],
  "task_id": 542,
  "thr_grid_size": 600
}