{
  "feature_set": "c110_d110_snr",
  "model": "rf",
  "n_bootstrap": 50,
  "param_hash": "e2827663f47c",
  "param_index": 8,
  "params": {
    "bootstrap": true,
    "class_weight": null,
    "max_depth": null,
    "max_features": "0.3",
    "min_samples_leaf": 2,
    "min_samples_split": 8,
    "n_estimators": 2500
  },
  "runtime_s": 4274.773588180542,
  "summary_preview": [
    {
      "criterion": "f1",
      "feature_set": "c110_d110_snr",
      "model": "rf",
      "param_hash": "e2827663f47c",
      "param_index": 8,
      "test_Brier_mean": 0.05332149812804178,
      "test_Brier_std": 0.0026219513018798228,
      "test_LogLoss_mean": 0.1997854108928057,
      "test_LogLoss_std": 0.008008962155210917,
      "test_PR_AUC_mean": 0.88167170918948,
      "test_PR_AUC_std": 0.010562952589271288,
      "test_Precision_mean": 0.9136557130863858,
      "test_Precision_std": 0.026875122577310753,
      "test_ROC_AUC_mean": 0.9503157044528726,
      "test_ROC_AUC_std": 0.004895463073803721,
      "test_Sensitivity_mean": 0.7588095238095148,
      "test_Sensitivity_std": 0.04511196677182721,
      "test_Specificity_mean": 0.9818289085545693,
      "test_Specificity_std": 0.007160456262202927,
      "val_Precision_mean": 0.9173012566236541,
      "val_Precision_std": 0.02923654563061372,
      "val_Sensitivity_mean": 0.730714285714277,
      "val_Sensitivity_std": 0.024396316299194056,
      "val_Specificity_mean": 0.9833038348082566,
      "val_Specificity_std": 0.00699104756647205,
      "val_score_mean": 0.8126817283995581,
      "val_score_std": 0.008275071426197007,
      "val_thr_mean": 0.5070007175966034,
      "val_thr_std": 0.07499886419106794
    },
    {
      "criterion": "youden",
      "feature_set": "c110_d110_snr",
      "model": "rf",
      "param_hash": "e2827663f47c",
      "param_index": 8,
      "test_Brier_mean": 0.05332149812804178,
      "test_Brier_std": 0.0026219513018798228,
      "test_LogLoss_mean": 0.1997854108928057,
      "test_LogLoss_std": 0.008008962155210917,
      "test_PR_AUC_mean": 0.88167170918948,
      "test_PR_AUC_std": 0.010562952589271288,
      "test_Precision_mean": 0.8287727148894751,
      "test_Precision_std": 0.062356205501155344,
      "test_ROC_AUC_mean": 0.9503157044528726,
      "test_ROC_AUC_std": 0.004895463073803721,
      "test_Sensitivity_mean": 0.8354761904761806,
      "test_Sensitivity_std": 0.03613215212312189,
      "test_Specificity_mean": 0.9552212389380501,
      "test_Specificity_std": 0.02125239541819142,
      "val_Precision_mean": 0.8015865991578608,
      "val_Precision_std": 0.0765705974908803,
      "val_Sensitivity_mean": 0.7840476190476098,
      "val_Sensitivity_std": 0.02994453199716441,
      "val_Specificity_mean": 0.9487905604719735,
      "val_Specificity_std": 0.027060531005182156,
      "val_score_mean": 0.7328381795195833,
      "val_score_std": 0.014313512951759219,
      "val_thr_mean": 0.34589755990717885,
      "val_thr_std": 0.08577416042752238
    }
  ],
  "task_id": 488,
  "thr_grid_size": 600
}