{
  "feature_set": "c110_d110_errors_snr",
  "model": "rf",
  "n_bootstrap": 50,
  "param_hash": "58d13dbea0f4",
  "param_index": 6,
  "params": {
    "bootstrap": true,
    "class_weight": "balanced",
    "max_depth": 20,
    "max_features": "0.3",
    "min_samples_leaf": 4,
    "min_samples_split": 4,
    "n_estimators": 2500
  },
  "runtime_s": 2944.0675151348114,
  "summary_preview": [
    {
      "criterion": "f1",
      "feature_set": "c110_d110_errors_snr",
      "model": "rf",
      "param_hash": "58d13dbea0f4",
      "param_index": 6,
      "test_Brier_mean": 0.050018023910235715,
      "test_Brier_std": 0.0018272138743821728,
      "test_LogLoss_mean": 0.19251697312760352,
      "test_LogLoss_std": 0.005975897712272996,
      "test_PR_AUC_mean": 0.8927681544157159,
      "test_PR_AUC_std": 0.006376162382492877,
      "test_Precision_mean": 0.8904187867643967,
      "test_Precision_std": 0.018551981638736732,
      "test_ROC_AUC_mean": 0.9576113218148616,
      "test_ROC_AUC_std": 0.0035890421249081374,
      "test_Sensitivity_mean": 0.8142857142857046,
      "test_Sensitivity_std": 0.01953932872972096,
      "test_Specificity_mean": 0.9750442477876077,
      "test_Specificity_std": 0.005064259274403056,
      "val_Precision_mean": 0.9080438508362616,
      "val_Precision_std": 0.014308283868336937,
      "val_Sensitivity_mean": 0.7704761904761813,
      "val_Sensitivity_std": 0.014032415880772788,
      "val_Specificity_mean": 0.980589970501472,
      "val_Specificity_std": 0.0035302783044459437,
      "val_score_mean": 0.8334551449191098,
      "val_score_std": 0.008176451242079406,
      "val_thr_mean": 0.4495605932241081,
      "val_thr_std": 0.03747221458392807
    },
    {
      "criterion": "youden",
      "feature_set": "c110_d110_errors_snr",
      "model": "rf",
      "param_hash": "58d13dbea0f4",
      "param_index": 6,
      "test_Brier_mean": 0.050018023910235715,
      "test_Brier_std": 0.0018272138743821728,
      "test_LogLoss_mean": 0.19251697312760352,
      "test_LogLoss_std": 0.005975897712272996,
      "test_PR_AUC_mean": 0.8927681544157159,
      "test_PR_AUC_std": 0.006376162382492877,
      "test_Precision_mean": 0.8392081512659186,
      "test_Precision_std": 0.06406670733659237,
      "test_ROC_AUC_mean": 0.9576113218148616,
      "test_ROC_AUC_std": 0.0035890421249081374,
      "test_Sensitivity_mean": 0.8478571428571329,
      "test_Sensitivity_std": 0.03147774960889887,
      "test_Specificity_mean": 0.9574631268436549,
      "test_Specificity_std": 0.024031979736451,
      "val_Precision_mean": 0.8521003844209871,
      "val_Precision_std": 0.0684415369556923,
      "val_Sensitivity_mean": 0.7947619047618953,
      "val_Sensitivity_std": 0.025174664040766154,
      "val_Specificity_mean": 0.9635398230088467,
      "val_Specificity_std": 0.023377749664345856,
      "val_score_mean": 0.758301727770742,
      "val_score_std": 0.008041830080473815,
      "val_thr_mean": 0.3664862805101043,
      "val_thr_std": 0.08315310445776398
    }
  ],
  "task_id": 582,
  "thr_grid_size": 600
}