{
  "feature_set": "c110_errors",
  "model": "et",
  "n_bootstrap": 50,
  "param_hash": "1be9c19e7446",
  "param_index": 4,
  "params": {
    "bootstrap": true,
    "max_depth": 20,
    "max_features": "sqrt",
    "max_samples": 1.0,
    "min_samples_leaf": 4,
    "min_samples_split": 4,
    "n_estimators": 1500
  },
  "runtime_s": 586.1447775363922,
  "summary_preview": [
    {
      "criterion": "f1",
      "feature_set": "c110_errors",
      "model": "et",
      "param_hash": "1be9c19e7446",
      "param_index": 4,
      "test_Brier_mean": 0.07900676218392666,
      "test_Brier_std": 0.0017556470029987045,
      "test_LogLoss_mean": 0.27018966992680626,
      "test_LogLoss_std": 0.004788335769507812,
      "test_PR_AUC_mean": 0.8467630172553672,
      "test_PR_AUC_std": 0.011984334541833832,
      "test_Precision_mean": 0.8018440768053743,
      "test_Precision_std": 0.03882447036881217,
      "test_ROC_AUC_mean": 0.9466898440792246,
      "test_ROC_AUC_std": 0.0050474818609396585,
      "test_Sensitivity_mean": 0.7199999999999914,
      "test_Sensitivity_std": 0.0720430324763667,
      "test_Specificity_mean": 0.9545722713864278,
      "test_Specificity_std": 0.015643245843464427,
      "val_Precision_mean": 0.7479328438445966,
      "val_Precision_std": 0.05765721952585403,
      "val_Sensitivity_mean": 0.6990476190476107,
      "val_Sensitivity_std": 0.0556327844905051,
      "val_Specificity_mean": 0.9390560471976372,
      "val_Specificity_std": 0.022095661556209442,
      "val_score_mean": 0.7185738383380321,
      "val_score_std": 0.014209496587458636,
      "val_thr_mean": 0.32265344653482786,
      "val_thr_std": 0.04696801301661428
    },
    {
      "criterion": "youden",
      "feature_set": "c110_errors",
      "model": "et",
      "param_hash": "1be9c19e7446",
      "param_index": 4,
      "test_Brier_mean": 0.07900676218392666,
      "test_Brier_std": 0.0017556470029987045,
      "test_LogLoss_mean": 0.27018966992680626,
      "test_LogLoss_std": 0.004788335769507812,
      "test_PR_AUC_mean": 0.8467630172553672,
      "test_PR_AUC_std": 0.011984334541833832,
      "test_Precision_mean": 0.6649327780473017,
      "test_Precision_std": 0.058538927790864226,
      "test_ROC_AUC_mean": 0.9466898440792246,
      "test_ROC_AUC_std": 0.0050474818609396585,
      "test_Sensitivity_mean": 0.8542857142857042,
      "test_Sensitivity_std": 0.03380548573594098,
      "test_Specificity_mean": 0.8903834808259561,
      "test_Specificity_std": 0.030337594000145927,
      "val_Precision_mean": 0.6169990483229754,
      "val_Precision_std": 0.042495204983301366,
      "val_Sensitivity_mean": 0.7990476190476096,
      "val_Sensitivity_std": 0.022898003645859387,
      "val_Specificity_mean": 0.8752212389380505,
      "val_Specificity_std": 0.023884922142340073,
      "val_score_mean": 0.67426885798566,
      "val_score_std": 0.015683525351352083,
      "val_thr_mean": 0.23311427981040475,
      "val_thr_std": 0.01993118321831284
    }
  ],
  "task_id": 220,
  "thr_grid_size": 600
}