{
  "feature_set": "c110_snr",
  "model": "brf",
  "n_bootstrap": 50,
  "param_hash": "247506bd6d6b",
  "param_index": 0,
  "params": {
    "max_depth": 30,
    "max_features": "0.3",
    "min_samples_leaf": 1,
    "min_samples_split": 4,
    "n_estimators": 4000,
    "replacement": false,
    "sampling_strategy": "auto"
  },
  "runtime_s": 1922.5431323051453,
  "summary_preview": [
    {
      "criterion": "f1",
      "feature_set": "c110_snr",
      "model": "brf",
      "param_hash": "247506bd6d6b",
      "param_index": 0,
      "test_Brier_mean": 0.06657335614345286,
      "test_Brier_std": 0.003583173508323735,
      "test_LogLoss_mean": 0.24833337553330576,
      "test_LogLoss_std": 0.010330684300691614,
      "test_PR_AUC_mean": 0.8860914743229512,
      "test_PR_AUC_std": 0.009932414409145584,
      "test_Precision_mean": 0.8738583432276604,
      "test_Precision_std": 0.0433491383140614,
      "test_ROC_AUC_mean": 0.9557918949290631,
      "test_ROC_AUC_std": 0.0050768204743046365,
      "test_Sensitivity_mean": 0.776190476190467,
      "test_Sensitivity_std": 0.05537013808197115,
      "test_Specificity_mean": 0.9711504424778732,
      "test_Specificity_std": 0.013436094273962387,
      "val_Precision_mean": 0.8915769783739107,
      "val_Precision_std": 0.05091200649966672,
      "val_Sensitivity_mean": 0.7576190476190386,
      "val_Sensitivity_std": 0.03755077393195218,
      "val_Specificity_mean": 0.9759882005899675,
      "val_Specificity_std": 0.013419165904668864,
      "val_score_mean": 0.8170650340021183,
      "val_score_std": 0.013252672047898472,
      "val_thr_mean": 0.595307365052866,
      "val_thr_std": 0.08603239213112743
    },
    {
      "criterion": "youden",
      "feature_set": "c110_snr",
      "model": "brf",
      "param_hash": "247506bd6d6b",
      "param_index": 0,
      "test_Brier_mean": 0.06657335614345286,
      "test_Brier_std": 0.003583173508323735,
      "test_LogLoss_mean": 0.24833337553330576,
      "test_LogLoss_std": 0.010330684300691614,
      "test_PR_AUC_mean": 0.8860914743229512,
      "test_PR_AUC_std": 0.009932414409145584,
      "test_Precision_mean": 0.7762106568434051,
      "test_Precision_std": 0.05134228723307156,
      "test_ROC_AUC_mean": 0.9557918949290631,
      "test_ROC_AUC_std": 0.0050768204743046365,
      "test_Sensitivity_mean": 0.8602380952380851,
      "test_Sensitivity_std": 0.036933356739136634,
      "test_Specificity_mean": 0.93687315634218,
      "test_Specificity_std": 0.020393685010641083,
      "val_Precision_mean": 0.7804756067273114,
      "val_Precision_std": 0.050019179164572256,
      "val_Sensitivity_mean": 0.818571428571419,
      "val_Sensitivity_std": 0.023263913710967893,
      "val_Specificity_mean": 0.9415929203539793,
      "val_Specificity_std": 0.017749211705564788,
      "val_score_mean": 0.7601643489253983,
      "val_score_std": 0.015460914518556317,
      "val_thr_mean": 0.436233121869783,
      "val_thr_std": 0.052265457268995064
    }
  ],
  "task_id": 432,
  "thr_grid_size": 600
}