{
  "feature_set": "c110_d110_snr",
  "model": "brf",
  "n_bootstrap": 50,
  "param_hash": "bf0c4fdf0ae8",
  "param_index": 19,
  "params": {
    "max_depth": null,
    "max_features": "0.2",
    "min_samples_leaf": 2,
    "min_samples_split": 8,
    "n_estimators": 2500,
    "replacement": false,
    "sampling_strategy": "auto"
  },
  "runtime_s": 1041.0879619121552,
  "summary_preview": [
    {
      "criterion": "f1",
      "feature_set": "c110_d110_snr",
      "model": "brf",
      "param_hash": "bf0c4fdf0ae8",
      "param_index": 19,
      "test_Brier_mean": 0.06198133282709342,
      "test_Brier_std": 0.0033453799524457563,
      "test_LogLoss_mean": 0.23641028173633283,
      "test_LogLoss_std": 0.009805750749125966,
      "test_PR_AUC_mean": 0.8906897379444197,
      "test_PR_AUC_std": 0.005472822879426744,
      "test_Precision_mean": 0.8810446051377033,
      "test_Precision_std": 0.02930897251858448,
      "test_ROC_AUC_mean": 0.9582237673830595,
      "test_ROC_AUC_std": 0.003251066038493403,
      "test_Sensitivity_mean": 0.8149999999999903,
      "test_Sensitivity_std": 0.02180720448028857,
      "test_Specificity_mean": 0.9723893805309705,
      "test_Specificity_std": 0.008252704030269611,
      "val_Precision_mean": 0.8892899203559145,
      "val_Precision_std": 0.03240796849366234,
      "val_Sensitivity_mean": 0.7714285714285622,
      "val_Sensitivity_std": 0.01683587574253662,
      "val_Specificity_mean": 0.9758112094395252,
      "val_Specificity_std": 0.008491125865827981,
      "val_score_mean": 0.8256146983724818,
      "val_score_std": 0.01167021493729092,
      "val_thr_mean": 0.5929077494236427,
      "val_thr_std": 0.045170166206928444
    },
    {
      "criterion": "youden",
      "feature_set": "c110_d110_snr",
      "model": "brf",
      "param_hash": "bf0c4fdf0ae8",
      "param_index": 19,
      "test_Brier_mean": 0.06198133282709342,
      "test_Brier_std": 0.0033453799524457563,
      "test_LogLoss_mean": 0.23641028173633283,
      "test_LogLoss_std": 0.009805750749125966,
      "test_PR_AUC_mean": 0.8906897379444197,
      "test_PR_AUC_std": 0.005472822879426744,
      "test_Precision_mean": 0.8229256891406426,
      "test_Precision_std": 0.056162632468400274,
      "test_ROC_AUC_mean": 0.9582237673830595,
      "test_ROC_AUC_std": 0.003251066038493403,
      "test_Sensitivity_mean": 0.8552380952380851,
      "test_Sensitivity_std": 0.032300391410906557,
      "test_Specificity_mean": 0.9526253687315606,
      "test_Specificity_std": 0.020397254899236824,
      "val_Precision_mean": 0.8259097394734713,
      "val_Precision_std": 0.05845163313640706,
      "val_Sensitivity_mean": 0.7997619047618953,
      "val_Sensitivity_std": 0.01934444380517819,
      "val_Specificity_mean": 0.9565781710914425,
      "val_Specificity_std": 0.01965801628479003,
      "val_score_mean": 0.7563400758533377,
      "val_score_std": 0.007586430563517701,
      "val_thr_mean": 0.49877906129263055,
      "val_thr_std": 0.07276514191529801
    }
  ],
  "task_id": 547,
  "thr_grid_size": 600
}