{
  "feature_set": "c110_errors",
  "model": "brf",
  "n_bootstrap": 50,
  "param_hash": "1481bfd76716",
  "param_index": 3,
  "params": {
    "max_depth": null,
    "max_features": "sqrt",
    "min_samples_leaf": 2,
    "min_samples_split": 4,
    "n_estimators": 800,
    "replacement": false,
    "sampling_strategy": "auto"
  },
  "runtime_s": 341.8351228237152,
  "summary_preview": [
    {
      "criterion": "f1",
      "feature_set": "c110_errors",
      "model": "brf",
      "param_hash": "1481bfd76716",
      "param_index": 3,
      "test_Brier_mean": 0.07387501552076549,
      "test_Brier_std": 0.0028655561690652674,
      "test_LogLoss_mean": 0.27049456593440047,
      "test_LogLoss_std": 0.00793609529187899,
      "test_PR_AUC_mean": 0.8937732758080605,
      "test_PR_AUC_std": 0.01015327903323774,
      "test_Precision_mean": 0.863737175479889,
      "test_Precision_std": 0.024403112591026555,
      "test_ROC_AUC_mean": 0.9630000702345834,
      "test_ROC_AUC_std": 0.0044569469435964916,
      "test_Sensitivity_mean": 0.7521428571428482,
      "test_Sensitivity_std": 0.05498696726938908,
      "test_Specificity_mean": 0.9701474926253658,
      "test_Specificity_std": 0.0076931976112896774,
      "val_Precision_mean": 0.8529997607194879,
      "val_Precision_std": 0.039770436999009756,
      "val_Sensitivity_mean": 0.726666666666658,
      "val_Sensitivity_std": 0.03041889049702192,
      "val_Specificity_mean": 0.9682005899704985,
      "val_Specificity_std": 0.010748617685416038,
      "val_score_mean": 0.783426269717976,
      "val_score_std": 0.010740568386335261,
      "val_thr_mean": 0.5816412583472456,
      "val_thr_std": 0.04228792715107316
    },
    {
      "criterion": "youden",
      "feature_set": "c110_errors",
      "model": "brf",
      "param_hash": "1481bfd76716",
      "param_index": 3,
      "test_Brier_mean": 0.07387501552076549,
      "test_Brier_std": 0.0028655561690652674,
      "test_LogLoss_mean": 0.27049456593440047,
      "test_LogLoss_std": 0.00793609529187899,
      "test_PR_AUC_mean": 0.8937732758080605,
      "test_PR_AUC_std": 0.01015327903323774,
      "test_Precision_mean": 0.7709152254173587,
      "test_Precision_std": 0.04874964754875233,
      "test_ROC_AUC_mean": 0.9630000702345834,
      "test_ROC_AUC_std": 0.0044569469435964916,
      "test_Sensitivity_mean": 0.8716666666666564,
      "test_Sensitivity_std": 0.03961453518632474,
      "test_Specificity_mean": 0.9342182890855429,
      "test_Specificity_std": 0.020009092024455576,
      "val_Precision_mean": 0.7210819639744288,
      "val_Precision_std": 0.05477870101198534,
      "val_Sensitivity_mean": 0.798571428571419,
      "val_Sensitivity_std": 0.029734195069406937,
      "val_Specificity_mean": 0.9212979351032421,
      "val_Specificity_std": 0.023662246952817795,
      "val_score_mean": 0.7198693636746611,
      "val_score_std": 0.0184762007287374,
      "val_thr_mean": 0.4571458115708721,
      "val_thr_std": 0.04254604517885751
    }
  ],
  "task_id": 243,
  "thr_grid_size": 600
}