{
  "feature_set": "c110_snr",
  "model": "brf",
  "n_bootstrap": 50,
  "param_hash": "fc874b711781",
  "param_index": 11,
  "params": {
    "max_depth": 10,
    "max_features": "0.2",
    "min_samples_leaf": 2,
    "min_samples_split": 2,
    "n_estimators": 1500,
    "replacement": false,
    "sampling_strategy": "auto"
  },
  "runtime_s": 573.992045879364,
  "summary_preview": [
    {
      "criterion": "f1",
      "feature_set": "c110_snr",
      "model": "brf",
      "param_hash": "fc874b711781",
      "param_index": 11,
      "test_Brier_mean": 0.06374644216563999,
      "test_Brier_std": 0.0029782095638103794,
      "test_LogLoss_mean": 0.24303569425863855,
      "test_LogLoss_std": 0.009151209496635572,
      "test_PR_AUC_mean": 0.8976930733477981,
      "test_PR_AUC_std": 0.009261979590794368,
      "test_Precision_mean": 0.8797641754028335,
      "test_Precision_std": 0.040477971675445056,
      "test_ROC_AUC_mean": 0.9617902795336424,
      "test_ROC_AUC_std": 0.0041018379176342695,
      "test_Sensitivity_mean": 0.7816666666666575,
      "test_Sensitivity_std": 0.04979306058488521,
      "test_Specificity_mean": 0.9725663716814129,
      "test_Specificity_std": 0.012332920882142308,
      "val_Precision_mean": 0.8900015505237733,
      "val_Precision_std": 0.050660696351527444,
      "val_Sensitivity_mean": 0.7576190476190386,
      "val_Sensitivity_std": 0.03565430661599592,
      "val_Specificity_mean": 0.9756342182890826,
      "val_Specificity_std": 0.01349570269558352,
      "val_score_mean": 0.816498889943941,
      "val_score_std": 0.012279167747208506,
      "val_thr_mean": 0.5733379057439879,
      "val_thr_std": 0.0799881750970386
    },
    {
      "criterion": "youden",
      "feature_set": "c110_snr",
      "model": "brf",
      "param_hash": "fc874b711781",
      "param_index": 11,
      "test_Brier_mean": 0.06374644216563999,
      "test_Brier_std": 0.0029782095638103794,
      "test_LogLoss_mean": 0.24303569425863855,
      "test_LogLoss_std": 0.009151209496635572,
      "test_PR_AUC_mean": 0.8976930733477981,
      "test_PR_AUC_std": 0.009261979590794368,
      "test_Precision_mean": 0.7920285945630462,
      "test_Precision_std": 0.05281920460214727,
      "test_ROC_AUC_mean": 0.9617902795336424,
      "test_ROC_AUC_std": 0.0041018379176342695,
      "test_Sensitivity_mean": 0.8654761904761803,
      "test_Sensitivity_std": 0.03561291086967971,
      "test_Specificity_mean": 0.942005899705012,
      "test_Specificity_std": 0.02032923246524846,
      "val_Precision_mean": 0.7903486644023298,
      "val_Precision_std": 0.04912230676820634,
      "val_Sensitivity_mean": 0.8133333333333238,
      "val_Sensitivity_std": 0.017249962357967115,
      "val_Specificity_mean": 0.9453687315634189,
      "val_Specificity_std": 0.016475254877118768,
      "val_score_mean": 0.7587020648967427,
      "val_score_std": 0.01262985626093348,
      "val_thr_mean": 0.4279601280785838,
      "val_thr_std": 0.05412470865648692
    }
  ],
  "task_id": 443,
  "thr_grid_size": 600
}