{
  "feature_set": "c110_d110_errors",
  "model": "rf",
  "n_bootstrap": 50,
  "param_hash": "c9f085089650",
  "param_index": 7,
  "params": {
    "bootstrap": true,
    "class_weight": "balanced",
    "max_depth": 10,
    "max_features": "0.3",
    "min_samples_leaf": 1,
    "min_samples_split": 4,
    "n_estimators": 1500
  },
  "runtime_s": 1437.5805127620697,
  "summary_preview": [
    {
      "criterion": "f1",
      "feature_set": "c110_d110_errors",
      "model": "rf",
      "param_hash": "c9f085089650",
      "param_index": 7,
      "test_Brier_mean": 0.04965759094259539,
      "test_Brier_std": 0.0018758000791692085,
      "test_LogLoss_mean": 0.1872326402462093,
      "test_LogLoss_std": 0.005489442968163607,
      "test_PR_AUC_mean": 0.9025466871437405,
      "test_PR_AUC_std": 0.006039788252591977,
      "test_Precision_mean": 0.8921460707536053,
      "test_Precision_std": 0.02242900180887887,
      "test_ROC_AUC_mean": 0.9609502739148758,
      "test_ROC_AUC_std": 0.002982076300136134,
      "test_Sensitivity_mean": 0.805476190476181,
      "test_Sensitivity_std": 0.02145959313751849,
      "test_Specificity_mean": 0.9756932153392301,
      "test_Specificity_std": 0.005886445879556431,
      "val_Precision_mean": 0.9023428475990026,
      "val_Precision_std": 0.02035010748859922,
      "val_Sensitivity_mean": 0.7716666666666575,
      "val_Sensitivity_std": 0.012882582900956048,
      "val_Specificity_mean": 0.9791740412979322,
      "val_Specificity_std": 0.004929206980397711,
      "val_score_mean": 0.8316937121427754,
      "val_score_std": 0.009429758220064708,
      "val_thr_mean": 0.40575870491537536,
      "val_thr_std": 0.03493638725825454
    },
    {
      "criterion": "youden",
      "feature_set": "c110_d110_errors",
      "model": "rf",
      "param_hash": "c9f085089650",
      "param_index": 7,
      "test_Brier_mean": 0.04965759094259539,
      "test_Brier_std": 0.0018758000791692085,
      "test_LogLoss_mean": 0.1872326402462093,
      "test_LogLoss_std": 0.005489442968163607,
      "test_PR_AUC_mean": 0.9025466871437405,
      "test_PR_AUC_std": 0.006039788252591977,
      "test_Precision_mean": 0.8560926727358755,
      "test_Precision_std": 0.04617543417616279,
      "test_ROC_AUC_mean": 0.9609502739148758,
      "test_ROC_AUC_std": 0.002982076300136134,
      "test_Sensitivity_mean": 0.831904761904752,
      "test_Sensitivity_std": 0.038304213024604426,
      "test_Specificity_mean": 0.9641297935103217,
      "test_Specificity_std": 0.01588387676367837,
      "val_Precision_mean": 0.8632461710630088,
      "val_Precision_std": 0.052535741557115996,
      "val_Sensitivity_mean": 0.7897619047618955,
      "val_Sensitivity_std": 0.019481513359221003,
      "val_Specificity_mean": 0.967787610619466,
      "val_Specificity_std": 0.016406125211552554,
      "val_score_mean": 0.7575495153813615,
      "val_score_std": 0.010173393540593136,
      "val_thr_mean": 0.34794598160914375,
      "val_thr_std": 0.06863812118636303
    }
  ],
  "task_id": 295,
  "thr_grid_size": 600
}