{
  "feature_set": "c110_errors",
  "model": "rf",
  "n_bootstrap": 50,
  "param_hash": "ffc270778d3f",
  "param_index": 16,
  "params": {
    "bootstrap": true,
    "class_weight": null,
    "max_depth": 30,
    "max_features": "0.3",
    "min_samples_leaf": 1,
    "min_samples_split": 8,
    "n_estimators": 800
  },
  "runtime_s": 681.5324695110321,
  "summary_preview": [
    {
      "criterion": "f1",
      "feature_set": "c110_errors",
      "model": "rf",
      "param_hash": "ffc270778d3f",
      "param_index": 16,
      "test_Brier_mean": 0.05406435477221687,
      "test_Brier_std": 0.0030947862476335716,
      "test_LogLoss_mean": 0.19464151308858518,
      "test_LogLoss_std": 0.008237892671494199,
      "test_PR_AUC_mean": 0.8979204449185216,
      "test_PR_AUC_std": 0.011686779451590832,
      "test_Precision_mean": 0.8960852794343696,
      "test_Precision_std": 0.029582075833860074,
      "test_ROC_AUC_mean": 0.9605443180221941,
      "test_ROC_AUC_std": 0.0057470271649880285,
      "test_Sensitivity_mean": 0.7490476190476102,
      "test_Sensitivity_std": 0.05836282747356698,
      "test_Specificity_mean": 0.9779941002949823,
      "test_Specificity_std": 0.008283846825531377,
      "val_Precision_mean": 0.8988248875318766,
      "val_Precision_std": 0.044203989670309626,
      "val_Sensitivity_mean": 0.7242857142857058,
      "val_Sensitivity_std": 0.03713251457010182,
      "val_Specificity_mean": 0.9788790560471946,
      "val_Specificity_std": 0.011391417229749956,
      "val_score_mean": 0.8003567611554568,
      "val_score_std": 0.012539930535942698,
      "val_thr_mean": 0.48676735819936057,
      "val_thr_std": 0.07291029049866135
    },
    {
      "criterion": "youden",
      "feature_set": "c110_errors",
      "model": "rf",
      "param_hash": "ffc270778d3f",
      "param_index": 16,
      "test_Brier_mean": 0.05406435477221687,
      "test_Brier_std": 0.0030947862476335716,
      "test_LogLoss_mean": 0.19464151308858518,
      "test_LogLoss_std": 0.008237892671494199,
      "test_PR_AUC_mean": 0.8979204449185216,
      "test_PR_AUC_std": 0.011686779451590832,
      "test_Precision_mean": 0.8034304856648098,
      "test_Precision_std": 0.06570581966330359,
      "test_ROC_AUC_mean": 0.9605443180221941,
      "test_ROC_AUC_std": 0.0057470271649880285,
      "test_Sensitivity_mean": 0.8461904761904662,
      "test_Sensitivity_std": 0.045876776326767815,
      "test_Specificity_mean": 0.9460766961651889,
      "test_Specificity_std": 0.025073144294741296,
      "val_Precision_mean": 0.7541142582200567,
      "val_Precision_std": 0.07601234178716618,
      "val_Sensitivity_mean": 0.7969047619047526,
      "val_Sensitivity_std": 0.03230486831170439,
      "val_Specificity_mean": 0.9320943952802332,
      "val_Specificity_std": 0.0296276147194538,
      "val_score_mean": 0.7289991571849856,
      "val_score_std": 0.019134255144741583,
      "val_thr_mean": 0.32998388058162464,
      "val_thr_std": 0.06991633833816112
    }
  ],
  "task_id": 208,
  "thr_grid_size": 600
}