{
  "feature_set": "c110",
  "model": "rf",
  "n_bootstrap": 50,
  "param_hash": "551bbcb96f06",
  "param_index": 22,
  "params": {
    "bootstrap": true,
    "class_weight": null,
    "max_depth": null,
    "max_features": "0.5",
    "min_samples_leaf": 4,
    "min_samples_split": 4,
    "n_estimators": 800
  },
  "runtime_s": 525.57998919487,
  "summary_preview": [
    {
      "criterion": "f1",
      "feature_set": "c110",
      "model": "rf",
      "param_hash": "551bbcb96f06",
      "param_index": 22,
      "test_Brier_mean": 0.05354218892430827,
      "test_Brier_std": 0.002804347722765066,
      "test_LogLoss_mean": 0.1929799766360921,
      "test_LogLoss_std": 0.0076657581754810515,
      "test_PR_AUC_mean": 0.8957590000370067,
      "test_PR_AUC_std": 0.009484577080808288,
      "test_Precision_mean": 0.8948358549846245,
      "test_Precision_std": 0.030615010465606444,
      "test_ROC_AUC_mean": 0.9583761764292739,
      "test_ROC_AUC_std": 0.004876885675082547,
      "test_Sensitivity_mean": 0.7626190476190386,
      "test_Sensitivity_std": 0.06446498058682833,
      "test_Specificity_mean": 0.9771091445427699,
      "test_Specificity_std": 0.00897033944923729,
      "val_Precision_mean": 0.8996556956417809,
      "val_Precision_std": 0.047530677162937345,
      "val_Sensitivity_mean": 0.7271428571428485,
      "val_Sensitivity_std": 0.04199268539114096,
      "val_Specificity_mean": 0.9788200589970473,
      "val_Specificity_std": 0.012077424290936485,
      "val_score_mean": 0.8020308135612524,
      "val_score_std": 0.014035924854954461,
      "val_thr_mean": 0.47300944542780415,
      "val_thr_std": 0.09539169368746617
    },
    {
      "criterion": "youden",
      "feature_set": "c110",
      "model": "rf",
      "param_hash": "551bbcb96f06",
      "param_index": 22,
      "test_Brier_mean": 0.05354218892430827,
      "test_Brier_std": 0.002804347722765066,
      "test_LogLoss_mean": 0.1929799766360921,
      "test_LogLoss_std": 0.0076657581754810515,
      "test_PR_AUC_mean": 0.8957590000370067,
      "test_PR_AUC_std": 0.009484577080808288,
      "test_Precision_mean": 0.8012028707282352,
      "test_Precision_std": 0.053436411780139886,
      "test_ROC_AUC_mean": 0.9583761764292739,
      "test_ROC_AUC_std": 0.004876885675082547,
      "test_Sensitivity_mean": 0.8492857142857042,
      "test_Sensitivity_std": 0.03337928943674956,
      "test_Specificity_mean": 0.9461356932153363,
      "test_Specificity_std": 0.020339712262044857,
      "val_Precision_mean": 0.7666917284522738,
      "val_Precision_std": 0.06064467729815814,
      "val_Sensitivity_mean": 0.7978571428571334,
      "val_Sensitivity_std": 0.02550907026958793,
      "val_Specificity_mean": 0.9378761061946874,
      "val_Specificity_std": 0.022118153891892478,
      "val_score_mean": 0.7357332490518208,
      "val_score_std": 0.02182581620279329,
      "val_thr_mean": 0.29609759171295125,
      "val_thr_std": 0.051602418807154285
    }
  ],
  "task_id": 22,
  "thr_grid_size": 600
}