{
  "feature_set": "c110",
  "model": "et",
  "n_bootstrap": 50,
  "param_hash": "1be9c19e7446",
  "param_index": 4,
  "params": {
    "bootstrap": true,
    "max_depth": 20,
    "max_features": "sqrt",
    "max_samples": 1.0,
    "min_samples_leaf": 4,
    "min_samples_split": 4,
    "n_estimators": 1500
  },
  "runtime_s": 608.6810014247894,
  "summary_preview": [
    {
      "criterion": "f1",
      "feature_set": "c110",
      "model": "et",
      "param_hash": "1be9c19e7446",
      "param_index": 4,
      "test_Brier_mean": 0.07142086291699369,
      "test_Brier_std": 0.0012520549861700586,
      "test_LogLoss_mean": 0.25003307712491035,
      "test_LogLoss_std": 0.003755193682187409,
      "test_PR_AUC_mean": 0.8713825220193789,
      "test_PR_AUC_std": 0.007310705532106371,
      "test_Precision_mean": 0.8308938285536733,
      "test_Precision_std": 0.014690318214720156,
      "test_ROC_AUC_mean": 0.9517038909959264,
      "test_ROC_AUC_std": 0.0037806576512106407,
      "test_Sensitivity_mean": 0.7790476190476099,
      "test_Sensitivity_std": 0.028777198773247907,
      "test_Specificity_mean": 0.960589970501472,
      "test_Specificity_std": 0.004905733572981103,
      "val_Precision_mean": 0.7892996990314431,
      "val_Precision_std": 0.026807581417452847,
      "val_Sensitivity_mean": 0.7461904761904674,
      "val_Sensitivity_std": 0.026285277668518906,
      "val_Specificity_mean": 0.9502064896755134,
      "val_Specificity_std": 0.009528656341395441,
      "val_score_mean": 0.7664295724798776,
      "val_score_std": 0.01280598459204066,
      "val_thr_mean": 0.31849783585136077,
      "val_thr_std": 0.020496934867145856
    },
    {
      "criterion": "youden",
      "feature_set": "c110",
      "model": "et",
      "param_hash": "1be9c19e7446",
      "param_index": 4,
      "test_Brier_mean": 0.07142086291699369,
      "test_Brier_std": 0.0012520549861700586,
      "test_LogLoss_mean": 0.25003307712491035,
      "test_LogLoss_std": 0.003755193682187409,
      "test_PR_AUC_mean": 0.8713825220193789,
      "test_PR_AUC_std": 0.007310705532106371,
      "test_Precision_mean": 0.724673986298763,
      "test_Precision_std": 0.06907451316120528,
      "test_ROC_AUC_mean": 0.9517038909959264,
      "test_ROC_AUC_std": 0.0037806576512106407,
      "test_Sensitivity_mean": 0.852142857142847,
      "test_Sensitivity_std": 0.023205406839068656,
      "test_Specificity_mean": 0.9166371681415901,
      "test_Specificity_std": 0.029503400957570713,
      "val_Precision_mean": 0.6801311797065952,
      "val_Precision_std": 0.04083191952936273,
      "val_Sensitivity_mean": 0.8138095238095141,
      "val_Sensitivity_std": 0.016794594415820943,
      "val_Specificity_mean": 0.9038938053097318,
      "val_Specificity_std": 0.0184178702266064,
      "val_score_mean": 0.717703329119246,
      "val_score_std": 0.010965009196370718,
      "val_thr_mean": 0.23893926479416133,
      "val_thr_std": 0.028557847279197978
    }
  ],
  "task_id": 28,
  "thr_grid_size": 600
}