{
  "feature_set": "c110_snr",
  "model": "rf",
  "n_bootstrap": 50,
  "param_hash": "93530ef68b1b",
  "param_index": 14,
  "params": {
    "bootstrap": true,
    "class_weight": "balanced",
    "max_depth": null,
    "max_features": "0.2",
    "min_samples_leaf": 2,
    "min_samples_split": 2,
    "n_estimators": 1500
  },
  "runtime_s": 805.5066237449646,
  "summary_preview": [
    {
      "criterion": "f1",
      "feature_set": "c110_snr",
      "model": "rf",
      "param_hash": "93530ef68b1b",
      "param_index": 14,
      "test_Brier_mean": 0.05411410405062401,
      "test_Brier_std": 0.0022517611184997557,
      "test_LogLoss_mean": 0.1990227692138135,
      "test_LogLoss_std": 0.006423010856552863,
      "test_PR_AUC_mean": 0.8999431921910354,
      "test_PR_AUC_std": 0.008473861307363977,
      "test_Precision_mean": 0.8823286246547363,
      "test_Precision_std": 0.038680814824934205,
      "test_ROC_AUC_mean": 0.962094395280236,
      "test_ROC_AUC_std": 0.004167659261184246,
      "test_Sensitivity_mean": 0.7928571428571335,
      "test_Sensitivity_std": 0.05447488904097545,
      "test_Specificity_mean": 0.9728023598820029,
      "test_Specificity_std": 0.0119384083111088,
      "val_Precision_mean": 0.8862652794086019,
      "val_Precision_std": 0.05046632926334605,
      "val_Sensitivity_mean": 0.7747619047618955,
      "val_Sensitivity_std": 0.03234334407803545,
      "val_Specificity_mean": 0.9742182890855428,
      "val_Specificity_std": 0.013456169051996742,
      "val_score_mean": 0.8249121645592912,
      "val_score_std": 0.010477982564075582,
      "val_thr_mean": 0.3845756400179139,
      "val_thr_std": 0.08898921261645745
    },
    {
      "criterion": "youden",
      "feature_set": "c110_snr",
      "model": "rf",
      "param_hash": "93530ef68b1b",
      "param_index": 14,
      "test_Brier_mean": 0.05411410405062401,
      "test_Brier_std": 0.0022517611184997557,
      "test_LogLoss_mean": 0.1990227692138135,
      "test_LogLoss_std": 0.006423010856552863,
      "test_PR_AUC_mean": 0.8999431921910354,
      "test_PR_AUC_std": 0.008473861307363977,
      "test_Precision_mean": 0.7814400225070399,
      "test_Precision_std": 0.05364764634759914,
      "test_ROC_AUC_mean": 0.962094395280236,
      "test_ROC_AUC_std": 0.004167659261184246,
      "test_Sensitivity_mean": 0.8807142857142753,
      "test_Sensitivity_std": 0.02747427793381688,
      "test_Specificity_mean": 0.9371681415929176,
      "test_Specificity_std": 0.022004171075520662,
      "val_Precision_mean": 0.7884430921459307,
      "val_Precision_std": 0.046568244727412396,
      "val_Sensitivity_mean": 0.8252380952380856,
      "val_Sensitivity_std": 0.019456258021870634,
      "val_Specificity_mean": 0.9438938053097317,
      "val_Specificity_std": 0.017481962062087852,
      "val_score_mean": 0.7691319005478172,
      "val_score_std": 0.009475216463481694,
      "val_thr_mean": 0.24136736631380334,
      "val_thr_std": 0.04083370669740931
    }
  ],
  "task_id": 398,
  "thr_grid_size": 600
}