{
  "feature_set": "c110_snr",
  "model": "rf",
  "n_bootstrap": 50,
  "param_hash": "bdb980b4c5bd",
  "param_index": 0,
  "params": {
    "bootstrap": true,
    "class_weight": null,
    "max_depth": null,
    "max_features": "sqrt",
    "min_samples_leaf": 2,
    "min_samples_split": 2,
    "n_estimators": 1500
  },
  "runtime_s": 358.7235577106476,
  "summary_preview": [
    {
      "criterion": "f1",
      "feature_set": "c110_snr",
      "model": "rf",
      "param_hash": "bdb980b4c5bd",
      "param_index": 0,
      "test_Brier_mean": 0.06395072261518867,
      "test_Brier_std": 0.0013702408155604996,
      "test_LogLoss_mean": 0.22914880592139616,
      "test_LogLoss_std": 0.0036180819550931625,
      "test_PR_AUC_mean": 0.8780248924845,
      "test_PR_AUC_std": 0.008563472609963128,
      "test_Precision_mean": 0.8755006501937064,
      "test_Precision_std": 0.025915792946279607,
      "test_ROC_AUC_mean": 0.9534351734794213,
      "test_ROC_AUC_std": 0.0038168809378567414,
      "test_Sensitivity_mean": 0.7442857142857054,
      "test_Sensitivity_std": 0.049887652019860916,
      "test_Specificity_mean": 0.9732743362831829,
      "test_Specificity_std": 0.007477103960870391,
      "val_Precision_mean": 0.8609955529619026,
      "val_Precision_std": 0.049001338985030146,
      "val_Sensitivity_mean": 0.7178571428571344,
      "val_Sensitivity_std": 0.03445714215876628,
      "val_Specificity_mean": 0.9701474926253658,
      "val_Specificity_std": 0.012693252826691308,
      "val_score_mean": 0.7809506374283113,
      "val_score_std": 0.008923341682354553,
      "val_thr_mean": 0.3967093796539206,
      "val_thr_std": 0.061778756964532326
    },
    {
      "criterion": "youden",
      "feature_set": "c110_snr",
      "model": "rf",
      "param_hash": "bdb980b4c5bd",
      "param_index": 0,
      "test_Brier_mean": 0.06395072261518867,
      "test_Brier_std": 0.0013702408155604996,
      "test_LogLoss_mean": 0.22914880592139616,
      "test_LogLoss_std": 0.0036180819550931625,
      "test_PR_AUC_mean": 0.8780248924845,
      "test_PR_AUC_std": 0.008563472609963128,
      "test_Precision_mean": 0.7718376497484057,
      "test_Precision_std": 0.07440540868100513,
      "test_ROC_AUC_mean": 0.9534351734794213,
      "test_ROC_AUC_std": 0.0038168809378567414,
      "test_Sensitivity_mean": 0.8357142857142759,
      "test_Sensitivity_std": 0.03741496598639412,
      "test_Specificity_mean": 0.9351032448377553,
      "test_Specificity_std": 0.031309187730310405,
      "val_Precision_mean": 0.7184480714453478,
      "val_Precision_std": 0.06751534066237248,
      "val_Sensitivity_mean": 0.7907142857142763,
      "val_Sensitivity_std": 0.03410616657382892,
      "val_Specificity_mean": 0.9197640117994073,
      "val_Specificity_std": 0.030271024013599525,
      "val_score_mean": 0.7104782975136835,
      "val_score_std": 0.014955014474806943,
      "val_thr_mean": 0.27365502119292945,
      "val_thr_std": 0.04608641911902047
    }
  ],
  "task_id": 384,
  "thr_grid_size": 600
}