{
  "feature_set": "c110_d110_snr",
  "model": "brf",
  "n_bootstrap": 50,
  "param_hash": "45c6b76660fe",
  "param_index": 8,
  "params": {
    "max_depth": null,
    "max_features": "0.3",
    "min_samples_leaf": 1,
    "min_samples_split": 2,
    "n_estimators": 1500,
    "replacement": false,
    "sampling_strategy": "auto"
  },
  "runtime_s": 951.7793519496918,
  "summary_preview": [
    {
      "criterion": "f1",
      "feature_set": "c110_d110_snr",
      "model": "brf",
      "param_hash": "45c6b76660fe",
      "param_index": 8,
      "test_Brier_mean": 0.06184899332807985,
      "test_Brier_std": 0.0027274882509694277,
      "test_LogLoss_mean": 0.23707132839281367,
      "test_LogLoss_std": 0.007806014871449997,
      "test_PR_AUC_mean": 0.885767931172296,
      "test_PR_AUC_std": 0.0061210811417091475,
      "test_Precision_mean": 0.8866241205263786,
      "test_Precision_std": 0.026459507328973293,
      "test_ROC_AUC_mean": 0.9571811349908695,
      "test_ROC_AUC_std": 0.0032895287942458834,
      "test_Sensitivity_mean": 0.8109523809523713,
      "test_Sensitivity_std": 0.024128092314242174,
      "test_Specificity_mean": 0.9740412979351004,
      "test_Specificity_std": 0.007201014534612312,
      "val_Precision_mean": 0.9021192459892414,
      "val_Precision_std": 0.02153069693518377,
      "val_Sensitivity_mean": 0.7666666666666576,
      "val_Sensitivity_std": 0.016488706998014507,
      "val_Specificity_mean": 0.9792330383480796,
      "val_Specificity_std": 0.005295668966676772,
      "val_score_mean": 0.8286177101507505,
      "val_score_std": 0.010930126009889697,
      "val_thr_mean": 0.6061573734001114,
      "val_thr_std": 0.04573112186825058
    },
    {
      "criterion": "youden",
      "feature_set": "c110_d110_snr",
      "model": "brf",
      "param_hash": "45c6b76660fe",
      "param_index": 8,
      "test_Brier_mean": 0.06184899332807985,
      "test_Brier_std": 0.0027274882509694277,
      "test_LogLoss_mean": 0.23707132839281367,
      "test_LogLoss_std": 0.007806014871449997,
      "test_PR_AUC_mean": 0.885767931172296,
      "test_PR_AUC_std": 0.0061210811417091475,
      "test_Precision_mean": 0.8344722531136146,
      "test_Precision_std": 0.0478776117467779,
      "test_ROC_AUC_mean": 0.9571811349908695,
      "test_ROC_AUC_std": 0.0032895287942458834,
      "test_Sensitivity_mean": 0.8476190476190376,
      "test_Sensitivity_std": 0.03098786931681697,
      "test_Specificity_mean": 0.9571091445427701,
      "test_Specificity_std": 0.01646414891955306,
      "val_Precision_mean": 0.8417916879516533,
      "val_Precision_std": 0.054097677004151974,
      "val_Sensitivity_mean": 0.7945238095238001,
      "val_Sensitivity_std": 0.019212418758941377,
      "val_Specificity_mean": 0.9617109144542744,
      "val_Specificity_std": 0.016585370090711905,
      "val_score_mean": 0.7562347239780745,
      "val_score_std": 0.009922423502453028,
      "val_thr_mean": 0.5167959710628827,
      "val_thr_std": 0.06852528038911729
    }
  ],
  "task_id": 536,
  "thr_grid_size": 600
}