{
  "feature_set": "c110_d110",
  "model": "bbag",
  "n_bootstrap": 50,
  "param_hash": "f2c3f79325ee",
  "param_index": 9,
  "params": {
    "base_max_depth": null,
    "base_max_features": "0.5",
    "base_min_samples_leaf": 1,
    "base_min_samples_split": 2,
    "bootstrap": true,
    "max_features": 0.5,
    "max_samples": 1.0,
    "n_estimators": 1200,
    "replacement": true,
    "sampling_strategy": "auto"
  },
  "runtime_s": 137.10068321228027,
  "summary_preview": [
    {
      "criterion": "f1",
      "feature_set": "c110_d110",
      "model": "bbag",
      "param_hash": "f2c3f79325ee",
      "param_index": 9,
      "test_Brier_mean": 0.06438940041371159,
      "test_Brier_std": 0.002080764555061346,
      "test_LogLoss_mean": 0.24396264903150988,
      "test_LogLoss_std": 0.006928690149805953,
      "test_PR_AUC_mean": 0.9021901433050441,
      "test_PR_AUC_std": 0.004619806700709394,
      "test_Precision_mean": 0.881602336938903,
      "test_Precision_std": 0.03564290084548366,
      "test_ROC_AUC_mean": 0.962184646720045,
      "test_ROC_AUC_std": 0.002171492286927454,
      "test_Sensitivity_mean": 0.7876190476190383,
      "test_Sensitivity_std": 0.05828943629064399,
      "test_Specificity_mean": 0.972920353982298,
      "test_Specificity_std": 0.010521525064284026,
      "val_Precision_mean": 0.8756374608036261,
      "val_Precision_std": 0.04993818804280138,
      "val_Sensitivity_mean": 0.7578571428571338,
      "val_Sensitivity_std": 0.0349041579939718,
      "val_Specificity_mean": 0.9721533923303806,
      "val_Specificity_std": 0.012853412355413658,
      "val_score_mean": 0.8104565174140962,
      "val_score_std": 0.006507689150296414,
      "val_thr_mean": 0.561794936004452,
      "val_thr_std": 0.07749138481780443
    },
    {
      "criterion": "youden",
      "feature_set": "c110_d110",
      "model": "bbag",
      "param_hash": "f2c3f79325ee",
      "param_index": 9,
      "test_Brier_mean": 0.06438940041371159,
      "test_Brier_std": 0.002080764555061346,
      "test_LogLoss_mean": 0.24396264903150988,
      "test_LogLoss_std": 0.006928690149805953,
      "test_PR_AUC_mean": 0.9021901433050441,
      "test_PR_AUC_std": 0.004619806700709394,
      "test_Precision_mean": 0.8228929598345738,
      "test_Precision_std": 0.03558707277057662,
      "test_ROC_AUC_mean": 0.962184646720045,
      "test_ROC_AUC_std": 0.002171492286927454,
      "test_Sensitivity_mean": 0.8585714285714183,
      "test_Sensitivity_std": 0.021055493252438034,
      "test_Specificity_mean": 0.9535693215339204,
      "test_Specificity_std": 0.01218166563644675,
      "val_Precision_mean": 0.802610778462153,
      "val_Precision_std": 0.03283240173819645,
      "val_Sensitivity_mean": 0.7988095238095143,
      "val_Sensitivity_std": 0.011597093279749768,
      "val_Specificity_mean": 0.9507964601769884,
      "val_Specificity_std": 0.010963724219551028,
      "val_score_mean": 0.7496059839865026,
      "val_score_std": 0.007485471601084677,
      "val_thr_mean": 0.4496566499721758,
      "val_thr_std": 0.03420671144771757
    }
  ],
  "task_id": 177,
  "thr_grid_size": 600
}