{
  "feature_set": "c110_d110_errors",
  "model": "brf",
  "n_bootstrap": 50,
  "param_hash": "e36a6e0bcff3",
  "param_index": 5,
  "params": {
    "max_depth": 30,
    "max_features": "0.3",
    "min_samples_leaf": 4,
    "min_samples_split": 8,
    "n_estimators": 2500,
    "replacement": false,
    "sampling_strategy": "auto"
  },
  "runtime_s": 1402.4765775203705,
  "summary_preview": [
    {
      "criterion": "f1",
      "feature_set": "c110_d110_errors",
      "model": "brf",
      "param_hash": "e36a6e0bcff3",
      "param_index": 5,
      "test_Brier_mean": 0.06082907558849846,
      "test_Brier_std": 0.0027397054508849507,
      "test_LogLoss_mean": 0.2303833316029496,
      "test_LogLoss_std": 0.008027592617816623,
      "test_PR_AUC_mean": 0.9030604705258846,
      "test_PR_AUC_std": 0.006106435016940604,
      "test_Precision_mean": 0.8838539994638848,
      "test_Precision_std": 0.027764413734177328,
      "test_ROC_AUC_mean": 0.9622116870346958,
      "test_ROC_AUC_std": 0.002769552916964965,
      "test_Sensitivity_mean": 0.8164285714285617,
      "test_Sensitivity_std": 0.04620657850035701,
      "test_Specificity_mean": 0.972920353982298,
      "test_Specificity_std": 0.008400502482528901,
      "val_Precision_mean": 0.8982748212189329,
      "val_Precision_std": 0.034530346815916754,
      "val_Sensitivity_mean": 0.75904761904761,
      "val_Sensitivity_std": 0.028716831182592068,
      "val_Specificity_mean": 0.9781710914454247,
      "val_Specificity_std": 0.008899583683920284,
      "val_score_mean": 0.8217948411087151,
      "val_score_std": 0.012777011401563544,
      "val_thr_mean": 0.6234427036277395,
      "val_thr_std": 0.07808306013982953
    },
    {
      "criterion": "youden",
      "feature_set": "c110_d110_errors",
      "model": "brf",
      "param_hash": "e36a6e0bcff3",
      "param_index": 5,
      "test_Brier_mean": 0.06082907558849846,
      "test_Brier_std": 0.0027397054508849507,
      "test_LogLoss_mean": 0.2303833316029496,
      "test_LogLoss_std": 0.008027592617816623,
      "test_PR_AUC_mean": 0.9030604705258846,
      "test_PR_AUC_std": 0.006106435016940604,
      "test_Precision_mean": 0.8152577968474236,
      "test_Precision_std": 0.05621016894003631,
      "test_ROC_AUC_mean": 0.9622116870346958,
      "test_ROC_AUC_std": 0.002769552916964965,
      "test_Sensitivity_mean": 0.8680952380952278,
      "test_Sensitivity_std": 0.03040747841990033,
      "test_Specificity_mean": 0.9494985250737434,
      "test_Specificity_std": 0.020520771332690497,
      "val_Precision_mean": 0.8141101839274067,
      "val_Precision_std": 0.06541242946067716,
      "val_Sensitivity_mean": 0.7983333333333239,
      "val_Sensitivity_std": 0.021432620284805456,
      "val_Specificity_mean": 0.952802359882003,
      "val_Specificity_std": 0.021504173320139975,
      "val_score_mean": 0.7511356932153269,
      "val_score_std": 0.011736242715630951,
      "val_thr_mean": 0.5004200824707847,
      "val_thr_std": 0.07931251130990513
    }
  ],
  "task_id": 341,
  "thr_grid_size": 600
}