{
  "feature_set": "c110",
  "model": "brf",
  "n_bootstrap": 50,
  "param_hash": "398f707beed4",
  "param_index": 4,
  "params": {
    "max_depth": 20,
    "max_features": "sqrt",
    "min_samples_leaf": 4,
    "min_samples_split": 2,
    "n_estimators": 2500,
    "replacement": true,
    "sampling_strategy": "auto"
  },
  "runtime_s": 835.4955132007599,
  "summary_preview": [
    {
      "criterion": "f1",
      "feature_set": "c110",
      "model": "brf",
      "param_hash": "398f707beed4",
      "param_index": 4,
      "test_Brier_mean": 0.07438918706308967,
      "test_Brier_std": 0.002702995229952851,
      "test_LogLoss_mean": 0.2727776024323061,
      "test_LogLoss_std": 0.007831093436046602,
      "test_PR_AUC_mean": 0.8998258549078454,
      "test_PR_AUC_std": 0.007179936842808007,
      "test_Precision_mean": 0.8756501017900825,
      "test_Precision_std": 0.027648364859763633,
      "test_ROC_AUC_mean": 0.9626408203399355,
      "test_ROC_AUC_std": 0.0034002753311349722,
      "test_Sensitivity_mean": 0.7623809523809433,
      "test_Sensitivity_std": 0.04761661801381989,
      "test_Specificity_mean": 0.9726843657817079,
      "test_Specificity_std": 0.008101771552704015,
      "val_Precision_mean": 0.8737497118079718,
      "val_Precision_std": 0.04543360348786785,
      "val_Sensitivity_mean": 0.7461904761904674,
      "val_Sensitivity_std": 0.029005449803166782,
      "val_Specificity_mean": 0.9723893805309706,
      "val_Specificity_std": 0.011659516264146701,
      "val_score_mean": 0.803474395983954,
      "val_score_std": 0.010519240052720931,
      "val_thr_mean": 0.5988689539232053,
      "val_thr_std": 0.06025195807917799
    },
    {
      "criterion": "youden",
      "feature_set": "c110",
      "model": "brf",
      "param_hash": "398f707beed4",
      "param_index": 4,
      "test_Brier_mean": 0.07438918706308967,
      "test_Brier_std": 0.002702995229952851,
      "test_LogLoss_mean": 0.2727776024323061,
      "test_LogLoss_std": 0.007831093436046602,
      "test_PR_AUC_mean": 0.8998258549078454,
      "test_PR_AUC_std": 0.007179936842808007,
      "test_Precision_mean": 0.8022927079830587,
      "test_Precision_std": 0.04748879588031137,
      "test_ROC_AUC_mean": 0.9626408203399355,
      "test_ROC_AUC_std": 0.0034002753311349722,
      "test_Sensitivity_mean": 0.8552380952380851,
      "test_Sensitivity_std": 0.03309647906168707,
      "test_Specificity_mean": 0.9463126843657789,
      "test_Specificity_std": 0.01937558185010133,
      "val_Precision_mean": 0.7703062865400944,
      "val_Precision_std": 0.049396964560780146,
      "val_Sensitivity_mean": 0.8028571428571334,
      "val_Sensitivity_std": 0.019114314718676178,
      "val_Specificity_mean": 0.9392330383480798,
      "val_Specificity_std": 0.019256063478796177,
      "val_score_mean": 0.7420901812052131,
      "val_score_std": 0.01147005868112611,
      "val_thr_mean": 0.47862986274478625,
      "val_thr_std": 0.036330283515984274
    }
  ],
  "task_id": 52,
  "thr_grid_size": 600
}