{
  "feature_set": "c110_d110_snr",
  "model": "brf",
  "n_bootstrap": 50,
  "param_hash": "d46ad37179de",
  "param_index": 18,
  "params": {
    "max_depth": 20,
    "max_features": "sqrt",
    "min_samples_leaf": 1,
    "min_samples_split": 4,
    "n_estimators": 800,
    "replacement": true,
    "sampling_strategy": "auto"
  },
  "runtime_s": 258.4275267124176,
  "summary_preview": [
    {
      "criterion": "f1",
      "feature_set": "c110_d110_snr",
      "model": "brf",
      "param_hash": "d46ad37179de",
      "param_index": 18,
      "test_Brier_mean": 0.07148045423028822,
      "test_Brier_std": 0.0030983332989250453,
      "test_LogLoss_mean": 0.2652589806823118,
      "test_LogLoss_std": 0.008665451828115959,
      "test_PR_AUC_mean": 0.8964803824999856,
      "test_PR_AUC_std": 0.0063284830779382914,
      "test_Precision_mean": 0.8675411804353814,
      "test_Precision_std": 0.0373493289115641,
      "test_ROC_AUC_mean": 0.9609362269981738,
      "test_ROC_AUC_std": 0.0035307352526042692,
      "test_Sensitivity_mean": 0.7921428571428477,
      "test_Sensitivity_std": 0.046835758984792406,
      "test_Specificity_mean": 0.969203539823006,
      "test_Specificity_std": 0.010746469663751571,
      "val_Precision_mean": 0.8660618375548451,
      "val_Precision_std": 0.042541316023273976,
      "val_Sensitivity_mean": 0.7673809523809433,
      "val_Sensitivity_std": 0.025134420426854577,
      "val_Specificity_mean": 0.9697935103244808,
      "val_Specificity_std": 0.01126916464090908,
      "val_score_mean": 0.8125039611967655,
      "val_score_std": 0.009106509544047698,
      "val_thr_mean": 0.5672501407668511,
      "val_thr_std": 0.05598934959229906
    },
    {
      "criterion": "youden",
      "feature_set": "c110_d110_snr",
      "model": "brf",
      "param_hash": "d46ad37179de",
      "param_index": 18,
      "test_Brier_mean": 0.07148045423028822,
      "test_Brier_std": 0.0030983332989250453,
      "test_LogLoss_mean": 0.2652589806823118,
      "test_LogLoss_std": 0.008665451828115959,
      "test_PR_AUC_mean": 0.8964803824999856,
      "test_PR_AUC_std": 0.0063284830779382914,
      "test_Precision_mean": 0.8112254936771518,
      "test_Precision_std": 0.03532750734273392,
      "test_ROC_AUC_mean": 0.9609362269981738,
      "test_ROC_AUC_std": 0.0035307352526042692,
      "test_Sensitivity_mean": 0.8535714285714185,
      "test_Sensitivity_std": 0.021944707313883965,
      "test_Specificity_mean": 0.9500884955752185,
      "test_Specificity_std": 0.012668044991525244,
      "val_Precision_mean": 0.7995073425085495,
      "val_Precision_std": 0.03537100143115977,
      "val_Sensitivity_mean": 0.8038095238095143,
      "val_Sensitivity_std": 0.01134240272145098,
      "val_Specificity_mean": 0.9494395280235959,
      "val_Specificity_std": 0.012082128597384957,
      "val_score_mean": 0.7532490518331102,
      "val_score_std": 0.008052423863329917,
      "val_thr_mean": 0.4856883167133131,
      "val_thr_std": 0.03163963903005095
    }
  ],
  "task_id": 546,
  "thr_grid_size": 600
}