{
  "feature_set": "c110",
  "model": "bbag",
  "n_bootstrap": 50,
  "param_hash": "ce452f8767aa",
  "param_index": 14,
  "params": {
    "base_max_depth": null,
    "base_max_features": "0.3",
    "base_min_samples_leaf": 2,
    "base_min_samples_split": 8,
    "bootstrap": true,
    "max_features": 1.0,
    "max_samples": 0.5,
    "n_estimators": 1200,
    "replacement": false,
    "sampling_strategy": "auto"
  },
  "runtime_s": 94.53497409820557,
  "summary_preview": [
    {
      "criterion": "f1",
      "feature_set": "c110",
      "model": "bbag",
      "param_hash": "ce452f8767aa",
      "param_index": 14,
      "test_Brier_mean": 0.07421174966737876,
      "test_Brier_std": 0.002490742018835922,
      "test_LogLoss_mean": 0.27378746986665964,
      "test_LogLoss_std": 0.00748895727866914,
      "test_PR_AUC_mean": 0.8878595176796786,
      "test_PR_AUC_std": 0.006159298808757202,
      "test_Precision_mean": 0.8509383638130963,
      "test_Precision_std": 0.018494320752401604,
      "test_ROC_AUC_mean": 0.9582076134288523,
      "test_ROC_AUC_std": 0.0029672051749810883,
      "test_Sensitivity_mean": 0.7861904761904668,
      "test_Sensitivity_std": 0.03451668771421012,
      "test_Specificity_mean": 0.9656637168141563,
      "test_Specificity_std": 0.0059524462142467975,
      "val_Precision_mean": 0.8292169569303585,
      "val_Precision_std": 0.03346166410027726,
      "val_Sensitivity_mean": 0.7652380952380863,
      "val_Sensitivity_std": 0.0239355266472911,
      "val_Specificity_mean": 0.9603539823008821,
      "val_Specificity_std": 0.010116589018540996,
      "val_score_mean": 0.795028606227242,
      "val_score_std": 0.008778212448537492,
      "val_thr_mean": 0.5375577510246354,
      "val_thr_std": 0.044319602180305256
    },
    {
      "criterion": "youden",
      "feature_set": "c110",
      "model": "bbag",
      "param_hash": "ce452f8767aa",
      "param_index": 14,
      "test_Brier_mean": 0.07421174966737876,
      "test_Brier_std": 0.002490742018835922,
      "test_LogLoss_mean": 0.27378746986665964,
      "test_LogLoss_std": 0.00748895727866914,
      "test_PR_AUC_mean": 0.8878595176796786,
      "test_PR_AUC_std": 0.006159298808757202,
      "test_Precision_mean": 0.7926872460521404,
      "test_Precision_std": 0.040516632168351496,
      "test_ROC_AUC_mean": 0.9582076134288523,
      "test_ROC_AUC_std": 0.0029672051749810883,
      "test_Sensitivity_mean": 0.8492857142857042,
      "test_Sensitivity_std": 0.018255200589378975,
      "test_Specificity_mean": 0.9440707964601742,
      "test_Specificity_std": 0.015298427267528558,
      "val_Precision_mean": 0.741025806727337,
      "val_Precision_std": 0.03720086983043452,
      "val_Sensitivity_mean": 0.8116666666666571,
      "val_Sensitivity_std": 0.015714506580301216,
      "val_Specificity_mean": 0.9288495575221211,
      "val_Specificity_std": 0.0147750061288762,
      "val_score_mean": 0.7405162241887782,
      "val_score_std": 0.010414165302382719,
      "val_thr_mean": 0.44630424526387175,
      "val_thr_std": 0.025183570708881702
    }
  ],
  "task_id": 86,
  "thr_grid_size": 600
}