{
  "feature_set": "c110",
  "model": "brf",
  "n_bootstrap": 50,
  "param_hash": "46f99e841907",
  "param_index": 7,
  "params": {
    "max_depth": 30,
    "max_features": "sqrt",
    "min_samples_leaf": 2,
    "min_samples_split": 8,
    "n_estimators": 1500,
    "replacement": true,
    "sampling_strategy": "auto"
  },
  "runtime_s": 478.1264109611511,
  "summary_preview": [
    {
      "criterion": "f1",
      "feature_set": "c110",
      "model": "brf",
      "param_hash": "46f99e841907",
      "param_index": 7,
      "test_Brier_mean": 0.07435271632337996,
      "test_Brier_std": 0.0030791620358641514,
      "test_LogLoss_mean": 0.2705543308572921,
      "test_LogLoss_std": 0.009962233767039365,
      "test_PR_AUC_mean": 0.8982310976523395,
      "test_PR_AUC_std": 0.007047369915161915,
      "test_Precision_mean": 0.8746630078586815,
      "test_Precision_std": 0.03075799449288511,
      "test_ROC_AUC_mean": 0.9618352296670881,
      "test_ROC_AUC_std": 0.0035455603976198642,
      "test_Sensitivity_mean": 0.7657142857142766,
      "test_Sensitivity_std": 0.043521468167954075,
      "test_Specificity_mean": 0.9722123893805281,
      "test_Specificity_std": 0.008901379382873765,
      "val_Precision_mean": 0.8769108281237092,
      "val_Precision_std": 0.04489385251075901,
      "val_Sensitivity_mean": 0.7495238095238007,
      "val_Sensitivity_std": 0.028957546467744892,
      "val_Specificity_mean": 0.9730383480825929,
      "val_Specificity_std": 0.011769421889034813,
      "val_score_mean": 0.8067599116360484,
      "val_score_std": 0.01045782061401088,
      "val_thr_mean": 0.5987760614251265,
      "val_thr_std": 0.0524526787527608
    },
    {
      "criterion": "youden",
      "feature_set": "c110",
      "model": "brf",
      "param_hash": "46f99e841907",
      "param_index": 7,
      "test_Brier_mean": 0.07435271632337996,
      "test_Brier_std": 0.0030791620358641514,
      "test_LogLoss_mean": 0.2705543308572921,
      "test_LogLoss_std": 0.009962233767039365,
      "test_PR_AUC_mean": 0.8982310976523395,
      "test_PR_AUC_std": 0.007047369915161915,
      "test_Precision_mean": 0.8043257435583467,
      "test_Precision_std": 0.03396027430259221,
      "test_ROC_AUC_mean": 0.9618352296670881,
      "test_ROC_AUC_std": 0.0035455603976198642,
      "test_Sensitivity_mean": 0.8514285714285613,
      "test_Sensitivity_std": 0.033347213547689804,
      "test_Specificity_mean": 0.9479056047197613,
      "test_Specificity_std": 0.012650790748950268,
      "val_Precision_mean": 0.7814744227576239,
      "val_Precision_std": 0.04022090613234907,
      "val_Sensitivity_mean": 0.7992857142857048,
      "val_Sensitivity_std": 0.014631781743018529,
      "val_Specificity_mean": 0.9437758112094368,
      "val_Specificity_std": 0.014283290054574335,
      "val_score_mean": 0.7430615254951415,
      "val_score_std": 0.011109972995797026,
      "val_thr_mean": 0.48483490415242336,
      "val_thr_std": 0.03794886420985677
    }
  ],
  "task_id": 55,
  "thr_grid_size": 600
}