{
  "feature_set": "c110_d110",
  "model": "rf",
  "n_bootstrap": 50,
  "param_hash": "551bbcb96f06",
  "param_index": 22,
  "params": {
    "bootstrap": true,
    "class_weight": null,
    "max_depth": null,
    "max_features": "0.5",
    "min_samples_leaf": 4,
    "min_samples_split": 4,
    "n_estimators": 800
  },
  "runtime_s": 1043.1200029850006,
  "summary_preview": [
    {
      "criterion": "f1",
      "feature_set": "c110_d110",
      "model": "rf",
      "param_hash": "551bbcb96f06",
      "param_index": 22,
      "test_Brier_mean": 0.0523882375343147,
      "test_Brier_std": 0.002510500353115532,
      "test_LogLoss_mean": 0.1923803222133054,
      "test_LogLoss_std": 0.007057132541334598,
      "test_PR_AUC_mean": 0.89166527545819,
      "test_PR_AUC_std": 0.009104331311463347,
      "test_Precision_mean": 0.9097530498027459,
      "test_Precision_std": 0.020148739798231896,
      "test_ROC_AUC_mean": 0.9552879617923865,
      "test_ROC_AUC_std": 0.0034632210372040374,
      "test_Sensitivity_mean": 0.7664285714285622,
      "test_Sensitivity_std": 0.04556363356445223,
      "test_Specificity_mean": 0.9809439528023569,
      "test_Specificity_std": 0.005337421709916149,
      "val_Precision_mean": 0.9141979591639142,
      "val_Precision_std": 0.028201564038135132,
      "val_Sensitivity_mean": 0.7295238095238009,
      "val_Sensitivity_std": 0.02369261873097658,
      "val_Specificity_mean": 0.9827138643067816,
      "val_Specificity_std": 0.006528688945894094,
      "val_score_mean": 0.8108179589287444,
      "val_score_std": 0.010687416976735356,
      "val_thr_mean": 0.5189544856190463,
      "val_thr_std": 0.08056161731373722
    },
    {
      "criterion": "youden",
      "feature_set": "c110_d110",
      "model": "rf",
      "param_hash": "551bbcb96f06",
      "param_index": 22,
      "test_Brier_mean": 0.0523882375343147,
      "test_Brier_std": 0.002510500353115532,
      "test_LogLoss_mean": 0.1923803222133054,
      "test_LogLoss_std": 0.007057132541334598,
      "test_PR_AUC_mean": 0.89166527545819,
      "test_PR_AUC_std": 0.009104331311463347,
      "test_Precision_mean": 0.8467350783891994,
      "test_Precision_std": 0.06885899483664122,
      "test_ROC_AUC_mean": 0.9552879617923865,
      "test_ROC_AUC_std": 0.0034632210372040374,
      "test_Sensitivity_mean": 0.8219047619047523,
      "test_Sensitivity_std": 0.0313553052421534,
      "test_Specificity_mean": 0.960943952802357,
      "test_Specificity_std": 0.023054957514008455,
      "val_Precision_mean": 0.8187594670787749,
      "val_Precision_std": 0.07670933920913417,
      "val_Sensitivity_mean": 0.7716666666666575,
      "val_Sensitivity_std": 0.02780911278101904,
      "val_Specificity_mean": 0.9547492625368703,
      "val_Specificity_std": 0.026144998943299608,
      "val_score_mean": 0.7264159292035278,
      "val_score_std": 0.013405185157136878,
      "val_thr_mean": 0.37686343811614426,
      "val_thr_std": 0.08734024949272821
    }
  ],
  "task_id": 118,
  "thr_grid_size": 600
}