{
  "feature_set": "c110_errors",
  "model": "brf",
  "n_bootstrap": 50,
  "param_hash": "8a29145b4a25",
  "param_index": 23,
  "params": {
    "max_depth": 20,
    "max_features": "0.5",
    "min_samples_leaf": 2,
    "min_samples_split": 4,
    "n_estimators": 800,
    "replacement": false,
    "sampling_strategy": "auto"
  },
  "runtime_s": 532.2557291984558,
  "summary_preview": [
    {
      "criterion": "f1",
      "feature_set": "c110_errors",
      "model": "brf",
      "param_hash": "8a29145b4a25",
      "param_index": 23,
      "test_Brier_mean": 0.06372958226212021,
      "test_Brier_std": 0.003523906820094263,
      "test_LogLoss_mean": 0.23642447532470212,
      "test_LogLoss_std": 0.010001402605970716,
      "test_PR_AUC_mean": 0.9027108496038653,
      "test_PR_AUC_std": 0.012385816670722099,
      "test_Precision_mean": 0.8890435710114925,
      "test_Precision_std": 0.03531290163347336,
      "test_ROC_AUC_mean": 0.9608684506250879,
      "test_ROC_AUC_std": 0.0062302947610210005,
      "test_Sensitivity_mean": 0.7695238095238004,
      "test_Sensitivity_std": 0.06729022555385031,
      "test_Specificity_mean": 0.9752802359881977,
      "test_Specificity_std": 0.011227010806013012,
      "val_Precision_mean": 0.9168034856903327,
      "val_Precision_std": 0.04529572445457801,
      "val_Sensitivity_mean": 0.7407142857142769,
      "val_Sensitivity_std": 0.04277405291696329,
      "val_Specificity_mean": 0.9823598820058967,
      "val_Specificity_std": 0.01179173189470683,
      "val_score_mean": 0.8173174281794711,
      "val_score_std": 0.01608417746798064,
      "val_thr_mean": 0.6427706844068908,
      "val_thr_std": 0.09240192439005396
    },
    {
      "criterion": "youden",
      "feature_set": "c110_errors",
      "model": "brf",
      "param_hash": "8a29145b4a25",
      "param_index": 23,
      "test_Brier_mean": 0.06372958226212021,
      "test_Brier_std": 0.003523906820094263,
      "test_LogLoss_mean": 0.23642447532470212,
      "test_LogLoss_std": 0.010001402605970716,
      "test_PR_AUC_mean": 0.9027108496038653,
      "test_PR_AUC_std": 0.012385816670722099,
      "test_Precision_mean": 0.7921266597950799,
      "test_Precision_std": 0.044650400026689685,
      "test_ROC_AUC_mean": 0.9608684506250879,
      "test_ROC_AUC_std": 0.0062302947610210005,
      "test_Sensitivity_mean": 0.8688095238095136,
      "test_Sensitivity_std": 0.03489421284475468,
      "test_Specificity_mean": 0.9424778761061918,
      "test_Specificity_std": 0.01629109294570388,
      "val_Precision_mean": 0.7870917002697102,
      "val_Precision_std": 0.056798944170913496,
      "val_Sensitivity_mean": 0.8057142857142762,
      "val_Sensitivity_std": 0.017745846885367973,
      "val_Specificity_mean": 0.9444837758112066,
      "val_Specificity_std": 0.01930846679122795,
      "val_score_mean": 0.7501980615254829,
      "val_score_std": 0.017865798183545473,
      "val_thr_mean": 0.4622614521866103,
      "val_thr_std": 0.06072832808464726
    }
  ],
  "task_id": 263,
  "thr_grid_size": 600
}