{
  "feature_set": "c110_errors",
  "model": "et",
  "n_bootstrap": 50,
  "param_hash": "ceef262f88a3",
  "param_index": 16,
  "params": {
    "bootstrap": false,
    "max_depth": 20,
    "max_features": "0.2",
    "max_samples": 1.0,
    "min_samples_leaf": 1,
    "min_samples_split": 4,
    "n_estimators": 2500
  },
  "runtime_s": 390.1873183250427,
  "summary_preview": [
    {
      "criterion": "f1",
      "feature_set": "c110_errors",
      "model": "et",
      "param_hash": "ceef262f88a3",
      "param_index": 16,
      "test_Brier_mean": 0.05191299947388419,
      "test_Brier_std": 0.0015747582328701896,
      "test_LogLoss_mean": 0.19312986593628628,
      "test_LogLoss_std": 0.0038826986447306052,
      "test_PR_AUC_mean": 0.9155362790786082,
      "test_PR_AUC_std": 0.006360431317888428,
      "test_Precision_mean": 0.9017037378693047,
      "test_Precision_std": 0.01935958608965109,
      "test_ROC_AUC_mean": 0.9702335299901672,
      "test_ROC_AUC_std": 0.0024763695579745567,
      "test_Sensitivity_mean": 0.7840476190476098,
      "test_Sensitivity_std": 0.029260598235477695,
      "test_Specificity_mean": 0.9786430678466047,
      "test_Specificity_std": 0.00511137941847662,
      "val_Precision_mean": 0.8946651522319554,
      "val_Precision_std": 0.0280146696160065,
      "val_Sensitivity_mean": 0.7523809523809435,
      "val_Sensitivity_std": 0.015020001473346489,
      "val_Specificity_mean": 0.9777581120943922,
      "val_Specificity_std": 0.006929815403265998,
      "val_score_mean": 0.8169268800699645,
      "val_score_std": 0.008642903408343566,
      "val_thr_mean": 0.4505800556981587,
      "val_thr_std": 0.03709178371419568
    },
    {
      "criterion": "youden",
      "feature_set": "c110_errors",
      "model": "et",
      "param_hash": "ceef262f88a3",
      "param_index": 16,
      "test_Brier_mean": 0.05191299947388419,
      "test_Brier_std": 0.0015747582328701896,
      "test_LogLoss_mean": 0.19312986593628628,
      "test_LogLoss_std": 0.0038826986447306052,
      "test_PR_AUC_mean": 0.9155362790786082,
      "test_PR_AUC_std": 0.006360431317888428,
      "test_Precision_mean": 0.8135812043772078,
      "test_Precision_std": 0.03914320100656163,
      "test_ROC_AUC_mean": 0.9702335299901672,
      "test_ROC_AUC_std": 0.0024763695579745567,
      "test_Sensitivity_mean": 0.8976190476190369,
      "test_Sensitivity_std": 0.028961541438650002,
      "test_Specificity_mean": 0.9481415929203512,
      "test_Specificity_std": 0.013643324105519185,
      "val_Precision_mean": 0.7564976581020155,
      "val_Precision_std": 0.05074170850329742,
      "val_Sensitivity_mean": 0.8149999999999903,
      "val_Sensitivity_std": 0.019422036763819445,
      "val_Specificity_mean": 0.9335693215339205,
      "val_Specificity_std": 0.017661348746607557,
      "val_score_mean": 0.7485693215339109,
      "val_score_std": 0.009176272868958911,
      "val_thr_mean": 0.2922304381507339,
      "val_thr_std": 0.04227735033994226
    }
  ],
  "task_id": 232,
  "thr_grid_size": 600
}