{
  "feature_set": "c110_d110",
  "model": "bbag",
  "n_bootstrap": 50,
  "param_hash": "1336419b5077",
  "param_index": 17,
  "params": {
    "base_max_depth": 10,
    "base_max_features": "sqrt",
    "base_min_samples_leaf": 4,
    "base_min_samples_split": 2,
    "bootstrap": true,
    "max_features": 1.0,
    "max_samples": 0.9,
    "n_estimators": 500,
    "replacement": true,
    "sampling_strategy": "auto"
  },
  "runtime_s": 57.500271797180176,
  "summary_preview": [
    {
      "criterion": "f1",
      "feature_set": "c110_d110",
      "model": "bbag",
      "param_hash": "1336419b5077",
      "param_index": 17,
      "test_Brier_mean": 0.08619167631470287,
      "test_Brier_std": 0.002768611665542543,
      "test_LogLoss_mean": 0.3112806085818183,
      "test_LogLoss_std": 0.008395959906506397,
      "test_PR_AUC_mean": 0.8587235862519426,
      "test_PR_AUC_std": 0.008542827504392603,
      "test_Precision_mean": 0.8159717215780272,
      "test_Precision_std": 0.023231153734111328,
      "test_ROC_AUC_mean": 0.9447485601910381,
      "test_ROC_AUC_std": 0.004817844457518551,
      "test_Sensitivity_mean": 0.7199999999999914,
      "test_Sensitivity_std": 0.029283324149701546,
      "test_Specificity_mean": 0.9594100294985222,
      "test_Specificity_std": 0.008397753869081252,
      "val_Precision_mean": 0.8065258283519845,
      "val_Precision_std": 0.03344632601876226,
      "val_Sensitivity_mean": 0.7190476190476106,
      "val_Sensitivity_std": 0.02356531710978037,
      "val_Specificity_mean": 0.95663716814159,
      "val_Specificity_std": 0.010976836306473713,
      "val_score_mean": 0.7593726418957786,
      "val_score_std": 0.009660322083619279,
      "val_thr_mean": 0.5374763270610527,
      "val_thr_std": 0.030645581284038846
    },
    {
      "criterion": "youden",
      "feature_set": "c110_d110",
      "model": "bbag",
      "param_hash": "1336419b5077",
      "param_index": 17,
      "test_Brier_mean": 0.08619167631470287,
      "test_Brier_std": 0.002768611665542543,
      "test_LogLoss_mean": 0.3112806085818183,
      "test_LogLoss_std": 0.008395959906506397,
      "test_PR_AUC_mean": 0.8587235862519426,
      "test_PR_AUC_std": 0.008542827504392603,
      "test_Precision_mean": 0.714817936119361,
      "test_Precision_std": 0.04084739889951584,
      "test_ROC_AUC_mean": 0.9447485601910381,
      "test_ROC_AUC_std": 0.004817844457518551,
      "test_Sensitivity_mean": 0.832857142857133,
      "test_Sensitivity_std": 0.030323658623159735,
      "test_Specificity_mean": 0.9164601769911477,
      "test_Specificity_std": 0.01829549292451362,
      "val_Precision_mean": 0.6858383071384644,
      "val_Precision_std": 0.028402525148263504,
      "val_Sensitivity_mean": 0.7928571428571334,
      "val_Sensitivity_std": 0.01075604646315763,
      "val_Specificity_mean": 0.9094395280235961,
      "val_Specificity_std": 0.012701784132407504,
      "val_score_mean": 0.7022966708807296,
      "val_score_std": 0.011184445353663348,
      "val_thr_mean": 0.42811387256097505,
      "val_thr_std": 0.02349810493602545
    }
  ],
  "task_id": 185,
  "thr_grid_size": 600
}