{
  "feature_set": "c110_errors",
  "model": "brf",
  "n_bootstrap": 50,
  "param_hash": "46f99e841907",
  "param_index": 7,
  "params": {
    "max_depth": 30,
    "max_features": "sqrt",
    "min_samples_leaf": 2,
    "min_samples_split": 8,
    "n_estimators": 1500,
    "replacement": true,
    "sampling_strategy": "auto"
  },
  "runtime_s": 527.3416721820831,
  "summary_preview": [
    {
      "criterion": "f1",
      "feature_set": "c110_errors",
      "model": "brf",
      "param_hash": "46f99e841907",
      "param_index": 7,
      "test_Brier_mean": 0.07952496412756224,
      "test_Brier_std": 0.003599829671953768,
      "test_LogLoss_mean": 0.2858113965954907,
      "test_LogLoss_std": 0.009271994916125107,
      "test_PR_AUC_mean": 0.8894243520951538,
      "test_PR_AUC_std": 0.01049159732891391,
      "test_Precision_mean": 0.8582147409346769,
      "test_Precision_std": 0.0288014015086643,
      "test_ROC_AUC_mean": 0.9605674954347521,
      "test_ROC_AUC_std": 0.004690254415636029,
      "test_Sensitivity_mean": 0.7580952380952292,
      "test_Sensitivity_std": 0.05804479321475538,
      "test_Specificity_mean": 0.9683775811209411,
      "test_Specificity_std": 0.009019301961514839,
      "val_Precision_mean": 0.8448695085253333,
      "val_Precision_std": 0.04784202584594181,
      "val_Sensitivity_mean": 0.7226190476190391,
      "val_Sensitivity_std": 0.03299933318355785,
      "val_Specificity_mean": 0.9660766961651888,
      "val_Specificity_std": 0.012701784132407504,
      "val_score_mean": 0.7772393432810268,
      "val_score_std": 0.01274014558833183,
      "val_thr_mean": 0.593784904364417,
      "val_thr_std": 0.05126141852887371
    },
    {
      "criterion": "youden",
      "feature_set": "c110_errors",
      "model": "brf",
      "param_hash": "46f99e841907",
      "param_index": 7,
      "test_Brier_mean": 0.07952496412756224,
      "test_Brier_std": 0.003599829671953768,
      "test_LogLoss_mean": 0.2858113965954907,
      "test_LogLoss_std": 0.009271994916125107,
      "test_PR_AUC_mean": 0.8894243520951538,
      "test_PR_AUC_std": 0.01049159732891391,
      "test_Precision_mean": 0.7420040688913732,
      "test_Precision_std": 0.059457089029935316,
      "test_ROC_AUC_mean": 0.9605674954347521,
      "test_ROC_AUC_std": 0.004690254415636029,
      "test_Sensitivity_mean": 0.8716666666666564,
      "test_Sensitivity_std": 0.03593952299052267,
      "test_Specificity_mean": 0.9224188790560445,
      "test_Specificity_std": 0.026244249608637405,
      "val_Precision_mean": 0.6897807817961283,
      "val_Precision_std": 0.06588667095343252,
      "val_Sensitivity_mean": 0.8040476190476095,
      "val_Sensitivity_std": 0.028275311964581638,
      "val_Specificity_mean": 0.9071386430678439,
      "val_Specificity_std": 0.0294457417109295,
      "val_score_mean": 0.7111862621154533,
      "val_score_std": 0.01695866817639586,
      "val_thr_mean": 0.4684761676338872,
      "val_thr_std": 0.03930173815972791
    }
  ],
  "task_id": 247,
  "thr_grid_size": 600
}