{
  "feature_set": "c110_errors",
  "model": "et",
  "n_bootstrap": 50,
  "param_hash": "404679983e99",
  "param_index": 11,
  "params": {
    "bootstrap": false,
    "max_depth": null,
    "max_features": "0.2",
    "max_samples": 0.5,
    "min_samples_leaf": 2,
    "min_samples_split": 2,
    "n_estimators": 800
  },
  "runtime_s": 133.09085822105408,
  "summary_preview": [
    {
      "criterion": "f1",
      "feature_set": "c110_errors",
      "model": "et",
      "param_hash": "404679983e99",
      "param_index": 11,
      "test_Brier_mean": 0.052346786334557256,
      "test_Brier_std": 0.0012369343961618376,
      "test_LogLoss_mean": 0.19375393884208209,
      "test_LogLoss_std": 0.0037003095217156704,
      "test_PR_AUC_mean": 0.9143903862888962,
      "test_PR_AUC_std": 0.004485577645786402,
      "test_Precision_mean": 0.896596980088555,
      "test_Precision_std": 0.023928844002959537,
      "test_ROC_AUC_mean": 0.9698370557662593,
      "test_ROC_AUC_std": 0.002160578121242594,
      "test_Sensitivity_mean": 0.7814285714285621,
      "test_Sensitivity_std": 0.030683967377806164,
      "test_Specificity_mean": 0.9773451327433598,
      "test_Specificity_std": 0.0069612641708905925,
      "val_Precision_mean": 0.8891402335111632,
      "val_Precision_std": 0.029352701162957035,
      "val_Sensitivity_mean": 0.7516666666666577,
      "val_Sensitivity_std": 0.015021926991138329,
      "val_Specificity_mean": 0.9764601769911475,
      "val_Specificity_std": 0.007526342687823307,
      "val_score_mean": 0.8141828425803506,
      "val_score_std": 0.010005706347296046,
      "val_thr_mean": 0.44152118486167424,
      "val_thr_std": 0.04060233089412804
    },
    {
      "criterion": "youden",
      "feature_set": "c110_errors",
      "model": "et",
      "param_hash": "404679983e99",
      "param_index": 11,
      "test_Brier_mean": 0.052346786334557256,
      "test_Brier_std": 0.0012369343961618376,
      "test_LogLoss_mean": 0.19375393884208209,
      "test_LogLoss_std": 0.0037003095217156704,
      "test_PR_AUC_mean": 0.9143903862888962,
      "test_PR_AUC_std": 0.004485577645786402,
      "test_Precision_mean": 0.8210765201712898,
      "test_Precision_std": 0.037090531635090955,
      "test_ROC_AUC_mean": 0.9698370557662593,
      "test_ROC_AUC_std": 0.002160578121242594,
      "test_Sensitivity_mean": 0.8940476190476084,
      "test_Sensitivity_std": 0.03282356983948733,
      "test_Specificity_mean": 0.9509144542772833,
      "test_Specificity_std": 0.012778587517143813,
      "val_Precision_mean": 0.7660164124578897,
      "val_Precision_std": 0.04460790962161038,
      "val_Sensitivity_mean": 0.8121428571428475,
      "val_Sensitivity_std": 0.017557413274359657,
      "val_Specificity_mean": 0.937463126843655,
      "val_Specificity_std": 0.015287279517249893,
      "val_score_mean": 0.7496059839865025,
      "val_score_std": 0.01032033227032411,
      "val_thr_mean": 0.2887225241473886,
      "val_thr_std": 0.04497040573368412
    }
  ],
  "task_id": 227,
  "thr_grid_size": 600
}