{
  "feature_set": "c110_d110_snr",
  "model": "bbag",
  "n_bootstrap": 50,
  "param_hash": "53769ab18e2e",
  "param_index": 13,
  "params": {
    "base_max_depth": 20,
    "base_max_features": "0.3",
    "base_min_samples_leaf": 1,
    "base_min_samples_split": 2,
    "bootstrap": true,
    "max_features": 0.9,
    "max_samples": 0.5,
    "n_estimators": 500,
    "replacement": false,
    "sampling_strategy": "auto"
  },
  "runtime_s": 79.56159520149231,
  "summary_preview": [
    {
      "criterion": "f1",
      "feature_set": "c110_d110_snr",
      "model": "bbag",
      "param_hash": "53769ab18e2e",
      "param_index": 13,
      "test_Brier_mean": 0.0693418410625048,
      "test_Brier_std": 0.0025458275329271096,
      "test_LogLoss_mean": 0.26033654140670115,
      "test_LogLoss_std": 0.007878908040085291,
      "test_PR_AUC_mean": 0.8929710807440305,
      "test_PR_AUC_std": 0.007520473026491302,
      "test_Precision_mean": 0.8504178286982714,
      "test_Precision_std": 0.029797820121007124,
      "test_ROC_AUC_mean": 0.9610647562859953,
      "test_ROC_AUC_std": 0.003313974896439524,
      "test_Sensitivity_mean": 0.8145238095237999,
      "test_Sensitivity_std": 0.044937238023626334,
      "test_Specificity_mean": 0.9638938053097316,
      "test_Specificity_std": 0.009638355127854263,
      "val_Precision_mean": 0.8356622920763916,
      "val_Precision_std": 0.036117567024660825,
      "val_Sensitivity_mean": 0.7704761904761813,
      "val_Sensitivity_std": 0.027741426536195154,
      "val_Specificity_mean": 0.9617699115044219,
      "val_Specificity_std": 0.010355998240233678,
      "val_score_mean": 0.8006119155405402,
      "val_score_std": 0.008366943968771278,
      "val_thr_mean": 0.5279513188647746,
      "val_thr_std": 0.056536914796792126
    },
    {
      "criterion": "youden",
      "feature_set": "c110_d110_snr",
      "model": "bbag",
      "param_hash": "53769ab18e2e",
      "param_index": 13,
      "test_Brier_mean": 0.0693418410625048,
      "test_Brier_std": 0.0025458275329271096,
      "test_LogLoss_mean": 0.26033654140670115,
      "test_LogLoss_std": 0.007878908040085291,
      "test_PR_AUC_mean": 0.8929710807440305,
      "test_PR_AUC_std": 0.007520473026491302,
      "test_Precision_mean": 0.8110914463698892,
      "test_Precision_std": 0.03474522466255825,
      "test_ROC_AUC_mean": 0.9610647562859953,
      "test_ROC_AUC_std": 0.003313974896439524,
      "test_Sensitivity_mean": 0.8538095238095137,
      "test_Sensitivity_std": 0.020413831412412892,
      "test_Specificity_mean": 0.9500884955752185,
      "test_Specificity_std": 0.012904155512601758,
      "val_Precision_mean": 0.7844792418125165,
      "val_Precision_std": 0.03523214090555512,
      "val_Sensitivity_mean": 0.798571428571419,
      "val_Sensitivity_std": 0.013356567289844669,
      "val_Specificity_mean": 0.9449557522123865,
      "val_Specificity_std": 0.013320877080892754,
      "val_score_mean": 0.7435271807838056,
      "val_score_std": 0.009570246544223079,
      "val_thr_mean": 0.4648828714524207,
      "val_thr_std": 0.03265044431399017
    }
  ],
  "task_id": 565,
  "thr_grid_size": 600
}