{
  "feature_set": "c110_d110_errors_snr",
  "model": "rf",
  "n_bootstrap": 50,
  "param_hash": "e2827663f47c",
  "param_index": 8,
  "params": {
    "bootstrap": true,
    "class_weight": null,
    "max_depth": null,
    "max_features": "0.3",
    "min_samples_leaf": 2,
    "min_samples_split": 8,
    "n_estimators": 2500
  },
  "runtime_s": 4959.208882331848,
  "summary_preview": [
    {
      "criterion": "f1",
      "feature_set": "c110_d110_errors_snr",
      "model": "rf",
      "param_hash": "e2827663f47c",
      "param_index": 8,
      "test_Brier_mean": 0.05356269907491967,
      "test_Brier_std": 0.0027485181006068754,
      "test_LogLoss_mean": 0.19999922542205772,
      "test_LogLoss_std": 0.007994995405424215,
      "test_PR_AUC_mean": 0.8821502547054866,
      "test_PR_AUC_std": 0.009259592463439837,
      "test_Precision_mean": 0.9067156142485341,
      "test_Precision_std": 0.03177928888912986,
      "test_ROC_AUC_mean": 0.950330102542492,
      "test_ROC_AUC_std": 0.004496904028781141,
      "test_Sensitivity_mean": 0.76404761904761,
      "test_Sensitivity_std": 0.047295426078693324,
      "test_Specificity_mean": 0.979999999999997,
      "test_Specificity_std": 0.00876466820155844,
      "val_Precision_mean": 0.9122551925462435,
      "val_Precision_std": 0.03700871274797906,
      "val_Sensitivity_mean": 0.734761904761896,
      "val_Sensitivity_std": 0.030331288176336967,
      "val_Specificity_mean": 0.9818879056047167,
      "val_Specificity_std": 0.008899783223918375,
      "val_score_mean": 0.8127372611134208,
      "val_score_std": 0.01027354208275546,
      "val_thr_mean": 0.5054346661832101,
      "val_thr_std": 0.08609721939391649
    },
    {
      "criterion": "youden",
      "feature_set": "c110_d110_errors_snr",
      "model": "rf",
      "param_hash": "e2827663f47c",
      "param_index": 8,
      "test_Brier_mean": 0.05356269907491967,
      "test_Brier_std": 0.0027485181006068754,
      "test_LogLoss_mean": 0.19999922542205772,
      "test_LogLoss_std": 0.007994995405424215,
      "test_PR_AUC_mean": 0.8821502547054866,
      "test_PR_AUC_std": 0.009259592463439837,
      "test_Precision_mean": 0.8127124227012572,
      "test_Precision_std": 0.07063278732793267,
      "test_ROC_AUC_mean": 0.950330102542492,
      "test_ROC_AUC_std": 0.004496904028781141,
      "test_Sensitivity_mean": 0.8411904761904663,
      "test_Sensitivity_std": 0.03845267806255841,
      "test_Specificity_mean": 0.9492625368731535,
      "test_Specificity_std": 0.02606602122914804,
      "val_Precision_mean": 0.7842722968853547,
      "val_Precision_std": 0.07538110144621844,
      "val_Sensitivity_mean": 0.7952380952380858,
      "val_Sensitivity_std": 0.034183250411975424,
      "val_Specificity_mean": 0.9425368731563394,
      "val_Specificity_std": 0.02780804207491514,
      "val_score_mean": 0.7377749683944252,
      "val_score_std": 0.017754047230290726,
      "val_thr_mean": 0.3315039237118082,
      "val_thr_std": 0.08385359708043699
    }
  ],
  "task_id": 584,
  "thr_grid_size": 600
}