{
  "feature_set": "c110_snr",
  "model": "rf",
  "n_bootstrap": 50,
  "param_hash": "d009d1a232be",
  "param_index": 20,
  "params": {
    "bootstrap": true,
    "class_weight": "balanced",
    "max_depth": 30,
    "max_features": "sqrt",
    "min_samples_leaf": 2,
    "min_samples_split": 8,
    "n_estimators": 4000
  },
  "runtime_s": 914.8697140216827,
  "summary_preview": [
    {
      "criterion": "f1",
      "feature_set": "c110_snr",
      "model": "rf",
      "param_hash": "d009d1a232be",
      "param_index": 20,
      "test_Brier_mean": 0.06279893994588585,
      "test_Brier_std": 0.0016202067054088025,
      "test_LogLoss_mean": 0.22986645301852268,
      "test_LogLoss_std": 0.004734293202156856,
      "test_PR_AUC_mean": 0.8874573018025319,
      "test_PR_AUC_std": 0.00903070267278048,
      "test_Precision_mean": 0.8450965645608768,
      "test_Precision_std": 0.03290720597588543,
      "test_ROC_AUC_mean": 0.9604150863885377,
      "test_ROC_AUC_std": 0.003087309256725462,
      "test_Sensitivity_mean": 0.805476190476181,
      "test_Sensitivity_std": 0.04914995409840549,
      "test_Specificity_mean": 0.9626548672566342,
      "test_Specificity_std": 0.010503280803127985,
      "val_Precision_mean": 0.8395207550951388,
      "val_Precision_std": 0.0417060653102585,
      "val_Sensitivity_mean": 0.7819047619047527,
      "val_Sensitivity_std": 0.032486109477615197,
      "val_Specificity_mean": 0.9620648967551594,
      "val_Specificity_std": 0.011556250763446378,
      "val_score_mean": 0.8081642640998432,
      "val_score_std": 0.00935359233350199,
      "val_thr_mean": 0.3308776786911784,
      "val_thr_std": 0.053867980772117345
    },
    {
      "criterion": "youden",
      "feature_set": "c110_snr",
      "model": "rf",
      "param_hash": "d009d1a232be",
      "param_index": 20,
      "test_Brier_mean": 0.06279893994588585,
      "test_Brier_std": 0.0016202067054088025,
      "test_LogLoss_mean": 0.22986645301852268,
      "test_LogLoss_std": 0.004734293202156856,
      "test_PR_AUC_mean": 0.8874573018025319,
      "test_PR_AUC_std": 0.00903070267278048,
      "test_Precision_mean": 0.7906189714934834,
      "test_Precision_std": 0.03676245278022828,
      "test_ROC_AUC_mean": 0.9604150863885377,
      "test_ROC_AUC_std": 0.003087309256725462,
      "test_Sensitivity_mean": 0.8685714285714182,
      "test_Sensitivity_std": 0.03013229195965965,
      "test_Specificity_mean": 0.9421238938053069,
      "test_Specificity_std": 0.014289256652946235,
      "val_Precision_mean": 0.7776454600053693,
      "val_Precision_std": 0.0376886916881122,
      "val_Sensitivity_mean": 0.8192857142857046,
      "val_Sensitivity_std": 0.015341983688903113,
      "val_Specificity_mean": 0.941179941002947,
      "val_Specificity_std": 0.013866932327475552,
      "val_score_mean": 0.7604656552886516,
      "val_score_std": 0.011601884579801639,
      "val_thr_mean": 0.26831393223617594,
      "val_thr_std": 0.02426558339774443
    }
  ],
  "task_id": 404,
  "thr_grid_size": 600
}