{
  "feature_set": "c110",
  "model": "bbag",
  "n_bootstrap": 50,
  "param_hash": "3b90164009b1",
  "param_index": 16,
  "params": {
    "base_max_depth": 10,
    "base_max_features": "sqrt",
    "base_min_samples_leaf": 2,
    "base_min_samples_split": 2,
    "bootstrap": true,
    "max_features": 0.9,
    "max_samples": 0.9,
    "n_estimators": 800,
    "replacement": false,
    "sampling_strategy": "auto"
  },
  "runtime_s": 82.26136875152588,
  "summary_preview": [
    {
      "criterion": "f1",
      "feature_set": "c110",
      "model": "bbag",
      "param_hash": "3b90164009b1",
      "param_index": 16,
      "test_Brier_mean": 0.09180022775040614,
      "test_Brier_std": 0.00250970660953003,
      "test_LogLoss_mean": 0.332199263971569,
      "test_LogLoss_std": 0.007382025382675286,
      "test_PR_AUC_mean": 0.846758929937346,
      "test_PR_AUC_std": 0.009788027819150245,
      "test_Precision_mean": 0.803115043174968,
      "test_Precision_std": 0.02387254370023849,
      "test_ROC_AUC_mean": 0.939598258182329,
      "test_ROC_AUC_std": 0.005308514880594626,
      "test_Sensitivity_mean": 0.7480952380952293,
      "test_Sensitivity_std": 0.03120736714282708,
      "test_Specificity_mean": 0.9542772861356903,
      "test_Specificity_std": 0.007844294340070059,
      "val_Precision_mean": 0.7498678623826663,
      "val_Precision_std": 0.031129030917543602,
      "val_Sensitivity_mean": 0.7269047619047534,
      "val_Sensitivity_std": 0.025272131732897815,
      "val_Specificity_mean": 0.9392920353982273,
      "val_Specificity_std": 0.01138720733937844,
      "val_score_mean": 0.7373349202953322,
      "val_score_std": 0.011483713657497032,
      "val_thr_mean": 0.47448188122357293,
      "val_thr_std": 0.02421118422495053
    },
    {
      "criterion": "youden",
      "feature_set": "c110",
      "model": "bbag",
      "param_hash": "3b90164009b1",
      "param_index": 16,
      "test_Brier_mean": 0.09180022775040614,
      "test_Brier_std": 0.00250970660953003,
      "test_LogLoss_mean": 0.332199263971569,
      "test_LogLoss_std": 0.007382025382675286,
      "test_PR_AUC_mean": 0.846758929937346,
      "test_PR_AUC_std": 0.009788027819150245,
      "test_Precision_mean": 0.6564902225937895,
      "test_Precision_std": 0.07589241142602757,
      "test_ROC_AUC_mean": 0.939598258182329,
      "test_ROC_AUC_std": 0.005308514880594626,
      "test_Sensitivity_mean": 0.8445238095237996,
      "test_Sensitivity_std": 0.03438656073610284,
      "test_Specificity_mean": 0.8855457227138617,
      "test_Specificity_std": 0.03747921650966554,
      "val_Precision_mean": 0.6413869419684101,
      "val_Precision_std": 0.03958715092033854,
      "val_Sensitivity_mean": 0.8042857142857048,
      "val_Sensitivity_std": 0.02000161962991701,
      "val_Specificity_mean": 0.8871386430678438,
      "val_Specificity_std": 0.020058377323660847,
      "val_score_mean": 0.6914243573535487,
      "val_score_std": 0.012618498595244615,
      "val_thr_mean": 0.390309270514122,
      "val_thr_std": 0.028706146218979163
    }
  ],
  "task_id": 88,
  "thr_grid_size": 600
}