{
  "feature_set": "c110_errors",
  "model": "brf",
  "n_bootstrap": 50,
  "param_hash": "90cb8109e6a5",
  "param_index": 14,
  "params": {
    "max_depth": 30,
    "max_features": "0.3",
    "min_samples_leaf": 1,
    "min_samples_split": 4,
    "n_estimators": 800,
    "replacement": false,
    "sampling_strategy": "auto"
  },
  "runtime_s": 361.5634400844574,
  "summary_preview": [
    {
      "criterion": "f1",
      "feature_set": "c110_errors",
      "model": "brf",
      "param_hash": "90cb8109e6a5",
      "param_index": 14,
      "test_Brier_mean": 0.06486875423151432,
      "test_Brier_std": 0.003916595724641127,
      "test_LogLoss_mean": 0.23843204371269822,
      "test_LogLoss_std": 0.011402733023551997,
      "test_PR_AUC_mean": 0.9045583183915761,
      "test_PR_AUC_std": 0.01253194863625806,
      "test_Precision_mean": 0.8916218226317869,
      "test_Precision_std": 0.028822450879797235,
      "test_ROC_AUC_mean": 0.9626924427588145,
      "test_ROC_AUC_std": 0.005885954565378693,
      "test_Sensitivity_mean": 0.745952380952372,
      "test_Sensitivity_std": 0.056282497001641674,
      "test_Specificity_mean": 0.9769911504424749,
      "test_Specificity_std": 0.008236333875133579,
      "val_Precision_mean": 0.9156279476605002,
      "val_Precision_std": 0.0502049005768791,
      "val_Sensitivity_mean": 0.7309523809523724,
      "val_Sensitivity_std": 0.040531888734057275,
      "val_Specificity_mean": 0.9821828908554542,
      "val_Specificity_std": 0.012212968111419406,
      "val_score_mean": 0.8106798412533794,
      "val_score_std": 0.01234547168756257,
      "val_thr_mean": 0.6476660267111854,
      "val_thr_std": 0.07226431311646904
    },
    {
      "criterion": "youden",
      "feature_set": "c110_errors",
      "model": "brf",
      "param_hash": "90cb8109e6a5",
      "param_index": 14,
      "test_Brier_mean": 0.06486875423151432,
      "test_Brier_std": 0.003916595724641127,
      "test_LogLoss_mean": 0.23843204371269822,
      "test_LogLoss_std": 0.011402733023551997,
      "test_PR_AUC_mean": 0.9045583183915761,
      "test_PR_AUC_std": 0.01253194863625806,
      "test_Precision_mean": 0.7987267669906256,
      "test_Precision_std": 0.0484721806177872,
      "test_ROC_AUC_mean": 0.9626924427588145,
      "test_ROC_AUC_std": 0.005885954565378693,
      "test_Sensitivity_mean": 0.8614285714285611,
      "test_Sensitivity_std": 0.04253469020016858,
      "test_Specificity_mean": 0.9447197640117966,
      "test_Specificity_std": 0.018482550593287857,
      "val_Precision_mean": 0.7787603558691465,
      "val_Precision_std": 0.053600569243060885,
      "val_Sensitivity_mean": 0.7995238095238001,
      "val_Sensitivity_std": 0.025151675574606732,
      "val_Specificity_mean": 0.9421828908554544,
      "val_Specificity_std": 0.018675532917117803,
      "val_score_mean": 0.7417067003792545,
      "val_score_std": 0.017492387635348737,
      "val_thr_mean": 0.4695881051752922,
      "val_thr_std": 0.05857190779413599
    }
  ],
  "task_id": 254,
  "thr_grid_size": 600
}