{
  "feature_set": "c110_errors",
  "model": "et",
  "n_bootstrap": 50,
  "param_hash": "15e6bdb0d4fc",
  "param_index": 9,
  "params": {
    "bootstrap": false,
    "max_depth": 30,
    "max_features": "sqrt",
    "max_samples": 1.0,
    "min_samples_leaf": 2,
    "min_samples_split": 2,
    "n_estimators": 4000
  },
  "runtime_s": 869.9149024486542,
  "summary_preview": [
    {
      "criterion": "f1",
      "feature_set": "c110_errors",
      "model": "et",
      "param_hash": "15e6bdb0d4fc",
      "param_index": 9,
      "test_Brier_mean": 0.06952926263794253,
      "test_Brier_std": 0.0014096000470589037,
      "test_LogLoss_mean": 0.24291156168321099,
      "test_LogLoss_std": 0.0037975604379726865,
      "test_PR_AUC_mean": 0.8791509209139806,
      "test_PR_AUC_std": 0.009488710598247588,
      "test_Precision_mean": 0.8338504507086032,
      "test_Precision_std": 0.016980097507521115,
      "test_ROC_AUC_mean": 0.9587343728051693,
      "test_ROC_AUC_std": 0.003429684512478699,
      "test_Sensitivity_mean": 0.7630952380952291,
      "test_Sensitivity_std": 0.052155735459848564,
      "test_Specificity_mean": 0.9621238938053068,
      "test_Specificity_std": 0.006029515254115392,
      "val_Precision_mean": 0.7902621284063811,
      "val_Precision_std": 0.04482159250084691,
      "val_Sensitivity_mean": 0.7290476190476105,
      "val_Sensitivity_std": 0.033719819677261474,
      "val_Specificity_mean": 0.9508554572271357,
      "val_Specificity_std": 0.014738542850626299,
      "val_score_mean": 0.7566217850046523,
      "val_score_std": 0.011350463597589403,
      "val_thr_mean": 0.3441033090075908,
      "val_thr_std": 0.032419927724336474
    },
    {
      "criterion": "youden",
      "feature_set": "c110_errors",
      "model": "et",
      "param_hash": "15e6bdb0d4fc",
      "param_index": 9,
      "test_Brier_mean": 0.06952926263794253,
      "test_Brier_std": 0.0014096000470589037,
      "test_LogLoss_mean": 0.24291156168321099,
      "test_LogLoss_std": 0.0037975604379726865,
      "test_PR_AUC_mean": 0.8791509209139806,
      "test_PR_AUC_std": 0.009488710598247588,
      "test_Precision_mean": 0.7662092346818955,
      "test_Precision_std": 0.05753568704030657,
      "test_ROC_AUC_mean": 0.9587343728051693,
      "test_ROC_AUC_std": 0.003429684512478699,
      "test_Sensitivity_mean": 0.8585714285714183,
      "test_Sensitivity_std": 0.033640814235586194,
      "test_Specificity_mean": 0.9328613569321506,
      "test_Specificity_std": 0.024226790169960998,
      "val_Precision_mean": 0.6843254114436305,
      "val_Precision_std": 0.051761738047075595,
      "val_Sensitivity_mean": 0.795476190476181,
      "val_Sensitivity_std": 0.02315549731394997,
      "val_Specificity_mean": 0.9069616519174013,
      "val_Specificity_std": 0.024084535499529092,
      "val_score_mean": 0.7024378423935825,
      "val_score_std": 0.012777282300539958,
      "val_thr_mean": 0.26812790786081414,
      "val_thr_std": 0.033682197446142884
    }
  ],
  "task_id": 225,
  "thr_grid_size": 600
}