{
  "feature_set": "c110_d110",
  "model": "rf",
  "n_bootstrap": 50,
  "param_hash": "9de4c70c192e",
  "param_index": 18,
  "params": {
    "bootstrap": true,
    "class_weight": "balanced",
    "max_depth": null,
    "max_features": "0.5",
    "min_samples_leaf": 4,
    "min_samples_split": 8,
    "n_estimators": 800
  },
  "runtime_s": 792.5497016906738,
  "summary_preview": [
    {
      "criterion": "f1",
      "feature_set": "c110_d110",
      "model": "rf",
      "param_hash": "9de4c70c192e",
      "param_index": 18,
      "test_Brier_mean": 0.05157829744265519,
      "test_Brier_std": 0.0019449323302864596,
      "test_LogLoss_mean": 0.19444924362345756,
      "test_LogLoss_std": 0.005997248922179243,
      "test_PR_AUC_mean": 0.8949402519494787,
      "test_PR_AUC_std": 0.008102402760109586,
      "test_Precision_mean": 0.8884327193797804,
      "test_Precision_std": 0.023399159523052496,
      "test_ROC_AUC_mean": 0.956347099311701,
      "test_ROC_AUC_std": 0.003653062459146801,
      "test_Sensitivity_mean": 0.7926190476190382,
      "test_Sensitivity_std": 0.04235274391267602,
      "test_Specificity_mean": 0.9749852507374602,
      "test_Specificity_std": 0.006669431080787597,
      "val_Precision_mean": 0.9099551723821249,
      "val_Precision_std": 0.027267050978414552,
      "val_Sensitivity_mean": 0.7466666666666577,
      "val_Sensitivity_std": 0.02866440976622464,
      "val_Specificity_mean": 0.9813569321533894,
      "val_Specificity_std": 0.006458405077342767,
      "val_score_mean": 0.8194681773284735,
      "val_score_std": 0.012942868658121083,
      "val_thr_mean": 0.4923299336350627,
      "val_thr_std": 0.08042515123040848
    },
    {
      "criterion": "youden",
      "feature_set": "c110_d110",
      "model": "rf",
      "param_hash": "9de4c70c192e",
      "param_index": 18,
      "test_Brier_mean": 0.05157829744265519,
      "test_Brier_std": 0.0019449323302864596,
      "test_LogLoss_mean": 0.19444924362345756,
      "test_LogLoss_std": 0.005997248922179243,
      "test_PR_AUC_mean": 0.8949402519494787,
      "test_PR_AUC_std": 0.008102402760109586,
      "test_Precision_mean": 0.818678600111975,
      "test_Precision_std": 0.05277101356802144,
      "test_ROC_AUC_mean": 0.956347099311701,
      "test_ROC_AUC_std": 0.003653062459146801,
      "test_Sensitivity_mean": 0.8519047619047518,
      "test_Sensitivity_std": 0.031095951695616998,
      "test_Specificity_mean": 0.9516814159292006,
      "test_Specificity_std": 0.01884487981777313,
      "val_Precision_mean": 0.8169286454025986,
      "val_Precision_std": 0.06235014701074551,
      "val_Sensitivity_mean": 0.7895238095238001,
      "val_Sensitivity_std": 0.022490170414716126,
      "val_Specificity_mean": 0.9543952802359853,
      "val_Specificity_std": 0.019982093263942863,
      "val_score_mean": 0.7439190897597855,
      "val_score_std": 0.016009255695725776,
      "val_thr_mean": 0.3484252919765416,
      "val_thr_std": 0.06640094599855595
    }
  ],
  "task_id": 114,
  "thr_grid_size": 600
}