{
  "feature_set": "c110_snr",
  "model": "rf",
  "n_bootstrap": 50,
  "param_hash": "6cf4d44e3e25",
  "param_index": 5,
  "params": {
    "bootstrap": true,
    "class_weight": null,
    "max_depth": 20,
    "max_features": "sqrt",
    "min_samples_leaf": 1,
    "min_samples_split": 8,
    "n_estimators": 800
  },
  "runtime_s": 224.97568941116333,
  "summary_preview": [
    {
      "criterion": "f1",
      "feature_set": "c110_snr",
      "model": "rf",
      "param_hash": "6cf4d44e3e25",
      "param_index": 5,
      "test_Brier_mean": 0.06350554702415986,
      "test_Brier_std": 0.001868970759388206,
      "test_LogLoss_mean": 0.22927075059228078,
      "test_LogLoss_std": 0.005615565829585705,
      "test_PR_AUC_mean": 0.8802888182986185,
      "test_PR_AUC_std": 0.009823702803573248,
      "test_Precision_mean": 0.886948624482867,
      "test_Precision_std": 0.030410504683232295,
      "test_ROC_AUC_mean": 0.9527546003652198,
      "test_ROC_AUC_std": 0.00524707952873655,
      "test_Sensitivity_mean": 0.7426190476190387,
      "test_Sensitivity_std": 0.047551579999237065,
      "test_Specificity_mean": 0.9759882005899675,
      "test_Specificity_std": 0.008171611939920255,
      "val_Precision_mean": 0.876091566949246,
      "val_Precision_std": 0.04793794873192122,
      "val_Sensitivity_mean": 0.7119047619047535,
      "val_Sensitivity_std": 0.028761113138244178,
      "val_Specificity_mean": 0.9741002949852477,
      "val_Specificity_std": 0.01180377380026224,
      "val_score_mean": 0.7839256762972023,
      "val_score_std": 0.010593126377238023,
      "val_thr_mean": 0.4149332748116386,
      "val_thr_std": 0.05567321720728001
    },
    {
      "criterion": "youden",
      "feature_set": "c110_snr",
      "model": "rf",
      "param_hash": "6cf4d44e3e25",
      "param_index": 5,
      "test_Brier_mean": 0.06350554702415986,
      "test_Brier_std": 0.001868970759388206,
      "test_LogLoss_mean": 0.22927075059228078,
      "test_LogLoss_std": 0.005615565829585705,
      "test_PR_AUC_mean": 0.8802888182986185,
      "test_PR_AUC_std": 0.009823702803573248,
      "test_Precision_mean": 0.7843152712340923,
      "test_Precision_std": 0.05746271930031107,
      "test_ROC_AUC_mean": 0.9527546003652198,
      "test_ROC_AUC_std": 0.00524707952873655,
      "test_Sensitivity_mean": 0.8359523809523711,
      "test_Sensitivity_std": 0.03420777909325336,
      "test_Specificity_mean": 0.9410029498525045,
      "test_Specificity_std": 0.022740392015561755,
      "val_Precision_mean": 0.725937560710426,
      "val_Precision_std": 0.060647138630566665,
      "val_Sensitivity_mean": 0.7876190476190382,
      "val_Sensitivity_std": 0.02988168317088047,
      "val_Specificity_mean": 0.9238348082595843,
      "val_Specificity_std": 0.024497444167024637,
      "val_score_mean": 0.7114538558786225,
      "val_score_std": 0.01552697035522987,
      "val_thr_mean": 0.2845648885587608,
      "val_thr_std": 0.03922078533242772
    }
  ],
  "task_id": 389,
  "thr_grid_size": 600
}