{
  "feature_set": "c110_d110_errors",
  "model": "brf",
  "n_bootstrap": 50,
  "param_hash": "1481bfd76716",
  "param_index": 3,
  "params": {
    "max_depth": null,
    "max_features": "sqrt",
    "min_samples_leaf": 2,
    "min_samples_split": 4,
    "n_estimators": 800,
    "replacement": false,
    "sampling_strategy": "auto"
  },
  "runtime_s": 280.6687397956848,
  "summary_preview": [
    {
      "criterion": "f1",
      "feature_set": "c110_d110_errors",
      "model": "brf",
      "param_hash": "1481bfd76716",
      "param_index": 3,
      "test_Brier_mean": 0.0664845629622332,
      "test_Brier_std": 0.0026601150704720945,
      "test_LogLoss_mean": 0.24722964259198923,
      "test_LogLoss_std": 0.00759297572986915,
      "test_PR_AUC_mean": 0.9090593001617264,
      "test_PR_AUC_std": 0.005516104988212025,
      "test_Precision_mean": 0.8912117719393977,
      "test_Precision_std": 0.028850361836961068,
      "test_ROC_AUC_mean": 0.9671316196094958,
      "test_ROC_AUC_std": 0.0027860996776419254,
      "test_Sensitivity_mean": 0.7769047619047527,
      "test_Sensitivity_std": 0.039725357528005975,
      "test_Specificity_mean": 0.976047197640115,
      "test_Specificity_std": 0.008054066457918433,
      "val_Precision_mean": 0.8853677597603961,
      "val_Precision_std": 0.04205993392665159,
      "val_Sensitivity_mean": 0.7454761904761817,
      "val_Sensitivity_std": 0.024749426847867847,
      "val_Specificity_mean": 0.9753392330383451,
      "val_Specificity_std": 0.010805795531284617,
      "val_score_mean": 0.8082307411845292,
      "val_score_std": 0.009166558595845132,
      "val_thr_mean": 0.6024371327212021,
      "val_thr_std": 0.053842792239326094
    },
    {
      "criterion": "youden",
      "feature_set": "c110_d110_errors",
      "model": "brf",
      "param_hash": "1481bfd76716",
      "param_index": 3,
      "test_Brier_mean": 0.0664845629622332,
      "test_Brier_std": 0.0026601150704720945,
      "test_LogLoss_mean": 0.24722964259198923,
      "test_LogLoss_std": 0.00759297572986915,
      "test_PR_AUC_mean": 0.9090593001617264,
      "test_PR_AUC_std": 0.005516104988212025,
      "test_Precision_mean": 0.826408921130298,
      "test_Precision_std": 0.030736008931702148,
      "test_ROC_AUC_mean": 0.9671316196094958,
      "test_ROC_AUC_std": 0.0027860996776419254,
      "test_Sensitivity_mean": 0.8554761904761803,
      "test_Sensitivity_std": 0.024172404734152265,
      "test_Specificity_mean": 0.9549262536873127,
      "test_Specificity_std": 0.010544285999516807,
      "val_Precision_mean": 0.7982080315891348,
      "val_Precision_std": 0.03348348923526777,
      "val_Sensitivity_mean": 0.7921428571428477,
      "val_Sensitivity_std": 0.011334750138062202,
      "val_Specificity_mean": 0.9498525073746283,
      "val_Specificity_std": 0.010956595027391469,
      "val_score_mean": 0.741995364517476,
      "val_score_std": 0.008747598163614145,
      "val_thr_mean": 0.4943953825820813,
      "val_thr_std": 0.0283370626045428
    }
  ],
  "task_id": 339,
  "thr_grid_size": 600
}