{
  "feature_set": "c110_snr",
  "model": "bbag",
  "n_bootstrap": 50,
  "param_hash": "ce452f8767aa",
  "param_index": 14,
  "params": {
    "base_max_depth": null,
    "base_max_features": "0.3",
    "base_min_samples_leaf": 2,
    "base_min_samples_split": 8,
    "bootstrap": true,
    "max_features": 1.0,
    "max_samples": 0.5,
    "n_estimators": 1200,
    "replacement": false,
    "sampling_strategy": "auto"
  },
  "runtime_s": 111.33709597587585,
  "summary_preview": [
    {
      "criterion": "f1",
      "feature_set": "c110_snr",
      "model": "bbag",
      "param_hash": "ce452f8767aa",
      "param_index": 14,
      "test_Brier_mean": 0.08005585442747191,
      "test_Brier_std": 0.0031275063687918932,
      "test_LogLoss_mean": 0.2940726241025314,
      "test_LogLoss_std": 0.008584346467082624,
      "test_PR_AUC_mean": 0.8716150248562083,
      "test_PR_AUC_std": 0.010139918804557686,
      "test_Precision_mean": 0.8308007000914642,
      "test_Precision_std": 0.01817669473108276,
      "test_ROC_AUC_mean": 0.9533445708666948,
      "test_ROC_AUC_std": 0.005122179872630219,
      "test_Sensitivity_mean": 0.7816666666666575,
      "test_Sensitivity_std": 0.03652386590690738,
      "test_Specificity_mean": 0.9602949852507345,
      "test_Specificity_std": 0.006615158256359599,
      "val_Precision_mean": 0.7914438593961727,
      "val_Precision_std": 0.029377249922655634,
      "val_Sensitivity_mean": 0.7666666666666576,
      "val_Sensitivity_std": 0.028961541438650006,
      "val_Specificity_mean": 0.9493805309734484,
      "val_Specificity_std": 0.010242196396772546,
      "val_score_mean": 0.7779337438685555,
      "val_score_std": 0.010714816783783927,
      "val_thr_mean": 0.48408686057450245,
      "val_thr_std": 0.037041935200821635
    },
    {
      "criterion": "youden",
      "feature_set": "c110_snr",
      "model": "bbag",
      "param_hash": "ce452f8767aa",
      "param_index": 14,
      "test_Brier_mean": 0.08005585442747191,
      "test_Brier_std": 0.0031275063687918932,
      "test_LogLoss_mean": 0.2940726241025314,
      "test_LogLoss_std": 0.008584346467082624,
      "test_PR_AUC_mean": 0.8716150248562083,
      "test_PR_AUC_std": 0.010139918804557686,
      "test_Precision_mean": 0.7864376852881305,
      "test_Precision_std": 0.044343127930679335,
      "test_ROC_AUC_mean": 0.9533445708666948,
      "test_ROC_AUC_std": 0.005122179872630219,
      "test_Sensitivity_mean": 0.8330952380952283,
      "test_Sensitivity_std": 0.028810347031423662,
      "test_Specificity_mean": 0.9427138643067817,
      "test_Specificity_std": 0.019108774132527827,
      "val_Precision_mean": 0.7285030329055739,
      "val_Precision_std": 0.036630738335192786,
      "val_Sensitivity_mean": 0.8038095238095143,
      "val_Sensitivity_std": 0.016354850721321347,
      "val_Specificity_mean": 0.9249557522123866,
      "val_Specificity_std": 0.015055044693755723,
      "val_score_mean": 0.728765276021901,
      "val_score_std": 0.01615947705403033,
      "val_thr_mean": 0.43118108693059864,
      "val_thr_std": 0.025242262072408334
    }
  ],
  "task_id": 470,
  "thr_grid_size": 600
}