{
  "feature_set": "c110_snr",
  "model": "rf",
  "n_bootstrap": 50,
  "param_hash": "c9076e29837d",
  "param_index": 2,
  "params": {
    "bootstrap": true,
    "class_weight": null,
    "max_depth": 20,
    "max_features": "0.2",
    "min_samples_leaf": 1,
    "min_samples_split": 4,
    "n_estimators": 1500
  },
  "runtime_s": 1096.2229042053223,
  "summary_preview": [
    {
      "criterion": "f1",
      "feature_set": "c110_snr",
      "model": "rf",
      "param_hash": "c9076e29837d",
      "param_index": 2,
      "test_Brier_mean": 0.057339465080270165,
      "test_Brier_std": 0.002081584054541365,
      "test_LogLoss_mean": 0.20754720296942544,
      "test_LogLoss_std": 0.006902847204275517,
      "test_PR_AUC_mean": 0.883736565418732,
      "test_PR_AUC_std": 0.009979623460054914,
      "test_Precision_mean": 0.9037384709954012,
      "test_Precision_std": 0.032037912512364514,
      "test_ROC_AUC_mean": 0.9538874841972188,
      "test_ROC_AUC_std": 0.005414937984597579,
      "test_Sensitivity_mean": 0.7323809523809437,
      "test_Sensitivity_std": 0.05187716030403498,
      "test_Specificity_mean": 0.9800589970501445,
      "test_Specificity_std": 0.008830674373303779,
      "val_Precision_mean": 0.9068981900523622,
      "val_Precision_std": 0.056809289620317345,
      "val_Sensitivity_mean": 0.7138095238095155,
      "val_Sensitivity_std": 0.0361537586742777,
      "val_Specificity_mean": 0.980471976401177,
      "val_Specificity_std": 0.014189485796978735,
      "val_score_mean": 0.7964588614515803,
      "val_score_std": 0.009345179839387843,
      "val_thr_mean": 0.4824784308792987,
      "val_thr_std": 0.08835952106175024
    },
    {
      "criterion": "youden",
      "feature_set": "c110_snr",
      "model": "rf",
      "param_hash": "c9076e29837d",
      "param_index": 2,
      "test_Brier_mean": 0.057339465080270165,
      "test_Brier_std": 0.002081584054541365,
      "test_LogLoss_mean": 0.20754720296942544,
      "test_LogLoss_std": 0.006902847204275517,
      "test_PR_AUC_mean": 0.883736565418732,
      "test_PR_AUC_std": 0.009979623460054914,
      "test_Precision_mean": 0.749575127006909,
      "test_Precision_std": 0.06777943175989051,
      "test_ROC_AUC_mean": 0.9538874841972188,
      "test_ROC_AUC_std": 0.005414937984597579,
      "test_Sensitivity_mean": 0.8561904761904661,
      "test_Sensitivity_std": 0.036857316126485996,
      "test_Specificity_mean": 0.9261356932153365,
      "test_Specificity_std": 0.027959109470361967,
      "val_Precision_mean": 0.7096860476191447,
      "val_Precision_std": 0.06391363731837518,
      "val_Sensitivity_mean": 0.8154761904761808,
      "val_Sensitivity_std": 0.02987103413307841,
      "val_Specificity_mean": 0.9143952802359854,
      "val_Specificity_std": 0.027796864194607383,
      "val_score_mean": 0.7298714707121663,
      "val_score_std": 0.01726953034981862,
      "val_thr_mean": 0.25813203219550335,
      "val_thr_std": 0.05134254205984904
    }
  ],
  "task_id": 386,
  "thr_grid_size": 600
}