{
  "feature_set": "c110_d110_snr",
  "model": "rf",
  "n_bootstrap": 50,
  "param_hash": "c9f085089650",
  "param_index": 7,
  "params": {
    "bootstrap": true,
    "class_weight": "balanced",
    "max_depth": 10,
    "max_features": "0.3",
    "min_samples_leaf": 1,
    "min_samples_split": 4,
    "n_estimators": 1500
  },
  "runtime_s": 1366.7594909667969,
  "summary_preview": [
    {
      "criterion": "f1",
      "feature_set": "c110_d110_snr",
      "model": "rf",
      "param_hash": "c9f085089650",
      "param_index": 7,
      "test_Brier_mean": 0.051663119091290725,
      "test_Brier_std": 0.0021549080857460852,
      "test_LogLoss_mean": 0.19485705637084078,
      "test_LogLoss_std": 0.006295240465678766,
      "test_PR_AUC_mean": 0.8865672953132905,
      "test_PR_AUC_std": 0.008507698425057527,
      "test_Precision_mean": 0.8843309859324806,
      "test_Precision_std": 0.02474224748947252,
      "test_ROC_AUC_mean": 0.9573809523809524,
      "test_ROC_AUC_std": 0.003603119841141489,
      "test_Sensitivity_mean": 0.8016666666666572,
      "test_Sensitivity_std": 0.03123052866477248,
      "test_Specificity_mean": 0.9737463126843628,
      "test_Specificity_std": 0.006827581856729691,
      "val_Precision_mean": 0.9074015717557115,
      "val_Precision_std": 0.022757894490597813,
      "val_Sensitivity_mean": 0.7678571428571337,
      "val_Sensitivity_std": 0.017049266714084316,
      "val_Specificity_mean": 0.9804129793510294,
      "val_Specificity_std": 0.005454256953177721,
      "val_score_mean": 0.831507670673322,
      "val_score_std": 0.011353864652279595,
      "val_thr_mean": 0.40137042776648113,
      "val_thr_std": 0.0524490820888308
    },
    {
      "criterion": "youden",
      "feature_set": "c110_d110_snr",
      "model": "rf",
      "param_hash": "c9f085089650",
      "param_index": 7,
      "test_Brier_mean": 0.051663119091290725,
      "test_Brier_std": 0.0021549080857460852,
      "test_LogLoss_mean": 0.19485705637084078,
      "test_LogLoss_std": 0.006295240465678766,
      "test_PR_AUC_mean": 0.8865672953132905,
      "test_PR_AUC_std": 0.008507698425057527,
      "test_Precision_mean": 0.8254788488290886,
      "test_Precision_std": 0.05757670066603093,
      "test_ROC_AUC_mean": 0.9573809523809524,
      "test_ROC_AUC_std": 0.003603119841141489,
      "test_Sensitivity_mean": 0.8509523809523709,
      "test_Sensitivity_std": 0.03649455396190882,
      "test_Specificity_mean": 0.9535693215339204,
      "test_Specificity_std": 0.020225891910425838,
      "val_Precision_mean": 0.8365625348318753,
      "val_Precision_std": 0.06314291521489775,
      "val_Sensitivity_mean": 0.7992857142857048,
      "val_Sensitivity_std": 0.023931901242481925,
      "val_Specificity_mean": 0.9594690265486696,
      "val_Specificity_std": 0.019790994010956107,
      "val_score_mean": 0.7587547408343746,
      "val_score_std": 0.010642471067582971,
      "val_thr_mean": 0.29743236502179665,
      "val_thr_std": 0.07779586532965964
    }
  ],
  "task_id": 487,
  "thr_grid_size": 600
}