{
  "feature_set": "c110",
  "model": "et",
  "n_bootstrap": 50,
  "param_hash": "fd9ef44c080b",
  "param_index": 17,
  "params": {
    "bootstrap": true,
    "max_depth": 10,
    "max_features": "sqrt",
    "max_samples": 1.0,
    "min_samples_leaf": 4,
    "min_samples_split": 2,
    "n_estimators": 1500
  },
  "runtime_s": 609.2727856636047,
  "summary_preview": [
    {
      "criterion": "f1",
      "feature_set": "c110",
      "model": "et",
      "param_hash": "fd9ef44c080b",
      "param_index": 17,
      "test_Brier_mean": 0.07652277528486202,
      "test_Brier_std": 0.0014713349072295364,
      "test_LogLoss_mean": 0.265536405276845,
      "test_LogLoss_std": 0.004238471322909997,
      "test_PR_AUC_mean": 0.8538659969941041,
      "test_PR_AUC_std": 0.0061761057230614955,
      "test_Precision_mean": 0.8175337558325744,
      "test_Precision_std": 0.02543937012139957,
      "test_ROC_AUC_mean": 0.9448370557662593,
      "test_ROC_AUC_std": 0.003416007016745286,
      "test_Sensitivity_mean": 0.7540476190476102,
      "test_Sensitivity_std": 0.03259011080557075,
      "test_Specificity_mean": 0.9578761061946873,
      "test_Specificity_std": 0.009573280327335437,
      "val_Precision_mean": 0.7667938398644568,
      "val_Precision_std": 0.03036849831347455,
      "val_Sensitivity_mean": 0.7247619047618962,
      "val_Sensitivity_std": 0.028724887524785254,
      "val_Specificity_mean": 0.9447197640117966,
      "val_Specificity_std": 0.012049749400016253,
      "val_score_mean": 0.7441903567990569,
      "val_score_std": 0.011271988876626206,
      "val_thr_mean": 0.29699158970199924,
      "val_thr_std": 0.023253038233329443
    },
    {
      "criterion": "youden",
      "feature_set": "c110",
      "model": "et",
      "param_hash": "fd9ef44c080b",
      "param_index": 17,
      "test_Brier_mean": 0.07652277528486202,
      "test_Brier_std": 0.0014713349072295364,
      "test_LogLoss_mean": 0.265536405276845,
      "test_LogLoss_std": 0.004238471322909997,
      "test_PR_AUC_mean": 0.8538659969941041,
      "test_PR_AUC_std": 0.0061761057230614955,
      "test_Precision_mean": 0.674855728371436,
      "test_Precision_std": 0.04686775656980296,
      "test_ROC_AUC_mean": 0.9448370557662593,
      "test_ROC_AUC_std": 0.003416007016745286,
      "test_Sensitivity_mean": 0.8509523809523709,
      "test_Sensitivity_std": 0.02702316199461357,
      "test_Specificity_mean": 0.8964601769911478,
      "test_Specificity_std": 0.023959156733585826,
      "val_Precision_mean": 0.6514719641090204,
      "val_Precision_std": 0.021571678428825028,
      "val_Sensitivity_mean": 0.807619047619038,
      "val_Sensitivity_std": 0.012580436740752921,
      "val_Specificity_mean": 0.8925663716814133,
      "val_Specificity_std": 0.010561955038329266,
      "val_score_mean": 0.7001854193004513,
      "val_score_std": 0.0118449979904574,
      "val_thr_mean": 0.21323652476345903,
      "val_thr_std": 0.018223463557755563
    }
  ],
  "task_id": 41,
  "thr_grid_size": 600
}