{
  "feature_set": "c110_d110_errors",
  "model": "rf",
  "n_bootstrap": 50,
  "param_hash": "7d8e81e2a289",
  "param_index": 4,
  "params": {
    "bootstrap": true,
    "class_weight": null,
    "max_depth": 20,
    "max_features": "0.2",
    "min_samples_leaf": 1,
    "min_samples_split": 2,
    "n_estimators": 4000
  },
  "runtime_s": 3936.6538779735565,
  "summary_preview": [
    {
      "criterion": "f1",
      "feature_set": "c110_d110_errors",
      "model": "rf",
      "param_hash": "7d8e81e2a289",
      "param_index": 4,
      "test_Brier_mean": 0.051447710569126476,
      "test_Brier_std": 0.0021003534340511497,
      "test_LogLoss_mean": 0.1900732367555209,
      "test_LogLoss_std": 0.005946944522221992,
      "test_PR_AUC_mean": 0.8965033714609486,
      "test_PR_AUC_std": 0.00582397205982367,
      "test_Precision_mean": 0.9213278457478699,
      "test_Precision_std": 0.01609675704972244,
      "test_ROC_AUC_mean": 0.9590398932434332,
      "test_ROC_AUC_std": 0.0027489203413582704,
      "test_Sensitivity_mean": 0.7597619047618958,
      "test_Sensitivity_std": 0.04850309127759537,
      "test_Specificity_mean": 0.983716814159289,
      "test_Specificity_std": 0.004469304200105448,
      "val_Precision_mean": 0.9228917763614433,
      "val_Precision_std": 0.02754291193677132,
      "val_Sensitivity_mean": 0.7252380952380867,
      "val_Sensitivity_std": 0.023668190826006286,
      "val_Specificity_mean": 0.984660766961649,
      "val_Specificity_std": 0.006390961183355676,
      "val_score_mean": 0.8115204376774484,
      "val_score_std": 0.008734506050902268,
      "val_thr_mean": 0.5288756043950907,
      "val_thr_std": 0.05924561206874558
    },
    {
      "criterion": "youden",
      "feature_set": "c110_d110_errors",
      "model": "rf",
      "param_hash": "7d8e81e2a289",
      "param_index": 4,
      "test_Brier_mean": 0.051447710569126476,
      "test_Brier_std": 0.0021003534340511497,
      "test_LogLoss_mean": 0.1900732367555209,
      "test_LogLoss_std": 0.005946944522221992,
      "test_PR_AUC_mean": 0.8965033714609486,
      "test_PR_AUC_std": 0.00582397205982367,
      "test_Precision_mean": 0.8263415621304475,
      "test_Precision_std": 0.054122517875580436,
      "test_ROC_AUC_mean": 0.9590398932434332,
      "test_ROC_AUC_std": 0.0027489203413582704,
      "test_Sensitivity_mean": 0.8492857142857042,
      "test_Sensitivity_std": 0.0438637060897223,
      "test_Specificity_mean": 0.9540412979351004,
      "test_Specificity_std": 0.019293745621981516,
      "val_Precision_mean": 0.7775841853950618,
      "val_Precision_std": 0.07206941235014133,
      "val_Sensitivity_mean": 0.7940476190476096,
      "val_Sensitivity_std": 0.03536842575354624,
      "val_Specificity_mean": 0.9407079646017671,
      "val_Specificity_std": 0.02569722071371527,
      "val_score_mean": 0.7347555836493767,
      "val_score_std": 0.016928096156452223,
      "val_thr_mean": 0.3482179809833344,
      "val_thr_std": 0.07779595424769475
    }
  ],
  "task_id": 292,
  "thr_grid_size": 600
}