{
  "feature_set": "c110_d110_errors_snr",
  "model": "brf",
  "n_bootstrap": 50,
  "param_hash": "1481bfd76716",
  "param_index": 3,
  "params": {
    "max_depth": null,
    "max_features": "sqrt",
    "min_samples_leaf": 2,
    "min_samples_split": 4,
    "n_estimators": 800,
    "replacement": false,
    "sampling_strategy": "auto"
  },
  "runtime_s": 257.3384997844696,
  "summary_preview": [
    {
      "criterion": "f1",
      "feature_set": "c110_d110_errors_snr",
      "model": "brf",
      "param_hash": "1481bfd76716",
      "param_index": 3,
      "test_Brier_mean": 0.06835681551562263,
      "test_Brier_std": 0.0026426426906745585,
      "test_LogLoss_mean": 0.25541782270439145,
      "test_LogLoss_std": 0.007946563774626702,
      "test_PR_AUC_mean": 0.9016318930528168,
      "test_PR_AUC_std": 0.007307636030986112,
      "test_Precision_mean": 0.8829589282851561,
      "test_Precision_std": 0.030587414008556437,
      "test_ROC_AUC_mean": 0.9652201854193005,
      "test_ROC_AUC_std": 0.0032628208874283917,
      "test_Sensitivity_mean": 0.7738095238095147,
      "test_Sensitivity_std": 0.035019150139411134,
      "test_Specificity_mean": 0.9741002949852477,
      "test_Specificity_std": 0.00849718879117445,
      "val_Precision_mean": 0.879147109934041,
      "val_Precision_std": 0.04134690444412192,
      "val_Sensitivity_mean": 0.744761904761896,
      "val_Sensitivity_std": 0.028372322113840096,
      "val_Specificity_mean": 0.9738643067846579,
      "val_Specificity_std": 0.010809903293041193,
      "val_score_mean": 0.8050842044880129,
      "val_score_std": 0.010112132254300226,
      "val_thr_mean": 0.5861350090428493,
      "val_thr_std": 0.04779023629561667
    },
    {
      "criterion": "youden",
      "feature_set": "c110_d110_errors_snr",
      "model": "brf",
      "param_hash": "1481bfd76716",
      "param_index": 3,
      "test_Brier_mean": 0.06835681551562263,
      "test_Brier_std": 0.0026426426906745585,
      "test_LogLoss_mean": 0.25541782270439145,
      "test_LogLoss_std": 0.007946563774626702,
      "test_PR_AUC_mean": 0.9016318930528168,
      "test_PR_AUC_std": 0.007307636030986112,
      "test_Precision_mean": 0.8044114207844324,
      "test_Precision_std": 0.0399706559810519,
      "test_ROC_AUC_mean": 0.9652201854193005,
      "test_ROC_AUC_std": 0.0032628208874283917,
      "test_Sensitivity_mean": 0.8559523809523708,
      "test_Sensitivity_std": 0.02987103413307835,
      "test_Specificity_mean": 0.9474926253687288,
      "test_Specificity_std": 0.014426669000104203,
      "val_Precision_mean": 0.7758408684285341,
      "val_Precision_std": 0.03741226580113508,
      "val_Sensitivity_mean": 0.7988095238095143,
      "val_Sensitivity_std": 0.013658485037592575,
      "val_Specificity_mean": 0.9420648967551594,
      "val_Specificity_std": 0.013107873376967921,
      "val_score_mean": 0.7408744205646737,
      "val_score_std": 0.0077793694832590824,
      "val_thr_mean": 0.4736678311074013,
      "val_thr_std": 0.03508512804749305
    }
  ],
  "task_id": 627,
  "thr_grid_size": 600
}